rank,name,code,country,birthdate
1,Jannik Sinner,JannikSinner,ITA,2001-08-16
2,Carlos Alcaraz,CarlosAlcaraz,ESP,2003-05-05
3,Alexander Zverev,AlexanderZverev,GER,1997-04-20
4,Felix Auger Aliassime,FelixAugerAliassime,CAN,2000-08-08
5,Ben Shelton,BenShelton,USA,2002-10-09
6,Alex De Minaur,AlexDeMinaur,AUS,1999-02-17
7,Novak Djokovic,NovakDjokovic,SRB,1987-05-22
8,Daniil Medvedev,DaniilMedvedev,RUS,1996-02-11
9,Taylor Fritz,TaylorFritz,USA,1997-10-28
10,Flavio Cobolli,FlavioCobolli,ITA,2002-05-06
11,Alexander Bublik,AlexanderBublik,KAZ,1997-06-17
12,Jiri Lehecka,JiriLehecka,CZE,2001-11-08
13,Andrey Rublev,AndreyRublev,RUS,1997-10-20
14,Casper Ruud,CasperRuud,NOR,1998-12-22
15,Karen Khachanov,KarenKhachanov,RUS,1996-05-21
16,Lorenzo Musetti,LorenzoMusetti,ITA,2002-03-03
17,Jakub Mensik,JakubMensik,CZE,2005-09-01
18,Luciano Darderi,LucianoDarderi,ITA,2002-02-14
19,Learner Tien,LearnerTien,USA,2005-12-02
20,Valentin Vacherot,ValentinVacherot,MON,1998-11-16
21,Arthur Fils,ArthurFils,FRA,2004-06-12
22,Alejandro Davidovich Fokina,AlejandroDavidovichFokina,ESP,1999-06-05
23,Rafael Jodar,RafaelJodar,ESP,2006-09-17
24,Arthur Rinderknech,ArthurRinderknech,FRA,1995-07-23
25,Joao Fonseca,JoaoFonseca,BRA,2006-08-21
26,Frances Tiafoe,FrancesTiafoe,USA,1998-01-20
27,Francisco Cerundolo,FranciscoCerundolo,ARG,1998-08-13
28,Tommy Paul,TommyPaul,USA,1997-05-17
29,Cameron Norrie,CameronNorrie,GBR,1995-08-23
30,Tomas Martin Etcheverry,TomasMartinEtcheverry,ARG,1999-07-18
31,Alejandro Tabilo,AlejandroTabilo,CHI,1997-06-02
32,Brandon Nakashima,BrandonNakashima,USA,2001-08-03
33,Ugo Humbert,UgoHumbert,FRA,1998-06-26
34,Matteo Arnaldi,MatteoArnaldi,ITA,2001-02-22
35,Ignacio Buse,IgnacioBuse,PER,2004-03-25
36,Corentin Moutet,CorentinMoutet,FRA,1999-04-19
37,Alexander Blockx,AlexanderBlockx,BEL,2005-04-08
38,Alex Michelsen,AlexMichelsen,USA,2004-08-25
39,Mariano Navone,MarianoNavone,ARG,2001-02-27
40,Zizou Bergs,ZizouBergs,BEL,1999-06-03
41,Tallon Griekspoor,TallonGriekspoor,NED,1996-07-02
42,Denis Shapovalov,DenisShapovalov,CAN,1999-04-15
43,Tomas Machac,TomasMachac,CZE,2000-10-13
44,Jaume Munar,JaumeMunar,ESP,1997-05-05
45,Juan Manuel Cerundolo,JuanManuelCerundolo,ARG,2001-11-15
46,Adrian Mannarino,AdrianMannarino,FRA,1988-06-29
47,Marin Cilic,MarinCilic,CRO,1988-09-28
48,Matteo Berrettini,MatteoBerrettini,ITA,1996-04-12
49,Miomir Kecmanovic,MiomirKecmanovic,SRB,1999-08-31
50,Nuno Borges,NunoBorges,POR,1997-02-19
51,Raphael Collignon,RaphaelCollignon,BEL,2002-01-13
52,Thiago Agustin Tirante,ThiagoAgustinTirante,ARG,2001-04-10
53,Terence Atmane,TerenceAtmane,FRA,2002-01-09
54,Gabriel Diallo,GabrielDiallo,CAN,2001-09-24
55,Botic Van De Zandschulp,BoticVanDeZandschulp,NED,1995-10-04
56,Sebastian Baez,SebastianBaez,ARG,2000-12-28
57,Camilo Ugo Carabelli,CamiloUgoCarabelli,ARG,1999-06-17
58,Martin Landaluce,MartinLandaluce,ESP,2006-01-08
59,Yannick Hanfmann,YannickHanfmann,GER,1991-11-13
60,Sebastian Korda,SebastianKorda,USA,2000-07-05
61,Fabian Marozsan,FabianMarozsan,HUN,1999-10-08
62,Zachary Svajda,ZacharySvajda,USA,2002-11-29
63,Roman Andres Burruchaga,RomanAndresBurruchaga,ARG,2002-01-23
64,Holger Rune,HolgerRune,DEN,2003-04-29
65,Vit Kopriva,VitKopriva,CZE,1997-06-15
66,Lorenzo Sonego,LorenzoSonego,ITA,1995-05-11
67,Ethan Quinn,EthanQuinn,USA,2004-03-12
68,Hamad Medjedovic,HamadMedjedovic,SRB,2003-07-18
69,Aleksandar Kovacevic,AleksandarKovacevic,USA,1998-08-29
70,Dino Prizmic,DinoPrizmic,CRO,2005-08-05
71,Pablo Carreno Busta,PabloCarrenoBusta,ESP,1991-07-12
72,Adolfo Daniel Vallejo,AdolfoDanielVallejo,PAR,2004-04-28
73,Jenson Brooksby,JensonBrooksby,USA,2000-10-26
74,Valentin Royer,ValentinRoyer,FRA,2001-05-29
75,Marton Fucsovics,MartonFucsovics,HUN,1992-02-08
76,Kamil Majchrzak,KamilMajchrzak,POL,1996-01-13
77,Jan Lennard Struff,JanLennardStruff,GER,1990-04-25
78,Mattia Bellucci,MattiaBellucci,ITA,2001-06-01
79,James Duckworth,JamesDuckworth,AUS,1992-01-21
80,Marco Trungelliti,MarcoTrungelliti,ARG,1990-01-31
81,Arthur Cazaux,ArthurCazaux,FRA,2002-08-23
82,Daniel Merida Aguilar,DanielMeridaAguilar,ESP,2004-09-26
83,Jesper De Jong,JesperDeJong,NED,2000-05-31
84,Stefanos Tsitsipas,StefanosTsitsipas,GRE,1998-08-12
85,Daniel Altmaier,DanielAltmaier,GER,1998-09-12
86,Reilly Opelka,ReillyOpelka,USA,1997-08-28
87,Emilio Nava,EmilioNava,USA,2001-12-02
88,Marcos Giron,MarcosGiron,USA,1993-07-24
89,Francisco Comesana,FranciscoComesana,ARG,2000-10-06
90,Alexei Popyrin,AlexeiPopyrin,AUS,1999-08-05
91,Adam Walton,AdamWalton,AUS,1999-04-17
92,Quentin Halys,QuentinHalys,FRA,1996-10-26
93,Giovanni Mpetshi Perricard,GiovanniMpetshiPerricard,FRA,2003-07-08
94,Jaime Faria,JaimeFaria,POR,2003-08-06
95,Eliot Spizzirri,EliotSpizzirri,USA,2001-12-23
96,Hubert Hurkacz,HubertHurkacz,POL,1997-02-11
97,Alexander Shevchenko,AlexanderShevchenko,KAZ,2000-11-29
98,Luca Van Assche,LucaVanAssche,FRA,2004-05-11
99,Benjamin Bonzi,BenjaminBonzi,FRA,1996-06-09
100,Aleksandar Vukic,AleksandarVukic,AUS,1996-04-06
101,Yibing Wu,YibingWu,CHN,1999-10-14
102,Alex Molcan,AlexMolcan,SVK,1997-12-01
103,Damir Dzumhur,DamirDzumhur,BIH,1992-05-20
104,Sho Shimabukuro,ShoShimabukuro,JPN,1997-07-30
105,Jan Choinski,JanChoinski,GBR,1996-06-10
106,Rinky Hijikata,RinkyHijikata,AUS,2001-02-23
107,Dalibor Svrcina,DaliborSvrcina,CZE,2002-10-02
108,Coleman Wong,ColemanWong,HKG,2004-06-06
109,Andrea Pellegrino,AndreaPellegrino,ITA,1997-03-23
110,Stan Wawrinka,StanWawrinka,SUI,1985-03-28
111,Titouan Droguet,TitouanDroguet,FRA,2001-06-15
112,Jack Draper,JackDraper,GBR,2001-12-22
113,Cristian Garin,CristianGarin,CHI,1996-05-30
114,Martin Damm,MartinDamm,USA,2003-09-30
115,Patrick Kypson,PatrickKypson,USA,1999-10-28
116,Roberto Bautista Agut,RobertoBautistaAgut,ESP,1988-04-14
117,Leandro Riedi,LeandroRiedi,SUI,2002-01-27
118,Nikoloz Basilashvili,NikolozBasilashvili,GEO,1992-02-23
119,Hugo Gaston,HugoGaston,FRA,2000-09-26
120,Pablo Llamas Ruiz,PabloLlamasRuiz,ESP,2002-10-13
121,Henrique Rocha,HenriqueRocha,POR,2004-04-06
122,Nicolai Budkov Kjaer,NicolaiBudkovKjaer,NOR,2006-09-01
123,Tristan Schoolkate,TristanSchoolkate,AUS,2001-02-26
124,Sebastian Ofner,SebastianOfner,AUT,1996-05-12
125,Mackenzie Mcdonald,MackenzieMcdonald,USA,1995-04-16
126,Francesco Maestrelli,FrancescoMaestrelli,ITA,2002-12-21
127,Alexandre Muller,AlexandreMuller,FRA,1997-02-01
128,Facundo Diaz Acosta,FacundoDiazAcosta,ARG,2000-12-15
129,Shintaro Mochizuki,ShintaroMochizuki,JPN,2003-06-02
130,Vilius Gaubas,ViliusGaubas,LTU,2004-12-29
131,Bu Yunchaokete,BuYunchaokete,CHN,2002-01-19
132,Dane Sweeny,DaneSweeny,AUS,2001-02-12
133,Jack Pinnington Jones,JackPinningtonJones,GBR,2003-03-30
134,Stefano Travaglia,StefanoTravaglia,ITA,1991-12-28
135,Roman Safiullin,RomanSafiullin,RUS,1997-08-07
136,Nishesh Basavareddy,NisheshBasavareddy,USA,2005-05-02
137,Arthur Gea,ArthurGea,FRA,2005-01-02
138,Tomas Barrios Vera,TomasBarriosVera,CHI,1997-12-10
139,Pedro Martinez,PedroMartinez,ESP,1997-04-26
140,Dusan Lajovic,DusanLajovic,SRB,1990-06-30
141,Arthur Fery,ArthurFery,GBR,2002-07-12
142,Moez Echargui,MoezEchargui,TUN,1993-01-10
143,Carlos Taberner,CarlosTaberner,ESP,1997-08-08
144,Billy Harris,BillyHarris,GBR,1995-01-25
145,Jacob Fearnley,JacobFearnley,GBR,2001-07-15
146,Kyrian Jacquet,KyrianJacquet,FRA,2001-05-11
147,Michael Zheng,MichaelZheng,USA,2004-01-27
148,August Holmgren,AugustHolmgren,DEN,1998-04-22
149,Rei Sakamoto,ReiSakamoto,JPN,2006-06-24
150,Toby Samuel,TobySamuel,GBR,2002-09-06
151,Elmer Moller,ElmerMoller,DEN,2003-07-09
152,Jordan Thompson,JordanThompson,AUS,1994-04-20
153,Jurij Rodionov,JurijRodionov,AUT,1999-05-16
154,Mark Lajal,MarkLajal,EST,2003-05-12
155,Stefanos Sakellaridis,StefanosSakellaridis,GRE,2004-09-13
156,Christopher Oconnell,ChristopherOconnell,AUS,1994-06-03
157,Alex Bolt,AlexBolt,AUS,1993-01-05
158,Otto Virtanen,OttoVirtanen,FIN,2001-06-21
159,Luca Nardi,LucaNardi,ITA,2003-08-06
160,Lloyd Harris,LloydHarris,RSA,1997-02-24
161,Juan Carlos Prado Angelo,JuanCarlosPradoAngelo,BOL,2005-03-06
162,Zdenek Kolar,ZdenekKolar,CZE,1996-10-09
163,Liam Draxl,LiamDraxl,CAN,2001-12-05
164,Filip Misolic,FilipMisolic,AUT,2001-08-08
165,Hugo Dellien,HugoDellien,BOL,1993-06-16
166,Francesco Passaro,FrancescoPassaro,ITA,2001-01-07
167,Nicolas Mejia,NicolasMejia,COL,2000-02-11
168,Lukas Neumayer,LukasNeumayer,AUT,2002-09-06
169,Luka Mikrut,LukaMikrut,CRO,2004-04-16
170,Grigor Dimitrov,GrigorDimitrov,BUL,1991-05-16
171,Daniil Glinka,DaniilGlinka,EST,2000-05-12
172,Marco Cecchinato,MarcoCecchinato,ITA,1992-09-30
173,Ugo Blanchet,UgoBlanchet,FRA,1999-01-05
174,Joel Schwaerzler,JoelSchwaerzler,AUT,2006-01-27
175,Timofey Skatov,TimofeySkatov,KAZ,2001-01-21
176,Colton Smith,ColtonSmith,USA,2003-03-05
177,Chris Rodesch,ChrisRodesch,LUX,2001-07-18
178,Borna Gojo,BornaGojo,CRO,1998-02-27
179,Lukas Klein,LukasKlein,SVK,1998-03-22
180,Gonzalo Bueno,GonzaloBueno,PER,2004-04-03
181,Yoshihito Nishioka,YoshihitoNishioka,JPN,1995-09-27
182,Gustavo Heide,GustavoHeide,BRA,2002-02-28
183,Zsombor Piros,ZsomborPiros,HUN,1999-10-13
184,Elias Ymer,EliasYmer,SWE,1996-04-10
185,Federico Cina,FedericoCina,ITA,2007-03-30
186,Gauthier Onclin,GauthierOnclin,BEL,2001-02-26
187,Alexis Galarneau,AlexisGalarneau,CAN,1999-03-02
188,Bernard Tomic,BernardTomic,AUS,1992-10-21
189,Nicolas Jarry,NicolasJarry,CHI,1995-10-11
190,Clement Tabur,ClementTabur,FRA,2000-01-24
191,Roberto Carballes Baena,RobertoCarballesBaena,ESP,1993-03-23
192,Giulio Zeppieri,GiulioZeppieri,ITA,2001-12-07
193,Gianluca Cadenasso,GianlucaCadenasso,ITA,2004-09-29
194,Soon Woo Kwon,SoonWooKwon,KOR,1997-12-02
195,Michael Mmoh,MichaelMmoh,USA,1998-01-10
196,Remy Bertola,RemyBertola,SUI,1998-08-31
197,Alex Barrena,AlexBarrena,ARG,2002-10-10
198,Tristan Boyer,TristanBoyer,USA,2001-04-21
199,Matej Dodig,MatejDodig,CRO,2005-07-19
200,Clement Chidekh,ClementChidekh,FRA,2001-06-13
201,Jerome Kym,JeromeKym,SUI,2003-02-12
202,Genaro Alberto Olivieri,GenaroAlbertoOlivieri,ARG,1998-08-04
203,Juan Pablo Ficovich,JuanPabloFicovich,ARG,1997-01-24
204,Harold Mayot,HaroldMayot,FRA,2002-02-04
205,Joao Lucas Reis Da Silva,JoaoLucasReisDaSilva,BRA,2000-03-26
206,Yu Hsiou Hsu,YuHsiouHsu,TPE,1999-04-02
207,Luka Pavlovic,LukaPavlovic,FRA,2000-03-30
208,Gilles Arnaud Bailly,GillesArnaudBailly,BEL,2005-09-19
209,Liam Broady,LiamBroady,GBR,1994-01-04
210,Lautaro Midon,LautaroMidon,ARG,2004-03-29
211,Lorenzo Giustino,LorenzoGiustino,ITA,1991-09-10
212,Kimmer Coppejans,KimmerCoppejans,BEL,1994-02-07
213,Federico Agustin Gomez,FedericoAgustinGomez,ARG,1996-11-26
214,Zhizhen Zhang,ZhizhenZhang,CHN,1996-10-16
215,Vitaliy Sachko,VitaliySachko,UKR,1997-07-14
216,Moise Kouame,MoiseKouame,FRA,2009-03-06
217,Daniel Evans,DanielEvans,GBR,1990-05-23
218,Justin Engel,JustinEngel,GER,2007-10-01
219,Darwin Blanch,DarwinBlanch,USA,2007-09-28
220,Felix Gill,FelixGill,GBR,2002-06-01
221,Pol Martin Tiffon,PolMartinTiffon,ESP,1999-07-30
222,Hugo Grenier,HugoGrenier,FRA,1996-03-23
223,Rio Noguchi,RioNoguchi,JPN,1998-12-28
224,Harry Wendelken,HarryWendelken,GBR,2001-12-18
225,Laslo Djere,LasloDjere,SRB,1995-06-02
226,Nikolas Sanchez Izquierdo,NikolasSanchezIzquierdo,ESP,1999-03-15
227,Franco Roncadelli,FrancoRoncadelli,URU,2000-02-06
228,Oliver Crawford,OliverCrawford,GBR,1999-04-30
229,Tom Gentzsch,TomGentzsch,GER,2003-09-05
230,Edas Butvilas,EdasButvilas,LTU,2004-07-23
231,Andrea Guerrieri,AndreaGuerrieri,ITA,1998-12-03
232,Pierre Hugues Herbert,PierreHuguesHerbert,FRA,1991-03-18
233,James Mccabe,JamesMccabe,AUS,2003-07-05
234,Max Houkes,MaxHoukes,NED,2000-07-03
235,Frederico Ferreira Silva,FredericoFerreiraSilva,POR,1995-03-18
236,Alejandro Moro Canas,AlejandroMoroCanas,ESP,2000-12-07
237,Raul Brancaccio,RaulBrancaccio,ITA,1997-05-04
238,Henri Squire,HenriSquire,GER,2000-09-27
239,Dan Added,DanAdded,FRA,1999-04-13
240,Andres Andrade,AndresAndrade,ECU,1998-12-14
241,Pedro Boscardin Dias,PedroBoscardinDias,BRA,2003-01-28
242,David Goffin,DavidGoffin,BEL,1990-12-07
243,Stefano Napolitano,StefanoNapolitano,ITA,1995-04-11
244,Guy Den Ouden,GuyDenOuden,NED,2002-04-08
245,Chun Hsin Tseng,ChunHsinTseng,TPE,2001-08-08
246,Franco Agamenone,FrancoAgamenone,ITA,1993-04-15
247,Jay Clarke,JayClarke,GBR,1998-07-27
248,Pavel Kotov,PavelKotov,RUS,1998-11-18
249,Hynek Barton,HynekBarton,CZE,2004-04-05
250,Philip Henning,PhilipHenning,RSA,2000-11-10
251,Yi Zhou,YiZhou,CHN,2005-03-14
252,Keegan Smith,KeeganSmith,USA,1998-06-23
253,Kaichi Uchida,KaichiUchida,JPN,1994-08-23
254,Guido Ivan Justo,GuidoIvanJusto,ARG,1997-12-17
255,Andrej Nedic,AndrejNedic,BIH,2004-10-16
256,Florent Bax,FlorentBax,FRA,1999-06-16
257,Andre Ilagan,AndreIlagan,USA,2000-11-16
258,David Jorda Sanchis,DavidJordaSanchis,ESP,1994-06-14
259,Gael Monfils,GaelMonfils,FRA,1986-09-01
260,Fajing Sun,FajingSun,CHN,1996-10-03
261,Buvaysar Gadamauri,BuvaysarGadamauri,BEL,2000-07-10
262,Diego Dedura Palomero,DiegoDeduraPalomero,GER,2008-03-12
263,Filip Cristian Jianu,FilipCristianJianu,ROU,2001-09-18
264,Juncheng Shang,JunchengShang,CHN,2005-02-02
265,Stefan Dostanic,StefanDostanic,USA,2001-11-04
266,Alvaro Guillen Meza,AlvaroGuillenMeza,ECU,2003-01-02
267,Nerman Fatic,NermanFatic,BIH,1994-10-24
268,Martin Krumich,MartinKrumich,CZE,2002-12-26
269,Alastair Gray,AlastairGray,GBR,1998-06-22
270,Rodrigo Pacheco Mendez,RodrigoPachecoMendez,MEX,2005-04-25
271,Miguel Damas,MiguelDamas,ESP,1999-12-21
272,Murphy Cassone,MurphyCassone,USA,2002-08-16
273,Petr Bar Biryukov,PetrBarBiryukov,RUS,2002-02-28
274,Johannus Monday,JohannusMonday,GBR,2002-01-22
275,Max Alcala Gurri,MaxAlcalaGurri,ESP,2002-09-11
276,Calvin Hemery,CalvinHemery,FRA,1995-01-28
277,George Loffhagen,GeorgeLoffhagen,GBR,2001-04-19
278,Sumit Nagal,SumitNagal,IND,1997-08-16
279,Charles Broom,CharlesBroom,GBR,1998-04-24
280,Sascha Gueymard Wayenburg,SaschaGueymardWayenburg,FRA,2003-08-01
281,Maks Kasnikowski,MaksKasnikowski,POL,2003-07-06
282,Juan Bautista Torres,JuanBautistaTorres,ARG,2002-04-02
283,Daniel Rincon,DanielRincon,ESP,2003-01-07
284,Dali Blanch,DaliBlanch,USA,2003-03-05
285,Michele Ribecai,MicheleRibecai,ITA,2003-02-04
286,Robin Bertrand,RobinBertrand,FRA,2003-03-15
287,Kilian Feldbausch,KilianFeldbausch,SUI,2005-09-07
288,Thiago Monteiro,ThiagoMonteiro,BRA,1994-05-31
289,Duje Ajdukovic,DujeAjdukovic,CRO,2001-02-05
290,Juan Manuel La Serna,JuanManuelLaSerna,ARG,2004-02-05
291,Cezar Cretu,CezarCretu,ROU,2001-04-24
292,Yosuke Watanuki,YosukeWatanuki,JPN,1998-04-12
293,Taro Daniel,TaroDaniel,JPN,1993-01-27
294,Giles Hussey,GilesHussey,GBR,1997-05-26
295,Inaki Montes De La Torre,InakiMontesDeLaTorre,ESP,2002-10-03
296,Daniel Michalski,DanielMichalski,POL,2000-01-11
297,Sergey Fomin,SergeyFomin,UZB,2001-02-01
298,Lilian Marmousez,LilianMarmousez,FRA,2002-01-03
299,Thiago Seyboth Wild,ThiagoSeybothWild,BRA,2000-03-10
300,Beibit Zhukayev,BeibitZhukayev,KAZ,2000-10-12
301,Ilia Simakin,IliaSimakin,RUS,2003-10-27
302,Antoine Ghibaudo,AntoineGhibaudo,FRA,2005-01-25
303,Mikhail Kukushkin,MikhailKukushkin,KAZ,1987-12-26
304,Andrea Collarini,AndreaCollarini,ARG,1992-01-31
305,Murkel Alejandro Dellien Velasco,MurkelAlejandroDellienVelasco,BOL,1997-09-16
306,Tiago Pereira,TiagoPereira,POR,2004-06-20
307,Juan Pablo Varillas,JuanPabloVarillas,PER,1995-10-06
308,Abedallah Shelbayh,AbedallahShelbayh,JOR,2003-11-16
309,Akira Santillan,AkiraSantillan,AUS,1997-05-22
310,Hamish Stewart,HamishStewart,GBR,1999-07-30
311,Eliakim Coulibaly,EliakimCoulibaly,CIV,2002-05-05
312,Maxim Mrva,MaximMrva,CZE,2007-08-02
313,Alex Martinez,AlexMartinez,ESP,2001-03-19
314,Jonas Forejtek,JonasForejtek,CZE,2001-03-10
315,Andres Martin,AndresMartin,USA,2001-07-07
316,Matias Soto,MatiasSoto,CHI,1999-04-27
317,Blaise Bicknell,BlaiseBicknell,JAM,2001-11-26
318,Thomas Faurel,ThomasFaurel,FRA,2006-01-21
319,Stefan Kozlov,StefanKozlov,USA,1998-02-01
320,Marc Andrea Huesler,MarcAndreaHuesler,SUI,1996-06-24
321,Philip Sekulic,PhilipSekulic,AUS,2003-09-05
322,Yasutaka Uchiyama,YasutakaUchiyama,JPN,1992-08-05
323,Igor Ribeiro Marcondes,IgorRibeiroMarcondes,BRA,1997-06-16
324,Braden Shick,BradenShick,USA,2003-10-24
325,Paul Jubb,PaulJubb,GBR,1999-10-31
326,Max Basing,MaxBasing,GBR,2002-10-02
327,Oriol Roca Batalla,OriolRocaBatalla,ESP,1993-04-30
328,Tyler Zink,TylerZink,USA,2001-01-30
329,Yanki Erel,YankiErel,TUR,2000-09-25
330,Michael Geerts,MichaelGeerts,BEL,1995-01-17
331,Marko Topo,MarkoTopo,GER,2003-09-13
332,Max Schoenhaus,MaxSchoenhaus,GER,2007-08-01
333,Mert Alkaya,MertAlkaya,TUR,2000-06-14
334,Sandro Kopp,SandroKopp,AUT,2000-05-26
335,Matteo Martineau,MatteoMartineau,FRA,1999-01-16
336,Cedrik Marcel Stebe,CedrikMarcelStebe,GER,1990-10-09
337,Mili Poljicak,MiliPoljicak,CRO,2004-07-13
338,Facundo Mena,FacundoMena,ARG,1992-09-22
339,Tung Lin Wu,TungLinWu,TPE,1998-05-12
340,Jacopo Vasami,JacopoVasami,ITA,2007-12-09
341,Federico Bondioli,FedericoBondioli,ITA,2005-05-16
342,Oliver Tarvet,OliverTarvet,GBR,2003-10-29
343,Hayato Matsuoka,HayatoMatsuoka,JPN,2005-01-15
344,Dominic Stricker,DominicStricker,SUI,2002-08-16
345,Mats Rosenkranz,MatsRosenkranz,GER,1998-08-23
346,Henry Searle,HenrySearle,GBR,2006-03-29
347,Daniel Elahi Galan,DanielElahiGalan,COL,1996-06-18
348,Mitchell Krueger,MitchellKrueger,USA,1994-01-12
349,Ivan Gakhov,IvanGakhov,RUS,1996-11-04
350,Petr Brunclik,PetrBrunclik,CZE,2006-07-17
351,Daniel Milavsky,DanielMilavsky,USA,2001-09-12
352,Yuta Shimizu,YutaShimizu,JPN,1999-06-09
353,Carlo Alberto Caniato,CarloAlbertoCaniato,ITA,2005-10-31
354,Luca Castelnuovo,LucaCastelnuovo,SUI,1997-01-29
355,Filippo Romano,FilippoRomano,ITA,2005-07-07
356,Ioannis Xilas,IoannisXilas,GRE,2001-05-12
357,Dimitar Kuzmanov,DimitarKuzmanov,BUL,1993-07-28
358,Ognjen Milic,OgnjenMilic,SRB,2007-06-22
359,Marc Polmans,MarcPolmans,AUS,1997-05-02
360,Marvin Moeller,MarvinMoeller,GER,1999-01-18
361,Nicolas Kicker,NicolasKicker,ARG,1992-08-16
362,Ryan Peniston,RyanPeniston,GBR,1995-11-10
363,Justin Boulais,JustinBoulais,CAN,2001-10-20
364,Marek Gengel,MarekGengel,CZE,1995-09-17
365,Norbert Gombos,NorbertGombos,SVK,1990-08-13
366,Tom Paris,TomParis,FRA,2002-09-02
367,Li Tu,LiTu,AUS,1996-05-27
368,Geoffrey Blancaneaux,GeoffreyBlancaneaux,FRA,1998-08-08
369,Garrett Johns,GarrettJohns,USA,2000-12-17
370,Mika Brunold,MikaBrunold,SUI,2004-10-02
371,Tommaso Compagnucci,TommasoCompagnucci,ITA,1999-11-05
372,Daniel Masur,DanielMasur,GER,1994-11-06
373,Manas Dhamne,ManasDhamne,IND,2007-12-29
374,Kasidit Samrej,KasiditSamrej,THA,2001-01-20
375,Florian Broska,FlorianBroska,GER,1998-01-01
376,Anton Matusevich,AntonMatusevich,GBR,2001-05-30
377,Mathys Erhard,MathysErhard,FRA,2001-10-26
378,Vadym Ursu,VadymUrsu,UKR,1997-01-01
379,James Trotter,JamesTrotter,JPN,1999-07-29
380,Renta Tokuda,RentaTokuda,JPN,1998-03-29
381,Marat Sharipov,MaratSharipov,RUS,2002-10-09
382,Andrew Fenty,AndrewFenty,USA,2000-03-08
383,Santiago Fa Rodriguez Taverna,SantiagoFaRodriguezTaverna,ARG,1999-07-16
384,Alex Rybakov,AlexRybakov,USA,1997-01-27
385,Juan Estevez,JuanEstevez,ARG,2005-09-22
386,Eduardo Ribeiro,EduardoRibeiro,BRA,1998-03-17
387,Oleg Prihodko,OlegPrihodko,UKR,1997-10-03
388,Gabriele Piraino,GabrielePiraino,ITA,2003-11-12
389,Carlos Sanchez Jover,CarlosSanchezJover,ESP,2000-07-21
390,Nick Hardt,NickHardt,DOM,2000-09-20
391,Jacopo Berrettini,JacopoBerrettini,ITA,1998-11-27
392,Lucas Poullain,LucasPoullain,FRA,1995-12-05
393,Arthur Weber,ArthurWeber,FRA,1992-05-09
394,Patrick Zahraj,PatrickZahraj,GER,1999-07-17
395,Moerani Bouzige,MoeraniBouzige,AUS,1999-07-13
396,Francesco Forti,FrancescoForti,ITA,1999-07-26
397,Petr Nesterov,PetrNesterov,BUL,2003-03-07
398,Samuele Pieri,SamuelePieri,ITA,2002-02-28
399,Arthur Nagel,ArthurNagel,FRA,2003-04-14
400,Gonzalo Villanueva,GonzaloVillanueva,ARG,1995-01-13
401,Jay Dylan Hara Friend,JayDylanHaraFriend,JPN,2003-12-22
402,Lui Maxted,LuiMaxted,GBR,2003-12-02
403,Javier Barranco Cosano,JavierBarrancoCosano,ESP,1998-11-17
404,Gabi Adrian Boitan,GabiAdrianBoitan,ROU,1999-07-11
405,Matthew Dellavedova,MatthewDellavedova,AUS,2000-05-30
406,Hernan Casanova,HernanCasanova,ARG,1994-02-06
407,San Hui Sin,SanHuiSin,KOR,1997-03-18
408,Luciano Emanuel Ambrogi,LucianoEmanuelAmbrogi,ARG,2003-11-19
409,Raphael Perot,RaphaelPerot,FRA,2001-06-30
410,Stefan Palosi,StefanPalosi,ROU,2000-01-28
411,"Jack Kennedy</a></td><td align=""left"">USA</td><td align=""right""></td></tr><tr><td align=""right"">412</td><td align=""left""><a href=""https://www.tennisabstract.com/cgi-bin/player.cgi?p=FelixBalshaw"">Felix Balshaw",JackKennedy,FRA,2006-06-15
413,Cyril Vandermeersch,CyrilVandermeersch,FRA,1999-05-06
414,Semen Pankin,SemenPankin,RUS,1999-09-04
415,Daniel Dutra Da Silva,DanielDutraDaSilva,BRA,1988-07-05
416,Andrey Chepelev,AndreyChepelev,RUS,1998-08-02
417,Samir Banerjee,SamirBanerjee,USA,2003-10-02
418,Radu Albot,RaduAlbot,MDA,1989-11-11
419,Matheus Pucinelli De Almeida,MatheusPucinelliDeAlmeida,BRA,2001-04-01
420,Hiroki Moriya,HirokiMoriya,JPN,1990-10-16
421,Maximus Jones,MaximusJones,THA,2004-09-05
422,Sean Cuenin,SeanCuenin,FRA,2004-02-16
423,Corentin Denolly,CorentinDenolly,FRA,1997-06-06
424,Lucio Ratti,LucioRatti,ARG,2004-01-27
425,Andrej Martin,AndrejMartin,SVK,1989-09-20
426,Jack Loge,JackLoge,BEL,2004-11-16
427,Facundo Bagnis,FacundoBagnis,ARG,1990-02-27
428,Trevor Svajda,TrevorSvajda,USA,2006-04-20
429,Bor Artnak,BorArtnak,SLO,2004-06-04
430,Fabrizio Andaloro,FabrizioAndaloro,ITA,2001-01-31
431,Johan Nikles,JohanNikles,SUI,1997-03-23
432,Cannon Kingsley,CannonKingsley,USA,2001-05-06
433,Olle Wallin,OlleWallin,SWE,2001-10-22
434,Jie Cui,JieCui,CHN,1998-01-24
435,Gianmarco Ferrari,GianmarcoFerrari,ITA,2000-10-04
436,Masamichi Imamura,MasamichiImamura,JPN,1998-11-23
437,Edward Winter,EdwardWinter,AUS,2004-09-15
438,Carl Emil Overbeck,CarlEmilOverbeck,DEN,2001-08-11
439,Brandon Holt,BrandonHolt,USA,1998-04-06
440,Adria Soriano Barrera,AdriaSorianoBarrera,COL,1999-06-02
441,Enrico Dalla Valle,EnricoDallaValle,ITA,1998-03-21
442,Benjamin Hassan,BenjaminHassan,LBN,1995-02-04
443,Milos Karol,MilosKarol,SVK,2002-12-13
444,Olukayode Alafia Damina Ayeni,OlukayodeAlafiaDaminaAyeni,USA,1999-08-10
445,Sebastian Sorger,SebastianSorger,AUT,2005-12-19
446,Tibo Colson,TiboColson,BEL,2000-07-12
447,Joao Eduardo Schiessl,JoaoEduardoSchiessl,BRA,2004-08-19
448,Eric Vanshelboim,EricVanshelboim,UKR,2001-07-15
449,Jake Delaney,JakeDelaney,AUS,1997-05-14
450,Viacheslav Bielinskyi,ViacheslavBielinskyi,UKR,2003-12-02
451,Viktor Durasovic,ViktorDurasovic,NOR,1997-03-19
452,Sergio Callejon Hernando,SergioCallejonHernando,ESP,2004-09-16
453,Andrea Picchione,AndreaPicchione,ITA,1998-06-07
454,Nicolas Alvarez Varona,NicolasAlvarezVarona,ESP,2001-05-18
455,Radu Mihai Papoe,RaduMihaiPapoe,ROU,2002-08-28
456,Eero Vasa,EeroVasa,FIN,1997-02-01
457,Juan Alejandro Hernandez Serrano,JuanAlejandroHernandezSerrano,MEX,1999-06-23
458,Robert Strombachs,RobertStrombachs,LAT,1999-09-15
459,Christoph Negritu,ChristophNegritu,GER,1994-03-21
460,Mateus Alves,MateusAlves,BRA,2001-01-23
461,Denis Yevseyev,DenisYevseyev,KAZ,1993-05-22
462,Lorenzo Joaquin Rodriguez,LorenzoJoaquinRodriguez,ARG,1999-09-29
463,Aidan Mchugh,AidanMchugh,GBR,2000-07-09
464,Mees Rottgering,MeesRottgering,NED,2007-07-07
465,Luca Potenza,LucaPotenza,ITA,2000-07-28
466,Ivan Marrero Curbelo,IvanMarreroCurbelo,ESP,1998-09-27
467,"Carlos Maria Zarate</a></td><td align=""left"">ARG</td><td align=""right""></td></tr><tr><td align=""right"">468</td><td align=""left""><a href=""https://www.tennisabstract.com/cgi-bin/player.cgi?p=QuinnVandecasteele"">Quinn Vandecasteele",CarlosMariaZarate,USA,2002-09-01
469,Alex Marti Pujolras,AlexMartiPujolras,ESP,1999-02-10
470,Valerio Aboian,ValerioAboian,ARG,2002-06-14
471,Hikaru Shiraishi,HikaruShiraishi,JPN,2000-05-22
472,Laurent Lokoli,LaurentLokoli,FRA,1994-10-18
473,Miguel Tobon,MiguelTobon,COL,2006-06-19
474,Niels Visker,NielsVisker,NED,2001-10-05
475,Jason Kubler,JasonKubler,AUS,1993-05-19
476,Christian Langmo,ChristianLangmo,USA,1996-06-01
477,Rudolf Molleker,RudolfMolleker,GER,2000-10-26
478,Lorenzo Carboni,LorenzoCarboni,ITA,2006-02-27
479,Dhakshineswar Suresh,DhakshineswarSuresh,IND,2000-03-29
480,Alexandr Binda,AlexandrBinda,ITA,2001-09-22
481,Takuya Kumasaka,TakuyaKumasaka,JPN,1998-10-12
482,Daniel Siniakov,DanielSiniakov,CZE,2003-01-15
483,Koki Matsuda,KokiMatsuda,JPN,2000-10-31
484,Matthew William Donald,MatthewWilliamDonald,CZE,2004-11-08
485,Karan Singh,KaranSingh,IND,2003-06-30
486,Alec Beckley,AlecBeckley,RSA,2001-06-18
487,Maxime Chazal,MaximeChazal,FRA,1993-04-24
488,Pietro Fellin,PietroFellin,ITA,2001-08-02
489,Filip Peliwo,FilipPeliwo,POL,1994-01-30
490,Alejo Sanchez Quilez,AlejoSanchezQuilez,ESP,2005-06-25
491,Henry Bernet,HenryBernet,SUI,2007-01-25
492,Jelle Sels,JelleSels,NED,1995-08-10
493,Dan Martin,DanMartin,CAN,1999-05-09
494,Dominik Palan,DominikPalan,CZE,2000-09-30
495,Pedro Sakamoto,PedroSakamoto,BRA,1993-06-29
496,Svyatoslav Gulin,SvyatoslavGulin,RUS,2002-12-04
497,Colin Sinclair,ColinSinclair,NMI,1994-12-19
498,Paulo Andre Saraiva Dos Santos,PauloAndreSaraivaDosSantos,BRA,2000-06-23
499,Blake Ellis,BlakeEllis,AUS,1999-01-06
500,Giuseppe La Vela,GiuseppeLaVela,ITA,2000-10-16
501,Mika Petkovic,MikaPetkovic,GER,2006-12-29
502,Matteo Gigante,MatteoGigante,ITA,2002-01-04
503,Aristotelis Thanos,AristotelisThanos,GRE,2001-04-07
504,Juan Cruz Martin Manzano,JuanCruzMartinManzano,ITA,2004-12-15
505,Karl Poling,KarlPoling,USA,1999-08-04
506,Sergi Perez Contri,SergiPerezContri,ESP,1998-01-20
507,Taha Baadi,TahaBaadi,CAN,2001-07-19
508,Faris Zakaryia,FarisZakaryia,EGY,2001-05-13
509,Massimo Giunta,MassimoGiunta,ITA,2004-07-09
510,Tomasz Berkieta,TomaszBerkieta,POL,2006-07-21
511,Tiago Torres,TiagoTorres,POR,2002-07-08
512,Georgii Kravchenko,GeorgiiKravchenko,UKR,2000-07-28
513,Dusan Obradovic,DusanObradovic,SRB,2001-03-23
514,Carlos Lopez Montagud,CarlosLopezMontagud,ESP,2000-07-06
515,Leo Borg,LeoBorg,SWE,2003-05-15
516,Sebastian Gima,SebastianGima,ROU,2002-05-17
517,Enzo Aguiard,EnzoAguiard,AUS,2002-08-10
518,Karim Bennani,KarimBennani,MAR,2007-09-03
519,Maxim Zhukov,MaximZhukov,RUS,2005-01-30
520,Manuel Mazza,ManuelMazza,ITA,1999-04-16
521,Anton Shepp,AntonShepp,NZL,2002-10-30
522,Tai Sach,TaiSach,AUS,2002-09-16
523,Federico Arnaboldi,FedericoArnaboldi,ITA,2000-06-18
524,Sidharth Rawat,SidharthRawat,IND,1993-04-21
525,Filip Jeff Planinsek,FilipJeffPlaninsek,SLO,2001-06-29
526,Max Hans Rehberg,MaxHansRehberg,GER,2003-09-13
527,Thanasi Kokkinakis,ThanasiKokkinakis,AUS,1996-04-10
528,Reda Bennani,RedaBennani,MAR,2007-02-16
529,Vladyslav Orlov,VladyslavOrlov,UKR,1995-05-17
530,Michael Bassem Sobhy,MichaelBassemSobhy,EGY,2004-05-07
531,Ryan Nijboer,RyanNijboer,NED,1999-07-28
532,Sasi Kumar Mukund,SasiKumarMukund,IND,1997-01-14
533,Emile Hudd,EmileHudd,GBR,2000-05-27
534,Omar Jasika,OmarJasika,AUS,1997-05-18
535,Jakub Paul,JakubPaul,SUI,1999-03-22
536,Shunsuke Mitsui,ShunsukeMitsui,JPN,2002-05-20
537,Pavle Marinkov,PavleMarinkov,AUS,2006-02-04
538,Alexander Donski,AlexanderDonski,BUL,1998-08-01
539,Pedro Vives Marcos,PedroVivesMarcos,ESP,2001-04-13
540,Aidan Mayo,AidanMayo,USA,2003-05-14
541,Daniil Ostapenkov,DaniilOstapenkov,BLR,2003-05-08
542,Maxwell Mckennon,MaxwellMckennon,USA,2002-05-17
543,Toufik Sahtali,ToufikSahtali,ALG,1999-01-07
544,Mirza Basic,MirzaBasic,BIH,1991-07-12
545,Mae Malige,MaeMalige,FRA,2006-03-29
546,Constantin Bittoun Kouzmine,ConstantinBittounKouzmine,FRA,1999-01-04
547,Ilya Ivashka,IlyaIvashka,BLR,1994-02-24
548,Patrick Schoen,PatrickSchoen,SUI,2005-05-04
549,Hyeon Chung,HyeonChung,KOR,1996-05-19
550,Robin Catry,RobinCatry,FRA,2002-03-06
551,John Echeverria,JohnEcheverria,ESP,2001-11-30
552,Max Wiskandt,MaxWiskandt,GER,2002-02-01
553,Mitsuki Wei Kang Leong,MitsukiWeiKangLeong,MAS,2004-08-06
554,James Story,JamesStory,GBR,2001-03-05
555,Alec Deckers,AlecDeckers,NED,2000-05-02
556,Amr Elsayed Abdou Ahmed Mohamed,AmrElsayedAbdouAhmedMohamed,EGY,1999-03-04
557,Kirill Kivattsev,KirillKivattsev,RUS,1997-10-10
558,Stefan Popovic,StefanPopovic,SRB,2003-05-25
559,Maxime Janvier,MaximeJanvier,FRA,1996-10-18
560,Digvijaypratap Singh,DigvijaypratapSingh,IND,2000-06-02
561,Leonardo Rossi,LeonardoRossi,ITA,2002-08-05
562,Andrea Vavassori,AndreaVavassori,ITA,1995-05-05
563,Pierluigi Basile,PierluigiBasile,ITA,2007-01-07
564,Kaylan Bigun,KaylanBigun,USA,2006-05-23
565,Imanol Lopez Morillo,ImanolLopezMorillo,ESP,1999-11-18
566,Cooper Williams,CooperWilliams,USA,2005-06-17
567,Antoine Escoffier,AntoineEscoffier,FRA,1992-02-29
568,Yassine Dlimi,YassineDlimi,MAR,2003-05-05
569,Jakub Nicod,JakubNicod,CZE,2004-07-21
570,Tsung Hao Huang,TsungHaoHuang,TPE,1999-11-22
571,Millen Hurrion,MillenHurrion,GBR,1999-06-22
572,Kokoro Isomura,KokoroIsomura,JPN,2003-01-22
573,Alessandro Pecci,AlessandroPecci,ITA,2001-03-23
574,Neil Oberleitner,NeilOberleitner,AUT,1999-08-05
575,Aryan Shah,AryanShah,IND,2005-11-21
576,Nino Ehrenschneider,NinoEhrenschneider,GER,2001-03-31
577,Mario Gonzalez Fernandez,MarioGonzalezFernandez,ESP,2002-04-28
578,Aziz Ouakaa,AzizOuakaa,TUN,1999-08-07
579,Nicolas Arseneault,NicolasArseneault,CAN,2007-01-18
580,Alexander Ritschard,AlexanderRitschard,SUI,1994-03-24
581,Juan Sebastian Gomez,JuanSebastianGomez,COL,1992-03-05
582,Etienne Donnet,EtienneDonnet,FRA,2001-02-16
583,Olaf Pieczkowski,OlafPieczkowski,POL,2004-04-01
584,Romain Faucon,RomainFaucon,BEL,2002-09-04
585,Peter Fajta,PeterFajta,HUN,2002-05-23
586,Nicolas Tepmahc,NicolasTepmahc,FRA,2001-05-23
587,Joshua Sheehy,JoshuaSheehy,USA,1997-01-28
588,Dragos Nicolae Madaras,DragosNicolaeMadaras,SWE,1997-09-12
589,Joaquin Aguilar Cardozo,JoaquinAguilarCardozo,URU,2005-04-08
590,Cesar Bouchelaghem,CesarBouchelaghem,FRA,2004-06-28
591,Alan Fernando Rubio Fierros,AlanFernandoRubioFierros,MEX,1999-02-03
592,Arda Azkara,ArdaAzkara,TUR,2003-03-14
593,Tristan Mccormick,TristanMccormick,USA,1999-04-01
594,Ryan Dickerson,RyanDickerson,USA,1997-05-08
595,Karol Filar,KarolFilar,POL,1998-08-31
596,Bruno Kuzuhara,BrunoKuzuhara,USA,2004-04-01
597,Lukas Pokorny,LukasPokorny,SVK,2002-02-28
598,Daniel De Jonge,DanielDeJonge,NED,1999-08-17
599,Marcel Zielinski,MarcelZielinski,POL,2000-10-27
600,Hady Habib,HadyHabib,LIB,1998-08-21
601,Alfredo Perez,AlfredoPerez,USA,1997-05-22
602,Igor Gimenez,IgorGimenez,BRA,2000-02-20
603,Ergi Kirkin,ErgiKirkin,TUR,1999-01-27
604,Luca Staeheli,LucaStaeheli,SUI,2000-03-08
605,Giovanni Oradini,GiovanniOradini,ITA,1997-09-14
606,Andrew Paulson,AndrewPaulson,CZE,2001-11-16
607,Peter Makk,PeterMakk,HUN,2001-10-20
608,Kuan Yi Lee,KuanYiLee,TPE,1996-09-09
609,Bruno Fernandez,BrunoFernandez,BRA,2004-07-26
610,Emilien Demanet,EmilienDemanet,BEL,2005-04-25
611,Iliyan Radulov,IliyanRadulov,BUL,2005-06-11
612,Erik Arutiunian,ErikArutiunian,BLR,2004-10-19
613,Alexey Vatutin,AlexeyVatutin,RUS,1992-10-27
614,Alberto Barroso Campos,AlbertoBarrosoCampos,ESP,1996-06-04
615,Cruz Hewitt,CruzHewitt,AUS,2008-12-11
616,Gerard Campana Lee,GerardCampanaLee,KOR,2004-10-01
617,Luis Carlos Alvarez,LuisCarlosAlvarez,MEX,2004-09-03
618,Gabriel Ghetu,GabrielGhetu,ROU,2007-11-07
619,Yuta Kawahashi,YutaKawahashi,JPN,1998-01-26
620,Josip Simundza,JosipSimundza,CRO,2004-12-20
621,Karlis Ozolins,KarlisOzolins,LAT,2002-06-15
622,Oleksandr Ovcharenko,OleksandrOvcharenko,UKR,2001-10-17
623,Yanis Ghazouani Durand,YanisGhazouaniDurand,FRA,2000-07-04
624,Samuel Alejandro Linde Palacios,SamuelAlejandroLindePalacios,COL,2007-10-25
625,Leo Vithoontien,LeoVithoontien,JPN,1999-08-18
626,Roberto Cid,RobertoCid,DOM,1993-08-30
627,Filippo Moroni,FilippoMoroni,ITA,2001-02-01
628,Michael Vrbensky,MichaelVrbensky,CZE,1999-12-26
629,Arthur Bouquier,ArthurBouquier,FRA,2000-12-25
630,Khumoyun Sultanov,KhumoyunSultanov,UZB,1998-10-27
631,Santiago De La Fuente,SantiagoDeLaFuente,ARG,2002-02-06
632,Denys Klok,DenysKlok,RUS,1998-05-26
633,Federico Iannaccone,FedericoIannaccone,ITA,1999-03-26
634,Guillaume Dalmasso,GuillaumeDalmasso,FRA,2002-10-14
635,Aidan Kim,AidanKim,USA,2004-11-24
636,Alexander Weis,AlexanderWeis,ITA,1997-04-24
637,Yuki Mochizuki,YukiMochizuki,JPN,1997-11-23
638,Jacob Bradshaw,JacobBradshaw,AUS,2002-10-23
639,Luca Wiedenmann,LucaWiedenmann,GER,1998-04-28
640,Amir Omarkhanov,AmirOmarkhanov,KAZ,2007-11-17
641,Stefan Adrian Andreescu,StefanAdrianAndreescu,ROU,2001-12-24
642,Timofei Derepasko,TimofeiDerepasko,RUS,2007-01-07
643,Christopher Eubanks,ChristopherEubanks,USA,1996-05-05
644,Mate Valkusz,MateValkusz,HUN,1998-08-13
645,Yuta Kikuchi,YutaKikuchi,JPN,1999-09-27
646,Maximo Zeitune,MaximoZeitune,ARG,2007-03-28
647,Izan Almazan Valiente,IzanAlmazanValiente,ESP,2006-03-02
648,Louis Wessels,LouisWessels,GER,1998-08-27
649,Alan Magadan,AlanMagadan,MEX,2001-05-26
650,Saba Purtseladze,SabaPurtseladze,GEO,2001-08-20
651,Alexander Vasilev,AlexanderVasilev,BUL,2007-05-14
652,Igor Kudriashov,IgorKudriashov,RUS,2003-09-27
653,Ivan Ivanov,IvanIvanov,BUL,2008-10-30
654,Strong Kirchheimer,StrongKirchheimer,USA,1995-04-26
655,Evan Zhu,EvanZhu,USA,1998-08-15
656,Fryderyk Lechno Wasiutynski,FryderykLechnoWasiutynski,POL,2005-03-20
657,Aziz Dougaz,AzizDougaz,TUN,1997-03-26
658,Lorenzo Sciahbasi,LorenzoSciahbasi,ITA,2005-11-04
659,Ryan Colby,RyanColby,USA,2003-09-18
660,Aleksandre Bakshi,AleksandreBakshi,GEO,1997-07-15
661,Jan Kumstat,JanKumstat,CZE,2007-01-02
662,Maxence Beauge,MaxenceBeauge,FRA,2000-06-08
663,Adhithya Ganesan,AdhithyaGanesan,USA,2005-10-24
664,S D Prajwal Dev,SDPrajwalDev,IND,1996-05-27
665,Yusuke Takahashi,YusukeTakahashi,JPN,1997-10-17
666,Adrian Oetzbach,AdrianOetzbach,GER,1997-10-29
667,Yurii Dzhavakian,YuriiDzhavakian,UKR,1993-05-07
668,Dimitris Sakellaridis,DimitrisSakellaridis,GRE,2006-04-30
669,Kyle Kang,KyleKang,USA,2005-01-27
670,Gastao Elias,GastaoElias,POR,1990-11-24
671,Matyas Cerny,MatyasCerny,CZE,2001-10-15
672,Mariano Kestelboim,MarianoKestelboim,ARG,1996-02-06
673,Daniel Antonio Nunez,DanielAntonioNunez,CHI,2001-06-02
674,Keisuke Saitoh,KeisukeSaitoh,JPN,2001-04-29
675,"Melios Efstathiou</a></td><td align=""left"">CYP</td><td align=""right""></td></tr><tr><td align=""right"">676</td><td align=""left""><a href=""https://www.tennisabstract.com/cgi-bin/player.cgi?p=DuncanChan"">Duncan Chan",MeliosEfstathiou,CAN,2005-07-29
677,Sora Fukuda,SoraFukuda,JPN,1997-10-03
678,Chase Ferguson,ChaseFerguson,AUS,1999-01-02
679,Nicolas Villalon,NicolasVillalon,CHI,2004-02-21
680,Gavin Young,GavinYoung,USA,2002-09-17
681,Yusuke Kusuhara,YusukeKusuhara,JPN,1997-08-09
682,Tuncay Duran,TuncayDuran,TUR,2004-06-02
683,Nikolay Vylegzhanin,NikolayVylegzhanin,RUS,2000-04-18
684,Egor Agafonov,EgorAgafonov,RUS,2002-09-05
685,Uisung Park,UisungPark,KOR,2000-09-27
686,Yaroslav Demin,YaroslavDemin,RUS,2005-08-30
687,Dan Alexandru Tomescu,DanAlexandruTomescu,ROU,1999-03-30
688,James Watt,JamesWatt,NZL,2000-06-09
689,Radu David Turcanu,RaduDavidTurcanu,ROU,2006-03-16
690,Kasra Rahmani,KasraRahmani,IRI,2006-09-07
691,Michal Krajci,MichalKrajci,SVK,2005-01-14
692,Samuel Heredia,SamuelHeredia,COL,2006-06-07
693,Johan Alexander Rodriguez Rodriguez,JohanAlexanderRodriguezRodriguez,COL,2003-09-26
694,Oscar Weightman,OscarWeightman,GBR,2001-11-19
695,Joao Domingues,JoaoDomingues,POR,1993-10-05
696,Martin Van Der Meerschen,MartinVanDerMeerschen,BEL,2000-06-14
697,Andreja Petrovic,AndrejaPetrovic,NOR,2000-02-01
698,Leo Raquillet,LeoRaquillet,FRA,2005-10-04
699,Maik Steiner,MaikSteiner,GER,1994-06-19
700,Fausto Tabacco,FaustoTabacco,ITA,2002-05-13
701,Samir Hamza Reguig,SamirHamzaReguig,ALG,2002-01-19
702,Noa Vukadin,NoaVukadin,CRO,2004-04-15
703,Patrick Maloney,PatrickMaloney,USA,2000-02-09
704,Matyas Fuele,MatyasFuele,HUN,1998-12-22
705,Matisse Bobichon,MatisseBobichon,FRA,2002-01-16
706,Fitriadi M Rifqi,FitriadiMRifqi,INA,1999-01-23
707,Shinji Hazawa,ShinjiHazawa,JPN,1999-04-12
708,Seydina Andre,SeydinaAndre,SEN,2003-08-08
709,Ignacio Monzon,IgnacioMonzon,ARG,1998-01-05
710,Kei Nishikori,KeiNishikori,JPN,1989-12-29
711,Pablo Martinez Gomez,PabloMartinezGomez,ESP,2006-03-10
712,Tadeas Paroulek,TadeasParoulek,CZE,1999-12-30
713,Samuel Vincent Ruggeri,SamuelVincentRuggeri,ITA,2002-05-22
714,Manish Sureshkumar,ManishSureshkumar,IND,1999-08-13
715,Lorenzo Bocchi,LorenzoBocchi,ITA,1997-11-29
716,Amit Vales,AmitVales,ISR,2005-06-07
717,Gabriele Bosio,GabrieleBosio,ITA,2000-11-25
718,Ye Cong Mo,YeCongMo,CHN,2000-06-26
719,Dmitry Popko,DmitryPopko,KAZ,1996-10-24
720,Dong Ju Kim,DongJuKim,KOR,2002-04-09
721,Attila Boros,AttilaBoros,HUN,2003-12-22
722,Alejandro Turriziani Alvarez,AlejandroTurrizianiAlvarez,ESP,2003-02-12
723,Stuart Parker,StuartParker,GBR,1997-07-30
724,Peter Bertran,PeterBertran,DOM,1996-03-05
725,Gabriele Pennaforti,GabrielePennaforti,ITA,2000-09-14
726,Tomas Farjat,TomasFarjat,ARG,2001-02-15
727,Fernando Cavallo,FernandoCavallo,ARG,2005-12-13
728,Marlon Vankan,MarlonVankan,GER,2000-08-27
729,Tianhui Zhang,TianhuiZhang,CHN,2006-02-19
730,Pawit Sornlaksup,PawitSornlaksup,THA,1999-08-24
731,Loann Massard,LoannMassard,FRA,2005-07-27
732,Benjamin Torrealba,BenjaminTorrealba,CHI,2005-06-23
733,Matteo Covato,MatteoCovato,ITA,2005-05-04
734,Elmar Ejupovic,ElmarEjupovic,GER,1993-02-01
735,Oskar Brostrom Poulsen,OskarBrostromPoulsen,DEN,2002-01-15
736,Jose Pereira,JosePereira,BRA,1991-01-26
737,Pierre Delage,PierreDelage,FRA,2001-01-22
738,Mwendwa Mbithi,MwendwaMbithi,USA,1998-01-10
739,Maxence Bertimon,MaxenceBertimon,FRA,1999-09-20
740,Branko Djuric,BrankoDjuric,SRB,2005-02-10
741,Ben Jones,BenJones,GBR,1998-05-19
742,Matt Kuhar,MattKuhar,USA,1996-06-17
743,Ryan Fishback,RyanFishback,USA,2002-04-27
744,Franco Ribero,FrancoRibero,ARG,1999-09-09
745,"Nikolai Barsukov</a></td><td align=""left"">GER</td><td align=""right""></td></tr><tr><td align=""right"">746</td><td align=""left""><a href=""https://www.tennisabstract.com/cgi-bin/player.cgi?p=JoshuaCharlton"">Joshua Charlton",NikolaiBarsukov,AUS,1999-07-29
747,Michiel De Krom,MichielDeKrom,NED,1998-06-27
748,Ryan Seggerman,RyanSeggerman,USA,1999-08-06
749,Alexis Gautier,AlexisGautier,FRA,1997-04-07
750,Hunter Heck,HunterHeck,USA,2002-05-15
751,Michael Agwi,MichaelAgwi,IRL,2003-09-04
752,Pavel Lagutin,PavelLagutin,RUS,2005-03-06
753,Alejandro Juan Mano,AlejandroJuanMano,ESP,2005-01-14
754,Kai Wehnelt,KaiWehnelt,GER,1995-11-27
755,Rodrigo Alujas,RodrigoAlujas,MEX,2002-08-26
756,Govind Nanda,GovindNanda,USA,2001-02-17
757,Pierre Yves Bailly,PierreYvesBailly,BEL,2003-10-15
758,Kenta Miyoshi,KentaMiyoshi,JPN,2004-03-16
759,Lucas Gerch,LucasGerch,GER,1994-12-20
760,Andres Santamarta Roig,AndresSantamartaRoig,ESP,2007-01-23
761,Theo Papamalamis,TheoPapamalamis,FRA,2006-01-09
762,Marko Miladinovic,MarkoMiladinovic,SRB,2000-12-07
763,Tim Handel,TimHandel,GER,1996-10-18
764,Yannik Kelm,YannikKelm,GER,2005-02-17
765,Yanaki Milev,YanakiMilev,BUL,2004-04-15
766,Alibek Kachmazov,AlibekKachmazov,RUS,2002-08-17
767,Conner Huertas Del Pino,ConnerHuertasDelPino,PER,1995-12-20
768,Toby Alex Kodat,TobyAlexKodat,USA,2003-01-13
769,Arklon Huertas Del Pino,ArklonHuertasDelPino,PER,1994-07-16
770,Gian Luca Tanner,GianLucaTanner,SUI,2001-01-12
771,Giorgio Tabacco,GiorgioTabacco,ITA,2003-08-06
772,Mykyta Mashtakov,MykytaMashtakov,UKR,1999-03-18
773,"Lorenzo Angelini</a></td><td align=""left"">ITA</td><td align=""right""></td></tr><tr><td align=""right"">774</td><td align=""left""><a href=""https://www.tennisabstract.com/cgi-bin/player.cgi?p=JohnHallquistLithen"">John Hallquist Lithen",LorenzoAngelini,SWE,2001-12-03
775,Oscar Jose Gutierrez,OscarJoseGutierrez,BRA,1993-04-25
776,Emil Ruusuvuori,EmilRuusuvuori,FIN,1999-04-02
777,"Michael Antonius</a></td><td align=""left"">USA</td><td align=""right""></td></tr><tr><td align=""right"">778</td><td align=""left""><a href=""https://www.tennisabstract.com/cgi-bin/player.cgi?p=FacundoJuarez"">Facundo Juarez",MichaelAntonius,ITA,1997-09-23
779,Thijs Boogaard,ThijsBoogaard,NED,2008-07-05
780,Daniel Jade,DanielJade,FRA,2009-03-16
781,Alejandro Manzanera Pertusa,AlejandroManzaneraPertusa,ESP,2003-04-08
782,Nikita Bilozertsev,NikitaBilozertsev,UKR,2008-11-28
783,Shintaro Imai,ShintaroImai,JPN,1993-09-07
784,Dominik Kellovsky,DominikKellovsky,CZE,1996-07-24
785,Ryuki Matsuda,RyukiMatsuda,JPN,1999-12-28
786,Maximilian Neuchrist,MaximilianNeuchrist,AUT,1991-07-22
787,Wilson Leite,WilsonLeite,BRA,1991-11-06
788,Ignacio Parisca,IgnacioParisca,VEN,2005-08-20
789,Aleksandr Braynin,AleksandrBraynin,UKR,1999-08-29
790,Nicholas David Ionel,NicholasDavidIonel,ROU,2002-10-12
791,Jack Anthrop,JackAnthrop,USA,2003-11-05
792,Giovanni Fonio,GiovanniFonio,ITA,1998-05-07
793,Woobin Shin,WoobinShin,KOR,2004-01-20
794,John Sperle,JohnSperle,GER,2002-01-30
795,Jorge Plans,JorgePlans,ESP,2002-01-28
796,Matthew Summers,MatthewSummers,GBR,1998-09-25
797,Taisei Ichikawa,TaiseiIchikawa,JPN,2000-12-21
798,Enzo Couacaud,EnzoCouacaud,FRA,1995-03-01
799,Lucas Andrade Da Silva,LucasAndradeDaSilva,BRA,2005-01-25
800,Gustavo Ribeiro De Almeida,GustavoRibeiroDeAlmeida,BRA,2006-04-19
801,Roger Pascual Ferra,RogerPascualFerra,ESP,2006-03-11
802,Damien Wenger,DamienWenger,SUI,2000-03-17
803,Jozef Kovalik,JozefKovalik,SVK,1992-11-04
804,Matt Ponchet,MattPonchet,FRA,2004-06-22
805,Scott Jones,ScottJones,AUS,1998-01-14
806,Sander Jong,SanderJong,NED,2000-05-18
807,Naoki Nakagawa,NaokiNakagawa,JPN,1996-11-19
808,Abel Forger,AbelForger,NED,2005-07-25
809,Rigele Te,RigeleTe,CHN,1997-10-09
810,Rafael Izquierdo Luque,RafaelIzquierdoLuque,ESP,2000-01-10
811,Nicolas Zanellato,NicolasZanellato,BRA,2002-01-22
812,Hoyoung Roh,HoyoungRoh,KOR,2006-04-20
813,Felipe Meligeni Alves,FelipeMeligeniAlves,BRA,1998-02-19
814,Dennis Novak,DennisNovak,AUT,1993-08-28
815,Grigory Shebekin,GrigoryShebekin,RUS,2005-05-14
816,Alex Knaff,AlexKnaff,LUX,1997-11-26
817,Marc Majdandzic,MarcMajdandzic,GER,2005-02-04
818,Thiago Cigarran,ThiagoCigarran,ARG,2000-03-26
819,William Grant,WilliamGrant,USA,2001-02-13
820,Nikola Slavic,NikolaSlavic,SWE,2000-09-26
821,Finn Murgett,FinnMurgett,GBR,2001-09-17
822,Wishaya Trongcharoenchaikul,WishayaTrongcharoenchaikul,THA,1995-04-08
823,Albert Pedrico Kravtsov,AlbertPedricoKravtsov,ESP,2005-06-12
824,Pedro Rodenas,PedroRodenas,ESP,2004-03-30
825,Stijn Slump,StijnSlump,NED,1999-01-21
826,Marc Van Der Merwe,MarcVanDerMerwe,RSA,1994-08-18
827,Maximilian Homberg,MaximilianHomberg,GER,2003-01-25
828,Amaury Raynel,AmauryRaynel,FRA,2002-06-29
829,Natan Rodrigues,NatanRodrigues,BRA,2002-02-02
830,Oleksii Krutykh,OleksiiKrutykh,UKR,2000-03-10
831,Daniel Salazar Martinez,DanielSalazarMartinez,COL,2001-03-21
832,Dragos Nicolae Cazacu,DragosNicolaeCazacu,ROU,2004-02-10
833,Andrea Fiorentini,AndreaFiorentini,ITA,2001-02-02
834,Luis Guto Miguel,LuisGutoMiguel,BRA,2009-02-26
835,Juan Sebastian Osorio,JuanSebastianOsorio,COL,1997-10-14
836,Kenny De Schepper,KennyDeSchepper,FRA,1987-05-29
837,Kris Van Wyk,KrisVanWyk,RSA,1996-09-29
838,Taiyo Yamanaka,TaiyoYamanaka,JPN,2001-09-05
839,Tiago Cacao,TiagoCacao,POR,1998-02-28
840,Felix Corwin,FelixCorwin,USA,1996-05-26
841,Jesse Flores,JesseFlores,CRC,1995-03-31
842,Xiaofei Wang,XiaofeiWang,CHN,2003-01-10
843,Nicolas Jadoun,NicolasJadoun,FRA,2002-08-09
844,Borna Coric,BornaCoric,CRO,1996-11-14
845,Miles Jones,MilesJones,USA,2000-12-26
846,Thanapet Chanta,ThanapetChanta,THA,1999-09-09
847,Mert Naci Turker,MertNaciTurker,TUR,1998-08-16
848,Dinko Dinev,DinkoDinev,BUL,2004-02-13
849,Francisco Rocha,FranciscoRocha,POR,1999-10-04
850,Naoya Honda,NaoyaHonda,JPN,2006-03-15
851,Keaton Hance,KeatonHance,USA,2008-03-06
852,Adrien Gobat,AdrienGobat,FRA,2001-07-10
853,Calvin Mueller,CalvinMueller,GER,2000-06-20
854,Jeffrey Von Der Schulenburg,JeffreyVonDerSchulenburg,SUI,2002-02-13
855,Vincent Marysko,VincentMarysko,GER,2006-02-04
856,Axel Nefve,AxelNefve,USA,2000-07-22
857,Jakub Filip,JakubFilip,CZE,2005-09-25
859,Ali Yazdani,AliYazdani,IRI,2003-09-09
860,Kosuke Ogura,KosukeOgura,JPN,1996-02-09
861,Nicolas Moreno De Alboran,NicolasMorenoDeAlboran,USA,1997-07-14
862,Andrew Johnson,AndrewJohnson,USA,2009-08-23
863,Patrick Brady,PatrickBrady,GBR,2004-11-14
864,"Anton Arzhankin</a></td><td align=""left"">RUS</td><td align=""right""></td></tr><tr><td align=""right"">865</td><td align=""left""><a href=""https://www.tennisabstract.com/cgi-bin/player.cgi?p=BautistaVilicich"">Bautista Vilicich",AntonArzhankin,ARG,2001-10-05
866,Lorenzo Gagliardo,LorenzoGagliardo,ITA,2000-06-27
867,Qian Sun,QianSun,CHN,2001-07-12
868,Diego Augusto Barreto Sanchez,DiegoAugustoBarretoSanchez,ESP,2002-04-18
869,Iannis Miletich,IannisMiletich,ITA,2005-08-27
870,Joao Victor Couto Loureiro,JoaoVictorCoutoLoureiro,BRA,2003-03-28
871,Niccolo Catini,NiccoloCatini,ITA,1997-12-09
872,Carles Hernandez,CarlesHernandez,ESP,2001-04-25
873,Tomas Curras Abasolo,TomasCurrasAbasolo,ESP,2000-05-02
874,Luca Castagnola,LucaCastagnola,ITA,2002-06-14
875,Alaa Trifi,AlaaTrifi,TUN,2007-01-16
876,Thomas Fancutt,ThomasFancutt,AUS,1995-02-25
877,Luca Pow,LucaPow,GBR,2005-02-01
878,Noah Zamora,NoahZamora,USA,2003-03-13
879,Mikalai Haliak,MikalaiHaliak,BLR,1998-08-14
880,Daniele Rapagnetta,DanieleRapagnetta,ITA,2006-12-03
881,Marcus Walters,MarcusWalters,GBR,1998-04-03
882,Younes Lalami Laaroussi,YounesLalamiLaaroussi,MAR,2001-04-18
883,Benjamin Pietri,BenjaminPietri,FRA,1996-07-31
884,Michael Zhu,MichaelZhu,USA,1992-08-12
885,Manuel Plunger,ManuelPlunger,ITA,2002-07-13
886,Emon Van Loben Sels,EmonVanLobenSels,USA,2004-12-19
887,Axel Garcian,AxelGarcian,FRA,2002-06-07
888,Blu Baker,BluBaker,GBR,2001-08-28
889,Salvador Price,SalvadorPrice,COL,2005-02-19
890,Tristan Stringer,TristanStringer,USA,2005-10-18
891,Sam Ryan Ziegann,SamRyanZiegann,AUS,1998-07-25
892,Nicolas Ian Kotzen,NicolasIanKotzen,USA,2003-03-22
893,Johannes Ingildsen,JohannesIngildsen,DEN,1997-07-01
894,Mikael Ymer,MikaelYmer,SWE,1998-09-09
895,Timo Legout,TimoLegout,FRA,2002-03-13
896,Theodore Dean,TheodoreDean,USA,2002-03-25
897,Evgeny Tyurnev,EvgenyTyurnev,RUS,1997-04-08
898,Markus Molder,MarkusMolder,EST,2005-05-10
899,Ronit Karki,RonitKarki,USA,2007-11-23
900,Herman Hoeyeraal,HermanHoeyeraal,NOR,2001-10-02
901,Ivan Nedelko,IvanNedelko,RUS,1986-05-12
902,Kristijan Juhas,KristijanJuhas,SRB,2001-06-04
903,Yaojie Zeng,YaojieZeng,CHN,2002-01-30
904,"Anas Mazdrashki</a></td><td align=""left"">BUL</td><td align=""right""></td></tr><tr><td align=""right"">905</td><td align=""left""><a href=""https://www.tennisabstract.com/cgi-bin/player.cgi?p=MichelHopp"">Michel Hopp",AnasMazdrashki,GER,1998-12-21
906,Gabriele Maria Noce,GabrieleMariaNoce,ITA,1995-10-29
907,Lucca Helguera Casado,LuccaHelgueraCasado,ESP,2005-12-01
908,Jeremy Gschwendtner,JeremyGschwendtner,GBR,1998-08-21
909,Jesse Delaney,JesseDelaney,AUS,1998-11-14
910,Grigoriy Lomakin,GrigoriyLomakin,KAZ,1998-03-18
911,Albert Ramos,AlbertRamos,ESP,1988-01-17
912,Spencer Johnson,SpencerJohnson,USA,2003-01-15
913,"Jamie Mackenzie</a></td><td align=""left"">GER</td><td align=""right""></td></tr><tr><td align=""right"">914</td><td align=""left""><a href=""https://www.tennisabstract.com/cgi-bin/player.cgi?p=YunseongChung"">Yunseong Chung",JamieMackenzie,KOR,1998-03-27
915,Christopher Li,ChristopherLi,PER,2003-07-15
916,Duck Hee Lee,DuckHeeLee,KOR,1998-05-29
917,Isaac Becroft,IsaacBecroft,NZL,2000-10-29
918,"Carles Cordoba</a></td><td align=""left"">ESP</td><td align=""right""></td></tr><tr><td align=""right"">919</td><td align=""left""><a href=""https://www.tennisabstract.com/cgi-bin/player.cgi?p=MuhammadShoaib"">Muhammad Shoaib",CarlesCordoba,PAK,2002-02-15
920,J J Wolf,JJWolf,USA,1998-12-21
921,Matthew Forbes,MatthewForbes,USA,2006-04-06
922,Tristan Lamasine,TristanLamasine,FRA,1993-03-05
923,Christian Sigsgaard,ChristianSigsgaard,DEN,1997-03-14
924,Orel Kimhi,OrelKimhi,ISR,2003-08-19
925,Aleksa Ciric,AleksaCiric,SRB,2000-06-21
926,Nitin Kumar Sinha,NitinKumarSinha,IND,1999-02-20
927,Artur Kukasian,ArturKukasian,RUS,2004-03-21
928,Tomas Martinez,TomasMartinez,ARG,2003-08-24
929,William Rejchtman Vinciguerra,WilliamRejchtmanVinciguerra,SWE,2007-02-10
930,Paul Inchauspe,PaulInchauspe,FRA,2004-02-25
931,Ilya Snitari,IlyaSnitari,MDA,2002-03-20
932,Dominik Recek,DominikRecek,CZE,1995-02-19
933,Stijn Paardekooper,StijnPaardekooper,NED,2003-08-29
934,Ziga Sesko,ZigaSesko,SLO,2008-07-27
935,Bekkhan Atlangeriev,BekkhanAtlangeriev,RUS,2001-03-12
936,Ajeet Rai,AjeetRai,NZL,1999-01-18
937,Tom Zeuch,TomZeuch,GER,2000-02-17
938,Ryotaro Taguchi,RyotaroTaguchi,JPN,2000-06-30
939,Dev Javia,DevJavia,IND,2002-03-16
940,Rares Teodor Pieleanu,RaresTeodorPieleanu,ROU,2007-02-10
941,Pietro Romeo Scomparin,PietroRomeoScomparin,ITA,2001-04-07
942,Lorenzo Rottoli,LorenzoRottoli,ITA,2002-02-19
943,Thantub Suksumrarn,ThantubSuksumrarn,THA,2001-05-18
944,"Egor Pleshivtsev</a></td><td align=""left"">RUS</td><td align=""right""></td></tr><tr><td align=""right"">945</td><td align=""left""><a href=""https://www.tennisabstract.com/cgi-bin/player.cgi?p=NiccoloCiavarella"">Niccolo Ciavarella",EgorPleshivtsev,ITA,2004-03-19
946,Niklas Schell,NiklasSchell,GER,1999-01-03
947,Karim Ibrahim,KarimIbrahim,EGY,2003-08-07
948,Nicolas Barrientos,NicolasBarrientos,COL,1987-04-24
949,Zoran Ludoski,ZoranLudoski,SRB,2005-06-16
950,Arvid Nordquist,ArvidNordquist,SWE,1998-06-08
951,Luis Felipe Miguel,LuisFelipeMiguel,BRA,2004-03-10
952,Yannick Alexandrescou,YannickAlexandrescou,ROU,2008-01-10
953,Shunsuke Nakagawa,ShunsukeNakagawa,JPN,2000-03-07
954,Micah Braswell,MicahBraswell,USA,2001-11-04
955,Aoran Wang,AoranWang,CHN,1997-02-05
956,Kacper Szymkowiak,KacperSzymkowiak,POL,2004-12-10
957,Lautaro Agustin Falabella,LautaroAgustinFalabella,ARG,1998-01-19
958,Stefano Dagostino,StefanoDagostino,ITA,2003-11-03
959,Rocco Piatti,RoccoPiatti,MON,2004-08-02
960,Louis Larue,LouisLarue,FRA,2004-05-29
961,Benjamin Thomas George,BenjaminThomasGeorge,CAN,2002-12-20
962,Adan Freire Da Silva,AdanFreireDaSilva,FRA,1999-05-05
963,Evan Bynoe,EvanBynoe,USA,1999-05-27
964,Daniil Sarksian,DaniilSarksian,RUS,2006-06-20
965,Giannicola Misasi,GiannicolaMisasi,ITA,2000-09-12
966,Ricardas Berankis,RicardasBerankis,LTU,1990-06-21
967,Devin Badenhorst,DevinBadenhorst,RSA,2004-05-20
968,Khololwam Montsi,KhololwamMontsi,RSA,2002-11-20
969,Ozan Baris,OzanBaris,USA,2004-03-31
970,Gianluca Brunkow,GianlucaBrunkow,USA,2002-10-12
971,Enzo Kohlmann De Freitas,EnzoKohlmannDeFreitas,BRA,2006-09-16
972,Justin Roberts,JustinRoberts,BAH,1996-12-04
973,Luca Preda,LucaPreda,ROU,2006-03-19
974,Bastian Malla,BastianMalla,CHI,1996-09-22
975,Giulio Perego,GiulioPerego,ITA,2003-04-09
976,Michele Mecarelli,MicheleMecarelli,ITA,2007-04-28
977,Aaron Funk,AaronFunk,GER,2006-01-26
978,Aditya Vishal Balsekar,AdityaVishalBalsekar,IND,2002-10-23
979,Karl Friberg,KarlFriberg,SWE,1999-03-25
980,Linang Xiao,LinangXiao,CHN,2000-03-18
981,Yuta Tomida,YutaTomida,JPN,2006-10-31
982,Fermin Tenti,FerminTenti,ARG,1997-06-14
983,Julio Cesar Porras,JulioCesarPorras,ARG,1998-02-25
984,Noritaka Koizumi,NoritakaKoizumi,JPN,2003-06-11
985,Taym Al Azmeh,TaymAlAzmeh,GER,2004-03-31
986,Ji Sung Nam,JiSungNam,KOR,1993-08-15
987,Dominique Rolland,DominiqueRolland,USA,2004-10-18
988,Egor Gerasimov,EgorGerasimov,BLR,1992-11-11
989,"Simeon Stankovic</a></td><td align=""left"">SRB</td><td align=""right""></td></tr><tr><td align=""right"">990</td><td align=""left""><a href=""https://www.tennisabstract.com/cgi-bin/player.cgi?p=CharlieRobertson"">Charlie Robertson",SimeonStankovic,GBR,2006-10-07
991,Peter Buldorini,PeterBuldorini,ITA,2004-08-09
992,Markus Malaszszak,MarkusMalaszszak,GER,2004-07-08
993,Nikita Ianin,NikitaIanin,RUS,2001-09-07
994,Noah Schachter,NoahSchachter,USA,1999-09-06
995,Sydney Zick,SydneyZick,GER,2007-01-12
996,"Pieter De Lange</a></td><td align=""left"">NED</td><td align=""right""></td></tr><tr><td align=""right"">997</td><td align=""left""><a href=""https://www.tennisabstract.com/cgi-bin/player.cgi?p=KriishTyagi"">Kriish Tyagi",PieterDeLange,IND,2007-04-23
998,Dylan Dietrich,DylanDietrich,SUI,2004-09-22
999,Federico Coria,FedericoCoria,ARG,1992-03-09
1000,Karue Sell,KarueSell,BRA,1993-11-13
1001,Filip Pieczonka,FilipPieczonka,POL,2004-04-09
1002,Alex Kuperstein,AlexKuperstein,USA,1998-12-15
1002,"Dante Pagani</a></td><td align=""left"">ARG</td><td align=""right""></td></tr><tr><td align=""right"">1004</td><td align=""left""><a href=""https://www.tennisabstract.com/cgi-bin/player.cgi?p=JuanCarlosAguilar"">Juan Carlos Aguilar",DantePagani,CAN,1998-11-20
1005,Lucas Bouquet,LucasBouquet,FRA,1997-08-05
1006,Daisuke Sumizawa,DaisukeSumizawa,JPN,1999-01-31
1007,Niels Mcdonald,NielsMcdonald,GER,2008-01-26
1008,Pedro Araujo,PedroAraujo,POR,2002-03-26
1009,Petros Tsitsipas,PetrosTsitsipas,GRE,2000-07-27
1010,Julian Cundom,JulianCundom,ARG,2001-04-10
1011,Jumpei Yamasaki,JumpeiYamasaki,JPN,1997-07-02
1012,Evgeny Philippov,EvgenyPhilippov,RUS,2002-02-06
1013,Marko Maksimovic,MarkoMaksimovic,SRB,2006-02-12
1014,David Eichenseher,DavidEichenseher,GER,2005-12-27
1015,Mihai Razvan Marinescu,MihaiRazvanMarinescu,ROU,2001-09-09
1016,Andrew Delgado,AndrewDelgado,USA,2005-05-22
1017,Chan Yeong Oh,ChanYeongOh,KOR,1998-06-27
1018,Ryo Tabata,RyoTabata,JPN,2008-01-06
1019,Arthur Reymond,ArthurReymond,FRA,1999-04-02
1020,Maxwell Exsted,MaxwellExsted,USA,2007-03-12
1021,Nikola Djosic,NikolaDjosic,SUI,2007-09-09
1022,Victor Lilov,VictorLilov,USA,2004-02-11
1023,Zach Stephens,ZachStephens,GBR,2006-05-23
1024,Ronald Hohmann,RonaldHohmann,USA,2001-08-01
1025,Ezequiel Monferrer,EzequielMonferrer,ARG,2003-05-16
1026,Joao Vitor Scramin Do Lago,JoaoVitorScraminDoLago,BRA,2006-06-02
1027,"Yuto Oki</a></td><td align=""left"">JPN</td><td align=""right""></td></tr><tr><td align=""right"">1028</td><td align=""left""><a href=""https://www.tennisabstract.com/cgi-bin/player.cgi?p=AlanWazny"">Alan Wazny</a></td><td align=""left"">POL</td><td align=""right""></td></tr><tr><td align=""right"">1029</td><td align=""left""><a href=""https://www.tennisabstract.com/cgi-bin/player.cgi?p=RafaelTosetto"">Rafael Tosetto",YutoOki,BRA,1999-06-02
1030,Jacob Brumm,JacobBrumm,USA,1998-11-30
1031,Stefan Vujic,StefanVujic,AUS,1998-03-31
1032,Pavlos Tsitsipas,PavlosTsitsipas,GRE,2005-07-23
1033,Nicolas Ifi,NicolasIfi,BEL,1998-06-20
1034,"Vignesh Gogineni</a></td><td align=""left"">USA</td><td align=""right""></td></tr><tr><td align=""right"">1035</td><td align=""left""><a href=""https://www.tennisabstract.com/cgi-bin/player.cgi?p=NicolasOliveira"">Nicolas Oliveira",VigneshGogineni,BRA,2006-04-14
1036,Oliver Bonding,OliverBonding,GBR,2007-06-18
1037,Keegan Rice,KeeganRice,CAN,2006-06-20
1038,Benjamin Winter Lopez,BenjaminWinterLopez,ESP,1998-05-27
1039,Pedro Rodrigues,PedroRodrigues,BRA,2006-04-05
1040,Alexander Kotzen,AlexanderKotzen,USA,2000-07-01
1041,Justin Schlageter,JustinSchlageter,GER,2001-03-09
1042,Thando Longwe Smit,ThandoLongweSmit,RSA,2001-06-17
1043,Ruslan Tiukaev,RuslanTiukaev,RUS,2005-06-08
1044,Keshav Chopra,KeshavChopra,USA,2001-10-24
1045,Chen Dong,ChenDong,AUS,2002-11-20
1046,Christian Djonov,ChristianDjonov,GER,2000-03-14
1047,Diego Fernandez Flores,DiegoFernandezFlores,CHI,2000-10-07
1048,"Billy Suarez</a></td><td align=""left"">USA</td><td align=""right""></td></tr><tr><td align=""right"">1049</td><td align=""left""><a href=""https://www.tennisabstract.com/cgi-bin/player.cgi?p=AndreaDeMarchi"">Andrea De Marchi",BillySuarez,ITA,2007-01-12
1050,Volodymyr Iakubenko,VolodymyrIakubenko,UKR,2005-07-19
1051,Nicolas Bruna,NicolasBruna,CHI,1999-01-19
1052,Joaquim Almeida,JoaquimAlmeida,BRA,2002-03-14
1053,David Pichler,DavidPichler,AUT,1996-02-19
1054,Orlando Luz,OrlandoLuz,BRA,1998-02-08
1055,Kalin Ivanovski,KalinIvanovski,MKD,2004-05-11
1056,Oscar Otte,OscarOtte,GER,1993-07-16
1057,Iiro Vasa,IiroVasa,FIN,2002-09-03
1058,Alexander Klintcharov,AlexanderKlintcharov,NZL,1996-08-25
1059,Nico Hipfl,NicoHipfl,AUT,2006-04-03
1060,Enzo Wallart,EnzoWallart,FRA,1997-02-12
1061,Yan Cheng Chen,YanChengChen,TPE,2002-05-01
1062,Christopher Papa,ChristopherPapa,USA,2001-04-24
1063,Finn Bass,FinnBass,GBR,1999-10-09
1064,Geun Jun Kim,GeunJunKim,KOR,2001-07-27
1065,Hazem Naw,HazemNaw,SYR,2000-01-01
1066,Zura Tkemaladze,ZuraTkemaladze,GEO,2000-06-04
1067,Mateo Del Pino,MateoDelPino,ARG,2003-06-28
1068,Vladislav Melnic,VladislavMelnic,ROU,1999-06-23
1069,Ali Habib,AliHabib,GBR,2002-11-26
1070,Ammar Alhogbani,AmmarAlhogbani,USA,1998-12-15
1071,"Viktor Frydrych</a></td><td align=""left"">GBR</td><td align=""right""></td></tr><tr><td align=""right"">1072</td><td align=""left""><a href=""https://www.tennisabstract.com/cgi-bin/player.cgi?p=KeremYilmaz"">Kerem Yilmaz",ViktorFrydrych,TUR,2007-03-31
1073,Pietro Marino,PietroMarino,ITA,2001-06-03
1074,Kody Pearson,KodyPearson,AUS,1999-07-26
1075,Trey Hilderbrand,TreyHilderbrand,USA,2000-05-15
1076,Joris De Loore,JorisDeLoore,BEL,1993-04-21
1077,Shu Matsuoka,ShuMatsuoka,JPN,2003-09-11
1078,Kristjan Tamm,KristjanTamm,EST,1998-06-16
1079,Duje Markovina,DujeMarkovina,CRO,2007-09-12
1080,Hanyi Liu,HanyiLiu,CHN,2001-05-23
1081,Daniel Uta,DanielUta,ROU,2006-11-14
1082,Brian Bozemoj,BrianBozemoj,NED,2003-11-30
1083,Valentin Basel,ValentinBasel,ARG,2004-06-02
1084,Jeremy Schifris,JeremySchifris,GER,2001-10-06
1085,Conor Gannon,ConorGannon,IRL,2002-06-06
1086,Joao Vitor Goncalves Ceolin,JoaoVitorGoncalvesCeolin,BRA,1999-05-03
1087,Demetris Azoides,DemetrisAzoides,GRE,2000-10-09
1088,Jacopo Bilardo,JacopoBilardo,ITA,2004-11-04
1089,Matias Ponce De Leon Gomila,MatiasPonceDeLeonGomila,ESP,2003-06-06
1090,Jangjun Kim,JangjunKim,KOR,2006-12-18
1091,Simon Reveniau,SimonReveniau,FRA,1998-04-01
1092,Alejandro Hayen,AlejandroHayen,MEX,1998-06-09
1093,Suk Hyun Choo,SukHyunChoo,KOR,2001-04-29
1094,Stefan Horia Haita,StefanHoriaHaita,ROU,2007-06-06
1095,Jason Jung,JasonJung,TPE,1989-06-15
1096,Jannik Opitz,JannikOpitz,GER,1998-04-15
1097,Matt Hulme,MattHulme,AUS,1999-02-17
1098,"Maan Kesharwani</a></td><td align=""left"">IND</td><td align=""right""></td></tr><tr><td align=""right"">1099</td><td align=""left""><a href=""https://www.tennisabstract.com/cgi-bin/player.cgi?p=KorayKirci"">Koray Kirci",MaanKesharwani,TUR,1998-08-17
1100,Oliver Okonkwo,OliverOkonkwo,GBR,2000-04-08
1101,Lachlan James Mcfadzean,LachlanJamesMcfadzean,AUS,2007-01-08
1102,"James Van Herzeele</a></td><td align=""left"">THA</td><td align=""right""></td></tr><tr><td align=""right"">1103</td><td align=""left""><a href=""https://www.tennisabstract.com/cgi-bin/player.cgi?p=MickaelKaouk"">Mickael Kaouk</a></td><td align=""left"">FRA</td><td align=""right""></td></tr><tr><td align=""right"">1104</td><td align=""left""><a href=""https://www.tennisabstract.com/cgi-bin/player.cgi?p=MathieuScaglia"">Mathieu Scaglia",JamesVanHerzeele,FRA,1998-11-23
1105,Seung Woo Cho,SeungWooCho,KOR,1998-04-27
1106,Aljaz Jeran,AljazJeran,SLO,2003-10-23
1107,Diogo Marques,DiogoMarques,POR,1999-08-08
1108,Victor Hugo Remondy Pagotto,VictorHugoRemondyPagotto,BRA,2005-06-10
1109,"Melih Anavatan</a></td><td align=""left"">TUR</td><td align=""right""></td></tr><tr><td align=""right"">1110</td><td align=""left""><a href=""https://www.tennisabstract.com/cgi-bin/player.cgi?p=EnzoCamargoLima"">Enzo Camargo Lima",MelihAnavatan,BRA,2003-09-20
1111,Lorenzo Lorusso,LorenzoLorusso,ITA,2000-01-06
1112,Saveliy Ivanov,SaveliyIvanov,RUS,2004-09-22
1113,Benito Sanchez Martinez,BenitoSanchezMartinez,GER,2002-04-30
1114,Luc Koenig,LucKoenig,GBR,2003-08-03
1115,Adam Jilly,AdamJilly,HUN,2006-12-12
1115,Gijs Brouwer,GijsBrouwer,NED,1996-03-14
1117,"Vlado Jankanj</a></td><td align=""left"">SRB</td><td align=""right""></td></tr><tr><td align=""right"">1118</td><td align=""left""><a href=""https://www.tennisabstract.com/cgi-bin/player.cgi?p=MarioMartinezSerrano"">Mario Martinez Serrano",VladoJankanj,ESP,2004-06-02
1119,Rohan Mehra,RohanMehra,IND,2002-05-22
1120,Stefan Seifert,StefanSeifert,GER,1985-02-28
1121,Julian Alonso,JulianAlonso,ESP,2005-02-19
1122,Adrian Andreev,AdrianAndreev,BUL,2001-05-12
1123,Mikael Arseneault,MikaelArseneault,CAN,2007-01-18
1124,Thiago Agustin Pernas,ThiagoAgustinPernas,ARG,2001-06-04
1125,Hayden Jones,HaydenJones,AUS,2006-08-30
1126,Johan Oscar Lien,JohanOscarLien,NOR,2007-09-15
1127,Elgin Khoeblal,ElginKhoeblal,NED,2001-09-29
1128,Marcello Serafini,MarcelloSerafini,ITA,2002-08-25
1129,"Rafael De Alba</a></td><td align=""left"">MEX</td><td align=""right""></td></tr><tr><td align=""right"">1130</td><td align=""left""><a href=""https://www.tennisabstract.com/cgi-bin/player.cgi?p=OliverAnderson"">Oliver Anderson",RafaelDeAlba,AUS,1998-04-30
1131,Rocco Valente,RoccoValente,ARG,2004-07-25
1132,Nicolas Garcia Longo,NicolasGarciaLongo,ARG,2005-05-16
1133,Jefferson Wendler Filho,JeffersonWendlerFilho,BRA,1995-09-15
1134,"Fanming Meng</a></td><td align=""left"">CHN</td><td align=""right""></td></tr><tr><td align=""right"">1135</td><td align=""left""><a href=""https://www.tennisabstract.com/cgi-bin/player.cgi?p=MakotoOchi"">Makoto Ochi",FanmingMeng,JPN,1996-05-03
1136,Maxim Shin,MaximShin,UZB,2003-06-04
1137,Filippo Mazzola,FilippoMazzola,ITA,2005-05-02
1138,Mohamed Nazim Makhlouf,MohamedNazimMakhlouf,ALG,1996-09-12
1139,Maximilian Figl,MaximilianFigl,ITA,2004-03-29
1140,"Benjamin O'Connell</a></td><td align=""left"">AUS</td><td align=""right""></td></tr><tr><td align=""right"">1141</td><td align=""left""><a href=""https://www.tennisabstract.com/cgi-bin/player.cgi?p=HugoCar"">Hugo Car",BenjaminO'Connell,FRA,2002-09-16
1142,"Jerry Roddick</a></td><td align=""left"">USA</td><td align=""right""></td></tr><tr><td align=""right"">1143</td><td align=""left""><a href=""https://www.tennisabstract.com/cgi-bin/player.cgi?p=YunseokJang"">Yunseok Jang",JerryRoddick,KOR,2003-05-06
1144,Gage Brymer,GageBrymer,USA,1995-02-07
1145,"Mathis Bondaz</a></td><td align=""left"">FRA</td><td align=""right""></td></tr><tr><td align=""right"">1146</td><td align=""left""><a href=""https://www.tennisabstract.com/cgi-bin/player.cgi?p=ElijahSanogo"">Elijah Sanogo",MathisBondaz,FRA,2008-06-30
1147,Alvin Nicholas Tudorica,AlvinNicholasTudorica,CAN,2002-02-13
1148,Connor Thomson,ConnorThomson,GBR,2001-01-16
1149,Federico Aguilar Cardozo,FedericoAguilarCardozo,URU,2005-04-08
1150,Liam Gavrielides,LiamGavrielides,GER,2004-01-30
1151,"Daniil Kakhniuk</a></td><td align=""left"">BLR</td><td align=""right""></td></tr><tr><td align=""right"">1152</td><td align=""left""><a href=""https://www.tennisabstract.com/cgi-bin/player.cgi?p=KevinEdengren"">Kevin Edengren",DaniilKakhniuk,SWE,2005-07-01
1153,Leonardo Malgaroli,LeonardoMalgaroli,ITA,2002-08-07
1154,Robert Guna,RobertGuna,ROU,2005-08-31
1155,Fons Van Sambeek,FonsVanSambeek,NED,2002-02-10
1156,Liam Branger,LiamBranger,FRA,2001-01-24
1157,"Leonardo Primucci</a></td><td align=""left"">ITA</td><td align=""right""></td></tr><tr><td align=""right"">1158</td><td align=""left""><a href=""https://www.tennisabstract.com/cgi-bin/player.cgi?p=NoelLarwig"">Noel Larwig",LeonardoPrimucci,GER,2001-09-21
1159,Juan Bautista Otegui,JuanBautistaOtegui,ARG,1999-02-23
1160,Andrea Colombo,AndreaColombo,ITA,2002-11-04
1161,Piet Luis Pinter,PietLuisPinter,AUT,2005-06-07
1161,Sungbeen Sim,SungbeenSim,KOR,1997-04-10
1163,Hugo Pierre,HugoPierre,FRA,1996-03-13
1164,Nicolas Parizzia,NicolasParizzia,SUI,1998-09-15
1165,Nicolo Toffanin,NicoloToffanin,ITA,2003-03-08
1166,Preston Brown,PrestonBrown,USA,2001-08-23
1167,Matthias Ujvary,MatthiasUjvary,AUT,2004-07-05
1168,Luis David Martinez,LuisDavidMartinez,VEN,1989-05-12
1169,Siddhant Banthia,SiddhantBanthia,IND,2000-08-04
1169,Stian Klaassen,StianKlaassen,NED,2003-04-19
1169,Zsombor Velcz,ZsomborVelcz,HUN,2002-11-16
1172,Cosme Rolland De Ravel,CosmeRollandDeRavel,FRA,2004-06-14
1173,"Pranav Karthik</a></td><td align=""left"">IND</td><td align=""right""></td></tr><tr><td align=""right"">1174</td><td align=""left""><a href=""https://www.tennisabstract.com/cgi-bin/player.cgi?p=CooperWoestendick"">Cooper Woestendick",PranavKarthik,USA,2006-11-16
1174,Thomas Deschamps,ThomasDeschamps,FRA,1998-07-19
1174,Tito Chavez,TitoChavez,ESP,2008-02-01
1177,Sasha Rozin,SashaRozin,CAN,2005-07-17
1178,David Poljak,DavidPoljak,CZE,1996-05-17
1179,Segundo Goity Zapico,SegundoGoityZapico,ARG,2005-08-12
1180,Goncalo Marques,GoncaloMarques,POR,2006-01-07
1181,Edoardo Cherie Ligniere,EdoardoCherieLigniere,ITA,2004-06-19
1181,"Joaquin Guilleme</a></td><td align=""left"">NIC</td><td align=""right""></td></tr><tr><td align=""right"">1183</td><td align=""left""><a href=""https://www.tennisabstract.com/cgi-bin/player.cgi?p=ViktorMarkov"">Viktor Markov",JoaquinGuilleme,BUL,2005-04-21
1184,Martin Sabas,MartinSabas,FRA,2001-12-14
1185,Stefan Cooper,StefanCooper,GBR,1996-06-17
1186,"Arjun Rathi</a></td><td align=""left"">IND</td><td align=""right""></td></tr><tr><td align=""right"">1187</td><td align=""left""><a href=""https://www.tennisabstract.com/cgi-bin/player.cgi?p=SebastianFanselow"">Sebastian Fanselow",ArjunRathi,GER,1991-12-30
1188,Kazuki Nishiwaki,KazukiNishiwaki,JPN,1994-10-29
1189,Mika Lipp,MikaLipp,GER,2003-10-10
1190,Hiromasa Koyama,HiromasaKoyama,JPN,2007-12-13
1190,Liam Krall,LiamKrall,USA,2002-05-20
1192,Ryota Tanuma,RyotaTanuma,JPN,1995-09-22
1193,Ethan Cook,EthanCook,AUS,2003-02-21
1194,Valentin Lapalu,ValentinLapalu,FRA,2002-03-13
1195,Lorenzo Comino,LorenzoComino,ITA,2006-02-18
1196,Edison Ambarzumjan,EdisonAmbarzumjan,GER,1996-07-31
1197,"Tobia Costanzo Baragiola Mordini</a></td><td align=""left"">ITA</td><td align=""right""></td></tr><tr><td align=""right"">1198</td><td align=""left""><a href=""https://www.tennisabstract.com/cgi-bin/player.cgi?p=GiacomoCrisostomo"">Giacomo Crisostomo",TobiaCostanzoBaragiolaMordini,ITA,2003-07-29
1199,Taketo Takamisawa,TaketoTakamisawa,JPN,1998-05-18
1200,Michael Gloeckler,MichaelGloeckler,AUT,1998-09-13
1201,James Beaven,JamesBeaven,GBR,2004-12-23
1202,Nicholas Roberts,NicholasRoberts,FRA,2006-08-29
1203,Toby Martin,TobyMartin,GBR,1993-02-19
1204,Ivan Gretskiy,IvanGretskiy,RUS,2006-03-07
1205,"Ferdinand Livet Novkirichka</a></td><td align=""left"">FRA</td><td align=""right""></td></tr><tr><td align=""right"">1206</td><td align=""left""><a href=""https://www.tennisabstract.com/cgi-bin/player.cgi?p=LeytonRivera"">Leyton Rivera",FerdinandLivetNovkirichka,NOR,2001-10-28
1207,Derek Pham,DerekPham,AUS,2004-03-31
1207,Keenan Mayo,KeenanMayo,USA,2000-05-26
1209,Andrea Meduri,AndreaMeduri,ITA,2005-03-08
1209,Ofek Shimanov,OfekShimanov,ISR,2005-07-03
1211,Ilyas Milad Fahim,IlyasMiladFahim,MAR,2005-09-01
1212,Andrej Loncarevic,AndrejLoncarevic,FRA,2005-08-31
1213,Boris Arias,BorisArias,BOL,1993-11-09
1213,Stefan Latinovic,StefanLatinovic,SRB,1999-11-22
1215,Szymon Kielan,SzymonKielan,POL,2002-11-21
1216,Martin Borisiouk,MartinBorisiouk,BLR,2000-07-04
1217,Alexander Bernard,AlexanderBernard,USA,2003-08-13
1217,Mustafa Ege Sik,MustafaEgeSik,TUR,2009-09-01
1219,Evgeny Karlovskiy,EvgenyKarlovskiy,RUS,1994-08-07
1219,Rudy Quan,RudyQuan,USA,2006-02-21
1221,Jaesung Choe,JaesungChoe,KOR,1999-10-21
1222,Sebastian Dominko,SebastianDominko,SLO,2003-05-13
1223,James Connel,JamesConnel,GBR,2003-03-03
1224,"Udit Kamboj</a></td><td align=""left"">IND</td><td align=""right""></td></tr><tr><td align=""right"">1225</td><td align=""left""><a href=""https://www.tennisabstract.com/cgi-bin/player.cgi?p=MatthewThomson"">Matthew Thomson",UditKamboj,USA,2000-05-28
1226,Phillip Jordan,PhillipJordan,USA,2000-11-07
1227,Abhinav Sanjeev Shanmugam,AbhinavSanjeevShanmugam,IND,1998-11-15
1227,George Lazarov,GeorgeLazarov,BUL,2005-03-14
1229,Denis Constantin Spiridon,DenisConstantinSpiridon,ITA,2002-07-02
1230,Ishaque Eqbal,IshaqueEqbal,IND,1998-01-17
1231,Charles Bertimon,CharlesBertimon,FRA,1999-09-20
1232,Marcel Kamrowski,MarcelKamrowski,POL,2003-03-28
1233,Aleksander Chayka,AleksanderChayka,RUS,2004-10-06
1234,Reece Falck,ReeceFalck,NZL,2002-04-09
1235,Leonid Sheyngezikht,LeonidSheyngezikht,BUL,2000-11-04
1236,"Timeo Trufelli</a></td><td align=""left"">FRA</td><td align=""right""></td></tr><tr><td align=""right"">1237</td><td align=""left""><a href=""https://www.tennisabstract.com/cgi-bin/player.cgi?p=JanHrazdil"">Jan Hrazdil",TimeoTrufelli,CZE,2005-03-04
1238,Gabriel Schenekenberg,GabrielSchenekenberg,BRA,2004-12-28
1239,Felipe De Dios,FelipeDeDios,ARG,2003-08-19
1240,"Sergi Fita Juan</a></td><td align=""left"">ESP</td><td align=""right""></td></tr><tr><td align=""right"">1241</td><td align=""left""><a href=""https://www.tennisabstract.com/cgi-bin/player.cgi?p=NiklasWaldner"">Niklas Waldner",SergiFitaJuan,AUT,2001-09-20
1242,Noah Thurner,NoahThurner,GER,2000-01-27
1243,Duarte Vale,DuarteVale,POR,1999-01-11
1244,Pablo Perez Ramos,PabloPerezRamos,ESP,2003-02-20
1245,Takeru Yuzuki,TakeruYuzuki,JPN,1998-09-22
1246,Sebastian Prechtel,SebastianPrechtel,GER,1996-05-14
1247,Pengyu Lu,PengyuLu,CHN,2002-01-09
1248,Simon Beaupain,SimonBeaupain,BEL,1999-05-18
1249,"Gavin Goode</a></td><td align=""left"">USA</td><td align=""right""></td></tr><tr><td align=""right"">1250</td><td align=""left""><a href=""https://www.tennisabstract.com/cgi-bin/player.cgi?p=SkanderMansouri"">Skander Mansouri",GavinGoode,TUN,1995-07-23
1251,Leo Lagarrigue,LeoLagarrigue,FRA,2006-08-25
1252,Tiago Silva,TiagoSilva,POR,2004-11-30
1253,Leonardo Aboian,LeonardoAboian,ARG,1998-04-20
1254,Diego Jarry Fillol,DiegoJarryFillol,USA,2003-02-11
1255,Lucas Marionneau,LucasMarionneau,FRA,2006-08-18
1256,Tudor Batin,TudorBatin,ROU,2007-01-19
1257,"Remy Dugardin</a></td><td align=""left"">FRA</td><td align=""right""></td></tr><tr><td align=""right"">1258</td><td align=""left""><a href=""https://www.tennisabstract.com/cgi-bin/player.cgi?p=DanielBagnolini"">Daniel Bagnolini",RemyDugardin,ITA,2003-02-13
1259,Jonas Eriksson Ziverts,JonasErikssonZiverts,SWE,1999-01-08
1260,Ricardo Rodriguez,RicardoRodriguez,VEN,1993-04-28
1261,Noah Lopez,NoahLopez,SUI,2002-02-25
1262,Vuk Radjenovic,VukRadjenovic,SRB,2005-05-12
1263,Ashton Mcleod,AshtonMcleod,AUS,2007-07-13
1264,Gian Marco Ortenzi,GianMarcoOrtenzi,ITA,2000-02-03
1264,Leonardo Borrelli,LeonardoBorrelli,ITA,2005-06-10
1266,Louis Tessa,LouisTessa,FRA,1998-04-06
1267,"Antoni Fabre</a></td><td align=""left"">FRA</td><td align=""right""></td></tr><tr><td align=""right"">1268</td><td align=""left""><a href=""https://www.tennisabstract.com/cgi-bin/player.cgi?p=EdouardVilloslada"">Edouard Villoslada",AntoniFabre,FRA,2000-01-30
1269,Gilberto Ravasio,GilbertoRavasio,ITA,2004-10-01
1270,Aaron Gil Garcia,AaronGilGarcia,LUX,2003-10-02
1270,Matteo Fondriest,MatteoFondriest,ITA,2004-09-10
1270,Maxence Rivet,MaxenceRivet,FRA,2003-10-09
1273,Lucca Pinto,LuccaPinto,BRA,2003-03-04
1273,Nathan Ponwith,NathanPonwith,USA,1998-04-20
1275,Samuele Seghetti,SamueleSeghetti,ITA,2006-08-16
1276,Jonathan Mridha,JonathanMridha,SWE,1995-04-08
1276,Tymur Bieldiugin,TymurBieldiugin,UKR,2005-10-16
1278,Boris Butulija,BorisButulija,SRB,1999-01-04
1279,Xing Dao Chen,XingDaoChen,CHN,2004-01-16
1280,Ezekiel Clark,EzekielClark,USA,1998-07-19
1281,Noah Perfetti,NoahPerfetti,ITA,2001-06-15
1282,Tomohiro Masabayashi,TomohiroMasabayashi,JPN,1998-03-05
1283,Yassine Smiej,YassineSmiej,MAR,2000-01-07
1284,Tanishk Konduri,TanishkKonduri,USA,2009-03-03
1285,Aslan Karatsev,AslanKaratsev,RUS,1993-09-04
1285,Sebastian Gorzny,SebastianGorzny,USA,2004-01-24
1287,Cleeve Harper,CleeveHarper,CAN,2000-12-24
1288,Gregoire Barrere,GregoireBarrere,FRA,1994-02-16
1289,Niels Ratiu,NielsRatiu,BEL,2005-07-29
1290,Alex Chang,AlexChang,USA,1986-04-10
1291,Preston Stearns,PrestonStearns,USA,2004-01-30
1292,Aleksandr Lobanov,AleksandrLobanov,RUS,2001-04-01
1293,Nicholas Godsick,NicholasGodsick,USA,2004-09-15
1294,"Marko Mesarovic</a></td><td align=""left"">USA</td><td align=""right""></td></tr><tr><td align=""right"">1295</td><td align=""left""><a href=""https://www.tennisabstract.com/cgi-bin/player.cgi?p=AndreasTimini"">Andreas Timini",MarkoMesarovic,CYP,2006-06-26
1296,Darian King,DarianKing,BAR,1992-04-26
1296,Fnu Nidunjianzan,FnuNidunjianzan,CHN,2004-01-07
1298,Davide Tortora,DavideTortora,ITA,2000-09-22
1299,Jack Loutit,JackLoutit,NZL,2004-06-23
1299,Melvin Kumar,MelvinKumar,SWE,2006-06-18
1301,Nemanja Malesevic,NemanjaMalesevic,BIH,2001-08-19
1302,Bernardo Munk Mesa,BernardoMunkMesa,ESP,2006-02-13
1303,Vardan Manukyan,VardanManukyan,RUS,2004-11-11
1304,"Oskari Paldanius</a></td><td align=""left"">FIN</td><td align=""right""></td></tr><tr><td align=""right"">1305</td><td align=""left""><a href=""https://www.tennisabstract.com/cgi-bin/player.cgi?p=EnriqueCarrascosaDiaz"">Enrique Carrascosa Diaz</a></td><td align=""left"">ESP</td><td align=""right""></td></tr><tr><td align=""right"">1305</td><td align=""left""><a href=""https://www.tennisabstract.com/cgi-bin/player.cgi?p=IgnacioAntonioBecerraOtarola"">Ignacio Antonio Becerra Otarola",OskariPaldanius,CHI,2000-09-25
1305,Mac Visser,MacVisser,NED,2005-03-24
1305,Nikolas Stoot,NikolasStoot,USA,2007-11-29
1309,"Alessandro Battiston</a></td><td align=""left"">ITA</td><td align=""right""></td></tr><tr><td align=""right"">1309</td><td align=""left""><a href=""https://www.tennisabstract.com/cgi-bin/player.cgi?p=AlexandreReco"">Alexandre Reco",AlessandroBattiston,FRA,1999-04-27
1309,Kuzey Cekirge,KuzeyCekirge,TUR,2000-04-29
1312,Lucca Liu,LuccaLiu,USA,2004-01-09
1312,Mikail Alimli,MikailAlimli,FRA,2003-07-10
1314,Jasza Szajrych,JaszaSzajrych,POL,2002-04-23
1314,Vishnu Vardhan,VishnuVardhan,IND,1987-07-27
1316,Alexander Wagner,AlexanderWagner,AUT,2006-09-29
1316,Amador Salazar,AmadorSalazar,CHI,2001-02-15
1316,Drew Van Orderlain,DrewVanOrderlain,USA,1994-06-30
1319,Jonas Pelle Hartenstein,JonasPelleHartenstein,GER,2001-07-27
1320,Alen Mujakic,AlenMujakic,GER,2003-07-26
1321,"Amine Jamji</a></td><td align=""left"">MAR</td><td align=""right""></td></tr><tr><td align=""right"">1321</td><td align=""left""><a href=""https://www.tennisabstract.com/cgi-bin/player.cgi?p=MihaVetrih"">Miha Vetrih",AmineJamji,SLO,2002-09-11
1323,Victor Braga,VictorBraga,BRA,2005-01-04
1324,Chirag Duhan,ChiragDuhan,IND,2004-01-01
1325,Alessio Basile,AlessioBasile,BEL,2004-08-07
1325,Gray Voelzke,GrayVoelzke,USA,2002-08-20
1327,Aldin Setkic,AldinSetkic,BIH,1987-12-21
1328,"Noah Lopez Cherubino</a></td><td align=""left"">ESP</td><td align=""right""></td></tr><tr><td align=""right"">1329</td><td align=""left""><a href=""https://www.tennisabstract.com/cgi-bin/player.cgi?p=SebastianoCocola"">Sebastiano Cocola</a></td><td align=""left"">ITA</td><td align=""right""></td></tr><tr><td align=""right"">1330</td><td align=""left""><a href=""https://www.tennisabstract.com/cgi-bin/player.cgi?p=TyHost"">Ty Host",NoahLopezCherubino,AUS,2007-05-05
1331,"Luke Hooper</a></td><td align=""left"">GBR</td><td align=""right""></td></tr><tr><td align=""right"">1332</td><td align=""left""><a href=""https://www.tennisabstract.com/cgi-bin/player.cgi?p=DenisPetak"">Denis Petak",LukeHooper,CZE,2006-07-18
1332,Nikola Jovic,NikolaJovic,SRB,2006-12-22
1334,"Roman Kharlamov</a></td><td align=""left"">RUS</td><td align=""right""></td></tr><tr><td align=""right"">1335</td><td align=""left""><a href=""https://www.tennisabstract.com/cgi-bin/player.cgi?p=JoshuaPeck"">Joshua Peck",RomanKharlamov,CAN,1998-12-10
1336,Alexey Aleshchev,AlexeyAleshchev,RUS,1998-12-28
1337,"Landon Ardila</a></td><td align=""left"">USA</td><td align=""right""></td></tr><tr><td align=""right"">1338</td><td align=""left""><a href=""https://www.tennisabstract.com/cgi-bin/player.cgi?p=DanielCukierman"">Daniel Cukierman",LandonArdila,ISR,1995-07-09
1338,Ramkumar Ramanathan,RamkumarRamanathan,IND,1994-11-08
1338,Yannik Alvarez,YannikAlvarez,PUR,2008-10-12
1341,Federico Zeballos,FedericoZeballos,BOL,1988-05-30
1341,Max Dahlin,MaxDahlin,SWE,2005-12-27
1341,Sergio Luis Hernandez Ramirez,SergioLuisHernandezRamirez,COL,1999-08-28
1344,Mehdi Benchakroun,MehdiBenchakroun,MAR,2003-12-21
1344,"Noah Johnston</a></td><td align=""left"">USA</td><td align=""right""></td></tr><tr><td align=""right"">1346</td><td align=""left""><a href=""https://www.tennisabstract.com/cgi-bin/player.cgi?p=RyanJamesStorrie"">Ryan James Storrie",NoahJohnston,GBR,1998-02-28
1347,Filip Gustafsson,FilipGustafsson,SWE,2005-01-29
1348,Rodrigo Fernandes,RodrigoFernandes,POR,2006-11-18
1349,Adil Kalyanpur,AdilKalyanpur,IND,2000-01-26
1350,Savriyan Danilov,SavriyanDanilov,RUS,2000-06-03
1351,"Adam Lynch</a></td><td align=""left"">USA</td><td align=""right""></td></tr><tr><td align=""right"">1351</td><td align=""left""><a href=""https://www.tennisabstract.com/cgi-bin/player.cgi?p=MichalNovansky"">Michal Novansky",AdamLynch,SVK,2002-08-19
1353,Mathys Domenc,MathysDomenc,FRA,2009-07-19
1354,Harold Huens,HaroldHuens,BEL,2002-05-03
1354,Novak Novakovic,NovakNovakovic,SRB,2001-02-10
1356,"Filippo Francesco Garbero</a></td><td align=""left"">ITA</td><td align=""right""></td></tr><tr><td align=""right"">1356</td><td align=""left""><a href=""https://www.tennisabstract.com/cgi-bin/player.cgi?p=FrazierRengifo"">Frazier Rengifo",FilippoFrancescoGarbero,COL,1999-01-19
1358,Patrik Munkhammar,PatrikMunkhammar,SWE,2007-06-30
1359,Cezar Gabriel Papoe,CezarGabrielPapoe,ROU,2007-09-20
1360,"Glib Sekachov</a></td><td align=""left"">UKR</td><td align=""right""></td></tr><tr><td align=""right"">1360</td><td align=""left""><a href=""https://www.tennisabstract.com/cgi-bin/player.cgi?p=MateoCastaneda"">Mateo Castaneda",GlibSekachov,COL,2006-01-11
1360,Theo Herrmann,TheoHerrmann,FRA,2005-01-12
1363,Gregor Ramskogler,GregorRamskogler,AUT,1998-12-05
1363,"Junhyeon Lee</a></td><td align=""left"">KOR</td><td align=""right""></td></tr><tr><td align=""right"">1363</td><td align=""left""><a href=""https://www.tennisabstract.com/cgi-bin/player.cgi?p=MohamedAliAbibsi"">Mohamed Ali Abibsi",JunhyeonLee,ALG,2002-06-29
1366,"Bill Chan</a></td><td align=""left"">SGP</td><td align=""right""></td></tr><tr><td align=""right"">1367</td><td align=""left""><a href=""https://www.tennisabstract.com/cgi-bin/player.cgi?p=KabirHans"">Kabir Hans",BillChan,IND,2001-08-21
1367,Lev Seidman,LevSeidman,USA,2007-10-24
1369,Minghui Zhang,MinghuiZhang,CHN,2005-02-08
1370,Jonas Kucera,JonasKucera,CZE,2006-09-15
1371,Madhwin Kamath,MadhwinKamath,IND,2001-11-10
1372,Rafael Giotis,RafaelGiotis,GER,2000-11-25
1373,Hugo Maia,HugoMaia,POR,2001-04-01
1373,Mariano Tammaro,MarianoTammaro,ITA,2004-02-27
1375,Radovan Michalik,RadovanMichalik,SVK,2003-05-21
1376,Francesco Ferrari,FrancescoFerrari,ITA,1997-06-22
1376,Oskar Grzegorzewski,OskarGrzegorzewski,POL,2005-02-14
1376,Weiwen Pan,WeiwenPan,CHN,2005-11-12
1379,Parth Aggarwal,ParthAggarwal,IND,1997-12-22
1379,Xiaoyin Yang,XiaoyinYang,CHN,2004-12-05
1381,Tyler Stice,TylerStice,USA,2000-08-02
1382,"Dmitry Bessonov</a></td><td align=""left"">RUS</td><td align=""right""></td></tr><tr><td align=""right"">1383</td><td align=""left""><a href=""https://www.tennisabstract.com/cgi-bin/player.cgi?p=SergioPlanellaHernandez"">Sergio Planella Hernandez</a></td><td align=""left"">ESP</td><td align=""right""></td></tr><tr><td align=""right"">1384</td><td align=""left""><a href=""https://www.tennisabstract.com/cgi-bin/player.cgi?p=KacperKnitter"">Kacper Knitter",DmitryBessonov,POL,2007-07-09
1384,Yuquan Jin,YuquanJin,CHN,2000-12-12
1386,Louis Van Herck,LouisVanHerck,LUX,1999-07-02
1387,Alp Horoz,AlpHoroz,TUR,1995-04-28
1388,Charles Chen,CharlesChen,CHN,2007-12-20
1389,Matas Vasiliauskas,MatasVasiliauskas,LTU,2002-03-29
1390,Santiago Lora,SantiagoLora,BOL,2007-10-03
1391,Patrik Niklas Salminen,PatrikNiklasSalminen,FIN,1997-03-05
1392,James Hopper,JamesHopper,GBR,2001-07-05
1392,Jeremy Jin,JeremyJin,AUS,2004-06-27
1392,Muzammil Murtaza,MuzammilMurtaza,PAK,1999-11-12
1395,Oliver Ojakaar,OliverOjakaar,EST,2005-02-10
1396,Jeremy Zhang,JeremyZhang,AUS,2005-07-12
1396,Santiago Giamichelle,SantiagoGiamichelle,ARG,2003-11-27
1398,Alexander Frusina,AlexanderFrusina,USA,2005-12-17
1398,"Asahi Harazaki</a></td><td align=""left"">JPN</td><td align=""right""></td></tr><tr><td align=""right"">1398</td><td align=""left""><a href=""https://www.tennisabstract.com/cgi-bin/player.cgi?p=PawelCias"">Pawel Cias",AsahiHarazaki,POL,1994-02-22
1401,Felipe Virgili Berini,FelipeVirgiliBerini,ITA,2005-01-20
1402,Alessio Vasquez Gehrke,AlessioVasquezGehrke,GER,2003-06-09
1403,"Artem Alekseychuk</a></td><td align=""left"">RUS</td><td align=""right""></td></tr><tr><td align=""right"">1404</td><td align=""left""><a href=""https://www.tennisabstract.com/cgi-bin/player.cgi?p=LorenzoBerto"">Lorenzo Berto",ArtemAlekseychuk,ITA,2007-06-03
1405,Charlelie Cosnet,CharlelieCosnet,FRA,2003-02-01
1405,Damien Salvestre,DamienSalvestre,FRA,2002-02-05
1407,Ymerali Ibraimi,YmeraliIbraimi,AUS,2009-02-13
1408,Dax Donders,DaxDonders,NED,2000-07-14
1408,Oswaldo Alejandro Reyes Tirado,OswaldoAlejandroReyesTirado,MEX,2007-07-15
1410,Louis Dussin,LouisDussin,FRA,1999-07-01
1411,"Achilles Belkovics</a></td><td align=""left"">HUN</td><td align=""right""></td></tr><tr><td align=""right"">1412</td><td align=""left""><a href=""https://www.tennisabstract.com/cgi-bin/player.cgi?p=NaokiTajima"">Naoki Tajima",AchillesBelkovics,JPN,2000-09-21
1413,Siddharth Vishwakarma,SiddharthVishwakarma,IND,1994-10-07
1413,Uladzimir Ignatik,UladzimirIgnatik,BLR,1990-07-14
1415,Joao Silva,JoaoSilva,POR,2007-06-16
1415,"Laurence Teunissen</a></td><td align=""left"">NED</td><td align=""right""></td></tr><tr><td align=""right"">1417</td><td align=""left""><a href=""https://www.tennisabstract.com/cgi-bin/player.cgi?p=MatthewSegura"">Matthew Segura",LaurenceTeunissen,USA,2000-09-19
1418,Alberto Bronzetti,AlbertoBronzetti,ITA,1998-05-05
1418,Ivan Denisov,IvanDenisov,RUS,2000-06-07
1418,Jarno Jans,JarnoJans,NED,2000-06-07
1418,"Shu Muto</a></td><td align=""left"">JPN</td><td align=""right""></td></tr><tr><td align=""right"">1422</td><td align=""left""><a href=""https://www.tennisabstract.com/cgi-bin/player.cgi?p=ArthurBonnaud"">Arthur Bonnaud",ShuMuto,FRA,1997-03-30
1423,"Sergey Petrov</a></td><td align=""left"">RUS</td><td align=""right""></td></tr><tr><td align=""right"">1424</td><td align=""left""><a href=""https://www.tennisabstract.com/cgi-bin/player.cgi?p=FlynnThomas"">Flynn Thomas</a></td><td align=""left"">SUI</td><td align=""right""></td></tr><tr><td align=""right"">1424</td><td align=""left""><a href=""https://www.tennisabstract.com/cgi-bin/player.cgi?p=RodolfoJaureguiSainzDeRozas"">Rodolfo Jauregui Sainz De Rozas",SergeyPetrov,MEX,1993-10-02
1424,Toshiki Karigyo,ToshikiKarigyo,JPN,2001-12-30
1424,Yuttana Charoenphon,YuttanaCharoenphon,THA,2000-08-14
1428,Henry Lieberman,HenryLieberman,USA,2000-05-01
1428,Peter Alam,PeterAlam,GBR,2002-04-29
1430,Filippo Alberti,FilippoAlberti,ITA,2003-06-24
1430,Ioan Alexandru Chirita,IoanAlexandruChirita,ROU,2002-12-30
1430,Thomas Gerbaud,ThomasGerbaud,FRA,2004-06-27
1433,"Pierre Antoine Faut</a></td><td align=""left"">FRA</td><td align=""right""></td></tr><tr><td align=""right"">1434</td><td align=""left""><a href=""https://www.tennisabstract.com/cgi-bin/player.cgi?p=AlexanderZgirovsky"">Alexander Zgirovsky",PierreAntoineFaut,BLR,2001-07-10
1434,"Dillon Beckles</a></td><td align=""left"">USA</td><td align=""right""></td></tr><tr><td align=""right"">1434</td><td align=""left""><a href=""https://www.tennisabstract.com/cgi-bin/player.cgi?p=FadiBidan"">Fadi Bidan",DillonBeckles,LBN,2006-01-01
1434,"Volodymyr Gurenko</a></td><td align=""left"">CAN</td><td align=""right""></td></tr><tr><td align=""right"">1438</td><td align=""left""><a href=""https://www.tennisabstract.com/cgi-bin/player.cgi?p=EliasJulianWerner"">Elias Julian Werner</a></td><td align=""left"">GER</td><td align=""right""></td></tr><tr><td align=""right"">1439</td><td align=""left""><a href=""https://www.tennisabstract.com/cgi-bin/player.cgi?p=ArthurBellegy"">Arthur Bellegy</a></td><td align=""left"">FRA</td><td align=""right""></td></tr><tr><td align=""right"">1439</td><td align=""left""><a href=""https://www.tennisabstract.com/cgi-bin/player.cgi?p=RichardAntoni"">Richard Antoni</a></td><td align=""left"">GER</td><td align=""right""></td></tr><tr><td align=""right"">1441</td><td align=""left""><a href=""https://www.tennisabstract.com/cgi-bin/player.cgi?p=JakeDembo"">Jake Dembo</a></td><td align=""left"">AUS</td><td align=""right""></td></tr><tr><td align=""right"">1442</td><td align=""left""><a href=""https://www.tennisabstract.com/cgi-bin/player.cgi?p=JiriCizek"">Jiri Cizek",VolodymyrGurenko,CZE,2005-08-21
1442,Niklas Guttau,NiklasGuttau,GER,2000-01-03
1442,Pijus Vaitiekunas,PijusVaitiekunas,LTU,2003-02-27
1442,Raghav Jaisinghani,RaghavJaisinghani,IND,1998-01-20
1446,Antonio Voljavec,AntonioVoljavec,CRO,2006-02-25
1447,Toprak Avcibasi,ToprakAvcibasi,TUR,2004-05-09
1448,Lars Goran Verwerft,LarsGoranVerwerft,BEL,2003-05-22
1449,David Naharro,DavidNaharro,ESP,2003-09-23
1449,"Joe Leather</a></td><td align=""left"">GBR</td><td align=""right""></td></tr><tr><td align=""right"">1451</td><td align=""left""><a href=""https://www.tennisabstract.com/cgi-bin/player.cgi?p=AndrinCasanova"">Andrin Casanova",JoeLeather,SUI,2004-07-23
1451,Mathys Picard,MathysPicard,FRA,2007-12-20
1453,Lorenzo Beraldo,LorenzoBeraldo,ITA,2006-09-22
1454,Vito Dellelba,VitoDellelba,ITA,1999-02-06
1455,Alan Bojarski,AlanBojarski,POL,2003-07-22
1456,Gabriele Crivellaro,GabrieleCrivellaro,ITA,2007-04-05
1456,"Valentino Grippo</a></td><td align=""left"">ARG</td><td align=""right""></td></tr><tr><td align=""right"">1458</td><td align=""left""><a href=""https://www.tennisabstract.com/cgi-bin/player.cgi?p=MihaiAlexandruComan"">Mihai Alexandru Coman",ValentinoGrippo,ROU,2005-01-15
1459,Arjun Mehrotra,ArjunMehrotra,AUS,1997-03-31
1459,Jack Bruce Smith,JackBruceSmith,AUS,2001-11-08
1461,Andrea Bacaloni,AndreaBacaloni,ITA,2002-04-03
1461,Hitesh Chauhan,HiteshChauhan,IND,2007-12-25
1461,Luka Talan Lopatic,LukaTalanLopatic,SLO,2007-12-26
1464,Corban Crowther,CorbanCrowther,NZL,2003-04-23
1465,Vadym Konovchuk,VadymKonovchuk,UKR,2003-08-14
1466,Antoine Berger,AntoineBerger,FRA,1998-04-08
1466,Ewen Lumsden,EwenLumsden,GBR,2000-02-17
1468,Tomas Luis,TomasLuis,POR,2002-03-13
1469,Yuichiro Inui,YuichiroInui,JPN,1995-04-02
1470,Ioannis Kountourakis,IoannisKountourakis,GRE,2002-11-16
1471,Aleksi Lofman,AleksiLofman,FIN,2002-02-21
1471,Amirkhamza Nasridinov,AmirkhamzaNasridinov,RUS,2005-08-28
1471,Guy Orly Iradukunda,GuyOrlyIradukunda,BDI,1996-03-21
1471,Kaito Uesugi,KaitoUesugi,JPN,1995-06-02
1471,Nino Serdarusic,NinoSerdarusic,CRO,1996-12-13
1471,Theodore Winegar,TheodoreWinegar,USA,2001-07-10
1477,Angel Veliz,AngelVeliz,ECU,2008-07-27
1478,Herbert Jody Maginley,HerbertJodyMaginley,ANT,1995-06-07
1479,Thijmen Loof,ThijmenLoof,NED,2002-07-15
1480,Azuma Visaya,AzumaVisaya,USA,2003-08-19
1480,Sebastian Eriksson,SebastianEriksson,SWE,2005-05-01
1482,Moritz Kudernatsch,MoritzKudernatsch,GER,2005-05-03
1483,Bryce Nakashima,BryceNakashima,USA,2004-02-20
1483,Vit Kalina,VitKalina,CZE,2005-07-12
1483,Will Mayew,WillMayew,USA,2004-04-28
1486,Paul Barbier Gazeu,PaulBarbierGazeu,FRA,2005-06-01
1486,Sho Katayama,ShoKatayama,JPN,1989-05-12
1488,Stepan Baum,StepanBaum,CZE,2003-07-26
1489,Loan Lestir,LoanLestir,FRA,2005-09-02
1489,Nick Chappell,NickChappell,USA,1992-09-19
1489,Yan Bai,YanBai,CHN,1989-05-21
1492,Cesar Cruz,CesarCruz,ESA,2006-09-11
1492,Marco Furlanetto,MarcoFurlanetto,ITA,2001-03-02
1492,Romain Gales,RomainGales,FRA,2004-07-07
1492,Walid Ahouda,WalidAhouda,MAR,2003-10-14
1496,Benjamin Chelia,BenjaminChelia,ARG,2008-06-09
1496,Vasco Leote Prata,VascoLeotePrata,POR,2003-09-18
1498,Alberto Lim,AlbertoLim,PHI,1999-05-16
1498,Hugo Coquelin,HugoCoquelin,GBR,2005-10-03
1500,Rhys Lawlor,RhysLawlor,GBR,2009-02-22
1501,Davide Pontoglio,DavidePontoglio,ITA,1992-07-02
1501,Isaiah Strode,IsaiahStrode,USA,1997-09-15
1501,John Bothma,JohnBothma,RSA,2008-02-01
1501,Jordan Hasson,JordanHasson,ISR,1999-10-12
1501,Kai I Wang,KaiIWang,TPE,2004-07-24
1501,Peetu Pohjola,PeetuPohjola,FIN,2001-01-21
1507,Martyn Pawelski,MartynPawelski,POL,2004-11-07
1508,Aleksander Orlikowski,AleksanderOrlikowski,POL,2003-10-18
1508,Alex Jones,AlexJones,USA,1998-11-07
1508,Congsup Congcar,CongsupCongcar,THA,1996-08-21
1508,Karlo Kajin,KarloKajin,CRO,1999-10-28
1508,Ryan Augusto Dos Santos,RyanAugustoDosSantos,BRA,2003-07-29
1508,"Yeonsu Jeong</a></td><td align=""left"">KOR</td><td align=""right""></td></tr><tr><td align=""right"">1514</td><td align=""left""><a href=""https://www.tennisabstract.com/cgi-bin/player.cgi?p=OscarBrown"">Oscar Brown",YeonsuJeong,GBR,2002-05-12
1514,Thomas Braithwaite,ThomasBraithwaite,AUS,1999-12-09
1514,Zane Stevens,ZaneStevens,AUS,2006-05-15
1517,Aryan Lakshmanan,AryanLakshmanan,IND,2005-06-28
1517,Gustavo Albieri,GustavoAlbieri,BRA,2007-12-17
1517,Matteo Sciahbasi,MatteoSciahbasi,ITA,2007-04-07
1520,Nicola Rispoli,NicolaRispoli,ITA,1997-07-31
1521,Benjamin Ignacio Torres Fernandez,BenjaminIgnacioTorresFernandez,CHI,2003-10-12
1521,Gus Grumet,GusGrumet,USA,2007-11-30
1523,Ren Nakamura,RenNakamura,JPN,1995-01-31
1523,Riku Takahata,RikuTakahata,JPN,2001-10-01
1525,Gabriele Vulpitta,GabrieleVulpitta,ITA,2005-06-25
1526,Alexis Gurmendi,AlexisGurmendi,ARG,1997-09-10
1526,Andrea Paolini,AndreaPaolini,ITA,2002-11-09
1526,Jirat Navasirisomboon,JiratNavasirisomboon,THA,1996-11-17
1526,Matei Florin Breazu,MateiFlorinBreazu,ROU,2008-04-12
1530,Gabriele Volpi,GabrieleVolpi,ITA,1996-04-12
1530,Sean Hodkin,SeanHodkin,GBR,1998-10-31
1530,Stevan Popovic,StevanPopovic,GER,2001-10-29
1530,"Valentin Guadagno</a></td><td align=""left"">ARG</td><td align=""right""></td></tr><tr><td align=""right"">1534</td><td align=""left""><a href=""https://www.tennisabstract.com/cgi-bin/player.cgi?p=KoSuzuki"">Ko Suzuki",ValentinGuadagno,JPN,1991-08-03
1535,Bautista De La Pena,BautistaDeLaPena,BRA,2009-06-19
1535,Breno Braga,BrenoBraga,BRA,2005-01-04
1535,"Juan Ignacio Gallego</a></td><td align=""left"">ARG</td><td align=""right""></td></tr><tr><td align=""right"">1535</td><td align=""left""><a href=""https://www.tennisabstract.com/cgi-bin/player.cgi?p=LassePoertner"">Lasse Poertner",JuanIgnacioGallego,GER,2005-11-22
1535,Oskari Eerola,OskariEerola,FIN,2002-04-02
1540,Gheorghe Claudiu Schinteie,GheorgheClaudiuSchinteie,ROU,2002-03-13
1540,Kylian Collignon,KylianCollignon,BEL,2005-04-18
1540,Nicolas Esteban Rico Arias,NicolasEstebanRicoArias,COL,2000-12-07
1540,Sebastian Grundtvig Jorgensen,SebastianGrundtvigJorgensen,DEN,2001-03-31
1540,"Stefan Storch</a></td><td align=""left"">AUS</td><td align=""right""></td></tr><tr><td align=""right"">1540</td><td align=""left""><a href=""https://www.tennisabstract.com/cgi-bin/player.cgi?p=ValentinGaray"">Valentin Garay",StefanStorch,ARG,2007-03-28
1546,"Benjamin Willwerth</a></td><td align=""left"">USA</td><td align=""right""></td></tr><tr><td align=""right"">1546</td><td align=""left""><a href=""https://www.tennisabstract.com/cgi-bin/player.cgi?p=EmanuelIvanisevic"">Emanuel Ivanisevic",BenjaminWillwerth,CRO,2007-10-12
1548,"Kosuke Shibano</a></td><td align=""left"">JPN</td><td align=""right""></td></tr><tr><td align=""right"">1548</td><td align=""left""><a href=""https://www.tennisabstract.com/cgi-bin/player.cgi?p=SilvioMencaglia"">Silvio Mencaglia",KosukeShibano,ITA,2004-09-02
1548,Vlad Cristian Breazu,VladCristianBreazu,ROU,2003-12-24
1551,Ivan Iutkin,IvanIutkin,RUS,2007-03-22
1552,Karol Malirz,KarolMalirz,POL,2002-10-27
1552,Manel Lazaro Juncadella,ManelLazaroJuncadella,ESP,2006-03-27
1554,Alessandro Coccioli,AlessandroCoccioli,ITA,2002-08-05
1554,Darrshan Suresh,DarrshanSuresh,MAS,2001-02-07
1556,"Xavi Palomar</a></td><td align=""left"">ESP</td><td align=""right""></td></tr><tr><td align=""right"">1557</td><td align=""left""><a href=""https://www.tennisabstract.com/cgi-bin/player.cgi?p=AdrianArcon"">Adrian Arcon",XaviPalomar,AUS,2001-08-20
1558,Brandon Perez,BrandonPerez,VEN,2000-01-14
1559,Daniel Batista,DanielBatista,POR,1998-12-06
1559,Jan Kupcic,JanKupcic,SLO,2001-04-14
1559,"Noah Karma</a></td><td align=""left"">SUI</td><td align=""right""></td></tr><tr><td align=""right"">1562</td><td align=""left""><a href=""https://www.tennisabstract.com/cgi-bin/player.cgi?p=TadeoMeneo"">Tadeo Meneo",NoahKarma,ARG,2005-05-25
1563,Luis Garcia Paez,LuisGarciaPaez,ESP,2006-01-02
1564,Joao Graa,JoaoGraa,POR,2000-12-10
1565,Aradhya Kshitij,AradhyaKshitij,IND,2008-12-23
1565,Bienvenue Bolangi,BienvenueBolangi,COD,2001-12-29
1565,Blake Mott,BlakeMott,AUS,1996-04-21
1565,Courtney John Lock,CourtneyJohnLock,ZIM,1996-10-18
1565,Kiranpal Pannu,KiranpalPannu,NZL,1997-01-07
1565,Loren Thomas Byers,LorenThomasByers,USA,2001-11-20
1565,Luis Britto,LuisBritto,BRA,1993-06-23
1565,Manuel Guinard,ManuelGuinard,FRA,1995-11-15
1565,Patrik Trhac,PatrikTrhac,USA,1998-10-31
1565,Reese Stalder,ReeseStalder,USA,1996-11-12
1565,Samir Iftikhar,SamirIftikhar,PAK,1992-03-23
1565,Siphosothando Montsi,SiphosothandoMontsi,RSA,1999-11-09
1577,Adit Sinha,AditSinha,USA,2003-09-18
1577,Guillermo Tunas,GuillermoTunas,MEX,2000-12-18
1577,Kelly Giese,KellyGiese,USA,2004-07-20
1577,Mark Whitehouse,MarkWhitehouse,GBR,1993-05-01
1577,Tom Hands,TomHands,GBR,1996-11-02
1582,Alejo Lorenzo Lingua Lavallen,AlejoLorenzoLinguaLavallen,ARG,2001-03-09
1582,Daniel Phillips,DanielPhillips,BER,2005-02-16
1582,Dominick Mosejczuk,DominickMosejczuk,USA,2007-01-13
1582,Harrison Satara,HarrisonSatara,AUS,2007-05-03
1582,Justin Barki,JustinBarki,INA,2000-05-26
1582,Matisse Farzam,MatisseFarzam,USA,2007-02-22
1582,Samuel Brosset,SamuelBrosset,FRA,1998-01-14
1589,"Damien Clerc</a></td><td align=""left"">FRA</td><td align=""right""></td></tr><tr><td align=""right"">1589</td><td align=""left""><a href=""https://www.tennisabstract.com/cgi-bin/player.cgi?p=ThaiSonKwiatkowski"">Thai Son Kwiatkowski",DamienClerc,USA,1995-02-13
1589,Yousaf Khalil,YousafKhalil,PAK,1999-04-01
1592,Alexander Razeghi,AlexanderRazeghi,USA,2006-05-10
1592,Amir Milushev,AmirMilushev,UZB,2005-06-18
1592,Fantino Alberca,FantinoAlberca,ARG,2005-02-01
1592,Henrique Ortenblad Nogueira,HenriqueOrtenbladNogueira,BRA,2003-03-25
1592,Hudson Rivera,HudsonRivera,USA,2004-05-29
1592,Isac Stroemberg,IsacStroemberg,SWE,2003-02-03
1592,Saki Tange,SakiTange,JPN,2004-01-14
1592,Wissam Abderrahman,WissamAbderrahman,TUN,2003-10-13
1600,Anton Chekhov,AntonChekhov,RUS,1992-09-15
1600,Georgi Georgiev,GeorgiGeorgiev,BUL,2006-09-27
1600,Mateo Barreiros Reyes,MateoBarreirosReyes,BRA,2000-12-14
1603,Robert Watzka,RobertWatzka,ESP,2006-02-18
1604,Ainius Sabaliauskas,AiniusSabaliauskas,LTU,2003-07-26
1604,Aleksandre Shvangiradze,AleksandreShvangiradze,GEO,2006-01-14
1604,Gergely Madarasz,GergelyMadarasz,HUN,1994-10-01
1604,"James Weber</a></td><td align=""left"">USA</td><td align=""right""></td></tr><tr><td align=""right"">1604</td><td align=""left""><a href=""https://www.tennisabstract.com/cgi-bin/player.cgi?p=JulienDeCuyper"">Julien De Cuyper",JamesWeber,FRA,1999-05-18
1604,Maciej Rajski,MaciejRajski,POL,1991-05-03
1604,Siwanat Auytayakul,SiwanatAuytayakul,THA,2004-08-12
1604,"Teodor Davidov</a></td><td align=""left"">USA</td><td align=""right""></td></tr><tr><td align=""right"">1604</td><td align=""left""><a href=""https://www.tennisabstract.com/cgi-bin/player.cgi?p=TimofeyStepanov"">Timofey Stepanov",TeodorDavidov,SUI,2003-07-28
1604,Vincent Reisach,VincentReisach,GER,2009-03-13
1604,William Jansen,WilliamJansen,GBR,2004-12-06
1615,Antonin Witz,AntoninWitz,FRA,2008-07-01
1615,Clement Lemire,ClementLemire,FRA,2006-12-05
1615,"Nathan Cox</a></td><td align=""left"">USA</td><td align=""right""></td></tr><tr><td align=""right"">1615</td><td align=""left""><a href=""https://www.tennisabstract.com/cgi-bin/player.cgi?p=YazidLahjomri"">Yazid Lahjomri",NathanCox,MAR,2005-06-13
1619,Deney Wassermann,DeneyWassermann,NED,2001-03-25
1619,Richard Zusman,RichardZusman,USA,2000-08-22
1621,Alex Kobelt,AlexKobelt,USA,1997-04-14
1621,Linus Lagerbohm,LinusLagerbohm,FIN,2007-12-10
1621,William Mirarchi,WilliamMirarchi,ITA,2006-06-30
1624,Aleksandar Mihailovic,AleksandarMihailovic,SRB,2002-08-21
1624,Dmytro Shirokyi,DmytroShirokyi,UKR,2006-07-02
1624,Francisco Tomas Geschwind,FranciscoTomasGeschwind,ARG,2003-03-27
1624,"Gasper Matijasic</a></td><td align=""left"">SLO</td><td align=""right""></td></tr><tr><td align=""right"">1624</td><td align=""left""><a href=""https://www.tennisabstract.com/cgi-bin/player.cgi?p=HernandoJoseEscurraIsnardi"">Hernando Jose Escurra Isnardi",GasperMatijasic,PAR,1997-12-13
1624,Jea Moon Lee,JeaMoonLee,KOR,1993-07-02
1624,Justas Trainauskas,JustasTrainauskas,LTU,2002-02-18
1624,Michalis Sakellaridis,MichalisSakellaridis,GRE,2001-01-15
1624,Niccolo Baroni,NiccoloBaroni,ITA,2003-12-04
1624,Noah Schlagenhauf,NoahSchlagenhauf,GER,2002-12-13
1624,Rihards Neimanis,RihardsNeimanis,LAT,2008-02-26
1635,Darius Florin Pop,DariusFlorinPop,ROU,2004-04-30
1635,Hugo Hashimoto,HugoHashimoto,USA,2003-03-02
1635,Valentin Gonzalez Galino,ValentinGonzalezGalino,ESP,2008-12-11
1635,"Weiyi Kong</a></td><td align=""left"">CHN</td><td align=""right""></td></tr><tr><td align=""right"">1635</td><td align=""left""><a href=""https://www.tennisabstract.com/cgi-bin/player.cgi?p=YeChen"">Ye Chen</a></td><td align=""left"">CHN</td><td align=""right""></td></tr><tr><td align=""right"">1640</td><td align=""left""><a href=""https://www.tennisabstract.com/cgi-bin/player.cgi?p=AmmarElamin"">Ammar Elamin",WeiyiKong,IRL,2002-06-19
1640,Arnav Paparkar,ArnavPaparkar,IND,2008-02-18
1640,Daniel Khazime,DanielKhazime,RUS,2005-01-04
1640,Juan Jose Bianchi,JuanJoseBianchi,VEN,2001-01-09
1640,Jules Leroux,JulesLeroux,FRA,2005-08-19
1640,Mahmoud Chetouane,MahmoudChetouane,TUN,2008-05-08
1640,Roman Postolka,RomanPostolka,CZE,1999-04-07
1640,Stefan Ilie Bogdan Petre,StefanIlieBogdanPetre,ROU,2008-05-06
1640,"Yua Taka</a></td><td align=""left"">JPN</td><td align=""right""></td></tr><tr><td align=""right"">1649</td><td align=""left""><a href=""https://www.tennisabstract.com/cgi-bin/player.cgi?p=DanielJovanovski"">Daniel Jovanovski",YuaTaka,AUS,2008-02-01
1649,Emirhan Bulut,EmirhanBulut,TUR,2006-06-06
1649,Jerrid Gaines,JerridGaines,USA,2009-06-02
1649,Mak Mikovic,MakMikovic,SLO,2006-05-15
1649,Nicolas Hollender,NicolasHollender,ARG,2001-09-20
1649,Patricio Alvarado,PatricioAlvarado,ECU,1989-10-06
1655,Alexis Canter,AlexisCanter,GBR,1998-06-03
1655,Arthur Laborde,ArthurLaborde,SUI,2004-06-03
1655,David Fix,DavidFix,GER,2005-02-05
1655,Filiberto Fumagalli,FilibertoFumagalli,ITA,2002-06-28
1655,Kunanan Pantaratorn,KunananPantaratorn,THA,2008-07-19
1655,"Matt Kleiman</a></td><td align=""left"">USA</td><td align=""right""></td></tr><tr><td align=""right"">1655</td><td align=""left""><a href=""https://www.tennisabstract.com/cgi-bin/player.cgi?p=NoahBrownrigg"">Noah Brownrigg",MattKleiman,AUS,2006-11-20
1655,Pedro Andre De Almeida Santos,PedroAndreDeAlmeidaSantos,BRA,2004-08-08
1655,"Shanker Heisnam</a></td><td align=""left"">IND</td><td align=""right""></td></tr><tr><td align=""right"">1655</td><td align=""left""><a href=""https://www.tennisabstract.com/cgi-bin/player.cgi?p=YoshkaSborowsky"">Yoshka Sborowsky</a></td><td align=""left"">FRA</td><td align=""right""></td></tr><tr><td align=""right"">1665</td><td align=""left""><a href=""https://www.tennisabstract.com/cgi-bin/player.cgi?p=NikolaBasic"">Nikola Basic",ShankerHeisnam,CRO,2001-10-13
1665,Shaoyun Liu,ShaoyunLiu,CHN,2002-01-27
1667,Aleksa Pisaric,AleksaPisaric,SRB,2005-11-04
1667,"Andrea M'Chich</a></td><td align=""left"">FRA</td><td align=""right""></td></tr><tr><td align=""right"">1667</td><td align=""left""><a href=""https://www.tennisabstract.com/cgi-bin/player.cgi?p=ChunChienHou"">Chun Chien Hou",AndreaM'Chich,TPE,2006-02-13
1667,"Mattia Nannelli</a></td><td align=""left"">ITA</td><td align=""right""></td></tr><tr><td align=""right"">1667</td><td align=""left""><a href=""https://www.tennisabstract.com/cgi-bin/player.cgi?p=StephanePierreJoKamendje"">Stephane Pierre Jo Kamendje</a></td><td align=""left"">CAN</td><td align=""right""></td></tr><tr><td align=""right"">1672</td><td align=""left""><a href=""https://www.tennisabstract.com/cgi-bin/player.cgi?p=AlessandroBellifemine"">Alessandro Bellifemine",MattiaNannelli,ITA,2001-06-24
1672,Manuel Mouilleron Salvo,ManuelMouilleronSalvo,ARG,2003-03-31
1674,Cagan Efe Tufecki,CaganEfeTufecki,TUR,2003-10-01
1674,Drazen Petrovic,DrazenPetrovic,BIH,2002-11-03
1674,Edoardo Zanada,EdoardoZanada,ITA,2000-11-06
1674,"Esteban Talavera Cortes</a></td><td align=""left"">ESP</td><td align=""right""></td></tr><tr><td align=""right"">1674</td><td align=""left""><a href=""https://www.tennisabstract.com/cgi-bin/player.cgi?p=GiammarcoGandolfi"">Giammarco Gandolfi",EstebanTalaveraCortes,ITA,2004-01-24
1674,Pablo Trochu,PabloTrochu,FRA,2003-10-21
1674,Pepijn Bastiaansen,PepijnBastiaansen,NED,2005-07-19
1674,Sven Corbinais,SvenCorbinais,FRA,2002-12-05
1682,Benjamin Gusic Wan,BenjaminGusicWan,GBR,2007-11-21
1682,"Daniel Domingos</a></td><td align=""left"">AGO</td><td align=""right""></td></tr><tr><td align=""right"">1682</td><td align=""left""><a href=""https://www.tennisabstract.com/cgi-bin/player.cgi?p=ZangarNurlanuly"">Zangar Nurlanuly",DanielDomingos,KAZ,2008-07-04
1685,Benjamin Hannestad,BenjaminHannestad,DEN,1997-02-14
1685,Benoit Torcq,BenoitTorcq,BEL,2005-08-21
1685,"Jan Klimas</a></td><td align=""left"">CZE</td><td align=""right""></td></tr><tr><td align=""right"">1685</td><td align=""left""><a href=""https://www.tennisabstract.com/cgi-bin/player.cgi?p=JeffreyFradkin"">Jeffrey Fradkin",JanKlimas,USA,2001-11-29
1685,Jonas Gundacker,JonasGundacker,AUT,2002-12-07
1685,Leonardo Cattaneo,LeonardoCattaneo,ITA,2006-03-17
1685,Nik Mikovic,NikMikovic,SLO,2004-08-29
1692,Alvaro Peiro Serrano,AlvaroPeiroSerrano,ESP,2004-03-16
1692,Federico Valle,FedericoValle,ITA,2000-04-04
1692,Tanguy Genier,TanguyGenier,SUI,1998-02-04
1692,"Tom Sickenberger</a></td><td align=""left"">GER</td><td align=""right""></td></tr><tr><td align=""right"">1696</td><td align=""left""><a href=""https://www.tennisabstract.com/cgi-bin/player.cgi?p=LiamDelicata"">Liam Delicata",TomSickenberger,MLT,2001-04-22
1697,Alejandro Lopez Escribano,AlejandroLopezEscribano,ESP,2006-05-12
1697,Anthony Susanto,AnthonySusanto,INA,1997-05-23
1697,Carl Holder,CarlHolder,FRA,2006-07-10
1697,"Karim Mabrouk</a></td><td align=""left"">EGY</td><td align=""right""></td></tr><tr><td align=""right"">1697</td><td align=""left""><a href=""https://www.tennisabstract.com/cgi-bin/player.cgi?p=OrenVasser"">Oren Vasser",KarimMabrouk,USA,2000-02-23
1697,Pierre Antoine Tailleu,PierreAntoineTailleu,FRA,2003-08-30
1703,Adam Farag Cao,AdamFaragCao,CAN,2007-10-13
1704,Lawrence Bataljin,LawrenceBataljin,AUS,1996-05-22
1705,Alexandre Aubriot,AlexandreAubriot,FRA,1999-06-06
1705,"Alfred Almasi</a></td><td align=""left"">SVK</td><td align=""right""></td></tr><tr><td align=""right"">1705</td><td align=""left""><a href=""https://www.tennisabstract.com/cgi-bin/player.cgi?p=AndresUrrea"">Andres Urrea",AlfredAlmasi,COL,1994-08-31
1705,Bruno Pujol Navarro,BrunoPujolNavarro,ESP,2001-08-27
1705,Casper Christensen,CasperChristensen,NOR,2002-08-11
1705,"Connor Doig</a></td><td align=""left"">RSA</td><td align=""right""></td></tr><tr><td align=""right"">1705</td><td align=""left""><a href=""https://www.tennisabstract.com/cgi-bin/player.cgi?p=CristianRodriguez"">Cristian Rodriguez",ConnorDoig,COL,1990-06-24
1705,David Bakonyi,DavidBakonyi,HUN,2006-07-31
1705,Diego Eduardo Munoz Navia,DiegoEduardoMunozNavia,BOL,2006-01-16
1705,Heorhii Shylov,HeorhiiShylov,UKR,2007-12-04
1705,Ignacio Novo,IgnacioNovo,ARG,2000-06-30
1705,Ivan Liutarevich,IvanLiutarevich,BLR,1996-02-20
1705,Mario Mansilla Diez,MarioMansillaDiez,ESP,2002-05-12
1705,Max Sheldon,MaxSheldon,USA,2003-05-16
1705,Nathaniel Lammons,NathanielLammons,USA,1993-08-12
1705,"Nour Fathalla</a></td><td align=""left"">EGY</td><td align=""right""></td></tr><tr><td align=""right"">1705</td><td align=""left""><a href=""https://www.tennisabstract.com/cgi-bin/player.cgi?p=OliverAndreSolisEncinas"">Oliver Andre Solis Encinas</a></td><td align=""left"">BOL</td><td align=""right""></td></tr><tr><td align=""right"">1705</td><td align=""left""><a href=""https://www.tennisabstract.com/cgi-bin/player.cgi?p=PabloManzanoLapuerta"">Pablo Manzano Lapuerta</a></td><td align=""left"">ESP</td><td align=""right""></td></tr><tr><td align=""right"">1705</td><td align=""left""><a href=""https://www.tennisabstract.com/cgi-bin/player.cgi?p=RohanMurali"">Rohan Murali",NourFathalla,USA,2004-11-13
1705,Seita Watanabe,SeitaWatanabe,JPN,2000-12-25
1705,"Tanakorn Srirat</a></td><td align=""left"">THA</td><td align=""right""></td></tr><tr><td align=""right"">1705</td><td align=""left""><a href=""https://www.tennisabstract.com/cgi-bin/player.cgi?p=TomasZurmendi"">Tomas Zurmendi",TanakornSrirat,URU,2009-02-25
1727,Baltazar Wiger Nordas,BaltazarWigerNordas,NOR,2003-12-31
1727,Benjamin Perez,BenjaminPerez,CHI,2007-05-22
1727,Billy Blaydes,BillyBlaydes,GBR,2003-12-09
1727,Eudald Gonzalez,EudaldGonzalez,ESP,2008-04-16
1727,"Jack Satterfield</a></td><td align=""left"">USA</td><td align=""right""></td></tr><tr><td align=""right"">1727</td><td align=""left""><a href=""https://www.tennisabstract.com/cgi-bin/player.cgi?p=MarcelLatak"">Marcel Latak",JackSatterfield,USA,2009-01-22
1727,Markos Kalovelonis,MarkosKalovelonis,GRE,1994-05-18
1727,Neo Niedner,NeoNiedner,GER,2003-08-03
1727,Nikita Filin,NikitaFilin,USA,2006-05-03
1727,Photos Photiades,PhotosPhotiades,CYP,2003-10-17
1727,Raffaele Ciurnelli,RaffaeleCiurnelli,ITA,2008-03-04
1727,"Saahith Jayaraman</a></td><td align=""left"">USA</td><td align=""right""></td></tr><tr><td align=""right"">1727</td><td align=""left""><a href=""https://www.tennisabstract.com/cgi-bin/player.cgi?p=ValentinoConte"">Valentino Conte",SaahithJayaraman,ARG,2004-09-10
1740,Agustin Salazar,AgustinSalazar,MEX,2004-01-26
1740,"Bastian Berenz</a></td><td align=""left"">AUT</td><td align=""right""></td></tr><tr><td align=""right"">1740</td><td align=""left""><a href=""https://www.tennisabstract.com/cgi-bin/player.cgi?p=BenjaminVitter"">Benjamin Vitter",BastianBerenz,FRA,2003-01-13
1740,Bogdan Bobrov,BogdanBobrov,RUS,1997-09-16
1740,Christoph Gayk,ChristophGayk,GER,2005-09-21
1740,Corey Craig,CoreyCraig,USA,2003-11-17
1740,"Diego Duran</a></td><td align=""left"">ESA</td><td align=""right""></td></tr><tr><td align=""right"">1740</td><td align=""left""><a href=""https://www.tennisabstract.com/cgi-bin/player.cgi?p=FilippoSpeziali"">Filippo Speziali",DiegoDuran,ITA,2000-04-24
1740,Ignacio De Armas,IgnacioDeArmas,VEN,2009-01-02
1740,Illya Marchenko,IllyaMarchenko,UKR,1987-09-08
1740,"Leon Sloboda</a></td><td align=""left"">SVK</td><td align=""right""></td></tr><tr><td align=""right"">1740</td><td align=""left""><a href=""https://www.tennisabstract.com/cgi-bin/player.cgi?p=MartinsRocens"">Martins Rocens",LeonSloboda,LAT,2000-04-09
1740,Nikita Volonski,NikitaVolonski,AUS,2001-09-07
1740,"Oliver Johansson</a></td><td align=""left"">SWE</td><td align=""right""></td></tr><tr><td align=""right"">1740</td><td align=""left""><a href=""https://www.tennisabstract.com/cgi-bin/player.cgi?p=OscarLacides"">Oscar Lacides",OliverJohansson,GUD,2004-10-24
1740,"Shixun Zhu</a></td><td align=""left"">CHN</td><td align=""right""></td></tr><tr><td align=""right"">1740</td><td align=""left""><a href=""https://www.tennisabstract.com/cgi-bin/player.cgi?p=YaraslavShyla"">Yaraslav Shyla",ShixunZhu,BLR,1993-03-05
1757,Antonio Caruso,AntonioCaruso,ITA,1999-08-14
1757,Hao Sheng Koay,HaoShengKoay,MAS,1998-07-27
1757,"Hyu Kawanishi</a></td><td align=""left"">JPN</td><td align=""right""></td></tr><tr><td align=""right"">1757</td><td align=""left""><a href=""https://www.tennisabstract.com/cgi-bin/player.cgi?p=KauaLorenzoSantosGava"">Kaua Lorenzo Santos Gava",HyuKawanishi,BRA,2003-10-04
1757,Konstantin Zhzhenov,KonstantinZhzhenov,RUS,2004-04-17
1757,"Marko Milosavljevic</a></td><td align=""left"">SRB</td><td align=""right""></td></tr><tr><td align=""right"">1757</td><td align=""left""><a href=""https://www.tennisabstract.com/cgi-bin/player.cgi?p=ZhaoZhao"">Zhao Zhao",MarkoMilosavljevic,CHN,2000-03-01
1764,Bengt Johan Reinhard,BengtJohanReinhard,GER,2007-03-08
1764,Diogo Morais,DiogoMorais,POR,2004-08-20
1764,Jordan Lee,JordanLee,USA,2010-05-04
1764,Matteo Lavizzari,MatteoLavizzari,SUI,2005-03-13
1764,Mikal Oliver Statham,MikalOliverStatham,NZL,1987-04-25
1764,Min Ho Ko,MinHoKo,KOR,2007-07-28
1764,Minjong Park,MinjongPark,KOR,2001-10-22
1764,Petar Jovanovic,PetarJovanovic,MNE,2003-07-23
1764,Petr Michnev,PetrMichnev,CZE,1989-08-03
1764,Tobia Grandinetti,TobiaGrandinetti,ARG,2004-02-02
1764,"Tristan Berard</a></td><td align=""left"">FRA</td><td align=""right""></td></tr><tr><td align=""right"">1764</td><td align=""left""><a href=""https://www.tennisabstract.com/cgi-bin/player.cgi?p=ViacheslavOvchinnikov"">Viacheslav Ovchinnikov",TristanBerard,RUS,2002-08-29
1764,Yu Tanaka,YuTanaka,JPN,2003-09-14
1777,"Boxiong Zhang</a></td><td align=""left"">CHN</td><td align=""right""></td></tr><tr><td align=""right"">1777</td><td align=""left""><a href=""https://www.tennisabstract.com/cgi-bin/player.cgi?p=EliStephenson"">Eli Stephenson",BoxiongZhang,USA,2004-12-02
1777,Emiliano Jorquera,EmilianoJorquera,CAN,2003-11-17
1777,"Kaan Isak Kosaner</a></td><td align=""left"">TUR</td><td align=""right""></td></tr><tr><td align=""right"">1777</td><td align=""left""><a href=""https://www.tennisabstract.com/cgi-bin/player.cgi?p=OndrejHorak"">Ondrej Horak",KaanIsakKosaner,CZE,2002-10-14
1777,Pranav Kumar,PranavKumar,USA,1999-08-31
1777,Ryusuke Horiuchi,RyusukeHoriuchi,JPN,1998-09-21
1777,Vito Tonejc,VitoTonejc,CRO,1999-07-02
1785,Adam Majchrzak,AdamMajchrzak,POL,2005-09-19
1785,Cing Yang Meng,CingYangMeng,TPE,1998-07-19
1785,Dian Nedev,DianNedev,BUL,2001-01-03
1785,Evan Burnett,EvanBurnett,USA,2006-03-22
1785,Eyad Reda Ezzat Mohamed Sherif,EyadRedaEzzatMohamedSherif,EGY,2008-01-06
1785,"Felipe Dreer</a></td><td align=""left"">ARG</td><td align=""right""></td></tr><tr><td align=""right"">1785</td><td align=""left""><a href=""https://www.tennisabstract.com/cgi-bin/player.cgi?p=HamzaElAmine"">Hamza El Amine",FelipeDreer,MAR,2004-04-12
1785,Henry Best,HenryBest,GBR,2007-05-09
1785,Juan Pablo Paz,JuanPabloPaz,ARG,1995-01-04
1785,Lautaro Rocha,LautaroRocha,ARG,2007-04-17
1785,Lingxi Zhao,LingxiZhao,CHN,2000-01-07
1785,Mariano Dedura Palomero,MarianoDeduraPalomero,GER,2005-11-22
1785,"Nicola Senn</a></td><td align=""left"">SUI</td><td align=""right""></td></tr><tr><td align=""right"">1785</td><td align=""left""><a href=""https://www.tennisabstract.com/cgi-bin/player.cgi?p=NikolaDjukicValera"">Nikola Djukic Valera</a></td><td align=""left"">ESP</td><td align=""right""></td></tr><tr><td align=""right"">1785</td><td align=""left""><a href=""https://www.tennisabstract.com/cgi-bin/player.cgi?p=OskarJansson"">Oskar Jansson",NicolaSenn,SWE,2004-11-20
1785,Seungmin Park,SeungminPark,KOR,2005-11-02
1785,Simone Agostini,SimoneAgostini,ITA,1997-03-29
1785,Simone Massellani,SimoneMassellani,ITA,2008-01-12
1785,Valentin Vanta,ValentinVanta,ROU,1997-09-28
1785,Woong Bi Lee,WoongBiLee,KOR,2005-04-11
1805,Manvydas Balciunas,ManvydasBalciunas,NED,2006-03-29
1805,Mikel Martinez,MikelMartinez,ESP,2000-10-16
1805,Santiago Pesino,SantiagoPesino,ARG,2007-03-27
1808,Bang Shuo Yin,BangShuoYin,TPE,1999-02-27
1808,Daniel Aleksandar Amarandei,DanielAleksandarAmarandei,ITA,2007-11-02
1808,David Petrovic,DavidPetrovic,GER,2004-11-24
1808,Diego Ortiz Gamonsl,DiegoOrtizGamonsl,CHI,2003-10-01
1808,Espen Lagarde,EspenLagarde,FRA,2001-12-17
1808,Gunawan Trismuwantara,GunawanTrismuwantara,INA,2003-01-09
1808,Hugo Ouzilou,HugoOuzilou,SUI,2003-07-06
1808,"Ilija Palavestra</a></td><td align=""left"">USA</td><td align=""right""></td></tr><tr><td align=""right"">1808</td><td align=""left""><a href=""https://www.tennisabstract.com/cgi-bin/player.cgi?p=IvanDreycopp"">Ivan Dreycopp",IlijaPalavestra,ARG,2003-08-23
1808,Leonardo Angeloni,LeonardoAngeloni,ITA,2005-02-03
1808,"Nav Dayal</a></td><td align=""left"">USA</td><td align=""right""></td></tr><tr><td align=""right"">1808</td><td align=""left""><a href=""https://www.tennisabstract.com/cgi-bin/player.cgi?p=PatrikHomola"">Patrik Homola",NavDayal,CZE,2004-02-10
1820,Javier Molino,JavierMolino,ESP,2001-05-14
1820,Kuang Qing Xu,KuangQingXu,CHN,2006-06-18
1822,"Alex Santino Nunez Vera</a></td><td align=""left"">PRY</td><td align=""right""></td></tr><tr><td align=""right"">1822</td><td align=""left""><a href=""https://www.tennisabstract.com/cgi-bin/player.cgi?p=DanielLaraSalmeron"">Daniel Lara Salmeron",AlexSantinoNunezVera,ESP,2001-06-21
1822,Giovanni Ciocca,GiovanniCiocca,ITA,2006-10-10
1822,"Hugo Cardinaud</a></td><td align=""left"">FRA</td><td align=""right""></td></tr><tr><td align=""right"">1822</td><td align=""left""><a href=""https://www.tennisabstract.com/cgi-bin/player.cgi?p=IliasZimmermann"">Ilias Zimmermann</a></td><td align=""left"">SUI</td><td align=""right""></td></tr><tr><td align=""right"">1822</td><td align=""left""><a href=""https://www.tennisabstract.com/cgi-bin/player.cgi?p=JuanCarlosFuentesVasquez"">Juan Carlos Fuentes Vasquez",HugoCardinaud,ESA,2005-09-17
1822,Julien Penzlin,JulienPenzlin,GER,2002-06-14
1822,"Justin Lenders</a></td><td align=""left"">SUI</td><td align=""right""></td></tr><tr><td align=""right"">1822</td><td align=""left""><a href=""https://www.tennisabstract.com/cgi-bin/player.cgi?p=LaurinAerne"">Laurin Aerne",JustinLenders,SUI,1999-01-18
1822,Lenny Couturier,LennyCouturier,FRA,2008-10-20
1822,Luke Simkiss,LukeSimkiss,GBR,1998-08-17
1822,"Ramazan Kaan Oktay</a></td><td align=""left"">TUR</td><td align=""right""></td></tr><tr><td align=""right"">1822</td><td align=""left""><a href=""https://www.tennisabstract.com/cgi-bin/player.cgi?p=RuslanSerazhetdinov"">Ruslan Serazhetdinov",RamazanKaanOktay,RUS,2005-03-17
1822,Sergey Betov,SergeyBetov,BLR,1987-10-15
1822,Zhan Zheng,ZhanZheng,CHN,2003-03-10
1837,Gabor Hornung,GaborHornung,HUN,2005-05-09
1837,Maikel De Boes,MaikelDeBoes,BEL,2002-04-25
1837,Sebastian Dominguez,SebastianDominguez,GUA,2002-06-22
1840,Ajay Malik,AjayMalik,IND,2003-01-16
1840,Alan Sau Franco,AlanSauFranco,MEX,2000-11-07
1840,Gian Gruenig,GianGruenig,SUI,2000-03-02
1840,Gregorio Biondolillo,GregorioBiondolillo,ITA,2000-04-03
1840,Jesse De Jager,JesseDeJager,NED,2002-04-05
1840,Marvin Bernardo Becker Spiering,MarvinBernardoBeckerSpiering,BRA,1997-09-08
1840,"Matei Todoran</a></td><td align=""left"">ROU</td><td align=""right""></td></tr><tr><td align=""right"">1840</td><td align=""left""><a href=""https://www.tennisabstract.com/cgi-bin/player.cgi?p=MilesClark"">Miles Clark</a></td><td align=""left"">USA</td><td align=""right""></td></tr><tr><td align=""right"">1840</td><td align=""left""><a href=""https://www.tennisabstract.com/cgi-bin/player.cgi?p=SasaMarkovic"">Sasa Markovic",MateiTodoran,SRB,2005-11-21
1840,"Savva Rybkin</a></td><td align=""left"">RUS</td><td align=""right""></td></tr><tr><td align=""right"">1840</td><td align=""left""><a href=""https://www.tennisabstract.com/cgi-bin/player.cgi?p=TomasJordiLeston"">Tomas Jordi Leston</a></td><td align=""left"">ARG</td><td align=""right""></td></tr><tr><td align=""right"">1851</td><td align=""left""><a href=""https://www.tennisabstract.com/cgi-bin/player.cgi?p=AllanGatoto"">Allan Gatoto</a></td><td align=""left"">BDI</td><td align=""right""></td></tr><tr><td align=""right"">1851</td><td align=""left""><a href=""https://www.tennisabstract.com/cgi-bin/player.cgi?p=DorianTremblay"">Dorian Tremblay",SavvaRybkin,FRA,2002-02-27
1851,Pietro Pampanin,PietroPampanin,ITA,2003-01-05
1854,"Caheer Warik</a></td><td align=""left"">IND</td><td align=""right""></td></tr><tr><td align=""right"">1854</td><td align=""left""><a href=""https://www.tennisabstract.com/cgi-bin/player.cgi?p=DakotahBobo"">Dakotah Bobo",CaheerWarik,USA,2003-01-16
1854,Dmitry Kopilevich,DmitryKopilevich,SLO,2006-10-28
1854,Evangelos Kypriotis,EvangelosKypriotis,GRE,2003-06-03
1854,Ha Minh Duc Vu,HaMinhDucVu,VIE,2003-05-13
1854,"Jan Wygona</a></td><td align=""left"">POL</td><td align=""right""></td></tr><tr><td align=""right"">1854</td><td align=""left""><a href=""https://www.tennisabstract.com/cgi-bin/player.cgi?p=JunHaoLuo"">Jun Hao Luo",JanWygona,CHN,2007-12-03
1854,Noah Regas Luis,NoahRegasLuis,ESP,2004-04-28
1854,Pablo Aunion,PabloAunion,ESP,2007-06-27
1863,Adrien Burdet,AdrienBurdet,SUI,2002-03-11
1863,"Alvaro Jimenez</a></td><td align=""left"">ESP</td><td align=""right""></td></tr><tr><td align=""right"">1863</td><td align=""left""><a href=""https://www.tennisabstract.com/cgi-bin/player.cgi?p=BoraSengul"">Bora Sengul",AlvaroJimenez,TUR,2001-10-30
1863,Essa Qabazard,EssaQabazard,KUW,2001-10-24
1863,Jack Mcgary,JackMcgary,USA,2005-07-07
1863,"Nicola Ion</a></td><td align=""left"">CAN</td><td align=""right""></td></tr><tr><td align=""right"">1863</td><td align=""left""><a href=""https://www.tennisabstract.com/cgi-bin/player.cgi?p=ZhengyuSun"">Zhengyu Sun",NicolaIon,CHN,2006-10-09
1870,Anas Bennour Dit Sahli,AnasBennourDitSahli,TUN,2006-11-02
1870,Haoyuan Huang,HaoyuanHuang,CHN,2002-11-29
1870,Kazuma Kawachi,KazumaKawachi,JPN,1994-10-11
1870,Lorenzo Ferri,LorenzoFerri,ITA,2004-01-28
1870,Vladan Tadic,VladanTadic,BIH,2001-01-11
1870,William Nolan,WilliamNolan,GBR,2003-05-01
1876,"Fumin Jiang</a></td><td align=""left"">CHN</td><td align=""right""></td></tr><tr><td align=""right"">1876</td><td align=""left""><a href=""https://www.tennisabstract.com/cgi-bin/player.cgi?p=IvanBiletic"">Ivan Biletic",FuminJiang,BIH,2006-10-14
1876,Luca Parenti,LucaParenti,ITA,2003-08-10
1876,Stijn Pel,StijnPel,NED,2002-04-24
1880,Andrei Kunitsyn,AndreiKunitsyn,RUS,2005-01-11
1881,Ignasi Forcano,IgnasiForcano,ESP,1999-10-26
1882,Daniel Verbeek,DanielVerbeek,NED,2004-06-25
1882,Gokberk Saritas,GokberkSaritas,TUR,2003-07-18
1884,Adria Velazquez Farre,AdriaVelazquezFarre,ESP,2009-09-20
1884,Alejandro Moreno,AlejandroMoreno,MEX,1990-01-30
1884,Alexander Guajardo,AlexanderGuajardo,USA,2006-08-24
1884,"Alexis Berquier</a></td><td align=""left"">FRA</td><td align=""right""></td></tr><tr><td align=""right"">1884</td><td align=""left""><a href=""https://www.tennisabstract.com/cgi-bin/player.cgi?p=AndresUrquiolaMontellano"">Andres Urquiola Montellano",AlexisBerquier,BOL,2004-03-17
1884,Anthony Wright,AnthonyWright,GBR,2004-09-09
1884,Barkat Khan,BarkatKhan,PAK,1998-03-01
1884,Botond Kisantal,BotondKisantal,HUN,2005-08-31
1884,Bryan Hernandez Cortes,BryanHernandezCortes,ESP,2006-05-17
1884,Carl Roothman,CarlRoothman,RSA,2003-01-23
1884,Cem Christopher Kucukhuseyin,CemChristopherKucukhuseyin,TUR,2007-05-14
1884,Cyrus Mahjoob,CyrusMahjoob,USA,2005-09-30
1884,Daniil Golubev,DaniilGolubev,RUS,2001-09-20
1884,"Dario Alexandru Ciobotaru</a></td><td align=""left"">ROU</td><td align=""right""></td></tr><tr><td align=""right"">1884</td><td align=""left""><a href=""https://www.tennisabstract.com/cgi-bin/player.cgi?p=DawidWisniewski"">Dawid Wisniewski</a></td><td align=""left"">POL</td><td align=""right""></td></tr><tr><td align=""right"">1884</td><td align=""left""><a href=""https://www.tennisabstract.com/cgi-bin/player.cgi?p=DjordjeSapic"">Djordje Sapic</a></td><td align=""left"">SRB</td><td align=""right""></td></tr><tr><td align=""right"">1884</td><td align=""left""><a href=""https://www.tennisabstract.com/cgi-bin/player.cgi?p=DusanMilanovic"">Dusan Milanovic",DarioAlexandruCiobotaru,SRB,2002-05-10
1884,"Elijah Cham</a></td><td align=""left"">AUS</td><td align=""right""></td></tr><tr><td align=""right"">1884</td><td align=""left""><a href=""https://www.tennisabstract.com/cgi-bin/player.cgi?p=ErikSchiessl"">Erik Schiessl</a></td><td align=""left"">GER</td><td align=""right""></td></tr><tr><td align=""right"">1884</td><td align=""left""><a href=""https://www.tennisabstract.com/cgi-bin/player.cgi?p=FabienSalle"">Fabien Salle",ElijahCham,FRA,1999-08-19
1884,Felix Raser,FelixRaser,AUT,2009-06-17
1884,Finn Emslie Robson,FinnEmslieRobson,NZL,2004-08-22
1884,Freddy Murray,FreddyMurray,IRL,2003-07-21
1884,Gian Durrer,GianDurrer,SUI,2004-06-07
1884,Gustaf Strom,GustafStrom,SWE,2001-09-22
1884,"Hamza Karmoussi</a></td><td align=""left"">MAR</td><td align=""right""></td></tr><tr><td align=""right"">1884</td><td align=""left""><a href=""https://www.tennisabstract.com/cgi-bin/player.cgi?p=HanamichiCarvajal"">Hanamichi Carvajal",HamzaKarmoussi,CHI,2002-05-16
1884,Harry Thursfield,HarryThursfield,GBR,2000-12-30
1884,"Henry Jefferson</a></td><td align=""left"">GBR</td><td align=""right""></td></tr><tr><td align=""right"">1884</td><td align=""left""><a href=""https://www.tennisabstract.com/cgi-bin/player.cgi?p=HenryRen"">Henry Ren",HenryJefferson,CAN,2004-01-27
1884,"Jack Secord</a></td><td align=""left"">USA</td><td align=""right""></td></tr><tr><td align=""right"">1884</td><td align=""left""><a href=""https://www.tennisabstract.com/cgi-bin/player.cgi?p=JanSebesta"">Jan Sebesta",JackSecord,SUI,2003-03-05
1884,Jan Simonsson,JanSimonsson,SWE,2003-07-07
1884,Jerry Barton,JerryBarton,USA,2003-05-21
1884,Juan Francisco Munoz,JuanFranciscoMunoz,MEX,2007-08-15
1884,Juan Ignacio Barraza,JuanIgnacioBarraza,ARG,2001-03-03
1884,Juan Samuel Arauzo Martinez,JuanSamuelArauzoMartinez,ESP,1990-08-22
1884,"Juliusz Bienkiewicz</a></td><td align=""left"">POL</td><td align=""right""></td></tr><tr><td align=""right"">1884</td><td align=""left""><a href=""https://www.tennisabstract.com/cgi-bin/player.cgi?p=KantaKujisaki"">Kanta Kujisaki",JuliuszBienkiewicz,JPN,2006-07-31
1884,Leevi Saatela,LeeviSaatela,FIN,1995-08-15
1884,Liangxuan Lu,LiangxuanLu,CHN,2010-05-03
1884,Lukas Hellum Lilleengen,LukasHellumLilleengen,NOR,2000-11-15
1884,M Abid Ali Khan Akbar,MAbidAliKhanAkbar,PAK,1990-07-22
1884,Malanqi Du,MalanqiDu,CHN,2002-08-08
1884,Manuel Sanchez,ManuelSanchez,MEX,1991-01-05
1884,Marcos Castro Fabra,MarcosCastroFabra,ESP,2007-03-19
1884,Mason Naumovski,MasonNaumovski,AUS,2001-02-03
1884,Matisse Martin,MatisseMartin,FRA,2009-02-08
1884,Mauricio Echazu,MauricioEchazu,PER,1989-01-02
1884,Mauricio Schtulmann Gasca,MauricioSchtulmannGasca,MEX,2008-09-06
1884,Maximilian Todorov,MaximilianTodorov,GER,1999-08-24
1884,Mikhail Tsapenko,MikhailTsapenko,RUS,2008-05-14
1884,Mohamed Safwat,MohamedSafwat,EGY,1990-09-19
1884,Motoharu Abe,MotoharuAbe,JPN,2009-02-04
1884,Nathan Anthony Barki,NathanAnthonyBarki,INA,2004-11-11
1884,Nicolas Kobelt,NicolasKobelt,SUI,2004-06-15
1884,Niklas Niggemann,NiklasNiggemann,GER,2002-10-21
1884,Noah Martens,NoahMartens,BEL,2002-04-06
1884,Oliwier Sterniczuk,OliwierSterniczuk,POL,2007-12-08
1884,Peter Benjamin Privara,PeterBenjaminPrivara,SVK,2004-08-02
1884,Pietro Gava,PietroGava,BRA,2009-08-02
1884,Rafael Augusto Garcia Finetto,RafaelAugustoGarciaFinetto,BRA,2008-02-01
1884,Rafael Segado Esteve,RafaelSegadoEsteve,ESP,2006-03-03
1884,Rajat Shirur,RajatShirur,USA,2007-10-12
1884,"Ricard Novell</a></td><td align=""left"">ESP</td><td align=""right""></td></tr><tr><td align=""right"">1884</td><td align=""left""><a href=""https://www.tennisabstract.com/cgi-bin/player.cgi?p=RobertoFerrerGuimaraes"">Roberto Ferrer Guimaraes</a></td><td align=""left"">USA</td><td align=""right""></td></tr><tr><td align=""right"">1884</td><td align=""left""><a href=""https://www.tennisabstract.com/cgi-bin/player.cgi?p=RobertoPerezSocas"">Roberto Perez Socas",RicardNovell,ESP,2008-02-04
1884,Ronan Tashinga Mtisi,RonanTashingaMtisi,ZIM,2007-12-16
1884,"Ryan Torres</a></td><td align=""left"">PHI</td><td align=""right""></td></tr><tr><td align=""right"">1884</td><td align=""left""><a href=""https://www.tennisabstract.com/cgi-bin/player.cgi?p=SandeshDattatrayKurale"">Sandesh Dattatray Kurale</a></td><td align=""left"">IND</td><td align=""right""></td></tr><tr><td align=""right"">1884</td><td align=""left""><a href=""https://www.tennisabstract.com/cgi-bin/player.cgi?p=ThomasKostka"">Thomas Kostka",RyanTorres,FRA,2003-05-11
1884,Tighe Brunetti,TigheBrunetti,USA,2003-08-30
1884,Tomas Rengel Sierra,TomasRengelSierra,ARG,1996-07-03
1884,Tyler Bowers,TylerBowers,USA,2002-10-13
1884,Valdemar Frederik Pape,ValdemarFrederikPape,DEN,2003-09-04
1884,"William Zhang</a></td><td align=""left"">USA</td><td align=""right""></td></tr><tr><td align=""right"">1884</td><td align=""left""><a href=""https://www.tennisabstract.com/cgi-bin/player.cgi?p=WoongChanLee"">Woong Chan Lee",WilliamZhang,KOR,2008-12-19
1884,Yeongseok Jeong,YeongseokJeong,KOR,2000-03-04
1884,Yusuke Yoshikawa,YusukeYoshikawa,JPN,1994-04-25
1884,Zac Hamill,ZacHamill,AUS,2005-06-29
1964,Aadarsh Tripathi,AadarshTripathi,USA,2003-12-05
1964,Abubakar Talha,AbubakarTalha,PAK,2010-02-12
1964,Adam Kaczmarek,AdamKaczmarek,POL,2004-04-29
1964,Alejandro Garcia,AlejandroGarcia,ESP,2001-11-19
1964,"Alejandro Jacome Jaramillo</a></td><td align=""left"">ECU</td><td align=""right""></td></tr><tr><td align=""right"">1964</td><td align=""left""><a href=""https://www.tennisabstract.com/cgi-bin/player.cgi?p=AlessandroDragoni"">Alessandro Dragoni",AlejandroJacomeJaramillo,ITA,1997-07-27
1964,"Alex Okonkwo</a></td><td align=""left"">GBR</td><td align=""right""></td></tr><tr><td align=""right"">1964</td><td align=""left""><a href=""https://www.tennisabstract.com/cgi-bin/player.cgi?p=AlexanderGlomb"">Alexander Glomb</a></td><td align=""left"">GER</td><td align=""right""></td></tr><tr><td align=""right"">1964</td><td align=""left""><a href=""https://www.tennisabstract.com/cgi-bin/player.cgi?p=AlexanderGschiel"">Alexander Gschiel",AlexOkonkwo,AUT,2007-06-01
1964,Alexander Vikhlyantsev,AlexanderVikhlyantsev,RUS,2002-09-20
1964,Ali Missoum,AliMissoum,MAR,2008-08-29
1964,Amaan Siddiqui,AmaanSiddiqui,IND,2001-12-26
1964,"Andres Delgadillo</a></td><td align=""left"">MEX</td><td align=""right""></td></tr><tr><td align=""right"">1964</td><td align=""left""><a href=""https://www.tennisabstract.com/cgi-bin/player.cgi?p=AnesLatifovic"">Anes Latifovic",AndresDelgadillo,GER,2005-04-11
1964,"Aron Janos Major</a></td><td align=""left"">HUN</td><td align=""right""></td></tr><tr><td align=""right"">1964</td><td align=""left""><a href=""https://www.tennisabstract.com/cgi-bin/player.cgi?p=ArtursZagars"">Arturs Zagars</a></td><td align=""left"">LAT</td><td align=""right""></td></tr><tr><td align=""right"">1964</td><td align=""left""><a href=""https://www.tennisabstract.com/cgi-bin/player.cgi?p=AugustoMateoLucarelli"">Augusto Mateo Lucarelli",AronJanosMajor,ARG,2006-10-10
1964,Bader Alabdullah,BaderAlabdullah,KUW,2002-03-23
1964,Birtan Duran,BirtanDuran,TUR,2004-07-12
1964,Bozo Barun,BozoBarun,CRO,2001-04-07
1964,Brandon Walkin,BrandonWalkin,GBR,1994-08-16
1964,Charlie Camus,CharlieCamus,FRA,2006-10-16
1964,"Christian Wedel</a></td><td align=""left"">GER</td><td align=""right""></td></tr><tr><td align=""right"">1964</td><td align=""left""><a href=""https://www.tennisabstract.com/cgi-bin/player.cgi?p=DanielAdeleye"">Daniel Adeleye",ChristianWedel,NGR,2006-04-25
1964,Daniel Tazabekov,DanielTazabekov,KAZ,2008-01-08
1964,Daniele Minighini,DanieleMinighini,ITA,2004-07-15
1964,"David Asenov</a></td><td align=""left"">CAN</td><td align=""right""></td></tr><tr><td align=""right"">1964</td><td align=""left""><a href=""https://www.tennisabstract.com/cgi-bin/player.cgi?p=DavidJeanneGrandinot"">David Jeanne Grandinot",DavidAsenov,FRA,2002-08-02
1964,Dimitar Kisimov,DimitarKisimov,BUL,2008-04-11
1964,Dingzheng Nima,DingzhengNima,CHN,2004-03-12
1964,Edward Etty,EdwardEtty,NED,2001-09-14
1964,Elias Sumann,EliasSumann,AUT,2005-11-02
1964,Eric Ahren Moonga,EricAhrenMoonga,SWE,1995-12-27
1964,Federico Bove,FedericoBove,ITA,1998-09-25
1964,Fernando Yamacita,FernandoYamacita,BRA,1997-10-01
1964,Finn Willman,FinnWillman,NZL,2007-04-25
1964,Gabriele Brancatelli,GabrieleBrancatelli,USA,2003-07-12
1964,Iker Gaztambide Arrastia,IkerGaztambideArrastia,ESP,2004-02-28
1964,Iker Urribarrens Ramirez,IkerUrribarrensRamirez,ESP,2004-03-23
1964,Ilya Ignatov,IlyaIgnatov,UZB,2005-12-16
1964,"Jakub Vrba</a></td><td align=""left"">CZE</td><td align=""right""></td></tr><tr><td align=""right"">1964</td><td align=""left""><a href=""https://www.tennisabstract.com/cgi-bin/player.cgi?p=JanSadzik"">Jan Sadzik",JakubVrba,POL,2008-04-25
1964,Jin Peng Tang,JinPengTang,CHN,2006-09-09
1964,Jip Van Assendelft,JipVanAssendelft,NED,2002-03-09
1964,Joao Antonio,JoaoAntonio,POR,1999-04-30
1964,Jonas Schaer,JonasSchaer,SUI,2000-06-27
1964,Jose Luis Claro,JoseLuisClaro,PER,2003-08-21
1964,Juchan Hwang,JuchanHwang,KOR,2008-02-26
1964,Julian Valenzuela,JulianValenzuela,CHI,2007-09-12
1964,Kaeri Hernandez Mariona,KaeriHernandezMariona,GUA,2003-02-06
1964,Kai An Wu,KaiAnWu,TPE,2006-09-12
1964,"Kai Thompson</a></td><td align=""left"">HKG</td><td align=""right""></td></tr><tr><td align=""right"">1964</td><td align=""left""><a href=""https://www.tennisabstract.com/cgi-bin/player.cgi?p=KarimElFeky"">Karim El Feky",KaiThompson,EGY,2001-09-09
1964,"Kaspar Mathes</a></td><td align=""left"">GER</td><td align=""right""></td></tr><tr><td align=""right"">1964</td><td align=""left""><a href=""https://www.tennisabstract.com/cgi-bin/player.cgi?p=LeonardoIemmi"">Leonardo Iemmi",KasparMathes,ITA,2005-04-23
1964,Leonardo Suarez,LeonardoSuarez,BOL,2008-11-11
1964,Lorenzo Balducci,LorenzoBalducci,ITA,2007-10-30
1964,Luigi Valletta,LuigiValletta,ITA,2007-07-15
1964,Luis Jose Nakamine,LuisJoseNakamine,PER,2006-04-03
1964,Mark Havlicek,MarkHavlicek,CZE,2003-10-13
1964,"Martin Doskocil</a></td><td align=""left"">CZE</td><td align=""right""></td></tr><tr><td align=""right"">1964</td><td align=""left""><a href=""https://www.tennisabstract.com/cgi-bin/player.cgi?p=MarwanEhab"">Marwan Ehab",MartinDoskocil,EGY,2008-07-29
1964,Maxime St Hilaire,MaximeStHilaire,CAN,2003-04-28
1964,"Maximilian Borisov</a></td><td align=""left"">BUL</td><td align=""right""></td></tr><tr><td align=""right"">1964</td><td align=""left""><a href=""https://www.tennisabstract.com/cgi-bin/player.cgi?p=MichaelSavano"">Michael Savano",MaximilianBorisov,USA,2008-05-03
1964,"Mikhail Dubrouski</a></td><td align=""left"">BLR</td><td align=""right""></td></tr><tr><td align=""right"">1964</td><td align=""left""><a href=""https://www.tennisabstract.com/cgi-bin/player.cgi?p=MikolajLorens"">Mikolaj Lorens",MikhailDubrouski,POL,2002-01-30
1964,Natsuki Yamamoto,NatsukiYamamoto,JPN,2005-08-01
1964,Nicholas Steiglehner,NicholasSteiglehner,USA,2004-06-16
1964,Nicolas Baena,NicolasBaena,PER,2008-01-30
1964,Nicolas Rafael Goldberg Alviani,NicolasRafaelGoldbergAlviani,ESP,2002-10-10
1964,"Nika Bidzinashvili</a></td><td align=""left"">GEO</td><td align=""right""></td></tr><tr><td align=""right"">1964</td><td align=""left""><a href=""https://www.tennisabstract.com/cgi-bin/player.cgi?p=NtungamiliRaguin"">Ntungamili Raguin",NikaBidzinashvili,BOT,2009-01-26
1964,Oliver Sanders,OliverSanders,CZE,2007-10-09
1964,Omar Kandil,OmarKandil,EGY,2009-08-08
1964,Oriol Font,OriolFont,ESP,2005-12-21
1964,"Pablo Robledo Hoyos</a></td><td align=""left"">COL</td><td align=""right""></td></tr><tr><td align=""right"">1964</td><td align=""left""><a href=""https://www.tennisabstract.com/cgi-bin/player.cgi?p=PhilippeRenard"">Philippe Renard</a></td><td align=""left"">FRA</td><td align=""right""></td></tr><tr><td align=""right"">1964</td><td align=""left""><a href=""https://www.tennisabstract.com/cgi-bin/player.cgi?p=PierreNgijolCarre"">Pierre Ngijol Carre</a></td><td align=""left"">FRA</td><td align=""right""></td></tr><tr><td align=""right"">1964</td><td align=""left""><a href=""https://www.tennisabstract.com/cgi-bin/player.cgi?p=PiotrGalus"">Piotr Galus",PabloRobledoHoyos,POL,2000-12-09
1964,Ramiro Amarilla,RamiroAmarilla,ARG,2001-09-11
1964,"Rethin Pranav Senthil Kumar</a></td><td align=""left"">IND</td><td align=""right""></td></tr><tr><td align=""right"">1964</td><td align=""left""><a href=""https://www.tennisabstract.com/cgi-bin/player.cgi?p=RomeoArcuschin"">Romeo Arcuschin</a></td><td align=""left"">ARG</td><td align=""right""></td></tr><tr><td align=""right"">1964</td><td align=""left""><a href=""https://www.tennisabstract.com/cgi-bin/player.cgi?p=RyderJackson"">Ryder Jackson",RethinPranavSenthilKumar,USA,2005-05-24
1964,"Sasha Colleu</a></td><td align=""left"">FRA</td><td align=""right""></td></tr><tr><td align=""right"">1964</td><td align=""left""><a href=""https://www.tennisabstract.com/cgi-bin/player.cgi?p=SeiyaNakanishi"">Seiya Nakanishi",SashaColleu,JPN,1996-09-05
1964,Sekou Bangoura,SekouBangoura,USA,1991-11-18
1964,Sergio Ingles Garre,SergioInglesGarre,ESP,1999-05-05
1964,Stephen Slocombe,StephenSlocombe,BAR,2003-03-31
1964,Svarmanyu Singh,SvarmanyuSingh,IND,2006-01-10
1964,"Thomas Gunzinger</a></td><td align=""left"">SUI</td><td align=""right""></td></tr><tr><td align=""right"">1964</td><td align=""left""><a href=""https://www.tennisabstract.com/cgi-bin/player.cgi?p=TimLoosen"">Tim Loosen",ThomasGunzinger,GER,2001-06-30
1964,Tim Ruehl,TimRuehl,GER,1998-03-31
1964,Tomas Dummer Macedo,TomasDummerMacedo,BRA,2008-09-12
1964,Tomas Lanik,TomasLanik,SVK,2002-05-16
1964,"Tomas Marin</a></td><td align=""left"">COL</td><td align=""right""></td></tr><tr><td align=""right"">1964</td><td align=""left""><a href=""https://www.tennisabstract.com/cgi-bin/player.cgi?p=TrisztanGubi"">Trisztan Gubi",TomasMarin,HUN,2005-06-05
1964,Uladzislau Tarasevich,UladzislauTarasevich,BEL,2004-11-21
1964,Vasilios Caripi,VasiliosCaripi,RSA,1991-09-28
1964,Veljko Krstic,VeljkoKrstic,SRB,2003-09-18
1964,"Victor Barrere</a></td><td align=""left"">FRA</td><td align=""right""></td></tr><tr><td align=""right"">1964</td><td align=""left""><a href=""https://www.tennisabstract.com/cgi-bin/player.cgi?p=VidMohar"">Vid Mohar",VictorBarrere,SLO,2006-02-03
1964,Vladimir Bazilevskiy,VladimirBazilevskiy,ISR,2005-08-11
1964,Wen Bo Fan,WenBoFan,CHN,2007-10-21
1964,Yshai Oliel,YshaiOliel,ISR,2000-01-05
1964,"Yuya Hirose</a></td><td align=""left"">JPN</td><td align=""right""></td></tr><tr><td align=""right"">1964</td><td align=""left""><a href=""https://www.tennisabstract.com/cgi-bin/player.cgi?p=ZheLi"">Zhe Li",YuyaHirose,CHN,1986-09-20
2071,Aaron James Williams,AaronJamesWilliams,GER,2003-12-01
2071,Adam Gabor Szoke,AdamGaborSzoke,HUN,2004-04-14
2071,Ahmed Zaki,AhmedZaki,EGY,2005-02-11
2071,Andre Megrabian,AndreMegrabian,BEL,2005-01-16
2071,Andre Souza,AndreSouza,BRA,2002-12-13
2071,Andres Fernandez Canovas,AndresFernandezCanovas,ESP,1999-03-08
2071,Anthony Genov,AnthonyGenov,BUL,2002-03-02
2071,Aqeel Khan,AqeelKhan,PAK,1980-01-30
2071,Arian Barbic,ArianBarbic,GER,2008-10-05
2071,Benjamin Martin,BenjaminMartin,FRA,2005-05-06
2071,Bjorn Swenson,BjornSwenson,USA,2003-08-28
2071,"Botond Nagy</a></td><td align=""left"">HUN</td><td align=""right""></td></tr><tr><td align=""right"">2071</td><td align=""left""><a href=""https://www.tennisabstract.com/cgi-bin/player.cgi?p=CharliePade"">Charlie Pade",BotondNagy,AUS,2005-01-24
2071,Clement Deleersnyder,ClementDeleersnyder,FRA,2001-11-13
2071,Cooper Mccarthy,CooperMccarthy,RSA,2009-09-23
2071,Daniel Abadia,DanielAbadia,SGP,2001-09-01
2071,David Cristian Carteputreda,DavidCristianCarteputreda,ROU,2007-02-12
2071,"David Prasievi</a></td><td align=""left"">USA</td><td align=""right""></td></tr><tr><td align=""right"">2071</td><td align=""left""><a href=""https://www.tennisabstract.com/cgi-bin/player.cgi?p=DorianJuszczak"">Dorian Juszczak",DavidPrasievi,POL,2005-03-11
2071,Enrique Bogo,EnriqueBogo,BRA,1995-07-24
2071,Enrique Collar,EnriqueCollar,ESP,2007-10-30
2071,Eric Jr. Olivarez,EricJr.Olivarez,PHI,1998-04-18
2071,Fabrizio Karol Pio Osti,FabrizioKarolPioOsti,ITA,2005-09-17
2071,Filip Stidell,FilipStidell,SWE,2005-07-24
2071,"Franco Ariel Vazquez</a></td><td align=""left"">ARG</td><td align=""right""></td></tr><tr><td align=""right"">2071</td><td align=""left""><a href=""https://www.tennisabstract.com/cgi-bin/player.cgi?p=FrancoMarini"">Franco Marini</a></td><td align=""left"">ARG</td><td align=""right""></td></tr><tr><td align=""right"">2071</td><td align=""left""><a href=""https://www.tennisabstract.com/cgi-bin/player.cgi?p=FrancoisMusitelli"">Francois Musitelli",FrancoArielVazquez,FRA,1998-10-12
2071,"Guelord Kayombo</a></td><td align=""left"">COD</td><td align=""right""></td></tr><tr><td align=""right"">2071</td><td align=""left""><a href=""https://www.tennisabstract.com/cgi-bin/player.cgi?p=HenrikVillanger"">Henrik Villanger</a></td><td align=""left"">NOR</td><td align=""right""></td></tr><tr><td align=""right"">2071</td><td align=""left""><a href=""https://www.tennisabstract.com/cgi-bin/player.cgi?p=HiddeSchoenmakers"">Hidde Schoenmakers</a></td><td align=""left"">NED</td><td align=""right""></td></tr><tr><td align=""right"">2071</td><td align=""left""><a href=""https://www.tennisabstract.com/cgi-bin/player.cgi?p=IdsWaterbolk"">Ids Waterbolk",GuelordKayombo,NED,2001-03-22
2071,"Isaac Lhomond</a></td><td align=""left"">FRA</td><td align=""right""></td></tr><tr><td align=""right"">2071</td><td align=""left""><a href=""https://www.tennisabstract.com/cgi-bin/player.cgi?p=JakubKroslak"">Jakub Kroslak",IsaacLhomond,SVK,2003-06-01
2071,"Javier Guzman</a></td><td align=""left"">CHL</td><td align=""right""></td></tr><tr><td align=""right"">2071</td><td align=""left""><a href=""https://www.tennisabstract.com/cgi-bin/player.cgi?p=JoaoPedroDidoniBonini"">Joao Pedro Didoni Bonini",JavierGuzman,BRA,2007-08-14
2071,"Jon Gamble</a></td><td align=""left"">USA</td><td align=""right""></td></tr><tr><td align=""right"">2071</td><td align=""left""><a href=""https://www.tennisabstract.com/cgi-bin/player.cgi?p=JordanChiu"">Jordan Chiu",JonGamble,USA,2000-12-15
2071,Jordi Mas De Ugarte,JordiMasDeUgarte,ESP,1995-07-26
2071,Julius Maximilian Haus,JuliusMaximilianHaus,GER,2007-05-23
2071,"Kaigaoge Kang</a></td><td align=""left"">CHN</td><td align=""right""></td></tr><tr><td align=""right"">2071</td><td align=""left""><a href=""https://www.tennisabstract.com/cgi-bin/player.cgi?p=KentaroOtsuka"">Kentaro Otsuka</a></td><td align=""left"">JPN</td><td align=""right""></td></tr><tr><td align=""right"">2071</td><td align=""left""><a href=""https://www.tennisabstract.com/cgi-bin/player.cgi?p=LucaFantini"">Luca Fantini",KaigaogeKang,ITA,2000-07-20
2071,Luis Andres Flores Avila,LuisAndresFloresAvila,MEX,2008-05-04
2071,Luka Bojicic Ono,LukaBojicicOno,BRA,2005-01-28
2071,Marco Alvarez,MarcoAlvarez,USA,2000-10-23
2071,Marco Migliorati,MarcoMigliorati,ITA,2003-10-19
2071,Mario Andre Galarraga,MarioAndreGalarraga,ECU,2007-09-05
2071,Massimo Pizzigoni,MassimoPizzigoni,ITA,2006-06-19
2071,"Matthew Carroll</a></td><td align=""left"">GBR</td><td align=""right""></td></tr><tr><td align=""right"">2071</td><td align=""left""><a href=""https://www.tennisabstract.com/cgi-bin/player.cgi?p=MattiasPisanu"">Mattias Pisanu",MatthewCarroll,ITA,2007-07-13
2071,Matyas Kozlovsky,MatyasKozlovsky,CZE,2007-09-30
2071,"Max Pade</a></td><td align=""left"">GER</td><td align=""right""></td></tr><tr><td align=""right"">2071</td><td align=""left""><a href=""https://www.tennisabstract.com/cgi-bin/player.cgi?p=MaximilianOezcelik"">Maximilian Oezcelik</a></td><td align=""left"">GER</td><td align=""right""></td></tr><tr><td align=""right"">2071</td><td align=""left""><a href=""https://www.tennisabstract.com/cgi-bin/player.cgi?p=MaximusZavierWong"">Maximus Zavier Wong</a></td><td align=""left"">SIN</td><td align=""right""></td></tr><tr><td align=""right"">2071</td><td align=""left""><a href=""https://www.tennisabstract.com/cgi-bin/player.cgi?p=MilledgeCossu"">Milledge Cossu",MaxPade,USA,2001-11-26
2071,Niels Peter Van Noord,NielsPeterVanNoord,CAN,2000-04-12
2071,Saba George Nanobashvili,SabaGeorgeNanobashvili,SWE,2004-11-14
2071,Sai Karteek Reddy Ganta,SaiKarteekReddyGanta,IND,2000-06-01
2071,Samuel Stolarik,SamuelStolarik,SVK,2004-06-19
2071,Stefan Menichella,StefanMenichella,USA,1994-11-21
2071,Stijn Hofman,StijnHofman,NED,2003-04-03
2071,Tadija Radovanovic,TadijaRadovanovic,SRB,2000-04-26
2071,Tarek Erlewein,TarekErlewein,GER,2003-04-26
2071,Thanaphat Boosarawongse,ThanaphatBoosarawongse,THA,2006-02-20
2071,Tomas Pinho,TomasPinho,POR,2002-07-17
2071,Toru Horie,ToruHorie,JPN,1999-05-18
2071,Tugra Duran,TugraDuran,TUR,2006-11-04
2071,Vaal Urankar,VaalUrankar,SLO,2005-06-16
2071,Vicente Monge,VicenteMonge,PER,2006-08-08
2071,Zekai Li,ZekaiLi,CHN,2000-01-31
2071,llan Hediger,llanHediger,SUI,2006-08-28
2142,Adam Heinonen,AdamHeinonen,SWE,2002-08-22
2142,Alejandro Melero Kretzer,AlejandroMeleroKretzer,ESP,2005-01-01
2142,Barney Fitzpatrick,BarneyFitzpatrick,GBR,2002-05-04
2142,Calin Teodor Stirbu,CalinTeodorStirbu,ROU,2006-03-04
2142,Felipe Assuncao Garla,FelipeAssuncaoGarla,BRA,1994-06-13
2142,"Flavio Bocci</a></td><td align=""left"">ITA</td><td align=""right""></td></tr><tr><td align=""right"">2142</td><td align=""left""><a href=""https://www.tennisabstract.com/cgi-bin/player.cgi?p=FreddieRidout"">Freddie Ridout</a></td><td align=""left"">GBR</td><td align=""right""></td></tr><tr><td align=""right"">2142</td><td align=""left""><a href=""https://www.tennisabstract.com/cgi-bin/player.cgi?p=HongLinFu"">Hong Lin Fu",FlavioBocci,TPE,2001-12-05
2142,Ian Luca Cervantes Tomas,IanLucaCervantesTomas,MEX,2003-11-04
2142,Jan Jermar,JanJermar,CZE,2000-04-12
2142,Jiri Vesely,JiriVesely,CZE,1993-07-10
2142,Kian Vakili,KianVakili,USA,2003-10-21
2142,Kyle Seelig,KyleSeelig,USA,1997-09-17
2142,Lazar Vojinovic,LazarVojinovic,SRB,1999-03-15
2142,Luc Fomba,LucFomba,FRA,1999-02-22
2142,"Marcin Andrzejczak</a></td><td align=""left"">POL</td><td align=""right""></td></tr><tr><td align=""right"">2142</td><td align=""left""><a href=""https://www.tennisabstract.com/cgi-bin/player.cgi?p=MarkoNikolic"">Marko Nikolic",MarcinAndrzejczak,SRB,2005-02-11
2142,"Martin Maldonado</a></td><td align=""left"">ECU</td><td align=""right""></td></tr><tr><td align=""right"">2142</td><td align=""left""><a href=""https://www.tennisabstract.com/cgi-bin/player.cgi?p=MateiVarbanciu"">Matei Varbanciu</a></td><td align=""left"">ROU</td><td align=""right""></td></tr><tr><td align=""right"">2142</td><td align=""left""><a href=""https://www.tennisabstract.com/cgi-bin/player.cgi?p=MaticHribar"">Matic Hribar",MartinMaldonado,SLO,2007-03-06
2142,Matic Kriznik,MaticKriznik,SLO,2005-09-03
2142,Matthew Rankin,MatthewRankin,GBR,2004-07-22
2142,"Mikhail Khodorchenko</a></td><td align=""left"">RUS</td><td align=""right""></td></tr><tr><td align=""right"">2142</td><td align=""left""><a href=""https://www.tennisabstract.com/cgi-bin/player.cgi?p=MohammadAlkotop"">Mohammad Alkotop",MikhailKhodorchenko,JOR,2005-03-16
2142,Niels Lootsma,NielsLootsma,NED,1994-08-15
2142,Noppadol Noikor,NoppadolNoikor,THA,2000-02-06
2142,Norbert Marosik,NorbertMarosik,SVK,2004-02-18
2142,Oscar Pinto Sansano,OscarPintoSansano,ESP,2003-05-11
2142,Qiulin Wang,QiulinWang,CHN,2002-09-06
2142,"Rein Koenders</a></td><td align=""left"">NED</td><td align=""right""></td></tr><tr><td align=""right"">2142</td><td align=""left""><a href=""https://www.tennisabstract.com/cgi-bin/player.cgi?p=RoanJones"">Roan Jones",ReinKoenders,GBR,2003-10-26
2142,"Rodrigo Leal</a></td><td align=""left"">POR</td><td align=""right""></td></tr><tr><td align=""right"">2142</td><td align=""left""><a href=""https://www.tennisabstract.com/cgi-bin/player.cgi?p=SarthakSuden"">Sarthak Suden</a></td><td align=""left"">IND</td><td align=""right""></td></tr><tr><td align=""right"">2142</td><td align=""left""><a href=""https://www.tennisabstract.com/cgi-bin/player.cgi?p=ThomasNicholasGadecki"">Thomas Nicholas Gadecki",RodrigoLeal,AUS,2006-01-29
2142,Tim Vaisman,TimVaisman,ISR,2007-01-12
2142,Vicente Freda,VicenteFreda,BRA,2007-05-08
2142,Vihaan Reddy,VihaanReddy,IND,2009-12-17
2142,Yuhei Kono,YuheiKono,JPN,1995-07-01
2142,Zaharije Zak Talic,ZaharijeZakTalic,AUS,1998-09-02
2181,Alberto Odiseo Alvarado Berrospi,AlbertoOdiseoAlvaradoBerrospi,PER,2000-06-17
2181,"Alexandru Toubi Hebhang Balan</a></td><td align=""left"">CAN</td><td align=""right""></td></tr><tr><td align=""right"">2181</td><td align=""left""><a href=""https://www.tennisabstract.com/cgi-bin/player.cgi?p=AlvaroBuenoGil"">Alvaro Bueno Gil",AlexandruToubiHebhangBalan,ESP,2000-05-25
2181,Daniil Stepanov,DaniilStepanov,RUS,2006-07-15
2181,Dmitrii Vasilev,DmitriiVasilev,RUS,2001-05-26
2181,Dmitry Dolzhenkov,DmitryDolzhenkov,RUS,2004-08-10
2181,Edoardo De Filippo,EdoardoDeFilippo,ITA,2004-12-02
2181,Francisco Faria,FranciscoFaria,POR,1998-07-25
2181,Glauco Pinheiro Da Cruz Junior,GlaucoPinheiroDaCruzJunior,BRA,2005-04-10
2181,Gregor Hausberger,GregorHausberger,AUT,2003-05-27
2181,Joe Tyler,JoeTyler,GBR,1998-11-01
2181,Jonah Braswell,JonahBraswell,USA,2004-02-16
2181,Karl Kazuma Lee,KarlKazumaLee,USA,2002-11-03
2181,Linghao Zhang,LinghaoZhang,CHN,2003-02-17
2181,Ludvig Fredrik Hede,LudvigFredrikHede,SWE,2007-01-09
2181,"Mario Arce Fernandez</a></td><td align=""left"">ESP</td><td align=""right""></td></tr><tr><td align=""right"">2181</td><td align=""left""><a href=""https://www.tennisabstract.com/cgi-bin/player.cgi?p=MatiesTorresRamis"">Maties Torres Ramis</a></td><td align=""left"">ESP</td><td align=""right""></td></tr><tr><td align=""right"">2181</td><td align=""left""><a href=""https://www.tennisabstract.com/cgi-bin/player.cgi?p=MatteoGribaldo"">Matteo Gribaldo</a></td><td align=""left"">ITA</td><td align=""right""></td></tr><tr><td align=""right"">2181</td><td align=""left""><a href=""https://www.tennisabstract.com/cgi-bin/player.cgi?p=MatteoMura"">Matteo Mura</a></td><td align=""left"">ITA</td><td align=""right""></td></tr><tr><td align=""right"">2181</td><td align=""left""><a href=""https://www.tennisabstract.com/cgi-bin/player.cgi?p=MaxiCarrascosaDiaz"">Maxi Carrascosa Diaz</a></td><td align=""left"">ESP</td><td align=""right""></td></tr><tr><td align=""right"">2181</td><td align=""left""><a href=""https://www.tennisabstract.com/cgi-bin/player.cgi?p=NikosLehmann"">Nikos Lehmann",MarioArceFernandez,ARG,2005-06-16
2181,Pablo Masjuan Ginel,PabloMasjuanGinel,ESP,2002-07-29
2181,Patricio Betancourt Gonzalez,PatricioBetancourtGonzalez,MEX,1994-05-12
2181,"Patrick Jozwicki</a></td><td align=""left"">AUT</td><td align=""right""></td></tr><tr><td align=""right"">2181</td><td align=""left""><a href=""https://www.tennisabstract.com/cgi-bin/player.cgi?p=PedroHenriqueChabalgoity"">Pedro Henrique Chabalgoity</a></td><td align=""left"">BRA</td><td align=""right""></td></tr><tr><td align=""right"">2181</td><td align=""left""><a href=""https://www.tennisabstract.com/cgi-bin/player.cgi?p=PennCharusorn"">Penn Charusorn",PatrickJozwicki,THA,2007-12-25
2181,Rafael Kis Balazs,RafaelKisBalazs,HUN,2001-09-13
2181,"Reid Jarvis</a></td><td align=""left"">USA</td><td align=""right""></td></tr><tr><td align=""right"">2181</td><td align=""left""><a href=""https://www.tennisabstract.com/cgi-bin/player.cgi?p=SalvadorMonteiro"">Salvador Monteiro",ReidJarvis,POR,2008-02-09
2181,"Seonyong Han</a></td><td align=""left"">KOR</td><td align=""right""></td></tr><tr><td align=""right"">2181</td><td align=""left""><a href=""https://www.tennisabstract.com/cgi-bin/player.cgi?p=SimonCaldwell"">Simon Caldwell</a></td><td align=""left"">USA</td><td align=""right""></td></tr><tr><td align=""right"">2181</td><td align=""left""><a href=""https://www.tennisabstract.com/cgi-bin/player.cgi?p=ThomasDrayton"">Thomas Drayton</a></td><td align=""left"">GBR</td><td align=""right""></td></tr><tr><td align=""right"">2181</td><td align=""left""><a href=""https://www.tennisabstract.com/cgi-bin/player.cgi?p=YueXia"">Yue Xia</a></td><td align=""left"">CHN</td><td align=""right""></td></tr><tr><td align=""right"">2214</td><td align=""left""><a href=""https://www.tennisabstract.com/cgi-bin/player.cgi?p=AlessandroSpadola"">Alessandro Spadola",SeonyongHan,ITA,2003-03-05
2214,Alexey Dubinin,AlexeyDubinin,RUS,1998-12-04
2214,Aristarkh Safonov,AristarkhSafonov,RUS,2003-03-05
2214,Cedric Stanke,CedricStanke,GER,1998-10-02
2214,Cian Maguire,CianMaguire,IRL,1999-08-19
2214,Daiki Yoshimura,DaikiYoshimura,JPN,2002-03-07
2214,Dylan Salton,DylanSalton,RSA,2002-09-09
2214,Enmanuel Munoz,EnmanuelMunoz,DOM,2005-01-22
2214,Jim Hendrikx,JimHendrikx,NED,2001-06-26
2214,Jose Freitas,JoseFreitas,POR,2006-11-07
2214,"Leonel Cesar Castro</a></td><td align=""left"">ARG</td><td align=""right""></td></tr><tr><td align=""right"">2214</td><td align=""left""><a href=""https://www.tennisabstract.com/cgi-bin/player.cgi?p=LiamHignett"">Liam Hignett",LeonelCesarCastro,GBR,1999-12-06
2214,Makar Krivoshchekov,MakarKrivoshchekov,RUS,2006-01-01
2214,Matteo Mesaglio,MatteoMesaglio,ITA,2004-11-26
2214,Nicaise Muamba,NicaiseMuamba,CAN,2000-08-28
2214,"Nicolas Hurtado Novoa</a></td><td align=""left"">COL</td><td align=""right""></td></tr><tr><td align=""right"">2214</td><td align=""left""><a href=""https://www.tennisabstract.com/cgi-bin/player.cgi?p=PeterSallay"">Peter Sallay",NicolasHurtadoNovoa,HUN,2001-01-09
2214,Rahul Dhokia,RahulDhokia,GBR,2000-07-09
2214,Romain Andres,RomainAndres,FRA,2007-03-13
2214,Ruslan Kastsiukevich,RuslanKastsiukevich,BLR,2007-05-25
2214,Ryotero Matsumura,RyoteroMatsumura,JPN,1996-09-24
2214,"Suk Ann</a></td><td align=""left"">KOR</td><td align=""right""></td></tr><tr><td align=""right"">2214</td><td align=""left""><a href=""https://www.tennisabstract.com/cgi-bin/player.cgi?p=ThomasEnriqueMenzelPiccioli"">Thomas Enrique Menzel Piccioli",SukAnn,CHI,2007-07-20
2214,"Vincent Dullinger</a></td><td align=""left"">GER</td><td align=""right""></td></tr><tr><td align=""right"">2214</td><td align=""left""><a href=""https://www.tennisabstract.com/cgi-bin/player.cgi?p=YongJoonPark"">Yong Joon Park",VincentDullinger,KOR,2002-02-25
2239,Agustin Libre,AgustinLibre,ARG,2007-06-28
2239,Alex Finkelstein,AlexFinkelstein,USA,2002-10-24
2239,"Daniil Bogatov</a></td><td align=""left"">RUS</td><td align=""right""></td></tr><tr><td align=""right"">2239</td><td align=""left""><a href=""https://www.tennisabstract.com/cgi-bin/player.cgi?p=JadenDewandakaTan"">Jaden Dewandaka Tan</a></td><td align=""left"">INA</td><td align=""right""></td></tr><tr><td align=""right"">2239</td><td align=""left""><a href=""https://www.tennisabstract.com/cgi-bin/player.cgi?p=KrittinKoaykul"">Krittin Koaykul",DaniilBogatov,THA,1995-03-31
2239,Kyle Overmyer,KyleOvermyer,USA,2004-02-19
2239,Lucky Candra Kurniawan,LuckyCandraKurniawan,INA,2003-12-20
2239,Petr Iamachkine,PetrIamachkine,PER,1996-04-03
2239,Tilen Kovac,TilenKovac,SLO,2002-08-02
2239,Tsz Fu Wong,TszFuWong,HKG,2005-09-24
2239,"Vladimir Holban</a></td><td align=""left"">GRE</td><td align=""right""></td></tr><tr><td align=""right"">2250</td><td align=""left""><a href=""https://www.tennisabstract.com/cgi-bin/player.cgi?p=BrenoRossettoUrvaneja"">Breno Rossetto Urvaneja",VladimirHolban,BRA,2004-12-22
2250,"Mateo Carballo</a></td><td align=""left"">ARG</td><td align=""right""></td></tr><tr><td align=""right"">2250</td><td align=""left""><a href=""https://www.tennisabstract.com/cgi-bin/player.cgi?p=VictorBini"">Victor Bini",MateoCarballo,BRA,2003-04-12
2250,"Zachary Adam Gedge</a></td><td align=""left"">AUS</td><td align=""right""></td></tr><tr><td align=""right"">2254</td><td align=""left""><a href=""https://www.tennisabstract.com/cgi-bin/player.cgi?p=IsaacNortey"">Isaac Nortey",ZacharyAdamGedge,GHA,1999-07-08
2254,Loic Namigandet Tenguere,LoicNamigandetTenguere,FRA,1998-12-09
2254,Vesa Ahti,VesaAhti,FIN,1999-05-31
2257,Carlos Giraldi,CarlosGiraldi,ESP,2005-04-19
2257,Jordi Garcia Mestre,JordiGarciaMestre,ESP,2002-10-22
2257,"Jose Dominguez Alonso</a></td><td align=""left"">ESP</td><td align=""right""></td></tr><tr><td align=""right"">2257</td><td align=""left""><a href=""https://www.tennisabstract.com/cgi-bin/player.cgi?p=MaticDimic"">Matic Dimic",JoseDominguezAlonso,SLO,2001-10-12
2257,Sheng Tang,ShengTang,CHN,2000-01-28
2257,Yassin Ahmed Wageh,YassinAhmedWageh,EGY,2008-03-08
2263,Marc Saura Moragrega,MarcSauraMoragrega,ESP,2004-07-06
2263,Ye Hongyu,YeHongyu,CHN,2004-12-05
2263,Zhenxiong Dong,ZhenxiongDong,CHN,1998-11-05
