rank,name,code,country,birthdate
1,Aryna Sabalenka,ArynaSabalenka,BLR,1998-05-05
2,Elena Rybakina,ElenaRybakina,KAZ,1999-06-17
3,Iga Swiatek,IgaSwiatek,POL,2001-05-31
4,Jessica Pegula,JessicaPegula,USA,1994-02-24
5,Amanda Anisimova,AmandaAnisimova,USA,2001-08-31
6,Mirra Andreeva,MirraAndreeva,RUS,2007-04-29
7,Coco Gauff,CocoGauff,USA,2004-03-13
8,Elina Svitolina,ElinaSvitolina,UKR,1994-09-12
9,Victoria Mboko,VictoriaMboko,CAN,2006-08-26
10,Karolina Muchova,KarolinaMuchova,CZE,1996-08-21
11,Belinda Bencic,BelindaBencic,SUI,1997-03-10
12,Marta Kostyuk,MartaKostyuk,UKR,2002-06-28
13,Linda Noskova,LindaNoskova,CZE,2004-11-17
14,Jasmine Paolini,JasminePaolini,ITA,1996-01-04
15,Naomi Osaka,NaomiOsaka,JPN,1997-10-16
16,Diana Shnaider,DianaShnaider,RUS,2004-04-02
17,Ekaterina Alexandrova,EkaterinaAlexandrova,RUS,1994-11-15
18,Sorana Cirstea,SoranaCirstea,ROU,1990-04-07
19,Iva Jovic,IvaJovic,USA,2007-12-06
20,Anna Kalinskaya,AnnaKalinskaya,RUS,1998-12-02
21,Maja Chwalinska,MajaChwalinska,POL,2001-10-11
22,Elise Mertens,EliseMertens,BEL,1995-11-17
23,Leylah Fernandez,LeylahFernandez,CAN,2002-09-06
24,Clara Tauson,ClaraTauson,DEN,2002-12-21
25,Emma Navarro,EmmaNavarro,USA,2001-05-18
26,Madison Keys,MadisonKeys,USA,1995-02-17
27,Anastasia Potapova,AnastasiaPotapova,RUS,2001-03-30
28,Marie Bouzkova,MarieBouzkova,CZE,1998-07-21
29,Ann Li,AnnLi,USA,2000-06-26
30,Hailey Baptiste,HaileyBaptiste,USA,2001-11-03
31,Xin Yu Wang,XinYuWang,CHN,2001-09-26
32,Katerina Siniakova,KaterinaSiniakova,CZE,1996-05-10
33,Alexandra Eala,AlexandraEala,PHI,2005-05-23
34,Cristina Bucsa,CristinaBucsa,ESP,1998-01-01
35,Liudmila Samsonova,LiudmilaSamsonova,RUS,1998-11-11
36,Jelena Ostapenko,JelenaOstapenko,LAT,1997-06-08
37,Maria Sakkari,MariaSakkari,GRE,1995-07-25
38,Jaqueline Cristian,JaquelineCristian,ROU,1998-06-05
39,Mccartney Kessler,MccartneyKessler,USA,1999-07-08
40,Janice Tjen,JaniceTjen,INA,2002-05-06
41,Elisabetta Cocciaretto,ElisabettaCocciaretto,ITA,2001-01-25
42,Emma Raducanu,EmmaRaducanu,GBR,2002-11-13
43,Magdalena Frech,MagdalenaFrech,POL,1997-12-15
44,Laura Siegemund,LauraSiegemund,GER,1988-03-04
45,Barbora Krejcikova,BarboraKrejcikova,CZE,1995-12-18
46,Sara Bejlek,SaraBejlek,CZE,2006-01-31
47,Tereza Valentova,TerezaValentova,CZE,2007-02-20
48,Marketa Vondrousova,MarketaVondrousova,CZE,1999-06-28
49,Dayana Yastremska,DayanaYastremska,UKR,2000-05-15
50,Petra Marcinko,PetraMarcinko,CRO,2005-12-04
51,Oleksandra Oliynykova,OleksandraOliynykova,UKR,2001-01-03
52,Tatjana Maria,TatjanaMaria,GER,1987-08-08
53,Maya Joint,MayaJoint,AUS,2006-04-16
54,Jessica Bouzas Maneiro,JessicaBouzasManeiro,ESP,2002-09-24
55,Diane Parry,DianeParry,FRA,2002-09-01
56,Solana Sierra,SolanaSierra,ARG,2004-06-17
57,Yuliia Starodubtseva,YuliiaStarodubtseva,UKR,2000-02-17
58,Antonia Ruzic,AntoniaRuzic,CRO,2003-01-20
59,Caty Mcnally,CatyMcnally,USA,2001-11-20
60,Magda Linette,MagdaLinette,POL,1992-02-12
61,Nikola Bartunkova,NikolaBartunkova,CZE,2006-02-25
62,Peyton Stearns,PeytonStearns,USA,2001-10-08
63,Talia Gibson,TaliaGibson,AUS,2004-06-18
64,Shuai Zhang,ShuaiZhang,CHN,1989-01-21
65,Panna Udvardy,PannaUdvardy,HUN,1998-09-28
66,Daria Kasatkina,DariaKasatkina,AUS,1997-05-07
67,Zeynep Sonmez,ZeynepSonmez,TUR,2002-04-30
68,Camila Osorio,CamilaOsorio,COL,2001-12-22
69,Anhelina Kalinina,AnhelinaKalinina,UKR,1997-02-07
70,Viktorija Golubic,ViktorijaGolubic,SUI,1992-10-16
71,Varvara Gracheva,VarvaraGracheva,FRA,2000-08-02
72,Sonay Kartal,SonayKartal,GBR,2001-10-28
73,Katie Boulter,KatieBoulter,GBR,1996-08-01
74,Kimberly Birrell,KimberlyBirrell,AUS,1998-04-29
75,Anna Bondar,AnnaBondar,HUN,1997-05-27
76,Donna Vekic,DonnaVekic,CRO,1996-06-28
77,Renata Zarazua,RenataZarazua,MEX,1997-09-30
78,Kamilla Rakhimova,KamillaRakhimova,UZB,2001-08-28
79,Tamara Korpatsch,TamaraKorpatsch,GER,1995-05-12
80,Elsa Jacquemot,ElsaJacquemot,FRA,2003-05-03
81,Alycia Parks,AlyciaParks,USA,2000-12-31
82,Eva Lys,EvaLys,GER,2002-01-12
83,Taylor Townsend,TaylorTownsend,USA,1996-04-16
84,Daria Snigur,DariaSnigur,UKR,2002-03-27
85,Anastasia Zakharova,AnastasiaZakharova,RUS,2002-01-18
86,Lilli Tagger,LilliTagger,AUT,2008-02-17
87,Yulia Putintseva,YuliaPutintseva,KAZ,1995-01-07
88,Elena Gabriela Ruse,ElenaGabrielaRuse,ROU,1997-11-06
89,Veronika Erjavec,VeronikaErjavec,SLO,1999-12-30
90,Simona Waltert,SimonaWaltert,SUI,2000-12-13
91,Oksana Selekhmeteva,OksanaSelekhmeteva,RUS,2003-01-13
92,Sinja Kraus,SinjaKraus,AUT,2002-04-29
93,Maria Timofeeva,MariaTimofeeva,UZB,2003-11-18
94,Lanlana Tararudee,LanlanaTararudee,THA,2004-07-07
95,Ella Seidel,EllaSeidel,GER,2005-02-14
96,Alina Korneeva,AlinaKorneeva,RUS,2007-06-23
97,Hanne Vandewinkel,HanneVandewinkel,BEL,2004-05-21
98,Francesca Jones,FrancescaJones,GBR,2000-09-19
99,Emiliana Arango,EmilianaArango,COL,2000-11-28
100,Xiyu Wang,XiyuWang,CHN,2001-03-28
101,Katie Volynets,KatieVolynets,USA,2001-12-31
102,Darja Semenistaja,DarjaSemenistaja,LAT,2002-09-16
103,Sofia Kenin,SofiaKenin,USA,1998-11-14
104,Veronika Kudermetova,VeronikaKudermetova,RUS,1997-04-24
105,Anna Blinkova,AnnaBlinkova,RUS,1998-09-10
106,Karolina Pliskova,KarolinaPliskova,CZE,1992-03-21
107,Kaitlin Quevedo,KaitlinQuevedo,ESP,2006-02-13
108,Beatriz Haddad Maia,BeatrizHaddadMaia,BRA,1996-05-30
109,Ajla Tomljanovic,AjlaTomljanovic,AUS,1993-05-07
110,Lulu Sun,LuluSun,NZL,2001-04-14
111,Moyuka Uchijima,MoyukaUchijima,JPN,2001-08-11
112,Yue Yuan,YueYuan,CHN,1998-09-25
113,Ashlyn Krueger,AshlynKrueger,USA,2004-05-07
114,Dominika Salkova,DominikaSalkova,CZE,2004-06-28
115,Anastasia Pavlyuchenkova,AnastasiaPavlyuchenkova,RUS,1991-07-03
116,Julia Grabher,JuliaGrabher,AUT,1996-07-02
117,Dalma Galfi,DalmaGalfi,HUN,1998-08-13
118,Mayar Sherif,MayarSherif,EGY,1996-05-05
119,Darja Vidmanova,DarjaVidmanova,CZE,2003-01-09
120,Rebecca Sramkova,RebeccaSramkova,SVK,1996-10-19
121,Polina Kudermetova,PolinaKudermetova,UZB,2003-06-04
122,Qinwen Zheng,QinwenZheng,CHN,2002-10-08
123,Aliaksandra Sasnovich,AliaksandraSasnovich,BLR,1994-03-22
124,Victoria Jimenez Kasintseva,VictoriaJimenezKasintseva,AND,2005-08-09
125,Suzan Lamens,SuzanLamens,NED,1999-07-05
126,Taylah Preston,TaylahPreston,AUS,2005-10-27
127,Himeno Sakatsume,HimenoSakatsume,JPN,2001-08-03
128,Kaja Juvan,KajaJuvan,SLO,2000-11-25
129,Alina Charaeva,AlinaCharaeva,RUS,2002-05-27
130,Leolia Jeanjean,LeoliaJeanjean,FRA,1995-08-14
131,Jil Teichmann,JilTeichmann,SUI,1997-07-15
132,Lisa Pigato,LisaPigato,ITA,2003-06-21
133,Emerson Jones,EmersonJones,AUS,2008-07-07
134,Tamara Zidansek,TamaraZidansek,SLO,1997-12-26
135,Elvina Kalieva,ElvinaKalieva,USA,2003-07-27
136,Kayla Day,KaylaDay,USA,1999-09-28
137,Laura Samson,LauraSamson,CZE,2008-03-10
138,Lin Zhu,LinZhu,CHN,1994-01-28
139,Marina Stakusic,MarinaStakusic,CAN,2004-11-27
140,Rebeka Masarova,RebekaMasarova,ESP,1999-08-06
141,Paula Badosa,PaulaBadosa,ESP,1997-11-15
142,Mary Stoiana,MaryStoiana,USA,2003-05-06
143,Katarzyna Kawa,KatarzynaKawa,POL,1992-11-17
144,Marina Bassols Ribera,MarinaBassolsRibera,ESP,1999-12-13
145,Veronika Podrez,VeronikaPodrez,UKR,2007-01-11
146,Priscilla Hon,PriscillaHon,AUS,1998-05-10
147,Lucia Bronzetti,LuciaBronzetti,ITA,1998-12-10
148,Claire Liu,ClaireLiu,USA,2000-05-25
149,Leyre Romero Gormaz,LeyreRomeroGormaz,ESP,2002-04-06
150,Sofia Costoulas,SofiaCostoulas,BEL,2005-04-02
151,Maddison Inglis,MaddisonInglis,AUS,1998-01-14
152,Lola Radivojevic,LolaRadivojevic,SRB,2005-01-02
153,Andrea Lazaro Garcia,AndreaLazaroGarcia,ESP,1994-11-04
154,Noma Noha Akugue,NomaNohaAkugue,GER,2003-12-02
155,Lois Boisson,LoisBoisson,FRA,2003-05-16
156,Hanyu Guo,HanyuGuo,CHN,1998-05-18
157,Tyra Caterina Grant,TyraCaterinaGrant,ITA,2008-03-12
158,Bianca Andreescu,BiancaAndreescu,CAN,2000-06-16
159,Jazmin Ortenzi,JazminOrtenzi,ARG,2001-11-20
160,Harriet Dart,HarrietDart,GBR,1996-07-28
161,Anouk Koevermans,AnoukKoevermans,NED,2004-01-02
162,Tiantsoa Sarah Rakotomanga Rajaonah,TiantsoaSarahRakotomangaRajaonah,FRA,2005-12-15
163,Polina Iatcenko,PolinaIatcenko,RUS,2003-12-10
164,Linda Fruhvirtova,LindaFruhvirtova,CZE,2005-05-01
165,Linda Klimovicova,LindaKlimovicova,CZE,2004-06-18
166,Mananchaya Sawangkaew,MananchayaSawangkaew,THA,2002-07-10
167,Viktoriya Tomova,ViktoriyaTomova,BUL,1995-02-25
168,Despina Papamichail,DespinaPapamichail,GRE,1993-02-09
169,Lucrezia Stefanini,LucreziaStefanini,ITA,1998-05-15
170,Xiaodi You,XiaodiYou,CHN,1996-05-12
171,Susan Bandecchi,SusanBandecchi,SUI,1998-07-01
172,Tatiana Prozorova,TatianaProzorova,RUS,2003-10-10
173,Luisina Giovannini,LuisinaGiovannini,ARG,2006-11-08
174,Elizabeth Mandlik,ElizabethMandlik,USA,2001-05-19
175,Varvara Lepchenko,VarvaraLepchenko,USA,1986-05-21
176,Jeline Vandromme,JelineVandromme,BEL,2007-11-16
177,Nuria Brancaccio,NuriaBrancaccio,ITA,2000-06-24
178,Arantxa Rus,ArantxaRus,NED,1990-12-13
179,Guiomar Maristany Zuleta De Reales,GuiomarMaristanyZuletaDeReales,ESP,1999-02-19
180,Akasha Urhobo,AkashaUrhobo,USA,2007-01-19
181,Julia Riera,JuliaRiera,ARG,2002-05-29
182,Teodora Kostovic,TeodoraKostovic,SRB,2007-06-28
183,Whitney Osuigwe,WhitneyOsuigwe,USA,2002-04-17
184,Alexandra Shubladze,AlexandraShubladze,RUS,2005-09-06
185,Fiona Ferro,FionaFerro,FRA,1997-03-12
186,Joanna Garland,JoannaGarland,TPE,2001-07-16
187,Storm Hunter,StormHunter,AUS,1994-08-11
188,Yeon Woo Ku,YeonWooKu,KOR,2003-03-15
189,Ye Xin Ma,YeXinMa,CHN,1999-06-10
190,Jessika Ponchet,JessikaPonchet,FRA,1996-09-26
191,Carole Monnet,CaroleMonnet,FRA,2001-12-01
192,Carol Young Suh Lee,CarolYoungSuhLee,POC,2001-12-21
193,Mona Barthel,MonaBarthel,GER,1990-07-11
194,Kayla Cross,KaylaCross,CAN,2005-03-21
195,Angela Fita Boluda,AngelaFitaBoluda,ESP,1999-07-12
196,Francisca Jorge,FranciscaJorge,POR,2000-04-21
197,Olga Danilovic,OlgaDanilovic,SRB,2001-01-23
198,Caroline Dolehide,CarolineDolehide,USA,1998-09-05
199,Vendula Valdmannova,VendulaValdmannova,CZE,2007-12-10
200,Katie Swan,KatieSwan,GBR,1999-03-24
201,Iryna Shymanovich,IrynaShymanovich,BLR,1997-06-30
202,Greet Minnen,GreetMinnen,BEL,1997-08-14
203,Gabriela Andrea Knutson,GabrielaAndreaKnutson,CZE,1997-04-21
204,Fiona Crawley,FionaCrawley,USA,2002-02-07
205,Elena Pridankina,ElenaPridankina,RUS,2005-08-30
206,Celine Naef,CelineNaef,SUI,2005-06-25
207,Anastasia Gasanova,AnastasiaGasanova,RUS,1999-05-15
208,Irina Camelia Begu,IrinaCameliaBegu,ROU,1990-08-26
209,Cadence Brace,CadenceBrace,CAN,2005-02-25
210,Harmony Tan,HarmonyTan,FRA,1997-09-11
211,Lina Gjorcheska,LinaGjorcheska,MKD,1994-08-03
212,Lucie Havlickova,LucieHavlickova,CZE,2005-03-13
213,Jennifer Ruggeri,JenniferRuggeri,ITA,2003-07-23
214,Maria Lourdes Carle,MariaLourdesCarle,ARG,2000-02-10
215,Polona Hercog,PolonaHercog,SLO,1991-01-20
216,Mai Hontama,MaiHontama,JPN,1999-08-30
217,Hayu Kinoshita,HayuKinoshita,JPN,2006-10-27
218,Aoi Ito,AoiIto,JPN,2004-05-21
219,Alice Rame,AliceRame,FRA,1997-11-09
220,Laura Pigossi,LauraPigossi,BRA,1994-08-02
221,Xinyu Gao,XinyuGao,CHN,1997-11-21
222,Alice Tubello,AliceTubello,FRA,2001-01-30
223,Viktoria Hruncakova,ViktoriaHruncakova,SVK,1998-05-11
224,Anna Siskova,AnnaSiskova,CZE,2001-07-01
225,Elizara Yaneva,ElizaraYaneva,BUL,2007-03-21
226,Caroline Uebelhoer,CarolineUebelhoer,GER,1996-04-08
227,Ekaterine Gorgodze,EkaterineGorgodze,GEO,1991-12-03
228,Julia Avdeeva,JuliaAvdeeva,RUS,2002-07-06
229,Kristina Liutova,KristinaLiutova,RUS,2010-02-02
230,Olivia Gadecki,OliviaGadecki,AUS,2002-04-24
231,Eva Vedder,EvaVedder,NED,1999-11-23
232,Madison Brengle,MadisonBrengle,USA,1990-04-03
233,Anastasia Zolotareva,AnastasiaZolotareva,RUS,2002-01-18
234,Erika Andreeva,ErikaAndreeva,RUS,2004-06-24
235,Anna Lena Friedsam,AnnaLenaFriedsam,GER,1994-02-01
236,Darya Astakhova,DaryaAstakhova,RUS,2002-01-26
237,Justina Mikulskyte,JustinaMikulskyte,LTU,1996-02-06
238,Aliona Falei,AlionaFalei,BLR,2004-03-29
239,Irene Burillo Escorihuela,IreneBurilloEscorihuela,ESP,1997-07-23
240,Kajsa Rinaldo Persson,KajsaRinaldoPersson,SWE,1997-11-11
241,Nao Hibino,NaoHibino,JPN,1994-11-28
242,Louisa Chirico,LouisaChirico,USA,1996-05-16
243,Martyna Kubka,MartynaKubka,POL,2001-04-19
244,Selena Janicijevic,SelenaJanicijevic,FRA,2002-07-23
245,Fangran Tian,FangranTian,CHN,2003-08-10
246,Sada Nahimana,SadaNahimana,BDI,2001-04-21
247,Sara Sorribes Tormo,SaraSorribesTormo,ESP,1996-10-08
248,Katherine Sebov,KatherineSebov,CAN,1999-01-05
249,Katarina Zavatska,KatarinaZavatska,UKR,2000-02-05
250,Vivian Wolff,VivianWolff,GER,1998-10-08
251,Barbora Palicova,BarboraPalicova,CZE,2004-03-11
252,Katrina Scott,KatrinaScott,USA,2004-06-11
253,Kyoka Okamura,KyokaOkamura,JPN,1995-10-06
254,Carolyn Ansari,CarolynAnsari,USA,2000-12-29
255,Miriam Bianca Bulgaru,MiriamBiancaBulgaru,ROU,1998-10-08
256,Zhuoxuan Bai,ZhuoxuanBai,CHN,2002-11-16
257,Ane Mintegi Del Olmo,AneMintegiDelOlmo,ESP,2003-10-24
258,Alicia Dudeney,AliciaDudeney,GBR,2003-05-28
259,Tereza Martincova,TerezaMartincova,CZE,1994-10-24
260,Matilde Jorge,MatildeJorge,POR,2004-04-07
261,Mika Stojsavljevic,MikaStojsavljevic,GBR,2008-12-15
262,Sofya Lansere,SofyaLansere,RUS,2000-09-29
263,Samira De Stefano,SamiraDeStefano,ITA,2004-05-06
264,Jessica Pieri,JessicaPieri,ITA,1997-04-24
265,Mei Yamaguchi,MeiYamaguchi,JPN,1999-06-14
266,Martina Capurro Taborda,MartinaCapurroTaborda,ARG,1997-12-04
267,Hina Inoue,HinaInoue,USA,2003-06-01
268,Mia Ristic,MiaRistic,SRB,2006-05-17
269,En Shuo Liang,EnShuoLiang,TPE,2000-10-02
270,Sohyun Park,SohyunPark,KOR,2002-07-02
271,Yasmine Kabbaj,YasmineKabbaj,MAR,2004-01-15
272,Julie Struplova,JulieStruplova,CZE,2004-11-16
273,Ana Sofia Sanchez,AnaSofiaSanchez,MEX,1994-04-13
274,Eva Guerrero Alvarez,EvaGuerreroAlvarez,ESP,1999-09-04
275,Anastasia Tikhonova,AnastasiaTikhonova,RUS,2001-01-21
276,Caijsa Wilda Hennemann,CaijsaWildaHennemann,SWE,2001-03-22
277,Ayla Aksu,AylaAksu,USA,1996-07-15
278,Kathinka Von Deichmann,KathinkaVonDeichmann,LIE,1994-05-16
279,Dayeon Back,DayeonBack,KOR,2002-01-24
280,Mia Pohankova,MiaPohankova,SVK,2008-10-21
281,Elina Avanesyan,ElinaAvanesyan,ARM,2002-09-17
282,Tessa Johanna Brockmann,TessaJohannaBrockmann,GER,2005-11-21
283,Julie Belgraver,JulieBelgraver,FRA,2002-07-04
284,Anastasija Sevastova,AnastasijaSevastova,LAT,1990-04-13
285,Federica Urgesi,FedericaUrgesi,ITA,2005-01-29
286,Mingge Xu,MinggeXu,GBR,2007-10-02
287,Elena Ruxandra Bertea,ElenaRuxandraBertea,ROU,2006-05-06
288,Xinxin Yao,XinxinYao,CHN,2003-10-20
289,Yuki Naito,YukiNaito,JPN,2001-02-16
290,Dalila Spiteri,DalilaSpiteri,ITA,1997-04-24
291,Haruka Kaji,HarukaKaji,JPN,1994-09-25
292,Rebecca Marino,RebeccaMarino,CAN,1990-12-16
293,Rina Saigo,RinaSaigo,JPN,2000-10-17
294,Lizette Cabrera,LizetteCabrera,AUS,1997-12-19
295,Yuriko Miyazaki,YurikoMiyazaki,GBR,1995-11-11
296,Raluka Serban,RalukaSerban,CYP,1997-06-17
297,Lisa Zaar,LisaZaar,SWE,2000-04-30
298,Aliona Bolsova,AlionaBolsova,ESP,1997-11-06
299,Ayana Akli,AyanaAkli,USA,2001-07-06
300,Silvia Ambrosio,SilviaAmbrosio,ITA,1997-01-24
301,Katarina Kuzmova,KatarinaKuzmova,SVK,2001-08-07
302,Clervie Ngounoue,ClervieNgounoue,USA,2006-07-19
303,Anna Sinclair Rogers,AnnaSinclairRogers,USA,1998-03-21
304,Victoria Azarenka,VictoriaAzarenka,BLR,1989-07-31
305,Hiromi Abe,HiromiAbe,JPN,2000-05-02
306,Valentina Ryser,ValentinaRyser,SUI,2001-03-22
307,Viktoria Morvayova,ViktoriaMorvayova,SVK,2001-03-10
308,Hibah Shaikh,HibahShaikh,USA,2002-09-25
309,Vera Zvonareva,VeraZvonareva,RUS,1984-09-07
310,Yufei Ren,YufeiRen,CHN,2006-04-11
311,Alisa Oktiabreva,AlisaOktiabreva,RUS,2008-07-26
312,Georgia Pedone,GeorgiaPedone,ITA,2004-08-31
313,Yidi Yang,YidiYang,CHN,1999-12-21
314,Sara Saito,SaraSaito,JPN,2006-10-03
315,Manon Leonard,ManonLeonard,FRA,2001-01-20
316,Han Shi,HanShi,CHN,2005-05-30
317,Carolina Alves,CarolinaAlves,BRA,1996-04-23
318,Alevtina Ibragimova,AlevtinaIbragimova,RUS,2005-01-19
319,Elena Malygina,ElenaMalygina,EST,2000-05-27
320,Anouck Vrancken Peeters,AnouckVranckenPeeters,NED,2003-02-13
321,Sloane Stephens,SloaneStephens,USA,1993-03-20
322,Amandine Monnot,AmandineMonnot,FRA,2002-02-06
323,Nuria Parrizas Diaz,NuriaParrizasDiaz,ESP,1991-07-15
324,Eryn Cayetano,ErynCayetano,USA,2001-04-13
325,Chloe Paquet,ChloePaquet,FRA,1994-07-01
326,Eva Bennemann,EvaBennemann,GER,2007-10-05
327,Hanna Chang,HannaChang,USA,1998-02-25
328,Lea Ma,LeaMa,USA,2001-02-01
329,Victoria Bosio,VictoriaBosio,ARG,1994-10-03
330,Noemi Basiletti,NoemiBasiletti,ITA,2006-03-11
331,Sahaja Yamalapalli,SahajaYamalapalli,IND,2000-10-29
332,Haley Giavara,HaleyGiavara,USA,2000-10-16
333,Momoko Kobori,MomokoKobori,JPN,1998-08-22
334,Arianne Hartono,ArianneHartono,NED,1996-04-21
335,Tara Wurth,TaraWurth,CRO,2002-09-30
336,Kira Pavlova,KiraPavlova,RUS,2004-04-29
337,Anastasiya Soboleva,AnastasiyaSoboleva,UKR,2004-04-23
338,Gabriela Ce,GabrielaCe,BRA,1993-03-03
339,Katharina Hobgarski,KatharinaHobgarski,GER,1997-06-18
340,Heather Watson,HeatherWatson,GBR,1992-05-19
341,Danielle Collins,DanielleCollins,USA,1993-12-13
342,Diletta Cherubini,DilettaCherubini,ITA,2002-05-09
343,Carson Branstine,CarsonBranstine,USA,2000-09-09
344,Margaux Rouvroy,MargauxRouvroy,FRA,2001-03-22
345,Aurora Zantedeschi,AuroraZantedeschi,ITA,2000-11-02
346,Martha Matoula,MarthaMatoula,GRE,1997-04-26
347,Stephanie Judith Visscher,StephanieJudithVisscher,NED,2000-01-25
348,Elena Micic,ElenaMicic,AUS,2004-07-13
349,Daria Khomutsianskaya,DariaKhomutsianskaya,BLR,2004-02-15
350,Britt Du Pree,BrittDuPree,NED,2007-01-08
351,Mell Elizabeth Reasco Gonzalez,MellElizabethReascoGonzalez,ECU,2002-07-23
352,Francesca Curmi,FrancescaCurmi,MLT,2002-07-07
353,Alina Granwehr,AlinaGranwehr,SUI,2003-07-13
354,Yafan Wang,YafanWang,CHN,1994-04-30
355,Tiphanie Fiquet,TiphanieFiquet,FRA,2000-05-17
356,Angelina Voloshchuk,AngelinaVoloshchuk,POR,2007-04-29
357,Varvara Panshina,VarvaraPanshina,RUS,2006-02-11
358,Camilla Rosatello,CamillaRosatello,ITA,1995-05-28
359,Natalija Senic,NatalijaSenic,SRB,2003-01-02
360,Sakura Hosogi,SakuraHosogi,JPN,2000-03-25
361,Patcharin Cheapchandej,PatcharinCheapchandej,THA,1994-12-13
362,Tina Nadine Smith,TinaNadineSmith,AUS,2002-06-12
363,Natsumi Kawaguchi,NatsumiKawaguchi,JPN,2002-06-28
364,Yasmine Mansouri,YasmineMansouri,FRA,2001-05-15
365,Lamis Alhussein Abdel Aziz,LamisAlhusseinAbdelAziz,EGY,1998-04-24
366,Arina Rodionova,ArinaRodionova,AUS,1989-12-15
367,Eri Shimizu,EriShimizu,JPN,1998-05-28
368,Eunhye Lee,EunhyeLee,KOR,2000-05-10
369,Lea Boskovic,LeaBoskovic,CRO,1999-09-22
370,Jia Jing Lu,JiaJingLu,CHN,1989-11-18
371,Mina Hodzic,MinaHodzic,GER,2002-06-06
372,Dalila Jakupovic,DalilaJakupovic,SLO,1991-03-24
373,Misaki Matsuda,MisakiMatsuda,JPN,1998-08-21
374,Vaishnavi Adkar,VaishnaviAdkar,IND,2004-12-14
375,Zuzanna Pawlikowska,ZuzannaPawlikowska,POL,2005-02-27
376,Amarissa Kiara Toth,AmarissaKiaraToth,HUN,2003-02-10
377,Lucciana Perez Alarcon,LuccianaPerezAlarcon,PER,2005-05-08
378,Cagla Buyukakcay,CaglaBuyukakcay,TUR,1989-09-28
379,Francesca Pace,FrancescaPace,ITA,2005-08-05
380,Ena Shibahara,EnaShibahara,JPN,1998-02-12
381,Jana Fett,JanaFett,CRO,1996-11-02
382,Kristiana Sidorova,KristianaSidorova,RUS,2006-05-30
383,Laura Hietaranta,LauraHietaranta,FIN,2004-02-02
384,Boyoung Jeong,BoyoungJeong,KOR,2003-05-21
385,Sandra Samir,SandraSamir,EGY,1997-11-04
386,Julieta Pareja,JulietaPareja,USA,2009-02-18
387,Antonia Vergara Rivera,AntoniaVergaraRivera,CHI,2006-11-24
388,Alicia Herrero Linana,AliciaHerreroLinana,ESP,1998-12-29
389,Alessandra Mazzola,AlessandraMazzola,ITA,1999-12-13
390,Carlota Martinez Cirez,CarlotaMartinezCirez,ESP,2001-02-13
391,Martina Colmegna,MartinaColmegna,ITA,1996-12-10
392,Isabella Shinikova,IsabellaShinikova,BUL,1991-10-25
393,Renata Jamrichova,RenataJamrichova,SVK,2007-06-20
394,Miriana Tona,MirianaTona,ITA,1995-01-09
395,Sijia Wei,SijiaWei,CHN,2003-12-05
396,Victoria Hu,VictoriaHu,USA,2002-04-25
397,Deborah Chiesa,DeborahChiesa,ITA,1996-06-13
398,Victoria Rodriguez,VictoriaRodriguez,MEX,1995-04-22
399,Miho Kuramochi,MihoKuramochi,JPN,1998-06-09
400,Alana Subasic,AlanaSubasic,AUS,2007-03-11
401,Carol Zhao,CarolZhao,CAN,1995-06-20
402,Amelia Honer,AmeliaHoner,USA,2003-03-02
403,Weronika Ewald,WeronikaEwald,POL,2006-02-20
404,Gina Feistel,GinaFeistel,GER,2003-01-25
405,Ekaterina Reyngold,EkaterinaReyngold,RUS,2001-04-07
406,Rada Zolotareva,RadaZolotareva,RUS,2008-09-28
407,Nastasja Schunk,NastasjaSchunk,GER,2003-08-17
408,Ena Koike,EnaKoike,JPN,2006-11-21
409,Ekaterina Kazionova,EkaterinaKazionova,RUS,1999-01-13
410,Lucija Ciric Bagaric,LucijaCiricBagaric,CRO,2004-01-09
411,Alana Smith,AlanaSmith,USA,1999-11-09
412,Maria Florencia Urrutia,MariaFlorenciaUrrutia,ARG,2001-03-09
413,Maria Aran Teixido Garcia,MariaAranTeixidoGarcia,ESP,2001-01-17
414,Vaidehi Chaudhari,VaidehiChaudhari,IND,2000-02-14
415,Jiaqi Wang,JiaqiWang,CHN,2002-03-25
416,Vittoria Paganetti,VittoriaPaganetti,ITA,2006-06-17
417,Zarina Diyas,ZarinaDiyas,KAZ,1993-10-18
418,Emily Appleton,EmilyAppleton,GBR,1999-09-01
419,Amandine Hesse,AmandineHesse,FRA,1993-01-16
420,Naiktha Bains,NaikthaBains,GBR,1997-12-17
421,Maria Martinez Vaquero,MariaMartinezVaquero,ESP,2002-02-09
422,Martina Trevisan,MartinaTrevisan,ITA,1993-11-03
423,Madison Sieg,MadisonSieg,USA,2003-06-17
424,Jasmijn Gimbrere,JasmijnGimbrere,NED,2001-03-06
425,Zongyu Li,ZongyuLi,CHN,2003-05-27
426,Aunchisa Chanta,AunchisaChanta,THA,2002-09-12
427,Berfu Cengiz,BerfuCengiz,TUR,1999-10-18
428,Rositsa Dencheva,RositsaDencheva,BUL,2007-03-10
429,Malaika Rapolu,MalaikaRapolu,USA,2003-04-18
430,Fernanda Labrana,FernandaLabrana,CHI,1999-03-13
431,Mio Mushika,MioMushika,JPN,2005-07-21
432,Ariana Arseneault,ArianaArseneault,CAN,2002-06-15
433,Tatiana Pieri,TatianaPieri,ITA,1999-03-29
434,Lia Karatancheva,LiaKaratancheva,BUL,2003-09-08
435,Joelle Lilly Sophie Steur,JoelleLillySophieSteur,GER,2004-03-30
436,Andreea Prisacariu,AndreeaPrisacariu,ROU,2000-02-09
437,Nahia Berecoechea,NahiaBerecoechea,FRA,2004-04-23
438,Sapfo Sakellaridi,SapfoSakellaridi,GRE,2003-04-01
439,Ons Jabeur,OnsJabeur,TUN,1994-08-28
440,Yelyzaveta Kotliar,YelyzavetaKotliar,UKR,2007-02-01
441,Saki Imamura,SakiImamura,JPN,2002-04-16
442,Reina Goto,ReinaGoto,JPN,2007-09-11
443,Victoria Allen,VictoriaAllen,GBR,2001-02-26
444,Angella Okutoyi,AngellaOkutoyi,KEN,2004-01-29
445,Elena Milovanovic,ElenaMilovanovic,SRB,2001-01-31
446,Eva Marie Voracek,EvaMarieVoracek,GER,1999-03-26
447,Gabriela Lee,GabrielaLee,ROU,1995-08-23
448,Katarina Jokic,KatarinaJokic,BIH,1998-04-19
449,Tena Lukas,TenaLukas,CRO,1995-05-10
450,Justina Maria Gonzalez Daniele,JustinaMariaGonzalezDaniele,ARG,2005-12-08
451,Radka Zelnickova,RadkaZelnickova,SVK,2003-06-13
452,Verena Meliss,VerenaMeliss,ITA,1997-07-21
453,Anastasia Kulikova,AnastasiaKulikova,FIN,2000-02-15
454,Carla Markus,CarlaMarkus,ARG,2006-04-28
455,Amelia Rajecki,AmeliaRajecki,GBR,2002-06-03
456,Weronika Falkowska,WeronikaFalkowska,POL,2000-06-17
457,Gergana Topalova,GerganaTopalova,BUL,2000-02-22
458,Sofia Shapatava,SofiaShapatava,GEO,1989-01-12
459,Sarah Van Emst,SarahVanEmst,NED,2004-11-06
460,Denislava Glushkova,DenislavaGlushkova,BUL,2004-01-08
461,Astrid Lew Yan Foon,AstridLewYanFoon,FRA,2005-08-15
462,Laura Mair,LauraMair,ITA,2003-01-03
463,Emily Seibold,EmilySeibold,GER,2000-01-01
464,Kristina Kroitor,KristinaKroitor,RUS,2006-12-20
465,Venus Williams,VenusWilliams,USA,1980-06-17
466,Oceane Dodin,OceaneDodin,FRA,1996-10-24
467,Amarni Banks,AmarniBanks,GBR,2002-10-08
468,Priska Madelyn Nugroho,PriskaMadelynNugroho,INA,2003-05-29
469,Martina Okalova,MartinaOkalova,SVK,1997-06-05
470,Diana Martynov,DianaMartynov,FRA,2001-04-25
471,Cristina Diaz Adrover,CristinaDiazAdrover,ESP,2005-12-03
472,Valentini Grammatikopoulou,ValentiniGrammatikopoulou,GRE,1997-02-09
473,Rinko Matsuda,RinkoMatsuda,JPN,2005-04-10
474,Yuno Kitahara,YunoKitahara,JPN,2006-07-11
475,Wushuang Zheng,WushuangZheng,CHN,1998-11-29
476,Zhibek Kulambayeva,ZhibekKulambayeva,KAZ,2000-03-26
477,Ipek Oz,IpekOz,TUR,1999-07-08
478,Alena Kovackova,AlenaKovackova,CZE,2008-06-13
479,Kylie Collins,KylieCollins,USA,2002-12-04
480,Anastasia Abbagnato,AnastasiaAbbagnato,ITA,2003-11-19
481,Lidia Encheva,LidiaEncheva,BUL,2006-07-30
482,Ayano Shimizu,AyanoShimizu,JPN,1998-04-11
483,Sara Dols,SaraDols,ESP,2005-05-09
484,Robin Montgomery,RobinMontgomery,USA,2004-09-05
485,Maria Sara Popa,MariaSaraPopa,ROU,2005-07-29
486,Sofia Elena Cabezas Dominguez,SofiaElenaCabezasDominguez,VEN,2002-02-06
487,Aneta Kladivova,AnetaKladivova,CZE,2000-05-23
488,Gina Marie Dittmann,GinaMarieDittmann,GER,2002-09-10
489,Ikumi Yamazaki,IkumiYamazaki,JPN,2001-08-24
490,Julia Adams,JuliaAdams,USA,1999-09-23
491,Mariam Bolkvadze,MariamBolkvadze,GEO,1998-01-01
492,Tahlia Kokkinis,TahliaKokkinis,AUS,2008-08-11
493,Lucia Cortez Llorca,LuciaCortezLlorca,ESP,2000-06-05
494,Mathilde Lollia,MathildeLollia,FRA,2000-05-20
495,Katerina Tsygourova,KaterinaTsygourova,SUI,2000-05-11
496,Ekaterina Ovcharenko,EkaterinaOvcharenko,RUS,2000-12-31
497,Ylena In Albon,YlenaInAlbon,SUI,1999-03-06
498,Victoria Milovanova,VictoriaMilovanova,RUS,2007-03-01
499,Jule Niemeier,JuleNiemeier,GER,1999-08-12
500,Camilla Zanolini,CamillaZanolini,ITA,2003-03-26
501,Maria Golovina,MariaGolovina,RUS,2007-08-05
502,Rasheeda Mcadoo,RasheedaMcadoo,USA,1995-06-30
503,Ranah Akua Stoiber,RanahAkuaStoiber,GBR,2005-05-25
504,Meiqi Guo,MeiqiGuo,CHN,2000-01-09
505,Andre Lukosiute,AndreLukosiute,LTU,2001-06-23
506,Lan Mi,LanMi,CHN,2004-11-15
507,Yaroslava Bartashevich,YaroslavaBartashevich,FRA,2005-03-29
508,Jenny Lim,JennyLim,FRA,2005-01-17
509,Isabella Maria Serban,IsabellaMariaSerban,ROU,2006-03-28
510,Esther Adeshina,EstherAdeshina,GBR,2001-10-04
511,Hannah Klugman,HannahKlugman,GBR,2009-02-18
512,Nicole Fossa Huergo,NicoleFossaHuergo,ITA,1995-05-26
513,Shilin Xu,ShilinXu,CHN,1998-01-10
514,Luiza Fullana,LuizaFullana,BRA,2001-04-09
515,Lina Glushko,LinaGlushko,ISR,2000-01-12
516,Ekaterina Maklakova,EkaterinaMaklakova,RUS,2004-03-18
517,Hikaru Sato,HikaruSato,JPN,1999-04-05
518,Tessah Andrianjafitrimo,TessahAndrianjafitrimo,FRA,1998-10-11
519,Chengyiyi Yuan,ChengyiyiYuan,CHN,2000-08-24
520,Ekaterina Khayrutdinova,EkaterinaKhayrutdinova,RUS,2004-03-13
521,Reese Brantmeier,ReeseBrantmeier,USA,2004-10-05
522,Lucie Nguyen Tan,LucieNguyenTan,FRA,2003-05-30
523,Zeel Desai,ZeelDesai,IND,1999-02-18
524,Anca Alexia Todoni,AncaAlexiaTodoni,ROU,2004-10-10
525,Ana Candiotto,AnaCandiotto,BRA,2004-04-19
526,Beatrise Zeltina,BeatriseZeltina,LAT,2007-03-18
527,Nina Vargova,NinaVargova,SVK,2005-09-09
528,Destanee Aiava,DestaneeAiava,AUS,2000-05-10
529,Dana Guzman,DanaGuzman,PER,2003-03-22
530,Wakana Sonobe,WakanaSonobe,JPN,2008-01-17
531,Isis Louise Van Den Broek,IsisLouiseVanDenBroek,NED,2005-12-28
532,Natsuki Yoshimoto,NatsukiYoshimoto,JPN,2003-06-24
533,Antonia Schmidt,AntoniaSchmidt,GER,2001-06-23
534,Astra Sharma,AstraSharma,AUS,1995-09-11
535,Daria Lodikova,DariaLodikova,RUS,1996-05-25
536,Marie Vogt,MarieVogt,GER,2005-02-03
537,Arianna Zucchini,AriannaZucchini,ITA,2003-07-10
538,Ella Mcdonald,EllaMcdonald,GBR,2005-08-04
539,Ilinca Dalina Amariei,IlincaDalinaAmariei,ROU,2002-07-30
540,Elina Nepliy,ElinaNepliy,RUS,1997-10-23
541,Julia Stusek,JuliaStusek,GER,2008-06-23
542,Kayo Nishimura,KayoNishimura,JPN,2006-06-11
543,Josy Daems,JosyDaems,GER,2006-03-13
544,Jana Otzipka,JanaOtzipka,BEL,2005-02-01
545,Ema Burgic,EmaBurgic,BIH,1992-08-22
546,Jiayi Wang,JiayiWang,CHN,2007-09-08
547,Vitalia Diatchenko,VitaliaDiatchenko,RUS,1990-08-02
548,Enola Chiesa,EnolaChiesa,ITA,2000-07-16
549,Maria Fernanda Navarro Oliva,MariaFernandaNavarroOliva,MEX,1996-06-22
550,Lea Nilsson,LeaNilsson,SWE,2008-06-24
551,Ariana Geerlings,ArianaGeerlings,ESP,2005-09-01
552,Thaisa Grana Pedretti,ThaisaGranaPedretti,BRA,1999-05-15
553,Valeriya Strakhova,ValeriyaStrakhova,UKR,1995-06-09
554,Ying Zhang,YingZhang,CHN,1996-04-15
555,Aneta Laboutkova,AnetaLaboutkova,CZE,2000-05-10
556,Ekaterina Yashina,EkaterinaYashina,RUS,1993-08-06
557,Erika Sema,ErikaSema,JPN,1988-11-24
558,Iva Primorac,IvaPrimorac,CRO,1996-04-10
559,Monika Ekstrand,MonikaEkstrand,USA,2007-05-02
560,Julie Pastikova,JuliePastikova,CZE,2008-05-31
561,Mara Guth,MaraGuth,GER,2003-06-24
562,Anja Stankovic,AnjaStankovic,SRB,2005-06-13
563,Michika Ozeki,MichikaOzeki,JPN,1992-03-17
564,Ekaterina Perelygina,EkaterinaPerelygina,RUS,2006-08-11
565,Dalayna Hewitt,DalaynaHewitt,USA,2000-12-16
566,Oana Georgeta Simion,OanaGeorgetaSimion,ROU,1996-03-08
567,Fangzhou Liu,FangzhouLiu,CHN,1995-12-12
568,Bernarda Pera,BernardaPera,USA,1994-12-03
569,Emina Bektas,EminaBektas,USA,1993-03-30
570,Sara Daavettila,SaraDaavettila,USA,1997-12-17
571,Bianca Elena Barbulescu,BiancaElenaBarbulescu,ROU,2003-11-11
572,Sofia Rocchetti,SofiaRocchetti,ITA,2002-08-23
573,Alexis Blokhina,AlexisBlokhina,USA,2004-08-17
574,Elena Korokozidi,ElenaKorokozidi,GRE,2003-06-27
575,Katy Dunne,KatyDunne,GBR,1995-02-16
576,Jana Kovackova,JanaKovackova,CZE,2010-06-13
577,Bella Payne,BellaPayne,USA,2007-09-15
578,Daria Egorova,DariaEgorova,RUS,2007-06-22
579,Nellie Taraba Wallberg,NellieTarabaWallberg,SWE,2007-03-30
580,Ya Yi Yang,YaYiYang,TPE,2004-05-30
581,Tian Jialin,TianJialin,CHN,2006-10-04
582,Ksenia Efremova,KseniaEfremova,FRA,2009-04-28
583,Draginja Vukovic,DraginjaVukovic,SRB,2000-04-27
584,Tamila Gadamauri,TamilaGadamauri,BEL,2005-02-21
585,Ania Hertel,AniaHertel,POL,2000-10-27
586,Carmen Andreea Herea,CarmenAndreeaHerea,ROU,2005-11-28
587,Sarah Rokusek,SarahRokusek,AUS,2006-04-11
588,"Sofia Johnson</a></td><td align=""left"">GBR</td><td align=""right""></td></tr><tr><td align=""right"">589</td><td align=""left""><a href=""https://www.tennisabstract.com/cgi-bin/wplayer.cgi?p=MayukaAikawa"">Mayuka Aikawa",SofiaJohnson,JPN,1998-04-02
590,Arina Bulatova,ArinaBulatova,RUS,2006-04-18
591,Valentina Steiner,ValentinaSteiner,GER,2006-07-19
592,Adelina Lachinova,AdelinaLachinova,LAT,2008-02-10
593,Thasaporn Naklo,ThasapornNaklo,THA,2001-08-20
594,Angelica Raggi,AngelicaRaggi,ITA,1998-11-14
595,Mariella Thamm,MariellaThamm,GER,2009-08-21
596,Marie Weckerle,MarieWeckerle,LUX,2003-05-04
597,Ann Akasha Ceuca,AnnAkashaCeuca,GER,2006-11-08
598,Dune Vaissaud,DuneVaissaud,FRA,2007-02-15
599,Jana Kolodynska,JanaKolodynska,BLR,2003-08-10
600,Luciana Moyano,LucianaMoyano,ARG,2005-09-27
601,Daria Zelinskaya,DariaZelinskaya,RUS,2004-08-26
602,Dasha Ivanova,DashaIvanova,USA,1996-10-11
603,Kristina Dmitruk,KristinaDmitruk,BLR,2003-09-25
604,Ruth Roura Llaverias,RuthRouraLlaverias,ESP,2006-02-08
605,Briana Szabo,BrianaSzabo,ROU,2005-11-26
606,Luca Udvardy,LucaUdvardy,HUN,2005-11-04
607,Ava Markham,AvaMarkham,USA,1999-12-29
608,Clara Vlasselaer,ClaraVlasselaer,BEL,2001-03-03
609,Alice Gillan,AliceGillan,GBR,1998-08-15
610,Jaeda Daniel,JaedaDaniel,USA,1999-07-28
611,Valentina Ivanov,ValentinaIvanov,NZL,2001-03-27
612,Sara Cakarevic,SaraCakarevic,FRA,1997-03-12
613,Eleejah Inisan,EleejahInisan,FRA,2008-07-06
614,Mayu Crossley,MayuCrossley,JPN,2006-06-15
615,Adithya Karunaratne,AdithyaKarunaratne,SRI,2001-12-04
616,"Xinran Sun</a></td><td align=""left"">CHN</td><td align=""right""></td></tr><tr><td align=""right"">617</td><td align=""left""><a href=""https://www.tennisabstract.com/cgi-bin/wplayer.cgi?p=AnkitaRaina"">Ankita Raina",XinranSun,IND,1993-01-11
618,Carson Tanguilig,CarsonTanguilig,USA,2003-07-31
619,Berta Bonardi,BertaBonardi,ARG,1995-06-21
620,Yujia Huang,YujiaHuang,CHN,2002-11-18
621,Ana Grubor,AnaGrubor,CAN,2004-01-02
622,Pia Lovric,PiaLovric,SLO,2002-04-23
623,Carolina Kuhl,CarolinaKuhl,GER,2005-04-04
624,Alexandra Vagramov,AlexandraVagramov,CAN,2001-06-01
625,Gaia Maduzzi,GaiaMaduzzi,ITA,2006-04-30
626,Adrienn Nagy,AdriennNagy,HUN,2001-03-24
627,Alba Rey Garcia,AlbaReyGarcia,ESP,2002-06-29
628,Merna Refaat,MernaRefaat,EGY,2004-08-16
629,Savannah Broadus,SavannahBroadus,USA,2002-09-18
630,Maria Kalyakina,MariaKalyakina,RUS,2006-05-02
631,Jennifer Brady,JenniferBrady,USA,1995-04-12
632,Maria Kozyreva,MariaKozyreva,RUS,1999-05-22
633,"Thea Frodin</a></td><td align=""left"">USA</td><td align=""right""></td></tr><tr><td align=""right"">634</td><td align=""left""><a href=""https://www.tennisabstract.com/cgi-bin/wplayer.cgi?p=DunjaMaric"">Dunja Maric",TheaFrodin,SRB,2006-06-13
635,Naho Sato,NahoSato,JPN,2001-01-23
636,Ksenia Zaytseva,KseniaZaytseva,RUS,2004-09-13
637,Shrivalli Rashmikaa Bhamidipaty,ShrivalliRashmikaaBhamidipaty,IND,2001-12-12
638,Marie Mettraux,MarieMettraux,SUI,2000-04-07
639,Fiona Ganz,FionaGanz,SUI,2000-09-16
640,Amelie Van Impe,AmelieVanImpe,BEL,2004-07-19
641,Cheuk Ying Shek,CheukYingShek,HKG,2005-04-05
642,Milana Zhabrailova,MilanaZhabrailova,RUS,2003-02-10
643,Jodie Burrage,JodieBurrage,GBR,1999-05-28
644,Jenny Duerst,JennyDuerst,SUI,1999-03-25
645,Alize Lim,AlizeLim,FRA,1990-07-13
646,Indianna Spink,IndiannaSpink,GBR,2002-10-7
647,Iva Ivanova,IvaIvanova,BUL,2006-09-09
648,Astrid Cirotte,AstridCirotte,FRA,2003-12-16
649,Ashley Lahey,AshleyLahey,USA,1999-10-26
650,Demi Tran,DemiTran,NED,2000-11-26
651,Gabriella Da Silva Fick,GabriellaDaSilvaFick,AUS,2000-08-23
652,Anna Kubareva,AnnaKubareva,BLR,2001-02-06
653,Eva Maria Ionescu,EvaMariaIonescu,ROU,2007-06-09
654,Daria Yesypchuk,DariaYesypchuk,UKR,2005-10-04
655,Viola Turini,ViolaTurini,ITA,2005-12-13
656,Loes Ebeling Koning,LoesEbelingKoning,NED,2006-02-20
657,Johanne Christine Svendsen,JohanneChristineSvendsen,DEN,2004-05-15
658,Junhan Zhang,JunhanZhang,CHN,2007-04-16
659,Chenting Zhu,ChentingZhu,CHN,2007-09-13
660,Anna Petkovic,AnnaPetkovic,GER,2005-06-02
661,Ayumi Koshiishi,AyumiKoshiishi,JPN,2000-07-28
662,Maria Garcia Cid,MariaGarciaCid,ESP,2005-04-05
663,Rachel Gailis,RachelGailis,USA,2004-08-30
664,Irina Balus,IrinaBalus,SVK,2005-09-12
665,Eliska Tichackova,EliskaTichackova,CZE,2006-12-14
666,Haruna Arakawa,HarunaArakawa,JPN,1999-10-27
667,Kisa Yoshioka,KisaYoshioka,JPN,2000-09-02
668,Su Jeong Jang,SuJeongJang,KOR,1995-03-13
669,Hiroko Kuwata,HirokoKuwata,JPN,1990-12-18
670,Jessica Hinojosa Gomez,JessicaHinojosaGomez,MEX,1997-09-18
671,Yuliya Hatouka,YuliyaHatouka,BLR,2000-04-24
672,Aruzhan Sagandykova,AruzhanSagandykova,KAZ,2004-12-21
673,Sayaka Ishii,SayakaIshii,JPN,2005-08-31
674,Nauhany Vitoria Leme Da Silva,NauhanyVitoriaLemeDaSilva,BRA,2010-03-13
675,Urszula Radwanska,UrszulaRadwanska,POL,1990-12-07
676,Ellie Schoppe,EllieSchoppe,USA,2001-11-18
677,Maria Sholokhova,MariaSholokhova,RUS,2004-01-12
678,Emma Lene,EmmaLene,FRA,1999-07-15
679,Alyssa Reguer,AlyssaReguer,FRA,2006-05-04
680,Mary Lewis,MaryLewis,USA,1998-10-25
681,Olivia Lincer,OliviaLincer,USA,2004-12-17
682,Shiho Akita,ShihoAkita,JPN,1990-01-18
683,Rebecca Munk Mortensen,RebeccaMunkMortensen,DEN,2005-11-01
684,Marcelina Podlinska,MarcelinaPodlinska,POL,1999-05-27
685,Laia Petretic,LaiaPetretic,FRA,2004-04-07
686,Patricia Maria Tig,PatriciaMariaTig,ROU,1994-07-27
687,Beatrice Ricci,BeatriceRicci,ITA,2003-07-07
688,Eudice Wong Chong,EudiceWongChong,HKG,1996-04-22
689,Amy Zhu,AmyZhu,USA,1994-10-28
690,Meiling Wang,MeilingWang,CHN,2000-02-22
691,Petra Martic,PetraMartic,CRO,1991-01-19
692,Sachia Vickery,SachiaVickery,USA,1995-05-11
693,Stefani Webb,StefaniWebb,AUS,2005-03-20
694,Nika Radisic,NikaRadisic,SLO,2000-03-19
695,Irem Kurt,IremKurt,TUR,2007-06-07
696,Luna Vujovic,LunaVujovic,SRB,2009-07-24
697,Noelia Bouzo Zanotti,NoeliaBouzoZanotti,ESP,1999-09-06
698,Dasha Plekhanova,DashaPlekhanova,CAN,2004-02-19
699,Noelia Zeballos,NoeliaZeballos,BOL,1994-05-02
700,Anne Christine Lutkemeyer Obregon,AnneChristineLutkemeyerObregon,USA,2004-05-24
701,Anamaria Federica Oana,AnamariaFedericaOana,ROU,2007-07-18
702,Melisa Ercan,MelisaErcan,TUR,2005-09-01
703,Federica Sacco,FedericaSacco,ITA,2002-04-20
704,Franziska Sziedat,FranziskaSziedat,GER,2000-08-06
705,Tilwith Di Girolami,TilwithDiGirolami,BEL,2003-09-29
706,Yiming Dang,YimingDang,CHN,2004-08-30
707,Carmen Lopez Martinez,CarmenLopezMartinez,ESP,2005-04-23
708,Yuhan Wang,YuhanWang,CHN,2007-06-21
709,Sae Noguchi,SaeNoguchi,JPN,2007-03-26
710,"Ekaterina Tupitsyna</a></td><td align=""left"">RUS</td><td align=""right""></td></tr><tr><td align=""right"">711</td><td align=""left""><a href=""https://www.tennisabstract.com/cgi-bin/wplayer.cgi?p=PolinaKuharenko"">Polina Kuharenko",EkaterinaTupitsyna,BLR,2008-06-09
712,Marine Szostak,MarineSzostak,FRA,2002-01-02
713,Jenna Defalco,JennaDefalco,USA,2002-11-13
714,Nada Fouad,NadaFouad,EGY,2003-08-21
715,Lian Tran,LianTran,NED,2002-07-19
716,Jessica Bertoldo,JessicaBertoldo,ITA,1992-10-01
717,Sarah Iliev,SarahIliev,FRA,2006-10-03
718,Oceane Babel,OceaneBabel,FRA,2004-02-26
719,Edda Mamedova,EddaMamedova,RUS,2006-10-12
720,Rose Marie Nijkamp,RoseMarieNijkamp,NED,2006-02-03
721,Honoka Kobayashi,HonokaKobayashi,JPN,2000-04-23
722,Leonie Kung,LeonieKung,SUI,2000-10-21
723,Usue Maitane Arconada,UsueMaitaneArconada,USA,1998-10-28
724,Hong Yi Cody Wong,HongYiCodyWong,HKG,2002-03-14
725,Shannon Lam,ShannonLam,USA,2008-06-07
726,Margaux Maquet,MargauxMaquet,BEL,2001-10-10
727,Nina Stojanovic,NinaStojanovic,SRB,1996-07-30
728,Georgia Andreea Craciun,GeorgiaAndreeaCraciun,ROU,1999-07-14
729,Julia Konishi Camargo Silva,JuliaKonishiCamargoSilva,BRA,2000-01-26
730,"Kailey Evans</a></td><td align=""left"">USA</td><td align=""right""></td></tr><tr><td align=""right"">731</td><td align=""left""><a href=""https://www.tennisabstract.com/cgi-bin/wplayer.cgi?p=VladaMincheva"">Vlada Mincheva",KaileyEvans,RUS,2007-02-03
732,Mariia Tkacheva,MariiaTkacheva,RUS,2001-12-17
733,Kristina Novak,KristinaNovak,SLO,2000-08-03
734,Sophia Biolay,SophiaBiolay,FRA,2001-07-03
735,Salma Ewing,SalmaEwing,USA,2000-08-28
736,Neus Torner Sensano,NeusTornerSensano,ESP,2007-10-08
737,Masha Lazarenko,MashaLazarenko,UKR,2008-12-12
738,Merel Hoedt,MerelHoedt,NED,1999-08-20
739,Anastasiia Firman,AnastasiiaFirman,UKR,2006-12-29
740,Ruien Zhang,RuienZhang,CHN,2008-04-27
741,Shiyu Ye,ShiyuYe,CHN,2007-04-20
742,Linea Bajraliu,LineaBajraliu,SWE,2007-01-11
743,Ida Wobker,IdaWobker,GER,2010-09-08
744,Valeria Bhunu,ValeriaBhunu,ZIM,1995-04-03
745,Raphaelle Lacasse,RaphaelleLacasse,CAN,2000-08-16
746,Sabine Rutlauka,SabineRutlauka,LAT,2002-10-11
747,Zoziya Kardava,ZoziyaKardava,RUS,2001-07-15
748,Camilla Gennaro,CamillaGennaro,ITA,2003-09-30
749,Noemi Maines,NoemiMaines,ITA,2006-07-17
750,Anastasia Bertacchi,AnastasiaBertacchi,ITA,2006-12-18
751,Stefania Bojica,StefaniaBojica,ROU,2005-03-10
752,Karine Sarkisova,KarineSarkisova,RUS,1998-06-07
753,Karla Popovic,KarlaPopovic,CRO,1995-09-05
754,Marta Lombardini,MartaLombardini,ITA,2003-02-27
755,Maya Iyengar,MayaIyengar,USA,2007-06-10
756,Peangtarn Plipuech,PeangtarnPlipuech,THA,1992-11-15
757,Valeriya Yushchenko,ValeriyaYushchenko,RUS,1999-06-26
758,Petra Konjikusic,PetraKonjikusic,SRB,2007-06-07
759,Yingqun Sun,YingqunSun,CHN,2006-02-09
760,Nagi Hanatani,NagiHanatani,JPN,1995-03-07
761,Ivana Sebestova,IvanaSebestova,CZE,2001-03-04
762,Laima Vladson,LaimaVladson,LTU,2007-09-18
763,Anita Sahdiieva,AnitaSahdiieva,UKR,2004-01-21
764,Alexis Nguyen,AlexisNguyen,USA,2007-12-02
765,Giulia Safina Popa,GiuliaSafinaPopa,ROU,2009-11-09
766,Alice Robbe,AliceRobbe,FRA,2000-05-10
767,Monique Barry,MoniqueBarry,NZL,2002-06-21
768,Shruti Ahlawat,ShrutiAhlawat,IND,2006-06-16
769,Ha Eum Lee,HaEumLee,KOR,2008-06-24
770,Chelsea Fontenel,ChelseaFontenel,SUI,2004-06-25
771,Yuliana Lizarazo,YulianaLizarazo,COL,1993-05-23
772,Ani Amiraghyan,AniAmiraghyan,ARM,1993-10-09
773,Tiana Tian Deng,TianaTianDeng,SWE,2008-07-05
774,Xi Luo,XiLuo,CHN,2007-12-16
775,Belle Thompson,BelleThompson,AUS,1999-11-19
776,Alyssa Ahn,AlyssaAhn,USA,2006-12-27
777,Meng Yi Chen,MengYiChen,CHN,2003-01-19
778,Jimar Geraldine Gerald Gonzalez,JimarGeraldineGeraldGonzalez,CHI,2002-01-17
779,Nadia Podoroska,NadiaPodoroska,ARG,1997-02-10
780,Luisa Meyer Auf Der Heide,LuisaMeyerAufDerHeide,GER,2002-01-31
781,Ayumi Miyamoto,AyumiMiyamoto,JPN,2000-12-18
782,Yasmin Ezzat,YasminEzzat,EGY,2003-08-27
783,"Francesca Gandolfi</a></td><td align=""left"">ITA</td><td align=""right""></td></tr><tr><td align=""right"">784</td><td align=""left""><a href=""https://www.tennisabstract.com/cgi-bin/wplayer.cgi?p=CarolineGarcia"">Caroline Garcia",FrancescaGandolfi,FRA,1993-10-16
785,Mia Horvit,MiaHorvit,USA,1997-07-23
786,"Ulyana Hrabavets</a></td><td align=""left"">BLR</td><td align=""right""></td></tr><tr><td align=""right"">787</td><td align=""left""><a href=""https://www.tennisabstract.com/cgi-bin/wplayer.cgi?p=CocoBosman"">Coco Bosman",UlyanaHrabavets,NED,2003-03-12
788,Laura Svatikova,LauraSvatikova,SVK,1994-04-29
789,Madelief Hageman,MadeliefHageman,NED,2003-01-28
790,Riya Bhatia,RiyaBhatia,IND,1997-09-24
791,Gaeul Jang,GaeulJang,KOR,2006-09-30
792,"Kanon Sawashiro</a></td><td align=""left"">JPN</td><td align=""right""></td></tr><tr><td align=""right"">793</td><td align=""left""><a href=""https://www.tennisabstract.com/cgi-bin/wplayer.cgi?p=YujinKim"">Yujin Kim",KanonSawashiro,KOR,2005-06-10
794,Anna Snigireva,AnnaSnigireva,RUS,2007-12-22
795,Shiho Tsujioka,ShihoTsujioka,JPN,2007-01-14
796,Jiangxue Han,JiangxueHan,CHN,2001-11-28
797,Evialina Laskevich,EvialinaLaskevich,BLR,2004-11-10
798,Punnin Kovapitukted,PunninKovapitukted,THA,2003-02-05
799,Kateryna Lazarenko,KaterynaLazarenko,UKR,2004-11-07
800,Kamilla Bartone,KamillaBartone,LAT,2002-06-07
801,Adriana Reami,AdrianaReami,USA,1997-11-13
802,"Luna Maria Cinalli</a></td><td align=""left"">ARG</td><td align=""right""></td></tr><tr><td align=""right"">803</td><td align=""left""><a href=""https://www.tennisabstract.com/cgi-bin/wplayer.cgi?p=CarmenGallardoGuevara"">Carmen Gallardo Guevara</a></td><td align=""left"">ESP</td><td align=""right""></td></tr><tr><td align=""right"">804</td><td align=""left""><a href=""https://www.tennisabstract.com/cgi-bin/wplayer.cgi?p=VictoriaGomez"">Victoria Gomez",LunaMariaCinalli,ESP,2003-11-13
805,Amy Sucha,AmySucha,CZE,2007-11-29
806,Julia Stamatova,JuliaStamatova,BUL,1993-06-04
807,Dabin Kim,DabinKim,KOR,1997-01-02
808,Marianne Argyrokastriti,MarianneArgyrokastriti,GRE,2001-10-01
809,Arina Gabriela Vasilescu,ArinaGabrielaVasilescu,ROU,1997-03-06
810,Onyu Choi,OnyuChoi,KOR,2006-12-29
811,Klara Veldman,KlaraVeldman,NED,2003-12-15
812,Carolina Bohrer Martins,CarolinaBohrerMartins,BRA,2007-09-15
813,Marie Villet,MarieVillet,FRA,1996-11-17
814,Lucie Petruzelova,LuciePetruzelova,CZE,2002-08-30
815,Linda Sevcikova,LindaSevcikova,CZE,1998-06-09
816,Nadiia Kolb,NadiiaKolb,UKR,1993-01-19
817,Christasha Mcneil,ChristashaMcneil,USA,2006-10-03
818,"Olga Danilova</a></td><td align=""left"">CYP</td><td align=""right""></td></tr><tr><td align=""right"">819</td><td align=""left""><a href=""https://www.tennisabstract.com/cgi-bin/wplayer.cgi?p=SalmaDrugdova"">Salma Drugdova",OlgaDanilova,SVK,2004-12-09
820,Ella Haavisto,EllaHaavisto,FIN,2002-03-28
821,Ksenia Laskutova,KseniaLaskutova,RUS,1996-08-29
822,Maria Fernanda Herazo Gonzalez,MariaFernandaHerazoGonzalez,COL,1997-03-22
823,Valentina Mediorreal Arias,ValentinaMediorrealArias,COL,2007-03-02
824,Sarah Melany Fajmonova,SarahMelanyFajmonova,CZE,2007-03-09
825,Ava Hrastar,AvaHrastar,USA,2002-02-27
826,Ya Hsuan Lee,YaHsuanLee,TPE,1995-07-20
827,Maria Toma,MariaToma,ROU,1999-01-25
828,Isabella Barrera Aguirre,IsabellaBarreraAguirre,USA,2003-03-07
829,Malene Helgo,MaleneHelgo,NOR,1999-08-26
830,Robin Anderson,RobinAnderson,USA,1993-04-12
831,Darja Suvirdjonkova,DarjaSuvirdjonkova,SRB,2005-06-16
832,Maria Oliver Sanchez,MariaOliverSanchez,ESP,2000-05-14
833,Diana Marcinkevica,DianaMarcinkevica,LAT,1992-08-03
834,Eugenie Bouchard,EugenieBouchard,CAN,1994-02-25
835,Yushan Shao,YushanShao,CHN,2008-12-26
836,Laquisa Khan,LaquisaKhan,AUS,2002-11-11
837,"Allegra Korpanec Davies</a></td><td align=""left"">GBR</td><td align=""right""></td></tr><tr><td align=""right"">838</td><td align=""left""><a href=""https://www.tennisabstract.com/cgi-bin/wplayer.cgi?p=FelitsataDorofeevaRybas"">Felitsata Dorofeeva Rybas</a></td><td align=""left"">RUS</td><td align=""right""></td></tr><tr><td align=""right"">839</td><td align=""left""><a href=""https://www.tennisabstract.com/cgi-bin/wplayer.cgi?p=YuhanLiu"">Yuhan Liu",AllegraKorpanecDavies,CHN,2003-08-31
840,Valeriia Artemeva,ValeriiaArtemeva,RUS,2007-06-09
841,Lilian Poling,LilianPoling,USA,1997-12-30
842,"Anna Frey</a></td><td align=""left"">USA</td><td align=""right""></td></tr><tr><td align=""right"">843</td><td align=""left""><a href=""https://www.tennisabstract.com/cgi-bin/wplayer.cgi?p=SelinaDal"">Selina Dal",AnnaFrey,GER,2001-11-28
844,"Chukwumelije Clarke</a></td><td align=""left"">USA</td><td align=""right""></td></tr><tr><td align=""right"">845</td><td align=""left""><a href=""https://www.tennisabstract.com/cgi-bin/wplayer.cgi?p=SophiaFry"">Sophia Fry",ChukwumelijeClarke,AUS,2000-07-31
846,Johanna Silva,JohannaSilva,GER,1997-11-15
847,Kate Mansfield,KateMansfield,USA,2004-10-24
848,Lorena Solar Donoso,LorenaSolarDonoso,ESP,2007-06-07
849,Kristina Mladenovic,KristinaMladenovic,FRA,1993-05-14
850,Julia Garcia Ruiz,JuliaGarciaRuiz,MEX,2003-08-05
851,Brooke Black,BrookeBlack,GBR,2007-11-20
852,Monika Stankiewicz,MonikaStankiewicz,POL,2006-10-24
853,Camila Romero,CamilaRomero,ECU,1998-10-05
854,Akanksha Dileep Nitture,AkankshaDileepNitture,IND,2003-03-08
855,Suha Lee,SuhaLee,KOR,2008-12-08
856,"Denisa Zoldakova</a></td><td align=""left"">CZE</td><td align=""right""></td></tr><tr><td align=""right"">857</td><td align=""left""><a href=""https://www.tennisabstract.com/cgi-bin/wplayer.cgi?p=ChloeNoel"">Chloe Noel",DenisaZoldakova,FRA,2004-03-22
858,Elena Jamshidi,ElenaJamshidi,DEN,2001-03-16
859,Jamilah Snells,JamilahSnells,USA,2002-08-29
860,Jessica Failla,JessicaFailla,USA,1997-07-05
861,Gyeong Seo Lee,GyeongSeoLee,KOR,2005-03-21
862,Iveta Dapkute,IvetaDapkute,LTU,1993-01-29
863,Maia Ilinca Burcescu,MaiaIlincaBurcescu,ROU,2009-11-26
864,Yanan Hou,YananHou,CHN,2005-05-27
865,Jizelle Sibai,JizelleSibai,AUS,2009-10-01
866,"Alina Trynkina</a></td><td align=""left"">RUS</td><td align=""right""></td></tr><tr><td align=""right"">867</td><td align=""left""><a href=""https://www.tennisabstract.com/cgi-bin/wplayer.cgi?p=SofiaRojas"">Sofia Rojas",AlinaTrynkina,ECU,1995-08-01
868,Ophelie Boullay,OphelieBoullay,FRA,2008-03-25
869,Janae Preston,JanaePreston,USA,2010-08-13
870,Elza Tomase,ElzaTomase,LAT,2002-01-02
871,Zuzanna Kolonus,ZuzannaKolonus,POL,2005-06-29
872,Sara Mikaca,SaraMikaca,BIH,2003-03-24
873,Maayan Laron,MaayanLaron,ISR,2007-07-18
874,Paula Cembranos,PaulaCembranos,SUI,2004-01-10
875,Lavinia Tanasie,LaviniaTanasie,ROU,2003-12-12
876,Valeria Savinykh,ValeriaSavinykh,RUS,1991-02-20
877,"Ksenia Smirnova</a></td><td align=""left"">RUS</td><td align=""right""></td></tr><tr><td align=""right"">878</td><td align=""left""><a href=""https://www.tennisabstract.com/cgi-bin/wplayer.cgi?p=RaquelGonzalezVilar"">Raquel Gonzalez Vilar",KseniaSmirnova,ESP,2004-04-05
879,Mao Mushika,MaoMushika,JPN,2005-07-21
880,Victoria Osuigwe,VictoriaOsuigwe,USA,2006-12-12
881,Polina Leykina,PolinaLeykina,RUS,1994-09-20
882,Louna Zoppas,LounaZoppas,FRA,2007-03-12
883,Diana Ioana Simionescu,DianaIoanaSimionescu,ROU,2007-08-03
884,Arina Varaksina,ArinaVaraksina,RUS,2007-03-18
885,Claudia Ferrer Perez,ClaudiaFerrerPerez,ESP,2006-07-14
886,Ustiniya Lekomtseva,UstiniyaLekomtseva,RUS,2006-09-13
887,Anja Wildgruber,AnjaWildgruber,GER,2002-03-04
888,Natalia Sousa Salazar,NataliaSousaSalazar,MEX,2006-05-16
889,Ruby Cooling,RubyCooling,GBR,2007-11-03
890,"Alja Senica</a></td><td align=""left"">SLO</td><td align=""right""></td></tr><tr><td align=""right"">891</td><td align=""left""><a href=""https://www.tennisabstract.com/cgi-bin/wplayer.cgi?p=ElyseTse"">Elyse Tse",AljaSenica,NZL,2004-04-10
892,"Capucine Jauffret</a></td><td align=""left"">USA</td><td align=""right""></td></tr><tr><td align=""right"">893</td><td align=""left""><a href=""https://www.tennisabstract.com/cgi-bin/wplayer.cgi?p=DidiBredbergCanizares"">Didi Bredberg Canizares",CapucineJauffret,USA,2004-07-29
894,Ava Rodriguez,AvaRodriguez,USA,2008-05-22
895,Carolin Raschdorf,CarolinRaschdorf,GER,2006-09-03
896,Angelina Wirges,AngelinaWirges,GER,2002-06-17
897,Sabastiani Leon,SabastianiLeon,MEX,1992-03-23
898,Georgina Garcia Perez,GeorginaGarciaPerez,ESP,1992-05-13
899,Anna Pircher,AnnaPircher,AUT,2010-05-04
900,"Welles Newman</a></td><td align=""left"">USA</td><td align=""right""></td></tr><tr><td align=""right"">901</td><td align=""left""><a href=""https://www.tennisabstract.com/cgi-bin/wplayer.cgi?p=AysegulMert"">Aysegul Mert",WellesNewman,TUR,2004-04-17
902,Sonja Zhiyenbayeva,SonjaZhiyenbayeva,GER,2006-07-02
903,Petra Sedlackova,PetraSedlackova,CZE,2001-08-07
904,Anastasija Cvetkovic,AnastasijaCvetkovic,SRB,2008-06-25
905,Aspen Schuman,AspenSchuman,USA,2007-07-06
906,Annika Penickova,AnnikaPenickova,USA,2009-09-11
907,Emma Jackson,EmmaJackson,USA,2002-11-23
908,Francoise Abanda,FrancoiseAbanda,CAN,1997-02-05
909,Lauryn John Baptiste,LaurynJohnBaptiste,GBR,1999-07-26
910,Mana Kawamura,ManaKawamura,JPN,2001-08-06
911,Maddalena Giordano,MaddalenaGiordano,ITA,2003-05-21
912,Marta Soriano Santiago,MartaSorianoSantiago,ESP,2006-04-20
913,Yanina Wickmayer,YaninaWickmayer,BEL,1989-10-20
914,Ekaterina Makarova,EkaterinaMakarova,RUS,1996-02-15
915,Ana Konjuh,AnaKonjuh,CRO,1997-12-27
916,Makenna Jones,MakennaJones,USA,1998-02-26
917,Emma Kamper,EmmaKamper,DEN,2004-06-25
918,Suana Tucakovic,SuanaTucakovic,BIH,2004-10-25
919,Sera Nishimoto,SeraNishimoto,JPN,2001-01-02
920,Solymar Colling,SolymarColling,USA,2000-04-21
921,Nanari Katsumi,NanariKatsumi,JPN,2003-02-17
922,Charo Esquiva Banuls,CharoEsquivaBanuls,ESP,2008-03-12
923,Sonal Patil,SonalPatil,IND,2005-02-18
924,Elizabeth Coleman,ElizabethColeman,USA,2003-03-21
925,Ashleigh Simes,AshleighSimes,AUS,2003-02-05
926,Eliz Maloney,ElizMaloney,GBR,2000-08-10
927,Amelia Paszun,AmeliaPaszun,POL,2007-09-02
928,Wozuko Mdlulwa,WozukoMdlulwa,RSA,2007-08-16
929,Lavinia Luciano,LaviniaLuciano,ITA,2006-12-24
930,Aleksandra Krunic,AleksandraKrunic,SRB,1993-03-15
931,Ana Filipa Santos,AnaFilipaSantos,POR,1996-02-12
932,Candela Vazquez,CandelaVazquez,ARG,2008-08-15
933,Lya Fernandez,LyaFernandez,MEX,2007-07-24
934,Joy De Zeeuw,JoyDeZeeuw,NED,2006-05-15
935,Julieta Lara Estable,JulietaLaraEstable,ARG,1997-07-15
936,Tianmei Wang,TianmeiWang,USA,2007-03-19
937,Federica Di Sarra,FedericaDiSarra,ITA,1990-05-16
938,Lucie Urbanova,LucieUrbanova,CZE,2006-02-14
939,Beatrice Stagno,BeatriceStagno,ITA,2003-03-13
940,Michaela Bayerlova,MichaelaBayerlova,CZE,1998-12-14
941,Teah Chavez,TeahChavez,CAN,2005-12-17
942,Abigail Rencheli,AbigailRencheli,MDA,2002-04-05
943,Agustina Chlpac,AgustinaChlpac,ARG,1997-02-10
944,Arina Arifullina,ArinaArifullina,RUS,2006-01-22
945,Celia Cervino Ruiz,CeliaCervinoRuiz,ESP,1997-12-14
946,Polina Bakhmutkina,PolinaBakhmutkina,RUS,1999-04-25
947,Amina Anshba,AminaAnshba,RUS,1999-09-09
948,Maria Camila Torres Murcia,MariaCamilaTorresMurcia,COL,2002-11-10
949,Kallista Liu,KallistaLiu,USA,2004-06-01
950,Ela Nala Milic,ElaNalaMilic,SLO,2006-01-01
951,"Stefaniya Pushkar</a></td><td align=""left"">UKR</td><td align=""right""></td></tr><tr><td align=""right"">952</td><td align=""left""><a href=""https://www.tennisabstract.com/cgi-bin/wplayer.cgi?p=RomaneLongueville"">Romane Longueville",StefaniyaPushkar,BEL,2005-04-18
953,Asylzhan Arystanbekova,AsylzhanArystanbekova,KAZ,2006-03-01
954,Simona Ogescu,SimonaOgescu,ROU,2002-10-05
955,Ana Bogdan,AnaBogdan,ROU,1992-11-25
956,Maria Jose Portillo Ramirez,MariaJosePortilloRamirez,MEX,1999-05-08
957,Victoria Pohle,VictoriaPohle,GER,2007-06-29
958,Polina Skliar,PolinaSkliar,UKR,2010-10-24
959,Lyubov Kostenko,LyubovKostenko,UKR,2003-03-28
960,"Anna Sedysheva</a></td><td align=""left"">RUS</td><td align=""right""></td></tr><tr><td align=""right"">961</td><td align=""left""><a href=""https://www.tennisabstract.com/cgi-bin/wplayer.cgi?p=EvgeniyaBurdina"">Evgeniya Burdina",AnnaSedysheva,RUS,2001-01-17
962,"Alesia Breaz</a></td><td align=""left"">ROU</td><td align=""right""></td></tr><tr><td align=""right"">963</td><td align=""left""><a href=""https://www.tennisabstract.com/cgi-bin/wplayer.cgi?p=AliciaSmith"">Alicia Smith",AlesiaBreaz,AUS,1996-09-27
964,Sevil Yuldasheva,SevilYuldasheva,UZB,2002-01-09
965,Marie Mattel,MarieMattel,FRA,2000-01-07
966,Daria Kudashova,DariaKudashova,RUS,2003-03-28
967,Selina Atay,SelinaAtay,TUR,2001-11-20
968,"Victoria Luiza Barros</a></td><td align=""left"">BRA</td><td align=""right""></td></tr><tr><td align=""right"">969</td><td align=""left""><a href=""https://www.tennisabstract.com/cgi-bin/wplayer.cgi?p=KrishaMahendran"">Krisha Mahendran",VictoriaLuizaBarros,IND,2007-01-20
970,Francesca Mattioli,FrancescaMattioli,ITA,2006-07-04
971,Antonia Stoyanov,AntoniaStoyanov,NED,2009-09-15
972,"Misa Malkin</a></td><td align=""left"">USA</td><td align=""right""></td></tr><tr><td align=""right"">973</td><td align=""left""><a href=""https://www.tennisabstract.com/cgi-bin/wplayer.cgi?p=AyaElSayed"">Aya El Sayed",MisaMalkin,EGY,2001-05-31
974,Ingrid Carolina Millan,IngridCarolinaMillan,MEX,2001-11-03
975,Jo Yee Chan,JoYeeChan,USA,2004-02-02
976,"Jaedan Brown</a></td><td align=""left"">USA</td><td align=""right""></td></tr><tr><td align=""right"">977</td><td align=""left""><a href=""https://www.tennisabstract.com/cgi-bin/wplayer.cgi?p=InkaWawrzkiewicz"">Inka Wawrzkiewicz",JaedanBrown,POL,2008-04-25
978,Sina Herrmann,SinaHerrmann,GER,2001-10-24
979,"Eva Marie Desvignes</a></td><td align=""left"">FRA</td><td align=""right""></td></tr><tr><td align=""right"">980</td><td align=""left""><a href=""https://www.tennisabstract.com/cgi-bin/wplayer.cgi?p=ClarissaBlomqvist"">Clarissa Blomqvist",EvaMarieDesvignes,FIN,2004-11-26
981,Patricia Georgiana Goina,PatriciaGeorgianaGoina,ROU,2005-03-25
982,Petra Kvitova,PetraKvitova,CZE,1990-03-08
983,Mihaela Buzarnescu,MihaelaBuzarnescu,ROU,1988-05-04
984,Daphnee Mpetshi Perricard,DaphneeMpetshiPerricard,FRA,2008-11-21
985,Defne Cirpanli,DefneCirpanli,TUR,2004-10-08
986,"Ada Kumru</a></td><td align=""left"">TUR</td><td align=""right""></td></tr><tr><td align=""right"">987</td><td align=""left""><a href=""https://www.tennisabstract.com/cgi-bin/wplayer.cgi?p=MidoriCastilloMeza"">Midori Castillo Meza",AdaKumru,USA,2003-11-16
988,Veronica Miroshnichenko,VeronicaMiroshnichenko,RUS,1997-11-19
989,Stephanie Wagner,StephanieWagner,GER,1994-09-17
990,Shihomi Li Xuan Leong,ShihomiLiXuanLeong,MAS,2007-06-06
991,Nadia Lagaev,NadiaLagaev,CAN,2008-01-18
992,Rikke De Koning,RikkeDeKoning,NED,2003-05-04
993,Chihiro Muramatsu,ChihiroMuramatsu,JPN,1998-05-22
994,I Wen Wan,IWenWan,TPE,2006-11-04
995,Helena Stevic,HelenaStevic,FRA,2002-03-05
996,Eri Hozumi,EriHozumi,JPN,1994-02-17
997,Eszter Meri,EszterMeri,SVK,2002-12-11
998,"Aishi Das</a></td><td align=""left"">NZL</td><td align=""right""></td></tr><tr><td align=""right"">999</td><td align=""left""><a href=""https://www.tennisabstract.com/cgi-bin/wplayer.cgi?p=AnneSchaefer"">Anne Schaefer",AishiDas,GER,1987-03-01
1000,Anna Pushkareva,AnnaPushkareva,RUS,2009-04-22
1001,Tina Manescu,TinaManescu,GER,2010-01-22
1002,Arabella Koller,ArabellaKoller,AUT,2000-08-31
1003,Anastasiya Kuparev,AnastasiyaKuparev,GER,2001-06-04
1004,Cherry Kim,CherryKim,KOR,2000-02-29
1005,Kamonwan Yodpetch,KamonwanYodpetch,THA,2007-09-10
1006,Natsuho Arakawa,NatsuhoArakawa,JPN,1997-09-03
1007,"Sara Victoria Balan</a></td><td align=""left"">ROU</td><td align=""right""></td></tr><tr><td align=""right"">1008</td><td align=""left""><a href=""https://www.tennisabstract.com/cgi-bin/wplayer.cgi?p=MilaMasic"">Mila Masic",SaraVictoriaBalan,SRB,1997-11-29
1009,Emma Slavikova,EmmaSlavikova,CZE,2003-01-24
1010,"Giulia Paterno</a></td><td align=""left"">ITA</td><td align=""right""></td></tr><tr><td align=""right"">1011</td><td align=""left""><a href=""https://www.tennisabstract.com/cgi-bin/wplayer.cgi?p=SofiaMartianova"">Sofia Martianova</a></td><td align=""left"">RUS</td><td align=""right""></td></tr><tr><td align=""right"">1012</td><td align=""left""><a href=""https://www.tennisabstract.com/cgi-bin/wplayer.cgi?p=AmelieJustineHejtmanek"">Amelie Justine Hejtmanek</a></td><td align=""left"">GER</td><td align=""right""></td></tr><tr><td align=""right"">1013</td><td align=""left""><a href=""https://www.tennisabstract.com/cgi-bin/wplayer.cgi?p=MariaMateas"">Maria Mateas",GiuliaPaterno,USA,1999-07-21
1014,Kristina Penickova,KristinaPenickova,USA,2009-09-11
1015,Petra Hule,PetraHule,AUS,1999-03-05
1016,Ilay Yoruk,IlayYoruk,TUR,2001-11-05
1017,Gloriana Goreti Nahum,GlorianaGoretiNahum,BEN,2006-10-02
1018,Gabriella Broadfoot,GabriellaBroadfoot,RSA,2004-11-01
1019,Heerae Im,HeeraeIm,KOR,2004-02-11
1019,Yu Jin Ahn,YuJinAhn,KOR,1997-03-13
1021,Astrid Wanja Brune Olsen,AstridWanjaBruneOlsen,NOR,1999-06-23
1021,Jacqueline Cabaj Awad,JacquelineCabajAwad,SWE,1996-01-28
1023,Barbora Michalkova,BarboraMichalkova,CZE,2006-04-03
1024,Fang An Lin,FangAnLin,TPE,2005-05-16
1025,Chia Yi Tsao,ChiaYiTsao,TPE,2003-12-02
1026,Liv Boulard,LivBoulard,FRA,2008-01-02
1027,Viktoria Veleva,ViktoriaVeleva,BUL,2004-04-07
1028,Elena Teodora Cadar,ElenaTeodoraCadar,ROU,1994-02-24
1029,Nicole Gadient,NicoleGadient,SUI,1998-08-07
1030,Jesika Maleckova,JesikaMaleckova,CZE,1994-08-16
1031,Fanny Norin,FannyNorin,SWE,2001-11-11
1032,Diae El Jardi,DiaeElJardi,MAR,2000-10-13
1033,Catherine Aulia,CatherineAulia,AUS,2004-05-07
1034,Charlotte Keitel,CharlotteKeitel,GER,2005-04-25
1035,Barbara Kostecka,BarbaraKostecka,POL,2009-06-04
1035,Lily Taylor,LilyTaylor,AUS,2006-09-02
1037,"Isabel Skoog</a></td><td align=""left"">SWE</td><td align=""right""></td></tr><tr><td align=""right"">1038</td><td align=""left""><a href=""https://www.tennisabstract.com/cgi-bin/wplayer.cgi?p=VictoriaMulville"">Victoria Mulville",IsabelSkoog,USA,2001-12-15
1039,Seda Baslilar,SedaBaslilar,FRA,2008-05-11
1040,Kolie Allen,KolieAllen,USA,2000-03-17
1041,Allura Zamarripa,AlluraZamarripa,USA,2002-08-15
1042,Cristiana Nicoleta Todoni,CristianaNicoletaTodoni,ROU,2006-12-06
1043,Jenna Dean,JennaDean,USA,2000-06-18
1043,"Mutsumi Uemura</a></td><td align=""left"">JPN</td><td align=""right""></td></tr><tr><td align=""right"">1045</td><td align=""left""><a href=""https://www.tennisabstract.com/cgi-bin/wplayer.cgi?p=ClaudiaSofiaMartinezSolis"">Claudia Sofia Martinez Solis",MutsumiUemura,MEX,2004-03-02
1046,Barbara Dessolis,BarbaraDessolis,ITA,2001-09-21
1047,Sofia Da Cruz Mendonca,SofiaDaCruzMendonca,BRA,2002-03-09
1048,Giselle Isabella Guillen,GiselleIsabellaGuillen,AUS,2008-05-21
1049,Mara Gae,MaraGae,ROU,2005-09-14
1050,Eleonora Alvisi,EleonoraAlvisi,ITA,2003-03-13
1051,Kim Chiarello,KimChiarello,FRA,2004-06-28
1052,Yekaterina Dmitrichenko,YekaterinaDmitrichenko,KAZ,2001-10-16
1053,"Yu Jun Lin</a></td><td align=""left"">CHN</td><td align=""right""></td></tr><tr><td align=""right"">1054</td><td align=""left""><a href=""https://www.tennisabstract.com/cgi-bin/wplayer.cgi?p=AnastasiiaGureva"">Anastasiia Gureva",YuJunLin,RUS,2005-03-24
1055,Tegan Bush,TeganBush,GBR,2008-11-02
1056,"Anastasia Lizunova</a></td><td align=""left"">RUS</td><td align=""right""></td></tr><tr><td align=""right"">1056</td><td align=""left""><a href=""https://www.tennisabstract.com/cgi-bin/wplayer.cgi?p=ArlindaRushiti"">Arlinda Rushiti",AnastasiaLizunova,SUI,1999-03-27
1058,Lucia Peyre,LuciaPeyre,ARG,2005-07-26
1059,"Anna Kartseva</a></td><td align=""left"">RUS</td><td align=""right""></td></tr><tr><td align=""right"">1060</td><td align=""left""><a href=""https://www.tennisabstract.com/cgi-bin/wplayer.cgi?p=CaraKorhonen"">Cara Korhonen</a></td><td align=""left"">AUS</td><td align=""right""></td></tr><tr><td align=""right"">1061</td><td align=""left""><a href=""https://www.tennisabstract.com/cgi-bin/wplayer.cgi?p=AlexandraVasilyeva"">Alexandra Vasilyeva",AnnaKartseva,RUS,2001-12-18
1062,Miyu Nakashima,MiyuNakashima,JPN,2001-01-05
1063,Lisa Claeys,LisaClaeys,BEL,2003-03-09
1064,"Jeong Moon</a></td><td align=""left"">KOR</td><td align=""right""></td></tr><tr><td align=""right"">1065</td><td align=""left""><a href=""https://www.tennisabstract.com/cgi-bin/wplayer.cgi?p=BrandyWalker"">Brandy Walker",JeongMoon,USA,1997-05-21
1066,Meritxell Teixido Garcia,MeritxellTeixidoGarcia,ESP,2007-06-30
1067,Valentina Losciale,ValentinaLosciale,ITA,1997-01-04
1068,Alexandra Osborne,AlexandraOsborne,AUS,1995-04-08
1069,Sonja Zhenikhova,SonjaZhenikhova,GER,2008-05-21
1070,Maaya Rajeshwaran Revathi,MaayaRajeshwaranRevathi,IND,2009-06-12
1071,D J Bennett,DJBennett,USA,2003-08-28
1071,"Deniz Dilek</a></td><td align=""left"">TUR</td><td align=""right""></td></tr><tr><td align=""right"">1071</td><td align=""left""><a href=""https://www.tennisabstract.com/cgi-bin/wplayer.cgi?p=KennedyDrenserHagmann"">Kennedy Drenser Hagmann",DenizDilek,USA,2009-04-03
1071,"Sara Dahlstrom</a></td><td align=""left"">SWE</td><td align=""right""></td></tr><tr><td align=""right"">1075</td><td align=""left""><a href=""https://www.tennisabstract.com/cgi-bin/wplayer.cgi?p=NinaRadovanovic"">Nina Radovanovic",SaraDahlstrom,FRA,2003-10-22
1076,"Kurea Hayasaka</a></td><td align=""left"">JPN</td><td align=""right""></td></tr><tr><td align=""right"">1077</td><td align=""left""><a href=""https://www.tennisabstract.com/cgi-bin/wplayer.cgi?p=AdrianaTkachenko"">Adriana Tkachenko",KureaHayasaka,UKR,2007-06-26
1077,Emily Sartz Lunde,EmilySartzLunde,NOR,2006-01-12
1079,"Ruirui Zou</a></td><td align=""left"">CHN</td><td align=""right""></td></tr><tr><td align=""right"">1080</td><td align=""left""><a href=""https://www.tennisabstract.com/cgi-bin/wplayer.cgi?p=MandegarFarzami"">Mandegar Farzami</a></td><td align=""left"">IRI</td><td align=""right""></td></tr><tr><td align=""right"">1081</td><td align=""left""><a href=""https://www.tennisabstract.com/cgi-bin/wplayer.cgi?p=LorenaSchaedel"">Lorena Schaedel</a></td><td align=""left"">GER</td><td align=""right""></td></tr><tr><td align=""right"">1082</td><td align=""left""><a href=""https://www.tennisabstract.com/cgi-bin/wplayer.cgi?p=AlisaVasileva"">Alisa Vasileva",RuiruiZou,RUS,2005-10-21
1083,Krystyna Pochtovyk,KrystynaPochtovyk,UKR,1998-09-15
1084,Ru Xi Wu,RuXiWu,CHN,2008-08-01
1085,Katarzyna Piter,KatarzynaPiter,POL,1991-02-16
1086,Maria Paulina Perez Garcia,MariaPaulinaPerezGarcia,COL,1996-01-10
1087,"Tea Kovacevic</a></td><td align=""left"">BIH</td><td align=""right""></td></tr><tr><td align=""right"">1088</td><td align=""left""><a href=""https://www.tennisabstract.com/cgi-bin/wplayer.cgi?p=LaetitiaSarrazin"">Laetitia Sarrazin",TeaKovacevic,FRA,1993-03-08
1088,Lea Tholey,LeaTholey,FRA,1995-09-03
1088,Marilouise Van Zyl,MarilouiseVanZyl,RSA,2006-04-25
1088,Patricija Paukstyte,PatricijaPaukstyte,LTU,2004-09-13
1088,Tatum Evans,TatumEvans,USA,2005-08-18
1093,Kiara Zabkova,KiaraZabkova,SVK,2007-05-16
1094,Ziva Falkner,ZivaFalkner,SLO,2002-07-07
1095,Ava Schueller,AvaSchueller,AUT,2006-04-01
1096,Federica Bilardo,FedericaBilardo,ITA,1999-07-06
1097,Jahnie Van Zyl,JahnieVanZyl,RSA,2009-02-17
1098,"Karla Bartel</a></td><td align=""left"">GER</td><td align=""right""></td></tr><tr><td align=""right"">1099</td><td align=""left""><a href=""https://www.tennisabstract.com/cgi-bin/wplayer.cgi?p=AnnaKmiecik"">Anna Kmiecik</a></td><td align=""left"">POL</td><td align=""right""></td></tr><tr><td align=""right"">1100</td><td align=""left""><a href=""https://www.tennisabstract.com/cgi-bin/wplayer.cgi?p=JosefinaEstevez"">Josefina Estevez",KarlaBartel,ARG,2007-12-19
1101,Nina Sozaonova,NinaSozaonova,RUS,2007-01-17
1102,Romina Ccuno,RominaCcuno,PER,2002-09-01
1103,Malkia Menguene,MalkiaMenguene,USA,2000-08-08
1104,Eunji Lee,EunjiLee,KOR,2001-06-21
1104,Giuliana Bestetti,GiulianaBestetti,ITA,1997-10-01
1104,Polina Kaibekova,PolinaKaibekova,RUS,2006-11-03
1107,"Paola Lopez</a></td><td align=""left"">USA</td><td align=""right""></td></tr><tr><td align=""right"">1108</td><td align=""left""><a href=""https://www.tennisabstract.com/cgi-bin/wplayer.cgi?p=IsabellaMarton"">Isabella Marton",PaolaLopez,CAN,2008-04-10
1109,Valerie Glozman,ValerieGlozman,USA,2006-11-22
1110,Jing Jing Lu,JingJingLu,CHN,1989-05-05
1111,Freya Christie,FreyaChristie,GBR,1997-11-08
1112,Daniela Vismane,DanielaVismane,LAT,2000-08-10
1113,Chiara Fornasieri,ChiaraFornasieri,ITA,2003-09-26
1114,Yleymi Lugiana Muelle Valdez,YleymiLugianaMuelleValdez,PER,2008-05-23
1115,Andrea Obradovic,AndreaObradovic,SRB,2004-05-18
1115,Judith Perello Saavedra,JudithPerelloSaavedra,ESP,2002-01-23
1117,Milana Maslenkova,MilanaMaslenkova,UZB,2001-08-13
1118,Warona Mdlulwa,WaronaMdlulwa,RSA,2000-02-17
1119,Sofiia Suslova,SofiiaSuslova,RUS,2004-08-09
1120,"Ilinca Sagmar</a></td><td align=""left"">ROU</td><td align=""right""></td></tr><tr><td align=""right"">1121</td><td align=""left""><a href=""https://www.tennisabstract.com/cgi-bin/wplayer.cgi?p=AnriNagata"">Anri Nagata",IlincaSagmar,JPN,2000-05-03
1122,Anna Lena Ebster,AnnaLenaEbster,AUT,2004-01-06
1123,Laura Boehner,LauraBoehner,GER,2001-07-30
1123,Maelle Leclercq,MaelleLeclercq,FRA,2004-01-19
1125,Katerina Mandelikova,KaterinaMandelikova,CZE,2003-06-13
1126,Clara Burel,ClaraBurel,FRA,2001-03-24
1127,Mariana Isabel Higuita Barraza,MarianaIsabelHiguitaBarraza,COL,2007-06-14
1128,Irina Bara,IrinaBara,ROU,1995-03-18
1129,Jamie Loeb,JamieLoeb,USA,1995-03-08
1130,Sylvie Zund,SylvieZund,LIE,2001-02-26
1131,Francesca Delledera,FrancescaDelledera,ITA,1996-06-28
1132,Marina Bulbarella,MarinaBulbarella,ARG,2005-09-21
1133,Duru Soke,DuruSoke,TUR,2006-01-30
1134,Elsa Bonelli,ElsaBonelli,SUI,2008-03-06
1134,Kate Fakih,KateFakih,USA,2006-10-30
1136,"Alice Ferlito</a></td><td align=""left"">ESP</td><td align=""right""></td></tr><tr><td align=""right"">1137</td><td align=""left""><a href=""https://www.tennisabstract.com/cgi-bin/wplayer.cgi?p=VictoriaKan"">Victoria Kan",AliceFerlito,RUS,1995-08-03
1138,Maria Kononova,MariaKononova,RUS,1997-03-04
1139,"Ava Monet Sycamore</a></td><td align=""left"">AUS</td><td align=""right""></td></tr><tr><td align=""right"">1140</td><td align=""left""><a href=""https://www.tennisabstract.com/cgi-bin/wplayer.cgi?p=FabienneGettwart"">Fabienne Gettwart",AvaMonetSycamore,GER,1996-01-03
1141,"Mia Wainwright</a></td><td align=""left"">GBR</td><td align=""right""></td></tr><tr><td align=""right"">1142</td><td align=""left""><a href=""https://www.tennisabstract.com/cgi-bin/wplayer.cgi?p=AlexandraIrinaAnghel"">Alexandra Irina Anghel",MiaWainwright,ROU,2007-03-12
1143,"Marcella Dessolis</a></td><td align=""left"">ITA</td><td align=""right""></td></tr><tr><td align=""right"">1144</td><td align=""left""><a href=""https://www.tennisabstract.com/cgi-bin/wplayer.cgi?p=SeoYunChoi"">Seo Yun Choi</a></td><td align=""left"">KOR</td><td align=""right""></td></tr><tr><td align=""right"">1145</td><td align=""left""><a href=""https://www.tennisabstract.com/cgi-bin/wplayer.cgi?p=SydneyJara"">Sydney Jara</a></td><td align=""left"">USA</td><td align=""right""></td></tr><tr><td align=""right"">1146</td><td align=""left""><a href=""https://www.tennisabstract.com/cgi-bin/wplayer.cgi?p=AnnaTabunshchyk"">Anna Tabunshchyk</a></td><td align=""left"">CAN</td><td align=""right""></td></tr><tr><td align=""right"">1147</td><td align=""left""><a href=""https://www.tennisabstract.com/cgi-bin/wplayer.cgi?p=ElenaGrekul"">Elena Grekul",MarcellaDessolis,UKR,2004-05-15
1148,Mavie Osterreicher,MavieOsterreicher,AUT,2002-04-05
1149,Claudia Gasparovic,ClaudiaGasparovic,AUT,2004-10-28
1149,"Gala Ivanovic</a></td><td align=""left"">SRB</td><td align=""right""></td></tr><tr><td align=""right"">1151</td><td align=""left""><a href=""https://www.tennisabstract.com/cgi-bin/wplayer.cgi?p=NataliaKrockova"">Natalia Krockova</a></td><td align=""left"">SVK</td><td align=""right""></td></tr><tr><td align=""right"">1152</td><td align=""left""><a href=""https://www.tennisabstract.com/cgi-bin/wplayer.cgi?p=SarafinaHansen"">Sarafina Hansen",GalaIvanovic,DEN,2005-06-07
1153,Danka Kovinic,DankaKovinic,MNE,1994-11-18
1154,Sara Lanca,SaraLanca,POR,1997-03-02
1155,Qiu Yu Ye,QiuYuYe,CHN,1997-11-29
1156,Rebeca Pereira,RebecaPereira,BRA,1993-03-23
1157,"Ava Beck</a></td><td align=""left"">AUS</td><td align=""right""></td></tr><tr><td align=""right"">1158</td><td align=""left""><a href=""https://www.tennisabstract.com/cgi-bin/wplayer.cgi?p=AnastasiaSysoeva"">Anastasia Sysoeva",AvaBeck,RUS,2003-04-05
1158,Angelica Moratelli,AngelicaMoratelli,ITA,1994-08-17
1160,Vivian Yang,VivianYang,NZL,2005-01-11
1161,"Berta Passola</a></td><td align=""left"">ESP</td><td align=""right""></td></tr><tr><td align=""right"">1161</td><td align=""left""><a href=""https://www.tennisabstract.com/cgi-bin/wplayer.cgi?p=KiraBataikina"">Kira Bataikina",BertaPassola,RUS,2007-12-14
1161,Xinle Geng,XinleGeng,CHN,2010-11-24
1164,"Mia Slama</a></td><td align=""left"">USA</td><td align=""right""></td></tr><tr><td align=""right"">1164</td><td align=""left""><a href=""https://www.tennisabstract.com/cgi-bin/wplayer.cgi?p=RaveenaKingsley"">Raveena Kingsley",MiaSlama,USA,1998-07-23
1166,Eva Lopez,EvaLopez,AUS,2008-10-14
1167,"Margaret Sohns</a></td><td align=""left"">USA</td><td align=""right""></td></tr><tr><td align=""right"">1168</td><td align=""left""><a href=""https://www.tennisabstract.com/cgi-bin/wplayer.cgi?p=LuanaPlazaAraujo"">Luana Plaza Araujo",MargaretSohns,BRA,2005-08-14
1169,"Cindy Langlais</a></td><td align=""left"">FRA</td><td align=""right""></td></tr><tr><td align=""right"">1169</td><td align=""left""><a href=""https://www.tennisabstract.com/cgi-bin/wplayer.cgi?p=DominikaPodhajecka"">Dominika Podhajecka</a></td><td align=""left"">POL</td><td align=""right""></td></tr><tr><td align=""right"">1171</td><td align=""left""><a href=""https://www.tennisabstract.com/cgi-bin/wplayer.cgi?p=ElizabethIonescu"">Elizabeth Ionescu",CindyLanglais,USA,2008-04-28
1172,Kaat Coppez,KaatCoppez,BEL,2005-03-17
1173,Vlada Ekshibarova,VladaEkshibarova,UZB,1989-03-14
1174,Ayline Esina Samardzic,AylineEsinaSamardzic,CRO,2002-11-10
1175,Sofia Avataneo,SofiaAvataneo,ITA,2003-01-27
1176,"Emma Van Poppel</a></td><td align=""left"">NED</td><td align=""right""></td></tr><tr><td align=""right"">1177</td><td align=""left""><a href=""https://www.tennisabstract.com/cgi-bin/wplayer.cgi?p=TianmiMi"">Tianmi Mi",EmmaVanPoppel,CHN,2004-06-26
1178,Liel Marlies Rothensteiner,LielMarliesRothensteiner,AUT,2005-01-25
1179,Tanisha Kashyap,TanishaKashyap,IND,2002-04-25
1180,Alisa Danilova,AlisaDanilova,RUS,1993-04-07
1180,Himari Sato,HimariSato,JPN,2002-04-10
1182,Tayisiya Morderger,TayisiyaMorderger,GER,1997-03-07
1183,Ines Murta,InesMurta,POR,1997-05-31
1184,"Emery Combs</a></td><td align=""left"">USA</td><td align=""right""></td></tr><tr><td align=""right"">1184</td><td align=""left""><a href=""https://www.tennisabstract.com/cgi-bin/wplayer.cgi?p=IndiaHoughton"">India Houghton",EmeryCombs,USA,2002-02-16
1186,"Kali Supova</a></td><td align=""left"">SVK</td><td align=""right""></td></tr><tr><td align=""right"">1186</td><td align=""left""><a href=""https://www.tennisabstract.com/cgi-bin/wplayer.cgi?p=KiraMatushkina"">Kira Matushkina",KaliSupova,RUS,2006-01-03
1186,"Remika Ohashi</a></td><td align=""left"">JPN</td><td align=""right""></td></tr><tr><td align=""right"">1189</td><td align=""left""><a href=""https://www.tennisabstract.com/cgi-bin/wplayer.cgi?p=DariaKuczer"">Daria Kuczer",RemikaOhashi,POL,1999-02-26
1190,"Ma Ruoxi</a></td><td align=""left"">CHN</td><td align=""right""></td></tr><tr><td align=""right"">1191</td><td align=""left""><a href=""https://www.tennisabstract.com/cgi-bin/wplayer.cgi?p=NaoNishino"">Nao Nishino</a></td><td align=""left"">JPN</td><td align=""right""></td></tr><tr><td align=""right"">1192</td><td align=""left""><a href=""https://www.tennisabstract.com/cgi-bin/wplayer.cgi?p=LaetitiaPulchartova"">Laetitia Pulchartova",MaRuoxi,CZE,2001-01-18
1193,"Anastasia Efremova</a></td><td align=""left"">RUS</td><td align=""right""></td></tr><tr><td align=""right"">1193</td><td align=""left""><a href=""https://www.tennisabstract.com/cgi-bin/wplayer.cgi?p=IvaMarinkovic"">Iva Marinkovic</a></td><td align=""left"">SWE</td><td align=""right""></td></tr><tr><td align=""right"">1193</td><td align=""left""><a href=""https://www.tennisabstract.com/cgi-bin/wplayer.cgi?p=KarineMarionJob"">Karine Marion Job",AnastasiaEfremova,FRA,2001-05-06
1193,Stefania Rogozinska Dzik,StefaniaRogozinskaDzik,POL,2001-07-07
1197,Emeline Dartron,EmelineDartron,FRA,2000-04-12
1198,Amelie Brooks,AmelieBrooks,GBR,2006-09-14
1199,Kseniia Ruchkina,KseniiaRuchkina,RUS,2010-01-19
1200,"Riko Kikawada</a></td><td align=""left"">JPN</td><td align=""right""></td></tr><tr><td align=""right"">1201</td><td align=""left""><a href=""https://www.tennisabstract.com/cgi-bin/wplayer.cgi?p=GeorginaGroth"">Georgina Groth</a></td><td align=""left"">GER</td><td align=""right""></td></tr><tr><td align=""right"">1202</td><td align=""left""><a href=""https://www.tennisabstract.com/cgi-bin/wplayer.cgi?p=LexueXiao"">Lexue Xiao",RikoKikawada,CHN,2006-11-18
1203,Jennifer Rosa Dourado,JenniferRosaDourado,BRA,2000-12-11
1204,Dia Evtimova,DiaEvtimova,BUL,1987-04-30
1204,Milla Sequeira,MillaSequeira,SUI,2003-08-24
1206,Jada Robinson,JadaRobinson,USA,1999-01-29
1206,"Katarina Kujovic</a></td><td align=""left"">BEL</td><td align=""right""></td></tr><tr><td align=""right"">1206</td><td align=""left""><a href=""https://www.tennisabstract.com/cgi-bin/wplayer.cgi?p=MariaMikhailova"">Maria Mikhailova",KatarinaKujovic,RUS,2002-05-28
1209,Beatris Spasova,BeatrisSpasova,BUL,2002-04-02
1210,Lourdes Ayala,LourdesAyala,ARG,2006-06-18
1211,"Renee Alame</a></td><td align=""left"">AUS</td><td align=""right""></td></tr><tr><td align=""right"">1212</td><td align=""left""><a href=""https://www.tennisabstract.com/cgi-bin/wplayer.cgi?p=MaribellaZamarripa"">Maribella Zamarripa",ReneeAlame,USA,2002-08-15
1213,Leticia Garcia Vidal,LeticiaGarciaVidal,BRA,1997-03-13
1214,Anna Bazderova,AnnaBazderova,RUS,2009-11-16
1214,Federica Trevisan,FedericaTrevisan,ITA,2002-07-26
1216,Matilde Mariani,MatildeMariani,ITA,2002-01-23
1216,Piper Charney,PiperCharney,USA,2005-07-06
1218,"Celia Anson Sanchez</a></td><td align=""left"">ESP</td><td align=""right""></td></tr><tr><td align=""right"">1218</td><td align=""left""><a href=""https://www.tennisabstract.com/cgi-bin/wplayer.cgi?p=CristinaRamosSierra"">Cristina Ramos Sierra</a></td><td align=""left"">ESP</td><td align=""right""></td></tr><tr><td align=""right"">1220</td><td align=""left""><a href=""https://www.tennisabstract.com/cgi-bin/wplayer.cgi?p=EunyeongPark"">Eunyeong Park</a></td><td align=""left"">KOR</td><td align=""right""></td></tr><tr><td align=""right"">1220</td><td align=""left""><a href=""https://www.tennisabstract.com/cgi-bin/wplayer.cgi?p=VladaZvereva"">Vlada Zvereva",CeliaAnsonSanchez,BLR,2001-09-15
1222,Klara Kosan,KlaraKosan,USA,2001-10-08
1222,Manca Pislak,MancaPislak,SLO,1997-09-09
1224,"Ciara Moore</a></td><td align=""left"">GBR</td><td align=""right""></td></tr><tr><td align=""right"">1225</td><td align=""left""><a href=""https://www.tennisabstract.com/cgi-bin/wplayer.cgi?p=GaiaSquarcialupi"">Gaia Squarcialupi",CiaraMoore,ITA,1997-10-23
1225,Jiho Shin,JihoShin,KOR,2002-03-08
1225,"Kianah Motosono</a></td><td align=""left"">USA</td><td align=""right""></td></tr><tr><td align=""right"">1228</td><td align=""left""><a href=""https://www.tennisabstract.com/cgi-bin/wplayer.cgi?p=KhrystynaVozniak"">Khrystyna Vozniak</a></td><td align=""left"">UKR</td><td align=""right""></td></tr><tr><td align=""right"">1229</td><td align=""left""><a href=""https://www.tennisabstract.com/cgi-bin/wplayer.cgi?p=BunyawiThamchaiwat"">Bunyawi Thamchaiwat",KianahMotosono,THA,1998-07-29
1229,"Madhurima Sawant</a></td><td align=""left"">IND</td><td align=""right""></td></tr><tr><td align=""right"">1229</td><td align=""left""><a href=""https://www.tennisabstract.com/cgi-bin/wplayer.cgi?p=MarjorieSouza"">Marjorie Souza</a></td><td align=""left"">BRA</td><td align=""right""></td></tr><tr><td align=""right"">1232</td><td align=""left""><a href=""https://www.tennisabstract.com/cgi-bin/wplayer.cgi?p=AnnabelleXu"">Annabelle Xu</a></td><td align=""left"">CAN</td><td align=""right""></td></tr><tr><td align=""right"">1232</td><td align=""left""><a href=""https://www.tennisabstract.com/cgi-bin/wplayer.cgi?p=LuciaNatalGomez"">Lucia Natal Gomez",MadhurimaSawant,ESP,1999-05-31
1234,Mariam Atia,MariamAtia,EGY,2005-08-11
1235,Hania Abouelsaad,HaniaAbouelsaad,EGY,2003-01-29
1235,Jasmine Conway,JasmineConway,GBR,2004-12-21
1235,Soo Ha Jang,SooHaJang,KOR,2004-12-28
1238,Lois Newberry,LoisNewberry,GBR,2007-01-09
1239,Carlotta Moccia,CarlottaMoccia,ITA,2003-03-17
1239,Jordyn Mcbride,JordynMcbride,USA,2002-02-09
1241,Jizel Matos Sequeira Fernandes,JizelMatosSequeiraFernandes,GBR,2001-02-07
1241,Nana Kawagishi,NanaKawagishi,JPN,2000-09-07
1243,"Zhang Qian Wei</a></td><td align=""left"">CHN</td><td align=""right""></td></tr><tr><td align=""right"">1244</td><td align=""left""><a href=""https://www.tennisabstract.com/cgi-bin/wplayer.cgi?p=MarianGomezPezuelaCano"">Marian Gomez Pezuela Cano",ZhangQianWei,MEX,2001-09-24
1245,"Yuyao Li</a></td><td align=""left"">CHN</td><td align=""right""></td></tr><tr><td align=""right"">1246</td><td align=""left""><a href=""https://www.tennisabstract.com/cgi-bin/wplayer.cgi?p=ToriRussell"">Tori Russell",YuyaoLi,AUS,2010-05-07
1247,"Giulia Alessia Monteleone</a></td><td align=""left"">ITA</td><td align=""right""></td></tr><tr><td align=""right"">1247</td><td align=""left""><a href=""https://www.tennisabstract.com/cgi-bin/wplayer.cgi?p=MirjanaJovanovic"">Mirjana Jovanovic</a></td><td align=""left"">SRB</td><td align=""right""></td></tr><tr><td align=""right"">1249</td><td align=""left""><a href=""https://www.tennisabstract.com/cgi-bin/wplayer.cgi?p=KashishBhatia"">Kashish Bhatia",GiuliaAlessiaMonteleone,IND,2002-08-05
1249,"Lani Chang</a></td><td align=""left"">USA</td><td align=""right""></td></tr><tr><td align=""right"">1251</td><td align=""left""><a href=""https://www.tennisabstract.com/cgi-bin/wplayer.cgi?p=IlaryPistola"">Ilary Pistola",LaniChang,ITA,2008-10-18
1252,"Ariadna Garcia Patron Canals</a></td><td align=""left"">ESP</td><td align=""right""></td></tr><tr><td align=""right"">1252</td><td align=""left""><a href=""https://www.tennisabstract.com/cgi-bin/wplayer.cgi?p=EstherLopezAlcaraz"">Esther Lopez Alcaraz",AriadnaGarciaPatronCanals,ESP,1999-03-01
1252,"Kaede Usui</a></td><td align=""left"">USA</td><td align=""right""></td></tr><tr><td align=""right"">1252</td><td align=""left""><a href=""https://www.tennisabstract.com/cgi-bin/wplayer.cgi?p=YoanaKonstantinova"">Yoana Konstantinova",KaedeUsui,BUL,2007-06-01
1256,Camila Markus,CamilaMarkus,ARG,2008-12-09
1256,"Kaitlyn Carnicella</a></td><td align=""left"">USA</td><td align=""right""></td></tr><tr><td align=""right"">1258</td><td align=""left""><a href=""https://www.tennisabstract.com/cgi-bin/wplayer.cgi?p=AnjaliRathi"">Anjali Rathi",KaitlynCarnicella,IND,2006-02-28
1258,"Ekaterina Khodzhaeva</a></td><td align=""left"">RUS</td><td align=""right""></td></tr><tr><td align=""right"">1258</td><td align=""left""><a href=""https://www.tennisabstract.com/cgi-bin/wplayer.cgi?p=JenniferLuikham"">Jennifer Luikham",EkaterinaKhodzhaeva,IND,1999-10-03
1258,Yui Chikaraishi,YuiChikaraishi,JPN,1999-01-26
1262,Jade Otway,JadeOtway,NZL,2003-06-11
1262,"Micol Salvadori</a></td><td align=""left"">ITA</td><td align=""right""></td></tr><tr><td align=""right"">1262</td><td align=""left""><a href=""https://www.tennisabstract.com/cgi-bin/wplayer.cgi?p=PilarBeveraggiLespiau"">Pilar Beveraggi Lespiau",MicolSalvadori,ARG,2006-06-05
1262,"Valentina Abril Bruno</a></td><td align=""left"">ARG</td><td align=""right""></td></tr><tr><td align=""right"">1262</td><td align=""left""><a href=""https://www.tennisabstract.com/cgi-bin/wplayer.cgi?p=YukaHosoki"">Yuka Hosoki",ValentinaAbrilBruno,JPN,1999-05-20
1267,Rianna Alame,RiannaAlame,AUS,2007-08-21
1268,"Feier Hu</a></td><td align=""left"">CHN</td><td align=""right""></td></tr><tr><td align=""right"">1268</td><td align=""left""><a href=""https://www.tennisabstract.com/cgi-bin/wplayer.cgi?p=IsabellaSvahn"">Isabella Svahn",FeierHu,SWE,2006-06-22
1268,Jensen Diianni,JensenDiianni,USA,2009-06-10
1271,"Julia Khramtsova</a></td><td align=""left"">RUS</td><td align=""right""></td></tr><tr><td align=""right"">1272</td><td align=""left""><a href=""https://www.tennisabstract.com/cgi-bin/wplayer.cgi?p=AnaVictoriaGobbiMonllau"">Ana Victoria Gobbi Monllau",JuliaKhramtsova,ARG,1996-12-26
1272,"Kenzie Nguyen</a></td><td align=""left"">USA</td><td align=""right""></td></tr><tr><td align=""right"">1272</td><td align=""left""><a href=""https://www.tennisabstract.com/cgi-bin/wplayer.cgi?p=SandeeptiSinghRao"">Sandeepti Singh Rao",KenzieNguyen,IND,2003-05-08
1272,Soha Sadiq,SohaSadiq,IND,1998-06-26
1276,Charlotte Pikkaart,CharlottePikkaart,NED,2006-12-03
1276,Daria Gorska,DariaGorska,POL,2005-04-28
1276,"Liuyan An</a></td><td align=""left"">CHN</td><td align=""right""></td></tr><tr><td align=""right"">1276</td><td align=""left""><a href=""https://www.tennisabstract.com/cgi-bin/wplayer.cgi?p=MariiaBergen"">Mariia Bergen",LiuyanAn,UKR,2001-06-12
1280,Aurora Urso,AuroraUrso,ITA,2000-10-05
1280,Margaux Komano,MargauxKomano,FRA,2001-12-25
1280,Mariia Masiianskaia,MariiaMasiianskaia,RUS,2007-03-22
1283,Summer Yardley,SummerYardley,GBR,2000-01-28
1284,"Tenika Mcgiffin</a></td><td align=""left"">AUS</td><td align=""right""></td></tr><tr><td align=""right"">1285</td><td align=""left""><a href=""https://www.tennisabstract.com/cgi-bin/wplayer.cgi?p=JoodyElkady"">Joody Elkady",TenikaMcgiffin,EGY,2006-02-25
1286,"Maria Jose Sanchez Uribe</a></td><td align=""left"">COL</td><td align=""right""></td></tr><tr><td align=""right"">1287</td><td align=""left""><a href=""https://www.tennisabstract.com/cgi-bin/wplayer.cgi?p=NaokoEto"">Naoko Eto",MariaJoseSanchezUribe,JPN,1984-12-17
1288,Min Liu,MinLiu,CHN,1993-02-05
1289,Brenda Fruhvirtova,BrendaFruhvirtova,CZE,2007-04-02
1290,"Adela Polakovicova</a></td><td align=""left"">SVK</td><td align=""right""></td></tr><tr><td align=""right"">1290</td><td align=""left""><a href=""https://www.tennisabstract.com/cgi-bin/wplayer.cgi?p=KayaMoe"">Kaya Moe",AdelaPolakovicova,USA,2008-03-07
1290,"Leonie Schuknecht</a></td><td align=""left"">DEU</td><td align=""right""></td></tr><tr><td align=""right"">1290</td><td align=""left""><a href=""https://www.tennisabstract.com/cgi-bin/wplayer.cgi?p=MiaKupres"">Mia Kupres",LeonieSchuknecht,CAN,2004-01-12
1290,"Sara Yoshida</a></td><td align=""left"">JPN</td><td align=""right""></td></tr><tr><td align=""right"">1295</td><td align=""left""><a href=""https://www.tennisabstract.com/cgi-bin/wplayer.cgi?p=DanielaDartaFeldmane"">Daniela Darta Feldmane",SaraYoshida,LAT,2007-08-03
1295,"Dusica Popovski</a></td><td align=""left"">SRB</td><td align=""right""></td></tr><tr><td align=""right"">1297</td><td align=""left""><a href=""https://www.tennisabstract.com/cgi-bin/wplayer.cgi?p=KeRen"">Ke Ren</a></td><td align=""left"">CHN</td><td align=""right""></td></tr><tr><td align=""right"">1297</td><td align=""left""><a href=""https://www.tennisabstract.com/cgi-bin/wplayer.cgi?p=LaraSmejkal"">Lara Smejkal",DusicaPopovski,SLO,2004-08-07
1297,"Laxmisiri Dandu</a></td><td align=""left"">IND</td><td align=""right""></td></tr><tr><td align=""right"">1297</td><td align=""left""><a href=""https://www.tennisabstract.com/cgi-bin/wplayer.cgi?p=YashaswiniPanwar"">Yashaswini Panwar",LaxmisiriDandu,IND,2001-11-17
1301,Doga Turkmen,DogaTurkmen,TUR,2002-10-10
1301,Karolina Vlckova,KarolinaVlckova,CZE,2000-10-17
1301,Zijun Jiang,ZijunJiang,CHN,2005-03-03
1305,Ria Dernikovic,RiaDernikovic,CRO,2005-08-30
1306,Panna Bartha,PannaBartha,HUN,2004-05-14
1306,Pooja Ingale,PoojaIngale,IND,2001-07-12
1308,Andjela Lazarevic,AndjelaLazarevic,SRB,2005-06-20
1308,Charlotte Van Zonneveld,CharlotteVanZonneveld,NED,2004-07-12
1308,Jade Groen,JadeGroen,NED,2004-07-09
1308,Julita Saner,JulitaSaner,SWE,1999-04-29
1308,"Polina Isakova</a></td><td align=""left"">UKR</td><td align=""right""></td></tr><tr><td align=""right"">1308</td><td align=""left""><a href=""https://www.tennisabstract.com/cgi-bin/wplayer.cgi?p=RachaelSmith"">Rachael Smith</a></td><td align=""left"">USA</td><td align=""right""></td></tr><tr><td align=""right"">1314</td><td align=""left""><a href=""https://www.tennisabstract.com/cgi-bin/wplayer.cgi?p=CaterinaOdorizzi"">Caterina Odorizzi</a></td><td align=""left"">ITA</td><td align=""right""></td></tr><tr><td align=""right"">1314</td><td align=""left""><a href=""https://www.tennisabstract.com/cgi-bin/wplayer.cgi?p=DaniqueHavermans"">Danique Havermans",PolinaIsakova,NED,2002-04-22
1314,"Elizabeth Ivanov</a></td><td align=""left"">AUS</td><td align=""right""></td></tr><tr><td align=""right"">1314</td><td align=""left""><a href=""https://www.tennisabstract.com/cgi-bin/wplayer.cgi?p=HonoriKoyama"">Honori Koyama</a></td><td align=""left"">JPN</td><td align=""right""></td></tr><tr><td align=""right"">1318</td><td align=""left""><a href=""https://www.tennisabstract.com/cgi-bin/wplayer.cgi?p=XichenZhao"">Xichen Zhao",ElizabethIvanov,CHN,2003-01-31
1319,Lauren Davis,LaurenDavis,USA,1993-10-09
1320,Yana Morderger,YanaMorderger,GER,1997-03-07
1321,Sarah Mildren,SarahMildren,AUS,2008-04-04
1322,"Audrey Aulia</a></td><td align=""left"">AUS</td><td align=""right""></td></tr><tr><td align=""right"">1322</td><td align=""left""><a href=""https://www.tennisabstract.com/cgi-bin/wplayer.cgi?p=ElenaMichel"">Elena Michel</a></td><td align=""left"">FRA</td><td align=""right""></td></tr><tr><td align=""right"">1322</td><td align=""left""><a href=""https://www.tennisabstract.com/cgi-bin/wplayer.cgi?p=IdaJohansson"">Ida Johansson",AudreyAulia,SWE,2004-05-06
1322,Magdalena Hedrzak,MagdalenaHedrzak,POL,2001-11-16
1322,Maria Berlanga Bandera,MariaBerlangaBandera,ESP,2003-01-02
1322,"Sol Rabin</a></td><td align=""left"">ARG</td><td align=""right""></td></tr><tr><td align=""right"">1322</td><td align=""left""><a href=""https://www.tennisabstract.com/cgi-bin/wplayer.cgi?p=TeodoraVlajic"">Teodora Vlajic</a></td><td align=""left"">SRB</td><td align=""right""></td></tr><tr><td align=""right"">1322</td><td align=""left""><a href=""https://www.tennisabstract.com/cgi-bin/wplayer.cgi?p=VanessaIoanaGeorgianaPopaTeiusanu"">Vanessa Ioana Georgiana Popa Teiusanu",SolRabin,ROU,2004-01-05
1330,Olga Helmi,OlgaHelmi,DEN,2000-03-27
1331,Danielle Dai Chapman,DanielleDaiChapman,RSA,2007-03-20
1331,Emma Wilson,EmmaWilson,GBR,1997-02-18
1331,"Maja Pawelska</a></td><td align=""left"">POL</td><td align=""right""></td></tr><tr><td align=""right"">1331</td><td align=""left""><a href=""https://www.tennisabstract.com/cgi-bin/wplayer.cgi?p=OrianaGniewkowska"">Oriana Gniewkowska</a></td><td align=""left"">POL</td><td align=""right""></td></tr><tr><td align=""right"">1335</td><td align=""left""><a href=""https://www.tennisabstract.com/cgi-bin/wplayer.cgi?p=NehiraSanon"">Nehira Sanon</a></td><td align=""left"">FRA</td><td align=""right""></td></tr><tr><td align=""right"">1336</td><td align=""left""><a href=""https://www.tennisabstract.com/cgi-bin/wplayer.cgi?p=AveryAlexander"">Avery Alexander",MajaPawelska,CAN,2009-11-23
1336,Gloria Ceschi,GloriaCeschi,ITA,1998-05-24
1336,Isabel Adrover Gallego,IsabelAdroverGallego,ESP,2001-06-23
1339,"Aleksandra Pozarenko</a></td><td align=""left"">RUS</td><td align=""right""></td></tr><tr><td align=""right"">1339</td><td align=""left""><a href=""https://www.tennisabstract.com/cgi-bin/wplayer.cgi?p=AlexiaLaviniaPuiac"">Alexia Lavinia Puiac</a></td><td align=""left"">ROU</td><td align=""right""></td></tr><tr><td align=""right"">1339</td><td align=""left""><a href=""https://www.tennisabstract.com/cgi-bin/wplayer.cgi?p=AnastasiaGrechkina"">Anastasia Grechkina",AleksandraPozarenko,RUS,2005-10-25
1339,Carla Tomai,CarlaTomai,POR,2005-05-31
1339,Lisa Marie Rioux,LisaMarieRioux,JPN,1997-05-01
1339,"Massiva Boukirat</a></td><td align=""left"">FRA</td><td align=""right""></td></tr><tr><td align=""right"">1339</td><td align=""left""><a href=""https://www.tennisabstract.com/cgi-bin/wplayer.cgi?p=MeganHeuser"">Megan Heuser</a></td><td align=""left"">USA</td><td align=""right""></td></tr><tr><td align=""right"">1339</td><td align=""left""><a href=""https://www.tennisabstract.com/cgi-bin/wplayer.cgi?p=NajahDawson"">Najah Dawson",MassivaBoukirat,USA,2001-09-09
1339,"Sana Garakani</a></td><td align=""left"">IRI</td><td align=""right""></td></tr><tr><td align=""right"">1339</td><td align=""left""><a href=""https://www.tennisabstract.com/cgi-bin/wplayer.cgi?p=YiruChen"">Yiru Chen</a></td><td align=""left"">CHN</td><td align=""right""></td></tr><tr><td align=""right"">1349</td><td align=""left""><a href=""https://www.tennisabstract.com/cgi-bin/wplayer.cgi?p=ElaPlosnik"">Ela Plosnik</a></td><td align=""left"">SLO</td><td align=""right""></td></tr><tr><td align=""right"">1349</td><td align=""left""><a href=""https://www.tennisabstract.com/cgi-bin/wplayer.cgi?p=JulianaGiaccio"">Juliana Giaccio</a></td><td align=""left"">ESP</td><td align=""right""></td></tr><tr><td align=""right"">1351</td><td align=""left""><a href=""https://www.tennisabstract.com/cgi-bin/wplayer.cgi?p=BarbaraStraszewska"">Barbara Straszewska</a></td><td align=""left"">POL</td><td align=""right""></td></tr><tr><td align=""right"">1351</td><td align=""left""><a href=""https://www.tennisabstract.com/cgi-bin/wplayer.cgi?p=EmmaMazzoni"">Emma Mazzoni",SanaGarakani,FRA,1998-10-15
1351,Viola Bedini,ViolaBedini,ITA,2007-02-02
1351,Vivien Sandberg,VivienSandberg,GER,2001-02-28
1355,Karman Thandi,KarmanThandi,IND,1998-06-16
1356,Paula Ormaechea,PaulaOrmaechea,ARG,1992-09-28
1357,Analu Freitas,AnaluFreitas,POR,2007-09-12
1358,Pietra Rivoli,PietraRivoli,BRA,2008-03-11
1359,Emily Webley Smith,EmilyWebleySmith,GBR,1984-07-14
1360,Teresa Franco Dias,TeresaFrancoDias,POR,1999-09-29
1361,Qianhui Tang,QianhuiTang,CHN,2000-09-10
1362,Denisa Hindova,DenisaHindova,CZE,2002-07-17
1363,Madalena Matias,MadalenaMatias,POR,2008-10-30
1363,Saumya Vig,SaumyaVig,IND,1995-02-13
1365,Aaddi Gupta,AaddiGupta,IND,2003-02-07
1365,Ashmitha Easwaramurthi,AshmithaEaswaramurthi,IND,1989-07-17
1365,Eva Alvarez Sande,EvaAlvarezSande,ESP,2004-05-01
1365,Julie Myatovic,JulieMyatovic,FRA,2007-03-20
1365,Mouna Bouzgarrou,MounaBouzgarrou,TUN,1999-10-13
1365,Ximena Senties,XimenaSenties,MEX,2006-06-22
1365,Yael Saffar,YaelSaffar,USA,2008-11-21
1365,Zoe Hitt,ZoeHitt,USA,2001-03-08
1373,Anika Jaskova,AnikaJaskova,SVK,2003-04-17
1373,Maelys Bougrat,MaelysBougrat,FRA,2002-03-21
1373,"Yui Ohwaki</a></td><td align=""left"">JPN</td><td align=""right""></td></tr><tr><td align=""right"">1376</td><td align=""left""><a href=""https://www.tennisabstract.com/cgi-bin/wplayer.cgi?p=AnnaShkutova"">Anna Shkutova</a></td><td align=""left"">RUS</td><td align=""right""></td></tr><tr><td align=""right"">1376</td><td align=""left""><a href=""https://www.tennisabstract.com/cgi-bin/wplayer.cgi?p=EllieDaniels"">Ellie Daniels</a></td><td align=""left"">CAN</td><td align=""right""></td></tr><tr><td align=""right"">1376</td><td align=""left""><a href=""https://www.tennisabstract.com/cgi-bin/wplayer.cgi?p=EmilyDeOliveira"">Emily De Oliveira",YuiOhwaki,USA,2003-03-01
1376,Gabriela Maria Vancea,GabrielaMariaVancea,ROU,2007-08-16
1376,"Giovana Schincariol Delatorre Barbosa</a></td><td align=""left"">BRA</td><td align=""right""></td></tr><tr><td align=""right"">1376</td><td align=""left""><a href=""https://www.tennisabstract.com/cgi-bin/wplayer.cgi?p=HalaFouad"">Hala Fouad",GiovanaSchincariolDelatorreBarbosa,EGY,1999-02-12
1376,"Ingkar Dyussebay</a></td><td align=""left"">KAZ</td><td align=""right""></td></tr><tr><td align=""right"">1376</td><td align=""left""><a href=""https://www.tennisabstract.com/cgi-bin/wplayer.cgi?p=IsabellaHarvison"">Isabella Harvison",IngkarDyussebay,USA,2001-07-06
1376,"Jiayu Xu</a></td><td align=""left"">CHN</td><td align=""right""></td></tr><tr><td align=""right"">1376</td><td align=""left""><a href=""https://www.tennisabstract.com/cgi-bin/wplayer.cgi?p=JuliaVictoriaRennert"">Julia Victoria Rennert",JiayuXu,GER,2001-01-08
1376,Laura Brunkel,LauraBrunkel,DEN,2006-05-13
1376,"Leilany Ipunesso</a></td><td align=""left"">NCL</td><td align=""right""></td></tr><tr><td align=""right"">1376</td><td align=""left""><a href=""https://www.tennisabstract.com/cgi-bin/wplayer.cgi?p=LidiaPodgorichani"">Lidia Podgorichani",LeilanyIpunesso,THA,2007-06-03
1376,"Lola Giza</a></td><td align=""left"">GER</td><td align=""right""></td></tr><tr><td align=""right"">1376</td><td align=""left""><a href=""https://www.tennisabstract.com/cgi-bin/wplayer.cgi?p=MaddyZampardo"">Maddy Zampardo</a></td><td align=""left"">USA</td><td align=""right""></td></tr><tr><td align=""right"">1376</td><td align=""left""><a href=""https://www.tennisabstract.com/cgi-bin/wplayer.cgi?p=MariaAndrienko"">Maria Andrienko",LolaGiza,RUS,2004-05-23
1376,Melissa Boyden,MelissaBoyden,NED,2003-06-24
1376,Mika Buchnik,MikaBuchnik,ISR,2007-03-12
1376,"Moeka Miyata</a></td><td align=""left"">JPN</td><td align=""right""></td></tr><tr><td align=""right"">1376</td><td align=""left""><a href=""https://www.tennisabstract.com/cgi-bin/wplayer.cgi?p=RitaColyer"">Rita Colyer</a></td><td align=""left"">CAN</td><td align=""right""></td></tr><tr><td align=""right"">1396</td><td align=""left""><a href=""https://www.tennisabstract.com/cgi-bin/wplayer.cgi?p=ElenaGiessler"">Elena Giessler",MoekaMiyata,GER,2002-12-21
1397,Aliesia Reva,AliesiaReva,UKR,2006-02-11
1397,"Angela Cui</a></td><td align=""left"">AUS</td><td align=""right""></td></tr><tr><td align=""right"">1397</td><td align=""left""><a href=""https://www.tennisabstract.com/cgi-bin/wplayer.cgi?p=SofiiaNagornaia"">Sofiia Nagornaia",AngelaCui,RUS,2003-10-04
1400,Amanda Carolina Nava Elkin,AmandaCarolinaNavaElkin,MEX,1998-06-22
1400,"Angelica Sara</a></td><td align=""left"">ITA</td><td align=""right""></td></tr><tr><td align=""right"">1400</td><td align=""left""><a href=""https://www.tennisabstract.com/cgi-bin/wplayer.cgi?p=AuroraNosei"">Aurora Nosei",AngelicaSara,ITA,2007-03-11
1400,"Daria Belyaeva</a></td><td align=""left"">RUS</td><td align=""right""></td></tr><tr><td align=""right"">1400</td><td align=""left""><a href=""https://www.tennisabstract.com/cgi-bin/wplayer.cgi?p=GinevraParentiniVallegaMontebruno"">Ginevra Parentini Vallega Montebruno",DariaBelyaeva,ITA,2003-04-04
1400,Melina Maria Maruca,MelinaMariaMaruca,ARG,2002-05-20
1400,"Yuka Naito</a></td><td align=""left"">JPN</td><td align=""right""></td></tr><tr><td align=""right"">1407</td><td align=""left""><a href=""https://www.tennisabstract.com/cgi-bin/wplayer.cgi?p=AnaPetkovic"">Ana Petkovic</a></td><td align=""left"">CRO</td><td align=""right""></td></tr><tr><td align=""right"">1407</td><td align=""left""><a href=""https://www.tennisabstract.com/cgi-bin/wplayer.cgi?p=HajarCrinebouch"">Hajar Crinebouch</a></td><td align=""left"">FRA</td><td align=""right""></td></tr><tr><td align=""right"">1407</td><td align=""left""><a href=""https://www.tennisabstract.com/cgi-bin/wplayer.cgi?p=MariaEduardaCarboneDosSantos"">Maria Eduarda Carbone Dos Santos",YukaNaito,BRA,2010-05-27
1407,Nadia Kulbiej,NadiaKulbiej,POL,2007-04-26
1407,Parthasarthi Arun Munde,ParthasarthiArunMunde,IND,2010-05-03
1412,Bianca Jolie Fernandez,BiancaJolieFernandez,CAN,2004-02-24
1413,"Aditi Rawat</a></td><td align=""left"">IND</td><td align=""right""></td></tr><tr><td align=""right"">1413</td><td align=""left""><a href=""https://www.tennisabstract.com/cgi-bin/wplayer.cgi?p=AliceBattesti"">Alice Battesti</a></td><td align=""left"">FRA</td><td align=""right""></td></tr><tr><td align=""right"">1413</td><td align=""left""><a href=""https://www.tennisabstract.com/cgi-bin/wplayer.cgi?p=AnastasiyaLopata"">Anastasiya Lopata",AditiRawat,UKR,2004-12-20
1413,"Benedetta Ortenzi</a></td><td align=""left"">ITA</td><td align=""right""></td></tr><tr><td align=""right"">1413</td><td align=""left""><a href=""https://www.tennisabstract.com/cgi-bin/wplayer.cgi?p=CamilaRodero"">Camila Rodero</a></td><td align=""left"">CHI</td><td align=""right""></td></tr><tr><td align=""right"">1413</td><td align=""left""><a href=""https://www.tennisabstract.com/cgi-bin/wplayer.cgi?p=CharlotteNarti"">Charlotte Narti",BenedettaOrtenzi,FRA,2009-11-18
1413,Claudia Hoste Ferrer,ClaudiaHosteFerrer,ESP,1998-11-12
1413,Emilija Tverijonaite,EmilijaTverijonaite,LTU,2004-12-10
1413,Emma Charney,EmmaCharney,USA,2003-03-16
1413,Heike Janse Van Vuuren,HeikeJanseVanVuuren,RSA,2004-08-30
1413,Helena Buchwald,HelenaBuchwald,GER,2005-06-15
1413,"Iulia Maria Buculei</a></td><td align=""left"">ROU</td><td align=""right""></td></tr><tr><td align=""right"">1413</td><td align=""left""><a href=""https://www.tennisabstract.com/cgi-bin/wplayer.cgi?p=JialanCai"">Jialan Cai</a></td><td align=""left"">CHN</td><td align=""right""></td></tr><tr><td align=""right"">1413</td><td align=""left""><a href=""https://www.tennisabstract.com/cgi-bin/wplayer.cgi?p=KlaudijaBubelyte"">Klaudija Bubelyte",IuliaMariaBuculei,LTU,2003-03-29
1413,Kristina Paskauskas,KristinaPaskauskas,GBR,2004-06-12
1413,Lana Virc,LanaVirc,SRB,2008-04-23
1413,Lena Thomas Iglesias,LenaThomasIglesias,FRA,2006-12-13
1413,"Mathilde Ngijol Carre</a></td><td align=""left"">FRA</td><td align=""right""></td></tr><tr><td align=""right"">1413</td><td align=""left""><a href=""https://www.tennisabstract.com/cgi-bin/wplayer.cgi?p=MatyldaBurylo"">Matylda Burylo</a></td><td align=""left"">POL</td><td align=""right""></td></tr><tr><td align=""right"">1413</td><td align=""left""><a href=""https://www.tennisabstract.com/cgi-bin/wplayer.cgi?p=NahjimeDho"">Nahjime Dho</a></td><td align=""left"">FRA</td><td align=""right""></td></tr><tr><td align=""right"">1413</td><td align=""left""><a href=""https://www.tennisabstract.com/cgi-bin/wplayer.cgi?p=PaulinaMontiel"">Paulina Montiel</a></td><td align=""left"">MEX</td><td align=""right""></td></tr><tr><td align=""right"">1413</td><td align=""left""><a href=""https://www.tennisabstract.com/cgi-bin/wplayer.cgi?p=PiaPraefke"">Pia Praefke",MathildeNgijolCarre,GER,2002-10-23
1413,"Ran Wakana</a></td><td align=""left"">JPN</td><td align=""right""></td></tr><tr><td align=""right"">1413</td><td align=""left""><a href=""https://www.tennisabstract.com/cgi-bin/wplayer.cgi?p=SandugashKenzhibayeva"">Sandugash Kenzhibayeva",RanWakana,KAZ,2005-03-18
1413,Sara Milanese,SaraMilanese,ITA,2004-10-10
1413,"Tamara Sramkova</a></td><td align=""left"">SVK</td><td align=""right""></td></tr><tr><td align=""right"">1413</td><td align=""left""><a href=""https://www.tennisabstract.com/cgi-bin/wplayer.cgi?p=TanuchapornYongmod"">Tanuchaporn Yongmod",TamaraSramkova,THA,1999-03-01
1413,"Zi Ying Ruan</a></td><td align=""left"">CHN</td><td align=""right""></td></tr><tr><td align=""right"">1441</td><td align=""left""><a href=""https://www.tennisabstract.com/cgi-bin/wplayer.cgi?p=AnastasiaMozgaleva"">Anastasia Mozgaleva",ZiYingRuan,RUS,2001-10-23
1441,Cayetana Gay,CayetanaGay,ESP,2006-10-13
1441,Darya Velikova,DaryaVelikova,BUL,2004-08-19
1441,Delia Gaillard,DeliaGaillard,FRA,2006-01-10
1441,Dominika Pirohova,DominikaPirohova,SVK,2006-07-28
1441,Hanna Bougouffa,HannaBougouffa,FRA,2004-01-31
1441,"Iulia Bucea</a></td><td align=""left"">CAN</td><td align=""right""></td></tr><tr><td align=""right"">1448</td><td align=""left""><a href=""https://www.tennisabstract.com/cgi-bin/wplayer.cgi?p=AliceSoulie"">Alice Soulie</a></td><td align=""left"">FRA</td><td align=""right""></td></tr><tr><td align=""right"">1448</td><td align=""left""><a href=""https://www.tennisabstract.com/cgi-bin/wplayer.cgi?p=AlinaYuneva"">Alina Yuneva",IuliaBucea,RUS,2008-07-10
1448,"Aurora Corvi</a></td><td align=""left"">ITA</td><td align=""right""></td></tr><tr><td align=""right"">1448</td><td align=""left""><a href=""https://www.tennisabstract.com/cgi-bin/wplayer.cgi?p=CatarinaMelleiroIbirabaMelleiroJunior"">Catarina Melleiro Ibiraba Melleiro Junior",AuroraCorvi,BRA,2003-12-15
1448,"Chrystal Lopez</a></td><td align=""left"">BEL</td><td align=""right""></td></tr><tr><td align=""right"">1448</td><td align=""left""><a href=""https://www.tennisabstract.com/cgi-bin/wplayer.cgi?p=DeniseValente"">Denise Valente",ChrystalLopez,ITA,2004-05-14
1448,Elsa Wan,ElsaWan,MAS,2003-12-08
1448,"Kristina Belkova</a></td><td align=""left"">RUS</td><td align=""right""></td></tr><tr><td align=""right"">1448</td><td align=""left""><a href=""https://www.tennisabstract.com/cgi-bin/wplayer.cgi?p=KurumiTamura"">Kurumi Tamura</a></td><td align=""left"">JPN</td><td align=""right""></td></tr><tr><td align=""right"">1448</td><td align=""left""><a href=""https://www.tennisabstract.com/cgi-bin/wplayer.cgi?p=LauraBadia"">Laura Badia",KristinaBelkova,BRA,2006-09-26
1448,Lucia Llinares Domingo,LuciaLlinaresDomingo,ESP,2003-05-02
1448,"Melis Rasim</a></td><td align=""left"">BUL</td><td align=""right""></td></tr><tr><td align=""right"">1448</td><td align=""left""><a href=""https://www.tennisabstract.com/cgi-bin/wplayer.cgi?p=NaHyunKang"">Na Hyun Kang",MelisRasim,KOR,2004-06-26
1461,Garbiela Agra Amorim,GarbielaAgraAmorim,POR,2009-01-01
1462,"Anna Yang</a></td><td align=""left"">CHN</td><td align=""right""></td></tr><tr><td align=""right"">1463</td><td align=""left""><a href=""https://www.tennisabstract.com/cgi-bin/wplayer.cgi?p=MariiaNozdrachova"">Mariia Nozdrachova",AnnaYang,UKR,2009-06-12
1464,"Camille Allegre</a></td><td align=""left"">USA</td><td align=""right""></td></tr><tr><td align=""right"">1464</td><td align=""left""><a href=""https://www.tennisabstract.com/cgi-bin/wplayer.cgi?p=GurmanatKaurSandhu"">Gurmanat Kaur Sandhu</a></td><td align=""left"">AUS</td><td align=""right""></td></tr><tr><td align=""right"">1464</td><td align=""left""><a href=""https://www.tennisabstract.com/cgi-bin/wplayer.cgi?p=InesLeon"">Ines Leon</a></td><td align=""left"">ESP</td><td align=""right""></td></tr><tr><td align=""right"">1464</td><td align=""left""><a href=""https://www.tennisabstract.com/cgi-bin/wplayer.cgi?p=OlympeLancelot"">Olympe Lancelot",CamilleAllegre,FRA,2001-05-14
1464,"Victoria Borodulina</a></td><td align=""left"">RUS</td><td align=""right""></td></tr><tr><td align=""right"">1469</td><td align=""left""><a href=""https://www.tennisabstract.com/cgi-bin/wplayer.cgi?p=AglayaFedorova"">Aglaya Fedorova",VictoriaBorodulina,RUS,2004-02-05
1469,"Agustina Soto Neira</a></td><td align=""left"">CHL</td><td align=""right""></td></tr><tr><td align=""right"">1469</td><td align=""left""><a href=""https://www.tennisabstract.com/cgi-bin/wplayer.cgi?p=AntoninaSushkova"">Antonina Sushkova</a></td><td align=""left"">UKR</td><td align=""right""></td></tr><tr><td align=""right"">1469</td><td align=""left""><a href=""https://www.tennisabstract.com/cgi-bin/wplayer.cgi?p=CarolannDelaunay"">Carolann Delaunay",AgustinaSotoNeira,NCL,2004-05-26
1469,Duanrui Gao,DuanruiGao,CHN,2006-11-18
1469,Ekaterina Kuznetsova,EkaterinaKuznetsova,RUS,1982-11-08
1469,Helena Bueno,HelenaBueno,BRA,2007-07-25
1469,Holly Hutchinson,HollyHutchinson,GBR,1997-09-11
1469,"Leonie Rabl</a></td><td align=""left"">AUT</td><td align=""right""></td></tr><tr><td align=""right"">1469</td><td align=""left""><a href=""https://www.tennisabstract.com/cgi-bin/wplayer.cgi?p=LuisaSchruff"">Luisa Schruff</a></td><td align=""left"">DEU</td><td align=""right""></td></tr><tr><td align=""right"">1469</td><td align=""left""><a href=""https://www.tennisabstract.com/cgi-bin/wplayer.cgi?p=MariaEduardaLages"">Maria Eduarda Lages",LeonieRabl,BRA,2004-07-07
1469,Mia Chudejova,MiaChudejova,SVK,2003-07-30
1469,"Milena Ciocan</a></td><td align=""left"">FRA</td><td align=""right""></td></tr><tr><td align=""right"">1469</td><td align=""left""><a href=""https://www.tennisabstract.com/cgi-bin/wplayer.cgi?p=NikaHurkacz"">Nika Hurkacz</a></td><td align=""left"">POL</td><td align=""right""></td></tr><tr><td align=""right"">1469</td><td align=""left""><a href=""https://www.tennisabstract.com/cgi-bin/wplayer.cgi?p=PolinaSkopintseva"">Polina Skopintseva",MilenaCiocan,RUS,2005-07-23
1469,Tia Messerli,TiaMesserli,USA,2008-08-22
1469,Tori Kinard,ToriKinard,USA,1987-11-24
1469,Xenia Bandurowska,XeniaBandurowska,POL,2004-09-17
1469,"Yuna Ohashi</a></td><td align=""left"">JPN</td><td align=""right""></td></tr><tr><td align=""right"">1488</td><td align=""left""><a href=""https://www.tennisabstract.com/cgi-bin/wplayer.cgi?p=MarynaKolb"">Maryna Kolb",YunaOhashi,UKR,1997-03-13
1488,Saisai Zheng,SaisaiZheng,CHN,1994-02-05
1490,"Daniela Martinez Guerrero</a></td><td align=""left"">MEX</td><td align=""right""></td></tr><tr><td align=""right"">1490</td><td align=""left""><a href=""https://www.tennisabstract.com/cgi-bin/wplayer.cgi?p=MilanaIvantsiv"">Milana Ivantsiv",DanielaMartinezGuerrero,POR,2007-01-17
1490,Yihan Qu,YihanQu,CHN,2009-03-22
1493,Abril Cardenas Oliveras,AbrilCardenasOliveras,MEX,2009-01-28
1493,"Carlota Corte</a></td><td align=""left"">ESP</td><td align=""right""></td></tr><tr><td align=""right"">1493</td><td align=""left""><a href=""https://www.tennisabstract.com/cgi-bin/wplayer.cgi?p=LenaCouto"">Lena Couto",CarlotaCorte,POR,2007-06-01
1493,Nala Kovacic,NalaKovacic,SLO,2007-01-01
1493,Olga Bienzobas Fernandez,OlgaBienzobasFernandez,ESP,2002-08-04
1493,"Vlada Kozak</a></td><td align=""left"">GBR</td><td align=""right""></td></tr><tr><td align=""right"">1493</td><td align=""left""><a href=""https://www.tennisabstract.com/cgi-bin/wplayer.cgi?p=XiaoweiLi"">Xiaowei Li",VladaKozak,CHN,2004-11-07
1500,Abigayel Vosloo,AbigayelVosloo,RSA,2007-09-28
1500,"Alba Maria Coromina Boluda</a></td><td align=""left"">ESP</td><td align=""right""></td></tr><tr><td align=""right"">1500</td><td align=""left""><a href=""https://www.tennisabstract.com/cgi-bin/wplayer.cgi?p=AlessiaPopescu"">Alessia Popescu",AlbaMariaCorominaBoluda,ROU,2004-11-11
1500,Ana Giraldi Requena,AnaGiraldiRequena,ESP,2000-01-11
1500,Anastasia Safta,AnastasiaSafta,ROU,2004-10-28
1500,Angelica Blake,AngelicaBlake,USA,2000-10-23
1500,"Anya Arora</a></td><td align=""left"">USA</td><td align=""right""></td></tr><tr><td align=""right"">1500</td><td align=""left""><a href=""https://www.tennisabstract.com/cgi-bin/wplayer.cgi?p=BrunaLiottoDeCarvalho"">Bruna Liotto De Carvalho",AnyaArora,BRA,2007-05-28
1500,Chantal Sauvant,ChantalSauvant,GER,2002-05-08
1500,Diana Yakovleva,DianaYakovleva,UZB,2005-11-04
1500,Elizabeth Jurna,ElizabethJurna,EST,2005-12-09
1500,Emma Ottavia Ghirardato,EmmaOttaviaGhirardato,ITA,2005-01-31
1500,Gloria Contrino,GloriaContrino,ITA,2003-01-26
1500,"Gloria Pop</a></td><td align=""left"">ROU</td><td align=""right""></td></tr><tr><td align=""right"">1500</td><td align=""left""><a href=""https://www.tennisabstract.com/cgi-bin/wplayer.cgi?p=HavahKaurKaler"">Havah Kaur Kaler",GloriaPop,CAN,2009-08-01
1500,Ho Ching Wu,HoChingWu,HKG,1991-08-30
1500,"Isabel Arabarco</a></td><td align=""left"">ARG</td><td align=""right""></td></tr><tr><td align=""right"">1500</td><td align=""left""><a href=""https://www.tennisabstract.com/cgi-bin/wplayer.cgi?p=IsabelleCherny"">Isabelle Cherny",IsabelArabarco,GBR,2004-03-23
1500,Jaquelyn Ogunwale,JaquelynOgunwale,GBR,2005-02-04
1500,"Jeongha Oh</a></td><td align=""left"">KOR</td><td align=""right""></td></tr><tr><td align=""right"">1500</td><td align=""left""><a href=""https://www.tennisabstract.com/cgi-bin/wplayer.cgi?p=JosephineKunz"">Josephine Kunz",JeonghaOh,SUI,2006-11-15
1500,Juliette Trunet,JulietteTrunet,FRA,2007-01-17
1500,Katherine Hui,KatherineHui,USA,2005-01-29
1500,Kitti Molnar,KittiMolnar,HUN,2006-07-06
1500,"Ksenia Meshcheryakova</a></td><td align=""left"">RUS</td><td align=""right""></td></tr><tr><td align=""right"">1500</td><td align=""left""><a href=""https://www.tennisabstract.com/cgi-bin/wplayer.cgi?p=KseniyaYersh"">Kseniya Yersh",KseniaMeshcheryakova,BLR,2001-01-20
1500,"Larisa Arnautovic</a></td><td align=""left"">AUS</td><td align=""right""></td></tr><tr><td align=""right"">1500</td><td align=""left""><a href=""https://www.tennisabstract.com/cgi-bin/wplayer.cgi?p=LilyHutchings"">Lily Hutchings",LarisaArnautovic,GBR,2003-01-15
1500,"Luciana Blatter</a></td><td align=""left"">ARG</td><td align=""right""></td></tr><tr><td align=""right"">1500</td><td align=""left""><a href=""https://www.tennisabstract.com/cgi-bin/wplayer.cgi?p=MagdalenaBaniak"">Magdalena Baniak",LucianaBlatter,POL,2006-12-13
1500,Maria Aytoyan,MariaAytoyan,USA,2008-09-10
1500,Maria Garcia,MariaGarcia,POR,2006-10-03
1500,Meshkatolzahra Safi,MeshkatolzahraSafi,IRI,2004-08-05
1500,"Naomi Xu</a></td><td align=""left"">CAN</td><td align=""right""></td></tr><tr><td align=""right"">1500</td><td align=""left""><a href=""https://www.tennisabstract.com/cgi-bin/wplayer.cgi?p=NiehuaTian"">Niehua Tian</a></td><td align=""left"">CHN</td><td align=""right""></td></tr><tr><td align=""right"">1500</td><td align=""left""><a href=""https://www.tennisabstract.com/cgi-bin/wplayer.cgi?p=PaavaniiPaathak"">Paavanii Paathak",NaomiXu,IND,2003-12-12
1500,"Pauline Gloeckner</a></td><td align=""left"">GER</td><td align=""right""></td></tr><tr><td align=""right"">1500</td><td align=""left""><a href=""https://www.tennisabstract.com/cgi-bin/wplayer.cgi?p=PrathyushaRachapudi"">Prathyusha Rachapudi</a></td><td align=""left"">IND</td><td align=""right""></td></tr><tr><td align=""right"">1500</td><td align=""left""><a href=""https://www.tennisabstract.com/cgi-bin/wplayer.cgi?p=SaoirseBreen"">Saoirse Breen</a></td><td align=""left"">FIJ</td><td align=""right""></td></tr><tr><td align=""right"">1500</td><td align=""left""><a href=""https://www.tennisabstract.com/cgi-bin/wplayer.cgi?p=SilviaHusarova"">Silvia Husarova</a></td><td align=""left"">SVK</td><td align=""right""></td></tr><tr><td align=""right"">1500</td><td align=""left""><a href=""https://www.tennisabstract.com/cgi-bin/wplayer.cgi?p=SolAilinLarrayaGuidi"">Sol Ailin Larraya Guidi",PaulineGloeckner,ARG,2008-02-21
1500,Sunam Jeong,SunamJeong,KOR,1996-06-06
1500,"Valentina Khrebtova</a></td><td align=""left"">BEL</td><td align=""right""></td></tr><tr><td align=""right"">1500</td><td align=""left""><a href=""https://www.tennisabstract.com/cgi-bin/wplayer.cgi?p=ValeriaGarnevska"">Valeria Garnevska</a></td><td align=""left"">BUL</td><td align=""right""></td></tr><tr><td align=""right"">1500</td><td align=""left""><a href=""https://www.tennisabstract.com/cgi-bin/wplayer.cgi?p=VictoriaKapcia"">Victoria Kapcia",ValentinaKhrebtova,SWE,2006-12-18
1500,Warisara Lee,WarisaraLee,THA,2002-10-16
1500,Wenfei Yu,WenfeiYu,CHN,2006-08-21
1500,Yuzuha Negishi,YuzuhaNegishi,JPN,2008-12-22
