Tour;Player;Weeks;Surface;Filter;Matches;A%;vA%;DF%;Pts/G;StartDate;EndDate
ATP;Adam Walton;26;All;ATP;14;7,3937;9,4919;2,3105;6,4405;2026-04-05;2026-10-04
ATP;Adolfo Daniel Vallejo;26;All;ATP;21;4,2378;6,5595;4,2378;6,7277;2026-04-05;2026-10-04
ATP;Adrian Mannarino;26;All;ATP;24;4,6578;12,1111;3,0477;6,3467;2026-04-05;2026-10-04
ATP;Alejandro Davidovich Fokina;26;All;ATP;25;6,0106;9,1615;1,8617;6,2252;2026-04-05;2026-10-04
ATP;Alejandro Tabilo;26;All;ATP;26;7,393;12,0664;2,9183;6,3067;2026-04-05;2026-10-04
ATP;Aleksandar Kovacevic;26;All;ATP;19;10,7541;13,8003;5,1803;6,3542;2026-04-05;2026-10-04
ATP;Aleksandar Vukic;26;All;ATP;9;8,6493;12,8405;2,9621;6,752;2026-04-05;2026-10-04
ATP;Alex Bolt;26;All;ATP;1;10,0;5,9701;1,6667;6,6667;2026-04-05;2026-10-04
ATP;Alex De Minaur;26;All;ATP;34;4,8126;5,1957;4,2616;6,5749;2026-04-05;2026-10-04
ATP;Alex Michelsen;26;All;ATP;22;7,1823;7,3319;5,0829;6,4184;2026-04-05;2026-10-04
ATP;Alex Molcan;26;All;ATP;17;4,4358;11,0;2,4125;6,2379;2026-04-05;2026-10-04
ATP;Alexander Blockx;26;All;ATP;29;8,9582;4,601;4,341;6,3668;2026-04-05;2026-10-04
ATP;Alexander Bublik;26;All;ATP;27;14,0046;11,2741;4,3021;6,0526;2026-04-05;2026-10-04
ATP;Alexander Shevchenko;26;All;ATP;13;8,0264;8,835;4,4381;6,4182;2026-04-05;2026-10-04
ATP;Alexander Zverev;26;All;ATP;41;11,8495;7,3667;3,5284;5,9045;2026-04-05;2026-10-04
ATP;Alexandre Muller;26;All;ATP;9;4,5302;10,9641;2,5168;6,6966;2026-04-05;2026-10-04
ATP;Alexei Popyrin;26;All;ATP;16;11,264;9,5116;3,8693;6,0259;2026-04-05;2026-10-04
ATP;Alexis Galarneau;26;All;ATP;2;9,2105;8,9172;5,2632;6,3333;2026-04-05;2026-10-04
ATP;Andrea Guerrieri;26;All;ATP;1;2,6316;7,1429;2,6316;5,8462;2026-04-05;2026-10-04
ATP;Andrea Pellegrino;26;All;ATP;6;4,4706;8,9636;3,0588;7,0833;2026-04-05;2026-10-04
ATP;Andrey Rublev;26;All;ATP;31;9,7531;7,967;3,6626;6,3446;2026-04-05;2026-10-04
ATP;Arthur Fery;26;All;ATP;20;4,7836;7,0252;2,3349;6,2491;2026-04-05;2026-10-04
ATP;Arthur Fils;26;All;ATP;27;7,6923;6,953;3,1612;6,1623;2026-04-05;2026-10-04
ATP;Arthur Gea;26;All;ATP;12;5,1669;5,8728;6,0413;6,6915;2026-04-05;2026-10-04
ATP;Arthur Rinderknech;26;All;ATP;24;15,4064;6,8499;4,0643;6,2419;2026-04-05;2026-10-04
ATP;Ben Shelton;26;All;ATP;34;9,8722;6,6041;3,3227;6,0895;2026-04-05;2026-10-04
ATP;Benjamin Bonzi;26;All;ATP;15;7,3737;9,3871;4,0597;6,0653;2026-04-05;2026-10-04
ATP;Bernard Tomic;26;All;ATP;3;16,7785;4,3165;5,3691;6,4783;2026-04-05;2026-10-04
ATP;Billy Harris;26;All;ATP;1;7,1429;9,4488;1,7857;5,8947;2026-04-05;2026-10-04
ATP;Botic Van De Zandschulp;26;All;ATP;29;8,5366;6,677;5,8308;6,711;2026-04-05;2026-10-04
ATP;Brandon Nakashima;26;All;ATP;29;12,4672;10,9123;2,0122;6,263;2026-04-05;2026-10-04
ATP;Bu Yunchaokete;26;All;ATP;7;10,1933;11,3014;3,5149;6,1183;2026-04-05;2026-10-04
ATP;Cameron Norrie;26;All;ATP;24;4,5161;8,4789;4,0199;6,6502;2026-04-05;2026-10-04
ATP;Camilo Ugo Carabelli;26;All;ATP;17;4,6143;8,0502;4,398;6,5425;2026-04-05;2026-10-04
ATP;Carlos Alcaraz;26;All;ATP;13;3,8774;3,0466;4,2381;6,6807;2026-04-05;2026-10-04
ATP;Casper Ruud;26;All;ATP;24;5,2;5,7398;3,8;6,0729;2026-04-05;2026-10-04
ATP;Christopher Oconnell;26;All;ATP;4;13,2743;13,8249;2,2124;6,4571;2026-04-05;2026-10-04
ATP;Clement Tabur;26;All;ATP;3;5,4131;9,9125;1,7094;6,8824;2026-04-05;2026-10-04
ATP;Coleman Wong;26;All;ATP;9;14,0647;8,1779;4,2194;6,1826;2026-04-05;2026-10-04
ATP;Corentin Moutet;26;All;ATP;16;3,5043;3,1046;3,4188;6,3934;2026-04-05;2026-10-04
ATP;Cristian Garin;26;All;ATP;5;1,9753;7,277;3,2099;6,2308;2026-04-05;2026-10-04
ATP;Dalibor Svrcina;26;All;ATP;9;4,3787;5,9933;9,1124;6,8145;2026-04-05;2026-10-04
ATP;Damir Dzumhur;26;All;ATP;14;1,4478;4,2744;2,5853;6,5338;2026-04-05;2026-10-04
ATP;Dane Sweeny;26;All;ATP;5;5,0328;10,0218;4,5952;6,6232;2026-04-05;2026-10-04
ATP;Daniel Altmaier;26;All;ATP;28;9,399;6,5949;4,0669;6,528;2026-04-05;2026-10-04
ATP;Daniel Merida Aguilar;26;All;ATP;23;4,5376;4,4975;4,3653;6,2852;2026-04-05;2026-10-04
ATP;Daniil Medvedev;26;All;ATP;31;11,7379;4,8577;5,8067;6,1505;2026-04-05;2026-10-04
ATP;Darwin Blanch;26;All;ATP;3;3,2864;13,0653;6,5728;6,4545;2026-04-05;2026-10-04
ATP;Denis Shapovalov;26;All;ATP;27;9,3825;3,6372;7,8506;6,1988;2026-04-05;2026-10-04
ATP;Diego Dedura Palomero;26;All;ATP;3;0,4902;5,5276;2,9412;6,8;2026-04-05;2026-10-04
ATP;Dino Prizmic;26;All;ATP;14;5,3148;6,5491;4,0065;6,1457;2026-04-05;2026-10-04
ATP;Dominic Stricker;26;All;ATP;2;10,6195;8,7591;3,5398;5,9474;2026-04-05;2026-10-04
ATP;Dusan Lajovic;26;All;ATP;4;4,3011;10,7266;1,7921;5,8125;2026-04-05;2026-10-04
ATP;Edas Butvilas;26;All;ATP;2;5,7377;4,6296;0,8197;7,1765;2026-04-05;2026-10-04
ATP;Elias Ymer;26;All;ATP;1;8,0;13,0435;0,0;5,5556;2026-04-05;2026-10-04
ATP;Elmer Moller;26;All;ATP;3;4,3011;6,0;6,9892;6,6429;2026-04-05;2026-10-04
ATP;Emilio Nava;26;All;ATP;6;9,6308;5,5846;3,5313;7,0795;2026-04-05;2026-10-04
ATP;Ethan Quinn;26;All;ATP;15;10,4377;7,7371;5,1347;6,2199;2026-04-05;2026-10-04
ATP;Fabian Marozsan;26;All;ATP;26;6,3767;7,7871;2,7187;6,3817;2026-04-05;2026-10-04
ATP;Facundo Diaz Acosta;26;All;ATP;4;5,3908;11,5169;3,504;6,2881;2026-04-05;2026-10-04
ATP;Fajing Sun;26;All;ATP;1;7,5472;13,1579;1,8868;7,5714;2026-04-05;2026-10-04
ATP;Federico Agustin Gomez;26;All;ATP;2;6,5934;8,0925;6,044;7,0;2026-04-05;2026-10-04
ATP;Federico Cina;26;All;ATP;7;7,3126;10,1852;3,2907;6,6707;2026-04-05;2026-10-04
ATP;Felix Auger Aliassime;26;All;ATP;24;13,4815;4,9853;3,7531;6,1738;2026-04-05;2026-10-04
ATP;Felix Balshaw;26;All;ATP;1;6,7797;14,5161;3,3898;5,3636;2026-04-05;2026-10-04
ATP;Felix Gill;26;All;ATP;2;9,8039;12,6582;1,4706;6,8;2026-04-05;2026-10-04
ATP;Flavio Cobolli;26;All;ATP;31;6,7487;6,7073;3,4303;6,5097;2026-04-05;2026-10-04
ATP;Frances Tiafoe;26;All;ATP;32;6,38;13,7227;3,0314;6,4186;2026-04-05;2026-10-04
ATP;Francesco Maestrelli;26;All;ATP;1;10,5263;2,5641;0,0;7,6;2026-04-05;2026-10-04
ATP;Francesco Passaro;26;All;ATP;1;5,4795;10,2941;4,7945;6,9524;2026-04-05;2026-10-04
ATP;Francisco Cerundolo;26;All;ATP;27;5,1891;4,9187;4,5734;6,5913;2026-04-05;2026-10-04
ATP;Francisco Comesana;26;All;ATP;8;7,265;4,6584;4,8433;6,5607;2026-04-05;2026-10-04
ATP;Frederico Ferreira Silva;26;All;ATP;1;2,6786;5,8252;1,7857;7,4667;2026-04-05;2026-10-04
ATP;Gabriel Diallo;26;All;ATP;14;8,6294;6,2617;3,3841;6,5667;2026-04-05;2026-10-04
ATP;Gael Monfils;26;All;ATP;8;8,2621;3,2593;5,5556;7,0909;2026-04-05;2026-10-04
ATP;Gauthier Onclin;26;All;ATP;2;3,0303;23,3577;5,303;6,2857;2026-04-05;2026-10-04
ATP;Gianluca Cadenasso;26;All;ATP;1;10,1266;9,5238;2,5316;5,6429;2026-04-05;2026-10-04
ATP;Giovanni Mpetshi Perricard;26;All;ATP;11;15,6746;6,8856;3,869;6,6755;2026-04-05;2026-10-04
ATP;Gonzalo Bueno;26;All;ATP;2;0,6667;5,9259;4,6667;6,5217;2026-04-05;2026-10-04
ATP;Grigor Dimitrov;26;All;ATP;13;9,4372;8,3197;5,6277;5,8929;2026-04-05;2026-10-04
ATP;Hamad Medjedovic;26;All;ATP;14;7,9481;11,9526;4,704;6,927;2026-04-05;2026-10-04
ATP;Harry Wendelken;26;All;ATP;3;5,2469;9,3023;4,321;6,8936;2026-04-05;2026-10-04
ATP;Henrique Rocha;26;All;ATP;2;4,2254;0,0;2,8169;7,4737;2026-04-05;2026-10-04
ATP;Holger Rune;26;All;ATP;1;7,5;6,8182;0,0;5,0;2026-04-05;2026-10-04
ATP;Hubert Hurkacz;26;All;ATP;27;15,4689;7,2384;3,4917;6,2513;2026-04-05;2026-10-04
ATP;Hugo Gaston;26;All;ATP;11;3,3333;7,6155;2,2619;6,8852;2026-04-05;2026-10-04
ATP;Hugo Grenier;26;All;ATP;2;13,9535;2,7174;5,814;6,1429;2026-04-05;2026-10-04
ATP;Ignacio Buse;26;All;ATP;30;5,0622;4,9618;2,3595;6,3863;2026-04-05;2026-10-04
ATP;J J Wolf;26;All;ATP;2;4,7619;15,8228;3,1746;6,5172;2026-04-05;2026-10-04
ATP;Jack Draper;26;All;ATP;7;6,5789;8,4711;5,0439;6,0;2026-04-05;2026-10-04
ATP;Jack Pinnington Jones;26;All;ATP;4;5,7971;5,7377;5,0725;6,9;2026-04-05;2026-10-04
ATP;Jacob Fearnley;26;All;ATP;7;5,3616;9,441;8,2294;6,6833;2026-04-05;2026-10-04
ATP;Jaime Faria;26;All;ATP;19;8,7209;7,6161;7,1512;6,5649;2026-04-05;2026-10-04
ATP;Jakub Mensik;26;All;ATP;23;13,3501;6,7535;4,3325;6,1077;2026-04-05;2026-10-04
ATP;James Duckworth;26;All;ATP;19;8,7829;8,1011;4,7051;6,4274;2026-04-05;2026-10-04
ATP;James Mccabe;26;All;ATP;2;4,4025;11,0294;1,8868;6,913;2026-04-05;2026-10-04
ATP;Jan Choinski;26;All;ATP;9;11,3184;12,3947;3,1095;6,3307;2026-04-05;2026-10-04
ATP;Jan Lennard Struff;26;All;ATP;23;12,2326;12,828;4,2326;6,535;2026-04-05;2026-10-04
ATP;Jannik Sinner;26;All;ATP;24;12,3159;5,0725;2,3571;5,7918;2026-04-05;2026-10-04
ATP;Jaume Munar;26;All;ATP;18;6,5345;7,0472;3,2305;6,4245;2026-04-05;2026-10-04
ATP;Jenson Brooksby;26;All;ATP;23;4,5788;7,6474;1,4042;6,2281;2026-04-05;2026-10-04
ATP;Jerome Kym;26;All;ATP;2;8,7719;7,3171;4,8246;6,9091;2026-04-05;2026-10-04
ATP;Jesper De Jong;26;All;ATP;11;9,4869;6,6536;7,5508;6,538;2026-04-05;2026-10-04
ATP;Jiri Lehecka;26;All;ATP;29;11,1021;6,9153;2,3012;6,1925;2026-04-05;2026-10-04
ATP;Joao Fonseca;26;All;ATP;17;5,9132;5,9185;1,9461;6,4854;2026-04-05;2026-10-04
ATP;Joel Schwaerzler;26;All;ATP;2;6,5574;9,6774;0,8197;6,1;2026-04-05;2026-10-04
ATP;Juan Carlos Prado Angelo;26;All;ATP;2;0,7576;1,3699;0,0;6,2857;2026-04-05;2026-10-04
ATP;Juan Manuel Cerundolo;26;All;ATP;26;7,7591;6,6803;4,1348;6,3194;2026-04-05;2026-10-04
ATP;Juncheng Shang;26;All;ATP;9;5,1546;8,4525;3,2216;6,5763;2026-04-05;2026-10-04
ATP;Jurij Rodionov;26;All;ATP;5;9,276;9,0226;3,1674;6,597;2026-04-05;2026-10-04
ATP;Kamil Majchrzak;26;All;ATP;18;8,5079;10,3583;2,4215;6,4473;2026-04-05;2026-10-04
ATP;Karen Khachanov;26;All;ATP;25;8,0531;8,039;2,7949;6,2456;2026-04-05;2026-10-04
ATP;Kilian Feldbausch;26;All;ATP;3;1,4354;3,2258;4,3062;6,1471;2026-04-05;2026-10-04
ATP;Kyrian Jacquet;26;All;ATP;13;8,731;6,5347;4,1624;6,3961;2026-04-05;2026-10-04
ATP;Laslo Djere;26;All;ATP;3;4,428;12,4567;2,583;6,775;2026-04-05;2026-10-04
ATP;Lautaro Midon;26;All;ATP;2;9,8958;3,4314;1,0417;6,6207;2026-04-05;2026-10-04
ATP;Learner Tien;26;All;ATP;25;4,3617;7,1266;4,0891;6,4926;2026-04-05;2026-10-04
ATP;Liam Draxl;26;All;ATP;1;1,1364;0,8621;1,1364;5,8667;2026-04-05;2026-10-04
ATP;Lloyd Harris;26;All;ATP;5;18,4652;11,5663;2,6379;6,2239;2026-04-05;2026-10-04
ATP;Lorenzo Musetti;26;All;ATP;21;4,6367;4,0317;3,8754;6,4798;2026-04-05;2026-10-04
ATP;Lorenzo Sonego;26;All;ATP;22;9,3985;5,8033;2,4705;6,2067;2026-04-05;2026-10-04
ATP;Luca Nardi;26;All;ATP;1;2,2222;0,0;1,1111;6,4286;2026-04-05;2026-10-04
ATP;Luca Van Assche;26;All;ATP;14;4,2241;8,1967;5,3448;6,4444;2026-04-05;2026-10-04
ATP;Luciano Darderi;26;All;ATP;37;6,771;9,3461;3,2664;6,819;2026-04-05;2026-10-04
ATP;Lukas Neumayer;26;All;ATP;2;3,7037;13,1783;3,7037;7,7143;2026-04-05;2026-10-04
ATP;Mackenzie Mcdonald;26;All;ATP;2;6,701;14,7059;5,6701;6,6897;2026-04-05;2026-10-04
ATP;Marc Andrea Huesler;26;All;ATP;1;3,8961;2,8169;2,5974;7,0;2026-04-05;2026-10-04
ATP;Marco Cecchinato;26;All;ATP;1;1,7544;2,2727;3,5088;6,3333;2026-04-05;2026-10-04
ATP;Marco Trungelliti;26;All;ATP;14;5,3412;9,6395;4,9703;6,9128;2026-04-05;2026-10-04
ATP;Marcos Giron;26;All;ATP;14;5,2326;10,16;2,7616;6,5524;2026-04-05;2026-10-04
ATP;Mariano Navone;26;All;ATP;27;2,4052;6,0954;2,914;6,512;2026-04-05;2026-10-04
ATP;Marin Cilic;26;All;ATP;14;7,5758;11,334;3,6932;6,4;2026-04-05;2026-10-04
ATP;Mark Lajal;26;All;ATP;1;8,7719;7,5472;3,5088;5,7;2026-04-05;2026-10-04
ATP;Martin Damm;26;All;ATP;15;14,5721;11,4078;4,7032;6,4208;2026-04-05;2026-10-04
ATP;Martin Krumich;26;All;ATP;1;1,7857;4,6875;3,5714;6,2222;2026-04-05;2026-10-04
ATP;Martin Landaluce;26;All;ATP;18;6,9345;8,1462;6,9994;6,4832;2026-04-05;2026-10-04
ATP;Marton Fucsovics;26;All;ATP;12;4,4494;7,1259;6,2291;6,7594;2026-04-05;2026-10-04
ATP;Matej Dodig;26;All;ATP;1;5,0847;0,0;5,0847;6,5556;2026-04-05;2026-10-04
ATP;Matteo Arnaldi;26;All;ATP;15;6,25;5,4517;4,7068;6,3529;2026-04-05;2026-10-04
ATP;Matteo Berrettini;26;All;ATP;15;11,0681;7,3097;2,5542;6,4279;2026-04-05;2026-10-04
ATP;Mattia Bellucci;26;All;ATP;18;9,4494;7,4282;4,3508;6,4236;2026-04-05;2026-10-04
ATP;Max Basing;26;All;ATP;1;0,0;4,5455;3,5714;7,6364;2026-04-05;2026-10-04
ATP;Max Schoenhaus;26;All;ATP;2;7,1006;9,2199;4,7337;6,76;2026-04-05;2026-10-04
ATP;Michael Zheng;26;All;ATP;13;7,6198;5,7416;3,8492;6,5959;2026-04-05;2026-10-04
ATP;Miomir Kecmanovic;26;All;ATP;21;3,7419;11,8857;2,9284;6,6331;2026-04-05;2026-10-04
ATP;Moise Kouame;26;All;ATP;4;5,5556;5,6225;6,4103;6,6857;2026-04-05;2026-10-04
ATP;Murphy Cassone;26;All;ATP;1;6,0241;20,0;1,2048;5,9286;2026-04-05;2026-10-04
ATP;Nicolai Budkov Kjaer;26;All;ATP;4;4,1916;3,0675;2,3952;5,7586;2026-04-05;2026-10-04
ATP;Nicolas Mejia;26;All;ATP;5;5,1181;6,8702;2,5591;6,5974;2026-04-05;2026-10-04
ATP;Nikoloz Basilashvili;26;All;ATP;13;10,0196;9,4977;5,3045;6,323;2026-04-05;2026-10-04
ATP;Nishesh Basavareddy;26;All;ATP;2;10,241;15,5689;4,8193;5,9286;2026-04-05;2026-10-04
ATP;Novak Djokovic;26;All;ATP;11;9,1503;12,1392;3,0229;6,3093;2026-04-05;2026-10-04
ATP;Nuno Borges;26;All;ATP;31;9,4452;8,9438;2,8886;6,2137;2026-04-05;2026-10-04
ATP;Otto Virtanen;26;All;ATP;5;9,5599;8,4112;3,7936;6,7938;2026-04-05;2026-10-04
ATP;Pablo Carreno Busta;26;All;ATP;15;3,7197;7,1429;3,4602;6,5311;2026-04-05;2026-10-04
ATP;Pablo Llamas Ruiz;26;All;ATP;4;0,7979;6,25;0,7979;6,8364;2026-04-05;2026-10-04
ATP;Patrick Kypson;26;All;ATP;4;10,0478;13,2653;3,5885;6,7419;2026-04-05;2026-10-04
ATP;Pedro Martinez;26;All;ATP;4;0,3846;10,6557;3,4615;6,3415;2026-04-05;2026-10-04
ATP;Pierre Hugues Herbert;26;All;ATP;2;7,1823;8,6735;11,0497;6,0333;2026-04-05;2026-10-04
ATP;Quentin Halys;26;All;ATP;21;13,1494;8,6715;4,3831;6,439;2026-04-05;2026-10-04
ATP;Rafael Jodar;26;All;ATP;31;4,854;4,477;3,4965;6,5881;2026-04-05;2026-10-04
ATP;Raphael Collignon;26;All;ATP;17;9,2409;7,079;6,6667;6,5584;2026-04-05;2026-10-04
ATP;Raul Brancaccio;26;All;ATP;1;2,9703;14,4578;2,9703;6,7333;2026-04-05;2026-10-04
ATP;Rei Sakamoto;26;All;ATP;3;19,3353;9,4828;2,1148;5,9107;2026-04-05;2026-10-04
ATP;Reilly Opelka;26;All;ATP;2;14,0;10,6796;8,0;6,25;2026-04-05;2026-10-04
ATP;Rinky Hijikata;26;All;ATP;18;5,1678;11,4094;3,557;6,5929;2026-04-05;2026-10-04
ATP;Roberto Bautista Agut;26;All;ATP;6;4,0872;13,1868;2,9973;6,4386;2026-04-05;2026-10-04
ATP;Rodrigo Pacheco Mendez;26;All;ATP;2;4,0816;7,1823;6,1224;6,125;2026-04-05;2026-10-04
ATP;Roman Andres Burruchaga;26;All;ATP;14;4,4199;6,2333;4,6961;6,426;2026-04-05;2026-10-04
ATP;Roman Safiullin;26;All;ATP;13;8,8597;10,9611;2,9532;6,2194;2026-04-05;2026-10-04
ATP;Sebastian Baez;26;All;ATP;23;2,3627;8,9697;2,4217;6,4129;2026-04-05;2026-10-04
ATP;Sebastian Ofner;26;All;ATP;9;11,2033;8,1042;3,0429;6,6944;2026-04-05;2026-10-04
ATP;Shintaro Mochizuki;26;All;ATP;7;3,3113;11,303;3,8079;6,5652;2026-04-05;2026-10-04
ATP;Sho Shimabukuro;26;All;ATP;13;7,967;12,7762;5,5861;6,5389;2026-04-05;2026-10-04
ATP;Soon Woo Kwon;26;All;ATP;3;6,3604;8,8525;5,3004;6,5814;2026-04-05;2026-10-04
ATP;Stan Wawrinka;26;All;ATP;8;8,7574;8,6331;3,5503;6,76;2026-04-05;2026-10-04
ATP;Stefano Travaglia;26;All;ATP;3;7,5269;2,0942;2,6882;6,6429;2026-04-05;2026-10-04
ATP;Stefanos Tsitsipas;26;All;ATP;30;9,4519;7,1456;3,058;6,2793;2026-04-05;2026-10-04
ATP;Sumit Nagal;26;All;ATP;1;0,0;3,3333;2,0;6,25;2026-04-05;2026-10-04
ATP;Tallon Griekspoor;26;All;ATP;17;9,6436;11,2033;4,7519;6,0894;2026-04-05;2026-10-04
ATP;Taro Daniel;26;All;ATP;3;6,6667;13,7795;1,5686;6,5385;2026-04-05;2026-10-04
ATP;Taylor Fritz;26;All;ATP;29;16,5061;9,5684;2,4717;5,9825;2026-04-05;2026-10-04
ATP;Terence Atmane;26;All;ATP;24;9,1291;7,9392;3,2004;6,3322;2026-04-05;2026-10-04
ATP;Thiago Agustin Tirante;26;All;ATP;24;10,4383;6,7096;4,7866;6,0842;2026-04-05;2026-10-04
ATP;Timofey Skatov;26;All;ATP;3;0,8403;15,5172;2,9412;6,6111;2026-04-05;2026-10-04
ATP;Titouan Droguet;26;All;ATP;11;8,061;3,9807;4,0305;6,75;2026-04-05;2026-10-04
ATP;Toby Samuel;26;All;ATP;7;5,6478;7,7329;2,99;6,3368;2026-04-05;2026-10-04
ATP;Tom Gentzsch;26;All;ATP;1;23,1481;4,4643;0,9259;6,75;2026-04-05;2026-10-04
ATP;Tomas Barrios Vera;26;All;ATP;1;3,6145;12,5;3,6145;6,3846;2026-04-05;2026-10-04
ATP;Tomas Machac;26;All;ATP;12;4,102;6,4551;4,3237;6,4429;2026-04-05;2026-10-04
ATP;Tomas Martin Etcheverry;26;All;ATP;27;6,0147;8,381;2,5917;6,1411;2026-04-05;2026-10-04
ATP;Tommy Paul;26;All;ATP;28;7,4833;6,1538;2,801;6,4129;2026-04-05;2026-10-04
ATP;Tristan Boyer;26;All;ATP;3;5,2632;10,9312;6,5789;6,3333;2026-04-05;2026-10-04
ATP;Tristan Schoolkate;26;All;ATP;2;12,1849;11,8721;3,3613;5,95;2026-04-05;2026-10-04
ATP;Ugo Humbert;26;All;ATP;26;8,483;7,3996;4,8403;6,3619;2026-04-05;2026-10-04
ATP;Valentin Royer;26;All;ATP;13;6,0036;8,3821;3,6738;6,6036;2026-04-05;2026-10-04
ATP;Valentin Vacherot;26;All;ATP;17;9,4595;8,3112;4,4595;6,3519;2026-04-05;2026-10-04
ATP;Vilius Gaubas;26;All;ATP;5;5,4054;10,061;2,4324;6,8519;2026-04-05;2026-10-04
ATP;Vit Kopriva;26;All;ATP;23;5,2042;9,8013;4,4137;6,2213;2026-04-05;2026-10-04
ATP;Vitaliy Sachko;26;All;ATP;1;4,4444;7,5472;0,0;6,4286;2026-04-05;2026-10-04
ATP;Yannick Hanfmann;26;All;ATP;27;11,3245;9,7052;3,2004;6,2301;2026-04-05;2026-10-04
ATP;Yi Zhou;26;All;ATP;1;7,8125;11,4754;0,0;6,4;2026-04-05;2026-10-04
ATP;Yibing Wu;26;All;ATP;6;7,919;10,6961;2,7624;6,314;2026-04-05;2026-10-04
ATP;Zachary Svajda;26;All;ATP;12;6,334;10,8696;3,167;6,2024;2026-04-05;2026-10-04
ATP;Zdenek Kolar;26;All;ATP;1;5,618;12,0879;3,3708;6,3571;2026-04-05;2026-10-04
ATP;Zhizhen Zhang;26;All;ATP;8;8,8586;10,2293;2,385;6,3804;2026-04-05;2026-10-04
ATP;Zizou Bergs;26;All;ATP;25;8,8429;6,2586;6,397;6,2714;2026-04-05;2026-10-04
ATP;Zsombor Piros;26;All;ATP;1;7,7778;19,7183;7,7778;7,5;2026-04-05;2026-10-04
ATP;Adam Walton;26;All;ALL;40;9,0542;7,9893;2,2551;6,2945;2026-04-05;2026-10-04
ATP;Adolfo Daniel Vallejo;26;All;ALL;28;3,7451;5,8022;4,4261;6,719;2026-04-05;2026-10-04
ATP;Adrian Mannarino;26;All;ALL;29;4,9976;11,3436;3,0568;6,3028;2026-04-05;2026-10-04
ATP;Alastair Gray;26;All;ALL;27;9,3886;8,4461;4,3668;6,3833;2026-04-05;2026-10-04
ATP;Alejandro Davidovich Fokina;26;All;ALL;25;6,0106;9,1615;1,8617;6,2252;2026-04-05;2026-10-04
ATP;Alejandro Moro Canas;26;All;ALL;27;5,4095;4,0211;2,0728;6,2595;2026-04-05;2026-10-04
ATP;Alejandro Tabilo;26;All;ALL;33;7,3598;10,9027;2,7648;6,233;2026-04-05;2026-10-04
ATP;Aleksandar Kovacevic;26;All;ALL;23;9,8812;12,4783;4,9136;6,4306;2026-04-05;2026-10-04
ATP;Aleksandar Vukic;26;All;ALL;21;8,2538;9,8962;2,4144;6,6455;2026-04-05;2026-10-04
ATP;Alex Barrena;26;All;ALL;35;2,0476;3,7582;2,5491;6,4676;2026-04-05;2026-10-04
ATP;Alex Bolt;26;All;ALL;16;10,1802;8,356;1,8919;6,3429;2026-04-05;2026-10-04
ATP;Alex De Minaur;26;All;ALL;34;4,8126;5,1957;4,2616;6,5749;2026-04-05;2026-10-04
ATP;Alex Michelsen;26;All;ALL;32;7,0916;6,6955;4,9004;6,3384;2026-04-05;2026-10-04
ATP;Alex Molcan;26;All;ALL;27;4,8257;9,1429;2,5737;6,2584;2026-04-05;2026-10-04
ATP;Alexander Blockx;26;All;ALL;29;8,9582;4,601;4,341;6,3668;2026-04-05;2026-10-04
ATP;Alexander Bublik;26;All;ALL;27;14,0046;11,2741;4,3021;6,0526;2026-04-05;2026-10-04
ATP;Alexander Shevchenko;26;All;ALL;24;7,4231;6,1681;3,2874;6,6408;2026-04-05;2026-10-04
ATP;Alexander Zverev;26;All;ALL;41;11,8495;7,3667;3,5284;5,9045;2026-04-05;2026-10-04
ATP;Alexandre Muller;26;All;ALL;19;4,8092;11,2769;2,9771;6,5829;2026-04-05;2026-10-04
ATP;Alexei Popyrin;26;All;ALL;19;10,7169;9,0774;3,9172;6,1222;2026-04-05;2026-10-04
ATP;Alexis Galarneau;26;All;ALL;27;5,4902;7,75;4,2647;6,395;2026-04-05;2026-10-04
ATP;Andre Ilagan;26;All;ALL;29;5,9801;9,7949;2,9485;6,7831;2026-04-05;2026-10-04
ATP;Andrea Guerrieri;26;All;ALL;33;2,7273;5,122;5,4959;6,5761;2026-04-05;2026-10-04
ATP;Andrea Pellegrino;26;All;ALL;20;4,4678;5,6188;3,4166;6,7644;2026-04-05;2026-10-04
ATP;Andrej Nedic;26;All;ALL;39;2,316;3,0787;3,1005;6,5293;2026-04-05;2026-10-04
ATP;Andres Andrade;26;All;ALL;31;3,9294;4,7702;5,6071;6,453;2026-04-05;2026-10-04
ATP;Andrey Rublev;26;All;ALL;31;9,7531;7,967;3,6626;6,3446;2026-04-05;2026-10-04
ATP;Arthur Fery;26;All;ALL;32;4,9145;6,3576;2,1724;6,4552;2026-04-05;2026-10-04
ATP;Arthur Fils;26;All;ALL;27;7,6923;6,953;3,1612;6,1623;2026-04-05;2026-10-04
ATP;Arthur Gea;26;All;ALL;24;7,0039;4,7833;5,7393;6,5478;2026-04-05;2026-10-04
ATP;Arthur Rinderknech;26;All;ALL;25;15,608;6,901;4,0835;6,2971;2026-04-05;2026-10-04
ATP;August Holmgren;26;All;ALL;32;10,0686;5,5783;5,2699;6,4833;2026-04-05;2026-10-04
ATP;Ben Shelton;26;All;ALL;34;9,8722;6,6041;3,3227;6,0895;2026-04-05;2026-10-04
ATP;Benjamin Bonzi;26;All;ALL;26;7,4311;7,9123;3,8386;6,1763;2026-04-05;2026-10-04
ATP;Bernard Tomic;26;All;ALL;30;8,0961;9,5047;2,4911;6,5159;2026-04-05;2026-10-04
ATP;Billy Harris;26;All;ALL;22;6,4498;9,7285;3,7577;6,5073;2026-04-05;2026-10-04
ATP;Borna Gojo;26;All;ALL;10;12,349;7,5168;4,5638;6,2605;2026-04-05;2026-10-04
ATP;Botic Van De Zandschulp;26;All;ALL;30;8,4592;6,6539;5,8157;6,7038;2026-04-05;2026-10-04
ATP;Braden Shick;26;All;ALL;31;6,2584;5,371;3,8271;6,4377;2026-04-05;2026-10-04
ATP;Brandon Nakashima;26;All;ALL;29;12,4672;10,9123;2,0122;6,263;2026-04-05;2026-10-04
ATP;Bu Yunchaokete;26;All;ALL;34;8,5967;11,8761;2,5706;6,2944;2026-04-05;2026-10-04
ATP;Buvaysar Gadamauri;26;All;ALL;26;4,1006;4,5951;3,8272;6,6509;2026-04-05;2026-10-04
ATP;Cameron Norrie;26;All;ALL;24;4,5161;8,4789;4,0199;6,6502;2026-04-05;2026-10-04
ATP;Camilo Ugo Carabelli;26;All;ALL;21;4,3233;7,4167;4,386;6,4615;2026-04-05;2026-10-04
ATP;Carl Emil Overbeck;26;All;ALL;26;8,8526;4,732;3,9604;6,1763;2026-04-05;2026-10-04
ATP;Carlos Alcaraz;26;All;ALL;13;3,8774;3,0466;4,2381;6,6807;2026-04-05;2026-10-04
ATP;Casper Ruud;26;All;ALL;24;5,2;5,7398;3,8;6,0729;2026-04-05;2026-10-04
ATP;Cezar Cretu;26;All;ALL;30;3,0319;3,5134;3,1915;6,3087;2026-04-05;2026-10-04
ATP;Charles Broom;26;All;ALL;24;5,5067;7,4869;3,2806;6,4659;2026-04-05;2026-10-04
ATP;Chris Rodesch;26;All;ALL;12;6,5242;5,0273;3,2621;6,2606;2026-04-05;2026-10-04
ATP;Christopher Oconnell;26;All;ALL;13;12,4174;10,7374;1,4531;6,2049;2026-04-05;2026-10-04
ATP;Chun Hsin Tseng;26;All;ALL;31;3,4931;4,4364;1,2091;6,6657;2026-04-05;2026-10-04
ATP;Clement Chidekh;26;All;ALL;36;3,4361;5,5347;4,4493;6,1853;2026-04-05;2026-10-04
ATP;Clement Tabur;26;All;ALL;24;4,2403;6,263;3,786;6,6926;2026-04-05;2026-10-04
ATP;Coleman Wong;26;All;ALL;29;13,6251;7,007;3,5803;6,2068;2026-04-05;2026-10-04
ATP;Colton Smith;26;All;ALL;24;6,8985;2,6422;3,9339;6,6439;2026-04-05;2026-10-04
ATP;Corentin Moutet;26;All;ALL;16;3,5043;3,1046;3,4188;6,3934;2026-04-05;2026-10-04
ATP;Cristian Garin;26;All;ALL;8;2,3022;5,5935;2,8777;6,2613;2026-04-05;2026-10-04
ATP;Dalibor Svrcina;26;All;ALL;29;3,3419;4,534;7,2836;6,7457;2026-04-05;2026-10-04
ATP;Damir Dzumhur;26;All;ALL;25;1,4213;3,7398;2,4446;6,4908;2026-04-05;2026-10-04
ATP;Dane Sweeny;26;All;ALL;22;3,4328;7,8196;5,121;6,9144;2026-04-05;2026-10-04
ATP;Daniel Altmaier;26;All;ALL;30;9,3932;6,2036;3,7406;6,5918;2026-04-05;2026-10-04
ATP;Daniel Merida Aguilar;26;All;ALL;29;4,3724;4,0308;4,4194;6,2929;2026-04-05;2026-10-04
ATP;Daniel Michalski;26;All;ALL;29;2,5868;2,614;3,2808;6,0962;2026-04-05;2026-10-04
ATP;Daniel Rincon;26;All;ALL;44;5,1403;3,5714;2,649;6,6478;2026-04-05;2026-10-04
ATP;Daniil Glinka;26;All;ALL;33;7,9439;4,6192;4,6304;6,3967;2026-04-05;2026-10-04
ATP;Daniil Medvedev;26;All;ALL;31;11,7379;4,8577;5,8067;6,1505;2026-04-05;2026-10-04
ATP;Darwin Blanch;26;All;ALL;31;7,8265;5,8849;5,0191;6,4766;2026-04-05;2026-10-04
ATP;David Jorda Sanchis;26;All;ALL;32;6,0527;2,5829;3,8911;6,4429;2026-04-05;2026-10-04
ATP;Denis Shapovalov;26;All;ALL;27;9,3825;3,6372;7,8506;6,1988;2026-04-05;2026-10-04
ATP;Diego Dedura Palomero;26;All;ALL;37;1,2972;2,7854;1,6903;6,5064;2026-04-05;2026-10-04
ATP;Dino Prizmic;26;All;ALL;24;4,8482;6,4215;4,1556;6,1947;2026-04-05;2026-10-04
ATP;Dominic Stricker;26;All;ALL;23;8,2661;7,5276;2,8226;6,2259;2026-04-05;2026-10-04
ATP;Dusan Lajovic;26;All;ALL;25;4,1451;6,0969;2,418;6,1378;2026-04-05;2026-10-04
ATP;Edas Butvilas;26;All;ALL;30;7,4579;4,5476;3,0923;6,3555;2026-04-05;2026-10-04
ATP;Elias Ymer;26;All;ALL;15;6,2218;8,7892;4,1479;6,4477;2026-04-05;2026-10-04
ATP;Elmer Moller;26;All;ALL;23;2,8571;4,6379;7,1746;6,6737;2026-04-05;2026-10-04
ATP;Emilio Nava;26;All;ALL;19;6,9142;4,8847;3,3291;6,8509;2026-04-05;2026-10-04
ATP;Ethan Quinn;26;All;ALL;18;9,429;7,3826;4,6481;6,3277;2026-04-05;2026-10-04
ATP;Fabian Marozsan;26;All;ALL;26;6,3767;7,7871;2,7187;6,3817;2026-04-05;2026-10-04
ATP;Facundo Diaz Acosta;26;All;ALL;37;3,6343;4,8428;2,248;6,1926;2026-04-05;2026-10-04
ATP;Facundo Mena;26;All;ALL;29;6,939;4,6139;4,1831;6,6623;2026-04-05;2026-10-04
ATP;Fajing Sun;26;All;ALL;34;5,892;10,6476;2,1277;6,4316;2026-04-05;2026-10-04
ATP;Federico Agustin Gomez;26;All;ALL;24;4,7199;5,3219;5,4122;6,4857;2026-04-05;2026-10-04
ATP;Federico Cina;26;All;ALL;23;5,7432;7,2674;4,1667;6,7786;2026-04-05;2026-10-04
ATP;Felix Auger Aliassime;26;All;ALL;24;13,4815;4,9853;3,7531;6,1738;2026-04-05;2026-10-04
ATP;Felix Balshaw;26;All;ALL;45;8,6201;2,8797;4,3574;6,3088;2026-04-05;2026-10-04
ATP;Felix Gill;26;All;ALL;22;5,9447;8,3883;2,472;6,5096;2026-04-05;2026-10-04
ATP;Filip Cristian Jianu;26;All;ALL;27;2,5461;3,1572;1,5913;6,4122;2026-04-05;2026-10-04
ATP;Flavio Cobolli;26;All;ALL;31;6,7487;6,7073;3,4303;6,5097;2026-04-05;2026-10-04
ATP;Florent Bax;26;All;ALL;37;7,9282;4,9927;4,0389;6,2623;2026-04-05;2026-10-04
ATP;Frances Tiafoe;26;All;ALL;32;6,38;13,7227;3,0314;6,4186;2026-04-05;2026-10-04
ATP;Francesco Maestrelli;26;All;ALL;16;8,6538;4,4141;3,6859;7,0508;2026-04-05;2026-10-04
ATP;Francesco Passaro;26;All;ALL;16;4,6512;5,7481;4,6512;6,2708;2026-04-05;2026-10-04
ATP;Francisco Cerundolo;26;All;ALL;27;5,1891;4,9187;4,5734;6,5913;2026-04-05;2026-10-04
ATP;Francisco Comesana;26;All;ALL;17;6,5364;2,6592;4,2453;6,7149;2026-04-05;2026-10-04
ATP;Franco Roncadelli;26;All;ALL;29;0,401;2,5806;1,203;6,3333;2026-04-05;2026-10-04
ATP;Frederico Ferreira Silva;26;All;ALL;22;2,3477;5,5288;3,0743;6,9073;2026-04-05;2026-10-04
ATP;Gabriel Diallo;26;All;ALL;14;8,6294;6,2617;3,3841;6,5667;2026-04-05;2026-10-04
ATP;Gael Monfils;26;All;ALL;8;8,2621;3,2593;5,5556;7,0909;2026-04-05;2026-10-04
ATP;Gauthier Onclin;26;All;ALL;34;2,7933;8,4463;4,7486;6,5091;2026-04-05;2026-10-04
ATP;Genaro Alberto Olivieri;26;All;ALL;22;0,8961;3,2067;1,6129;6,8327;2026-04-05;2026-10-04
ATP;Gianluca Cadenasso;26;All;ALL;14;4,1183;2,6399;3,6959;6,3133;2026-04-05;2026-10-04
ATP;Giovanni Mpetshi Perricard;26;All;ALL;14;14,4748;6,6151;4,4665;6,5707;2026-04-05;2026-10-04
ATP;Gonzalo Bueno;26;All;ALL;28;1,1064;4,2646;4,8472;6,6831;2026-04-05;2026-10-04
ATP;Grigor Dimitrov;26;All;ALL;19;9,0674;8,5962;6,3472;5,9614;2026-04-05;2026-10-04
ATP;Guido Ivan Justo;26;All;ALL;39;1,8661;2,9086;1,7444;6,3205;2026-04-05;2026-10-04
ATP;Gustavo Heide;26;All;ALL;34;5,8716;3,9415;6,3723;6,4428;2026-04-05;2026-10-04
ATP;Hamad Medjedovic;26;All;ALL;14;7,9481;11,9526;4,704;6,927;2026-04-05;2026-10-04
ATP;Harold Mayot;26;All;ALL;33;5,9393;5,2356;2,8157;6,0938;2026-04-05;2026-10-04
ATP;Harry Wendelken;26;All;ALL;21;4,2691;10,9598;5,0453;6,4686;2026-04-05;2026-10-04
ATP;Hayato Matsuoka;26;All;ALL;24;4,608;6,594;5,0269;6,2584;2026-04-05;2026-10-04
ATP;Henri Squire;26;All;ALL;30;6,8251;5,4788;8,7462;6,3397;2026-04-05;2026-10-04
ATP;Henrique Rocha;26;All;ALL;22;3,3535;3,0956;4,0912;6,7773;2026-04-05;2026-10-04
ATP;Henry Searle;26;All;ALL;30;9,4368;3,1485;3,4091;6,0781;2026-04-05;2026-10-04
ATP;Holger Rune;26;All;ALL;1;7,5;6,8182;0,0;5,0;2026-04-05;2026-10-04
ATP;Hubert Hurkacz;26;All;ALL;36;15,0659;6,3184;3,3408;6,226;2026-04-05;2026-10-04
ATP;Hugo Dellien;26;All;ALL;33;3,5618;3,3778;2,0739;6,3191;2026-04-05;2026-10-04
ATP;Hugo Gaston;26;All;ALL;26;3,4719;5,6604;2,7354;6,6702;2026-04-05;2026-10-04
ATP;Hugo Grenier;26;All;ALL;15;9,2105;2,4121;7,1862;6,4575;2026-04-05;2026-10-04
ATP;Hynek Barton;26;All;ALL;37;6,8888;1,9601;3,2572;6,2847;2026-04-05;2026-10-04
ATP;Ignacio Buse;26;All;ALL;33;4,996;4,8608;2,3394;6,4173;2026-04-05;2026-10-04
ATP;Igor Ribeiro Marcondes;26;All;ALL;17;5,6317;6,4894;3,2725;6,6364;2026-04-05;2026-10-04
ATP;Ilia Simakin;26;All;ALL;34;9,7601;4,8496;4,3107;5,9976;2026-04-05;2026-10-04
ATP;Ilya Ivashka;26;All;ALL;29;7,6762;6,2273;4,4386;5,9288;2026-04-05;2026-10-04
ATP;Inaki Montes De La Torre;26;All;ALL;36;2,7288;3,7669;6,5491;6,4032;2026-04-05;2026-10-04
ATP;J J Wolf;26;All;ALL;30;8,1008;9,3328;3,7804;6,2768;2026-04-05;2026-10-04
ATP;Jack Draper;26;All;ALL;7;6,5789;8,4711;5,0439;6,0;2026-04-05;2026-10-04
ATP;Jack Pinnington Jones;26;All;ALL;19;5,6604;5,9939;5,225;6,657;2026-04-05;2026-10-04
ATP;Jacob Fearnley;26;All;ALL;27;5,7182;6,0866;7,8225;6,5254;2026-04-05;2026-10-04
ATP;Jaime Faria;26;All;ALL;32;8,324;6,1802;6,9056;6,3938;2026-04-05;2026-10-04
ATP;Jakub Mensik;26;All;ALL;23;13,3501;6,7535;4,3325;6,1077;2026-04-05;2026-10-04
ATP;James Duckworth;26;All;ALL;24;8,7131;9,0909;4,2564;6,4628;2026-04-05;2026-10-04
ATP;James Mccabe;26;All;ALL;17;9,7543;5,0154;3,2514;6,7843;2026-04-05;2026-10-04
ATP;Jan Choinski;26;All;ALL;34;8,7672;7,3162;3,0628;6,2339;2026-04-05;2026-10-04
ATP;Jan Kumstat;26;All;ALL;30;11,9271;6,1638;3,9428;6,186;2026-04-05;2026-10-04
ATP;Jan Lennard Struff;26;All;ALL;24;11,9946;12,7511;4,3127;6,5088;2026-04-05;2026-10-04
ATP;Jannik Sinner;26;All;ALL;24;12,3159;5,0725;2,3571;5,7918;2026-04-05;2026-10-04
ATP;Jaume Munar;26;All;ALL;23;5,6205;5,8382;3,5058;6,464;2026-04-05;2026-10-04
ATP;Jay Clarke;26;All;ALL;32;3,5817;5,7862;3,2524;6,6185;2026-04-05;2026-10-04
ATP;Jay Dylan Hara Friend;26;All;ALL;27;5,8305;5,2792;5,2425;6,6482;2026-04-05;2026-10-04
ATP;Jenson Brooksby;26;All;ALL;24;4,5056;7,6836;1,3458;6,2601;2026-04-05;2026-10-04
ATP;Jerome Kym;26;All;ALL;20;9,6813;6,3501;4,3295;6,4961;2026-04-05;2026-10-04
ATP;Jesper De Jong;26;All;ALL;27;8,4599;5,6629;6,5944;6,5483;2026-04-05;2026-10-04
ATP;Jiri Lehecka;26;All;ALL;29;11,1021;6,9153;2,3012;6,1925;2026-04-05;2026-10-04
ATP;Joao Fonseca;26;All;ALL;17;5,9132;5,9185;1,9461;6,4854;2026-04-05;2026-10-04
ATP;Joao Lucas Reis Da Silva;26;All;ALL;27;4,9218;5,6488;2,2003;6,19;2026-04-05;2026-10-04
ATP;Joel Schwaerzler;26;All;ALL;31;6,4764;6,8361;3,7921;6,3261;2026-04-05;2026-10-04
ATP;Johannus Monday;26;All;ALL;22;8,0726;5,8971;4,6308;6,1226;2026-04-05;2026-10-04
ATP;Juan Bautista Torres;26;All;ALL;36;1,4034;3,0387;2,7666;6,5805;2026-04-05;2026-10-04
ATP;Juan Carlos Prado Angelo;26;All;ALL;22;1,8013;3,2696;2,9053;6,749;2026-04-05;2026-10-04
ATP;Juan Manuel Cerundolo;26;All;ALL;33;7,1515;6,1501;3,6159;6,4149;2026-04-05;2026-10-04
ATP;Juan Manuel La Serna;26;All;ALL;33;2,1749;3,0496;3,0358;6,3238;2026-04-05;2026-10-04
ATP;Juan Pablo Varillas;26;All;ALL;27;5,3045;6,8354;1,8664;6,7867;2026-04-05;2026-10-04
ATP;Juncheng Shang;26;All;ALL;9;5,1546;8,4525;3,2216;6,5763;2026-04-05;2026-10-04
ATP;Jurij Rodionov;26;All;ALL;26;7,6577;6,2437;3,5035;6,66;2026-04-05;2026-10-04
ATP;Kamil Majchrzak;26;All;ALL;22;8,4783;10,8847;2,2283;6,4561;2026-04-05;2026-10-04
ATP;Karen Khachanov;26;All;ALL;25;8,0531;8,039;2,7949;6,2456;2026-04-05;2026-10-04
ATP;Keegan Smith;26;All;ALL;29;9,7326;5,7667;2,2797;6,4618;2026-04-05;2026-10-04
ATP;Kilian Feldbausch;26;All;ALL;31;1,2857;2,0928;3,8095;6,5015;2026-04-05;2026-10-04
ATP;Kimmer Coppejans;26;All;ALL;32;3,3269;3,6552;5,3038;6,522;2026-04-05;2026-10-04
ATP;Kyrian Jacquet;26;All;ALL;19;8,8167;6,9118;3,7896;6,3382;2026-04-05;2026-10-04
ATP;Laslo Djere;26;All;ALL;30;4,4424;4,2362;3,702;6,3187;2026-04-05;2026-10-04
ATP;Lautaro Midon;26;All;ALL;24;4,5822;2,1265;2,7493;6,5548;2026-04-05;2026-10-04
ATP;Leandro Riedi;26;All;ALL;13;7,199;8,7719;3,4031;6,2623;2026-04-05;2026-10-04
ATP;Learner Tien;26;All;ALL;25;4,3617;7,1266;4,0891;6,4926;2026-04-05;2026-10-04
ATP;Liam Broady;26;All;ALL;26;4,0606;4,7542;3,3027;6,4807;2026-04-05;2026-10-04
ATP;Liam Draxl;26;All;ALL;26;4,4202;6,1547;4,5924;6,3577;2026-04-05;2026-10-04
ATP;Lloyd Harris;26;All;ALL;23;14,1542;6,2864;2,3015;6,2971;2026-04-05;2026-10-04
ATP;Lorenzo Giustino;26;All;ALL;25;5,2682;4,8321;5,6066;6,5892;2026-04-05;2026-10-04
ATP;Lorenzo Musetti;26;All;ALL;21;4,6367;4,0317;3,8754;6,4798;2026-04-05;2026-10-04
ATP;Lorenzo Sonego;26;All;ALL;24;8,9932;5,4896;2,4438;6,2188;2026-04-05;2026-10-04
ATP;Luca Nardi;26;All;ALL;9;2,7972;2,228;4,0559;6,7453;2026-04-05;2026-10-04
ATP;Luca Van Assche;26;All;ALL;31;3,6256;6,1384;5,6914;6,5165;2026-04-05;2026-10-04
ATP;Luciano Darderi;26;All;ALL;37;6,771;9,3461;3,2664;6,819;2026-04-05;2026-10-04
ATP;Luka Mikrut;26;All;ALL;15;5,9416;2,9412;2,5176;6,1677;2026-04-05;2026-10-04
ATP;Luka Pavlovic;26;All;ALL;24;11,3584;4,5077;6,0502;6,4412;2026-04-05;2026-10-04
ATP;Lukas Neumayer;26;All;ALL;29;2,928;6,5822;2,3325;6,5;2026-04-05;2026-10-04
ATP;Mackenzie Mcdonald;26;All;ALL;11;3,8366;8,9494;3,7129;6,7899;2026-04-05;2026-10-04
ATP;Maks Kasnikowski;26;All;ALL;35;5,4561;5,6568;1,9182;6,0464;2026-04-05;2026-10-04
ATP;Marat Sharipov;26;All;ALL;33;12,3192;4,7759;3,9895;6,2493;2026-04-05;2026-10-04
ATP;Marc Andrea Huesler;26;All;ALL;7;11,2016;5,0201;2,8513;6,2949;2026-04-05;2026-10-04
ATP;Marco Cecchinato;26;All;ALL;36;3,4911;3,7355;3,3747;6,1823;2026-04-05;2026-10-04
ATP;Marco Trungelliti;26;All;ALL;24;5,0569;7,0151;4,3736;6,7747;2026-04-05;2026-10-04
ATP;Marcos Giron;26;All;ALL;17;5,0031;9,127;2,7795;6,476;2026-04-05;2026-10-04
ATP;Mariano Navone;26;All;ALL;28;2,3329;6,1962;2,9161;6,5175;2026-04-05;2026-10-04
ATP;Marin Cilic;26;All;ALL;14;7,5758;11,334;3,6932;6,4;2026-04-05;2026-10-04
ATP;Mark Lajal;26;All;ALL;42;8,9912;4,845;4,198;6,7342;2026-04-05;2026-10-04
ATP;Martin Damm;26;All;ALL;20;13,7971;11,8769;4,9275;6,5094;2026-04-05;2026-10-04
ATP;Martin Krumich;26;All;ALL;37;4,854;3,871;4,4526;6,5707;2026-04-05;2026-10-04
ATP;Martin Landaluce;26;All;ALL;25;6,0649;7,1775;6,1127;6,6688;2026-04-05;2026-10-04
ATP;Marton Fucsovics;26;All;ALL;12;4,4494;7,1259;6,2291;6,7594;2026-04-05;2026-10-04
ATP;Marvin Moeller;26;All;ALL;45;3,1681;3,9238;3,1995;6,3254;2026-04-05;2026-10-04
ATP;Matej Dodig;26;All;ALL;25;9,881;4,6615;2,3214;5,9786;2026-04-05;2026-10-04
ATP;Matheus Pucinelli De Almeida;26;All;ALL;43;2,4736;2,9412;3,6939;6,3564;2026-04-05;2026-10-04
ATP;Matias Soto;26;All;ALL;30;5,9372;7,6961;5,1521;6,4088;2026-04-05;2026-10-04
ATP;Matteo Arnaldi;26;All;ALL;20;5,5359;4,8751;4,7114;6,4075;2026-04-05;2026-10-04
ATP;Matteo Berrettini;26;All;ALL;20;10,4005;6,6315;2,5702;6,3612;2026-04-05;2026-10-04
ATP;Matteo Martineau;26;All;ALL;27;6,3769;4,2365;4,8181;6,474;2026-04-05;2026-10-04
ATP;Matthew Dellavedova;26;All;ALL;85;4,8044;2,8503;1,4798;6,1972;2026-04-05;2026-10-04
ATP;Mattia Bellucci;26;All;ALL;28;8,5904;7,2822;4,224;6,3848;2026-04-05;2026-10-04
ATP;Max Alcala Gurri;26;All;ALL;44;1,2572;3,2545;4,2026;6,3129;2026-04-05;2026-10-04
ATP;Max Basing;26;All;ALL;22;1,4388;5,4439;4,1203;6,4515;2026-04-05;2026-10-04
ATP;Max Hans Rehberg;26;All;ALL;29;4,0206;3,759;2,732;6,0815;2026-04-05;2026-10-04
ATP;Max Houkes;26;All;ALL;22;5,2953;4,3562;3,3265;6,3219;2026-04-05;2026-10-04
ATP;Max Schoenhaus;26;All;ALL;31;7,1631;5,9497;4,2884;6,1686;2026-04-05;2026-10-04
ATP;Maxim Mrva;26;All;ALL;34;3,8004;3,0581;5,5662;6,5949;2026-04-05;2026-10-04
ATP;Michael Mmoh;26;All;ALL;29;8,3723;4,5971;8,4243;6,3887;2026-04-05;2026-10-04
ATP;Michael Zheng;26;All;ALL;26;7,6252;5,6839;3,9963;6,6372;2026-04-05;2026-10-04
ATP;Michele Ribecai;26;All;ALL;26;2,335;6,6169;3,5025;6,678;2026-04-05;2026-10-04
ATP;Mika Brunold;26;All;ALL;20;2,8405;3,0824;2,4035;6,601;2026-04-05;2026-10-04
ATP;Mili Poljicak;26;All;ALL;28;8,0749;2,8689;3,262;6,2126;2026-04-05;2026-10-04
ATP;Miomir Kecmanovic;26;All;ALL;26;3,7639;10,5648;2,9275;6,581;2026-04-05;2026-10-04
ATP;Moise Kouame;26;All;ALL;21;5,9364;5,9033;7,8445;6,6121;2026-04-05;2026-10-04
ATP;Murphy Cassone;26;All;ALL;17;7,5793;8,2288;3,5576;6,2767;2026-04-05;2026-10-04
ATP;Nick Hardt;26;All;ALL;37;2,4438;3,362;5,4789;6,5725;2026-04-05;2026-10-04
ATP;Nicolai Budkov Kjaer;26;All;ALL;19;5,6732;7,2899;2,8789;6,2819;2026-04-05;2026-10-04
ATP;Nicolas Mejia;26;All;ALL;21;6,3393;5,875;2,9211;6,5407;2026-04-05;2026-10-04
ATP;Nikolas Sanchez Izquierdo;26;All;ALL;36;3,0214;3,3474;2,7266;6,4161;2026-04-05;2026-10-04
ATP;Nikoloz Basilashvili;26;All;ALL;19;9,7158;10,5929;6,7416;6,607;2026-04-05;2026-10-04
ATP;Nishesh Basavareddy;26;All;ALL;22;4,7127;5,6457;6,1975;6,4542;2026-04-05;2026-10-04
ATP;Novak Djokovic;26;All;ALL;11;9,1503;12,1392;3,0229;6,3093;2026-04-05;2026-10-04
ATP;Nuno Borges;26;All;ALL;33;9,129;8,4891;2,9732;6,2513;2026-04-05;2026-10-04
ATP;Oliver Crawford;26;All;ALL;22;2,4015;6,0453;2,8325;6,2946;2026-04-05;2026-10-04
ATP;Otto Virtanen;26;All;ALL;24;13,292;6,4923;4,526;6,6215;2026-04-05;2026-10-04
ATP;Pablo Carreno Busta;26;All;ALL;17;3,5794;6,4885;3,132;6,5735;2026-04-05;2026-10-04
ATP;Pablo Llamas Ruiz;26;All;ALL;19;1,9733;5,5098;1,2094;6,6568;2026-04-05;2026-10-04
ATP;Patrick Kypson;26;All;ALL;5;9,2486;13,215;3,0829;6,5696;2026-04-05;2026-10-04
ATP;Pavel Kotov;26;All;ALL;24;8,1977;6,2752;3,3721;6,5152;2026-04-05;2026-10-04
ATP;Pedro Boscardin Dias;26;All;ALL;25;2,8162;2,8508;3,56;6,7455;2026-04-05;2026-10-04
ATP;Pedro Martinez;26;All;ALL;27;1,084;5,3347;2,5474;6,4286;2026-04-05;2026-10-04
ATP;Petr Bar Biryukov;26;All;ALL;40;13,8528;6,7332;7,1262;6,3488;2026-04-05;2026-10-04
ATP;Philip Henning;26;All;ALL;34;6,0292;8,0549;3,0146;6,4529;2026-04-05;2026-10-04
ATP;Pierre Hugues Herbert;26;All;ALL;7;7,155;7,0476;8,1772;6,9059;2026-04-05;2026-10-04
ATP;Pol Martin Tiffon;26;All;ALL;22;3,9251;4,8471;3,8043;6,5714;2026-04-05;2026-10-04
ATP;Quentin Halys;26;All;ALL;25;12,4516;8,3835;4,2151;6,4299;2026-04-05;2026-10-04
ATP;Rafael Jodar;26;All;ALL;31;4,854;4,477;3,4965;6,5881;2026-04-05;2026-10-04
ATP;Raphael Collignon;26;All;ALL;27;8,5026;5,717;5,9518;6,474;2026-04-05;2026-10-04
ATP;Raphael Perot;26;All;ALL;33;2,3626;3,8178;3,4233;6,4211;2026-04-05;2026-10-04
ATP;Raul Brancaccio;26;All;ALL;30;3,6226;4,981;3,4541;6,7443;2026-04-05;2026-10-04
ATP;Rei Sakamoto;26;All;ALL;21;11,3059;6,64;2,9625;6,218;2026-04-05;2026-10-04
ATP;Reilly Opelka;26;All;ALL;2;14,0;10,6796;8,0;6,25;2026-04-05;2026-10-04
ATP;Remy Bertola;26;All;ALL;23;6,429;4,985;5,0263;6,4811;2026-04-05;2026-10-04
ATP;Rinky Hijikata;26;All;ALL;25;5,0123;10,2081;3,3907;6,6071;2026-04-05;2026-10-04
ATP;Rio Noguchi;26;All;ALL;23;0,913;5,4426;2,6172;6,625;2026-04-05;2026-10-04
ATP;Roberto Bautista Agut;26;All;ALL;11;2,9716;9,6689;2,8424;6,3967;2026-04-05;2026-10-04
ATP;Roberto Carballes Baena;26;All;ALL;16;3,0195;5,047;2,8419;6,0865;2026-04-05;2026-10-04
ATP;Rodrigo Pacheco Mendez;26;All;ALL;26;8,5561;8,0992;4,0998;6,0978;2026-04-05;2026-10-04
ATP;Roman Andres Burruchaga;26;All;ALL;21;3,3776;5,8038;5,0663;6,4766;2026-04-05;2026-10-04
ATP;Roman Safiullin;26;All;ALL;33;7,7452;8,3123;3,1488;6,3082;2026-04-05;2026-10-04
ATP;Sascha Gueymard Wayenburg;26;All;ALL;28;8,8998;4,7252;4,9389;6,4308;2026-04-05;2026-10-04
ATP;Sebastian Baez;26;All;ALL;34;2,5749;7,5975;2,5749;6,2507;2026-04-05;2026-10-04
ATP;Sebastian Ofner;26;All;ALL;23;9,2669;5,8106;4,1642;6,4583;2026-04-05;2026-10-04
ATP;Sergey Fomin;26;All;ALL;30;7,8836;8,1555;4,7865;6,3994;2026-04-05;2026-10-04
ATP;Shintaro Mochizuki;26;All;ALL;20;4,0609;9,1523;5,5838;6,6218;2026-04-05;2026-10-04
ATP;Sho Shimabukuro;26;All;ALL;24;8,8392;10,3925;4,3663;6,5895;2026-04-05;2026-10-04
ATP;Soon Woo Kwon;26;All;ALL;18;11,8745;9,2656;6,4227;6,3762;2026-04-05;2026-10-04
ATP;Stan Wawrinka;26;All;ALL;11;7,7578;8,1293;3,5951;6,7756;2026-04-05;2026-10-04
ATP;Stefan Kozlov;26;All;ALL;15;2,1968;4,2553;4,1301;6,5402;2026-04-05;2026-10-04
ATP;Stefano Napolitano;26;All;ALL;21;5,2083;9,1387;2,9861;6,4574;2026-04-05;2026-10-04
ATP;Stefano Travaglia;26;All;ALL;22;7,6923;3,9801;3,0901;6,3908;2026-04-05;2026-10-04
ATP;Stefanos Sakellaridis;26;All;ALL;26;8,2341;4,065;4,1171;6,4823;2026-04-05;2026-10-04
ATP;Stefanos Tsitsipas;26;All;ALL;30;9,4519;7,1456;3,058;6,2793;2026-04-05;2026-10-04
ATP;Sumit Nagal;26;All;ALL;22;1,6961;6,0705;3,7992;6,2991;2026-04-05;2026-10-04
ATP;Tallon Griekspoor;26;All;ALL;20;9,5745;10,3238;4,6934;6,0992;2026-04-05;2026-10-04
ATP;Taro Daniel;26;All;ALL;25;4,8996;7,7675;1,7119;6,4411;2026-04-05;2026-10-04
ATP;Taylor Fritz;26;All;ALL;29;16,5061;9,5684;2,4717;5,9825;2026-04-05;2026-10-04
ATP;Terence Atmane;26;All;ALL;26;8,9005;7,575;3,2366;6,3283;2026-04-05;2026-10-04
ATP;Thiago Agustin Tirante;26;All;ALL;24;10,4383;6,7096;4,7866;6,0842;2026-04-05;2026-10-04
ATP;Thiago Monteiro;26;All;ALL;20;4,9245;6,5833;2,6264;6,3458;2026-04-05;2026-10-04
ATP;Thiago Seyboth Wild;26;All;ALL;31;8,6525;6,1538;2,7896;6,2023;2026-04-05;2026-10-04
ATP;Timofey Skatov;26;All;ALL;26;3,0842;6,8349;4,3387;6,7123;2026-04-05;2026-10-04
ATP;Titouan Droguet;26;All;ALL;39;9,0206;4,3535;3,1894;6,5347;2026-04-05;2026-10-04
ATP;Toby Samuel;26;All;ALL;23;5,679;5,3276;3,9506;6,1132;2026-04-05;2026-10-04
ATP;Tom Gentzsch;26;All;ALL;30;8,6722;3,9968;5,2697;6,4439;2026-04-05;2026-10-04
ATP;Tomas Barrios Vera;26;All;ALL;15;3,1674;6,512;2,3529;6,3873;2026-04-05;2026-10-04
ATP;Tomas Machac;26;All;ALL;12;4,102;6,4551;4,3237;6,4429;2026-04-05;2026-10-04
ATP;Tomas Martin Etcheverry;26;All;ALL;27;6,0147;8,381;2,5917;6,1411;2026-04-05;2026-10-04
ATP;Tommy Paul;26;All;ALL;28;7,4833;6,1538;2,801;6,4129;2026-04-05;2026-10-04
ATP;Tristan Boyer;26;All;ALL;25;3,4596;4,2986;3,0203;6,574;2026-04-05;2026-10-04
ATP;Tristan Schoolkate;26;All;ALL;25;10,3896;8,0222;3,4965;6,2956;2026-04-05;2026-10-04
ATP;Ugo Humbert;26;All;ALL;26;8,483;7,3996;4,8403;6,3619;2026-04-05;2026-10-04
ATP;Valentin Royer;26;All;ALL;34;6,1152;6,4966;2,7832;6,4582;2026-04-05;2026-10-04
ATP;Valentin Vacherot;26;All;ALL;17;9,4595;8,3112;4,4595;6,3519;2026-04-05;2026-10-04
ATP;Vilius Gaubas;26;All;ALL;18;4,6722;6,7514;2,7129;6,5049;2026-04-05;2026-10-04
ATP;Vit Kopriva;26;All;ALL;27;5,5775;9,01;4,0;6,1632;2026-04-05;2026-10-04
ATP;Vitaliy Sachko;26;All;ALL;25;5,2518;4,5711;3,7358;6,458;2026-04-05;2026-10-04
ATP;Yannick Hanfmann;26;All;ALL;27;11,3245;9,7052;3,2004;6,2301;2026-04-05;2026-10-04
ATP;Yi Zhou;26;All;ALL;20;8,543;7,148;3,7748;6,652;2026-04-05;2026-10-04
ATP;Yibing Wu;26;All;ALL;19;5,6319;7,3951;3,2967;6,2489;2026-04-05;2026-10-04
ATP;Yu Hsiou Hsu;26;All;ALL;27;4,1357;6,724;2,6511;6,6643;2026-04-05;2026-10-04
ATP;Zachary Svajda;26;All;ALL;13;5,9513;11,2;3,156;6,2303;2026-04-05;2026-10-04
ATP;Zdenek Kolar;26;All;ALL;30;2,6719;5,1187;5,047;6,3156;2026-04-05;2026-10-04
ATP;Zhizhen Zhang;26;All;ALL;18;10,281;11,4424;2,8787;6,6018;2026-04-05;2026-10-04
ATP;Zizou Bergs;26;All;ALL;33;8,9971;5,5791;6,3053;6,2202;2026-04-05;2026-10-04
ATP;Zsombor Piros;26;All;ALL;37;5,6093;4,8033;2,9787;6,5113;2026-04-05;2026-10-04
ATP;Adam Walton;26;Hard;ATP;9;8,0508;9,9567;2,9661;6,4954;2026-04-05;2026-10-04
ATP;Adolfo Daniel Vallejo;26;Hard;ATP;11;5,6579;8,3333;4,7368;6,6087;2026-04-05;2026-10-04
ATP;Adrian Mannarino;26;Hard;ATP;10;5,6988;13,2075;3,5278;6,1933;2026-04-05;2026-10-04
ATP;Alejandro Davidovich Fokina;26;Hard;ATP;5;8,2192;15,6085;2,1918;5,9836;2026-04-05;2026-10-04
ATP;Alejandro Tabilo;26;Hard;ATP;13;8,6111;13,1429;3,0556;6,1714;2026-04-05;2026-10-04
ATP;Aleksandar Kovacevic;26;Hard;ATP;10;11,2583;15,3955;6,4901;6,2917;2026-04-05;2026-10-04
ATP;Aleksandar Vukic;26;Hard;ATP;5;9,9265;14,9312;2,7574;6,8;2026-04-05;2026-10-04
ATP;Alex Bolt;26;Hard;ATP;1;10,0;5,9701;1,6667;6,6667;2026-04-05;2026-10-04
ATP;Alex De Minaur;26;Hard;ATP;12;6,785;7,1081;4,8017;6,473;2026-04-05;2026-10-04
ATP;Alex Michelsen;26;Hard;ATP;14;7,7239;7,4813;5,1767;6,4053;2026-04-05;2026-10-04
ATP;Alex Molcan;26;Hard;ATP;3;4,3062;12,5;1,9139;5,6486;2026-04-05;2026-10-04
ATP;Alexander Blockx;26;Hard;ATP;9;11,5152;4,3636;5,2121;6,2977;2026-04-05;2026-10-04
ATP;Alexander Bublik;26;Hard;ATP;4;15,1194;6,8306;5,305;5,8906;2026-04-05;2026-10-04
ATP;Alexander Shevchenko;26;Hard;ATP;3;11,5512;10,6383;4,9505;6,587;2026-04-05;2026-10-04
ATP;Alexander Zverev;26;Hard;ATP;13;13,2424;7,2059;5,0562;6,078;2026-04-05;2026-10-04
ATP;Alexandre Muller;26;Hard;ATP;3;8,5714;11,8343;2,8571;6,4815;2026-04-05;2026-10-04
ATP;Alexei Popyrin;26;Hard;ATP;5;14,9083;11,9048;3,4404;6,0556;2026-04-05;2026-10-04
ATP;Alexis Galarneau;26;Hard;ATP;1;2,9851;3,1746;5,9701;6,7;2026-04-05;2026-10-04
ATP;Andrea Guerrieri;26;Hard;ATP;1;2,6316;7,1429;2,6316;5,8462;2026-04-05;2026-10-04
ATP;Andrey Rublev;26;Hard;ATP;11;12,3444;10,831;3,3195;6,1795;2026-04-05;2026-10-04
ATP;Arthur Fery;26;Hard;ATP;9;4,8212;6,6971;2,9549;6,1827;2026-04-05;2026-10-04
ATP;Arthur Fils;26;Hard;ATP;14;10,3553;6,5089;3,3503;6,2739;2026-04-05;2026-10-04
ATP;Arthur Gea;26;Hard;ATP;11;5,303;5,6652;5,5556;6,6742;2026-04-05;2026-10-04
ATP;Arthur Rinderknech;26;Hard;ATP;7;14,2442;8,0395;4,5058;6,4299;2026-04-05;2026-10-04
ATP;Ben Shelton;26;Hard;ATP;17;8,8549;5,5203;3,1292;5,8902;2026-04-05;2026-10-04
ATP;Benjamin Bonzi;26;Hard;ATP;9;8,6455;9,4364;5,6196;6,1416;2026-04-05;2026-10-04
ATP;Bernard Tomic;26;Hard;ATP;3;16,7785;4,3165;5,3691;6,4783;2026-04-05;2026-10-04
ATP;Botic Van De Zandschulp;26;Hard;ATP;16;8,898;7,332;6,2971;6,6712;2026-04-05;2026-10-04
ATP;Brandon Nakashima;26;Hard;ATP;18;13,6561;10,436;2,4566;6,2063;2026-04-05;2026-10-04
ATP;Bu Yunchaokete;26;Hard;ATP;7;10,1933;11,3014;3,5149;6,1183;2026-04-05;2026-10-04
ATP;Cameron Norrie;26;Hard;ATP;12;4,8352;10,1996;4,3956;6,4539;2026-04-05;2026-10-04
ATP;Camilo Ugo Carabelli;26;Hard;ATP;4;6,6901;11,811;8,4507;6,7619;2026-04-05;2026-10-04
ATP;Carlos Alcaraz;26;Hard;ATP;7;3,19;3,75;3,8835;6,6147;2026-04-05;2026-10-04
ATP;Casper Ruud;26;Hard;ATP;4;7,4236;13,8393;7,4236;6,3611;2026-04-05;2026-10-04
ATP;Christopher Oconnell;26;Hard;ATP;4;13,2743;13,8249;2,2124;6,4571;2026-04-05;2026-10-04
ATP;Coleman Wong;26;Hard;ATP;9;14,0647;8,1779;4,2194;6,1826;2026-04-05;2026-10-04
ATP;Corentin Moutet;26;Hard;ATP;4;3,9711;1,3986;5,7762;6,4419;2026-04-05;2026-10-04
ATP;Dalibor Svrcina;26;Hard;ATP;6;4,9645;6,734;11,1702;6,7143;2026-04-05;2026-10-04
ATP;Damir Dzumhur;26;Hard;ATP;1;0,0;12,6126;6,6667;6,1765;2026-04-05;2026-10-04
ATP;Dane Sweeny;26;Hard;ATP;4;5,4913;6,25;4,6243;6,6538;2026-04-05;2026-10-04
ATP;Daniel Altmaier;26;Hard;ATP;7;8,0808;6,5517;5,5556;6,907;2026-04-05;2026-10-04
ATP;Daniel Merida Aguilar;26;Hard;ATP;11;5,4273;5,0926;5,0808;6,5113;2026-04-05;2026-10-04
ATP;Daniil Medvedev;26;Hard;ATP;14;15,8537;5,5022;6,1914;6,1264;2026-04-05;2026-10-04
ATP;Darwin Blanch;26;Hard;ATP;3;3,2864;13,0653;6,5728;6,4545;2026-04-05;2026-10-04
ATP;Denis Shapovalov;26;Hard;ATP;17;10,3398;3,9359;7,5199;6,2579;2026-04-05;2026-10-04
ATP;Dino Prizmic;26;Hard;ATP;3;6,0345;7,6471;5,7471;6,0;2026-04-05;2026-10-04
ATP;Fabian Marozsan;26;Hard;ATP;10;6,0945;7,497;3,1095;6,2326;2026-04-05;2026-10-04
ATP;Facundo Diaz Acosta;26;Hard;ATP;1;9,5238;13,0435;5,5556;6,3;2026-04-05;2026-10-04
ATP;Fajing Sun;26;Hard;ATP;1;7,5472;13,1579;1,8868;7,5714;2026-04-05;2026-10-04
ATP;Federico Cina;26;Hard;ATP;3;6,6667;6,5;2,0513;6,7241;2026-04-05;2026-10-04
ATP;Felix Auger Aliassime;26;Hard;ATP;6;13,6752;6,8817;7,265;5,9241;2026-04-05;2026-10-04
ATP;Felix Balshaw;26;Hard;ATP;1;6,7797;14,5161;3,3898;5,3636;2026-04-05;2026-10-04
ATP;Flavio Cobolli;26;Hard;ATP;10;7,0769;8,42;3,4872;6,5;2026-04-05;2026-10-04
ATP;Frances Tiafoe;26;Hard;ATP;17;6,1518;13,8514;3,1414;6,3667;2026-04-05;2026-10-04
ATP;Francesco Passaro;26;Hard;ATP;1;5,4795;10,2941;4,7945;6,9524;2026-04-05;2026-10-04
ATP;Francisco Cerundolo;26;Hard;ATP;10;6,3852;5,9223;4,7374;6,3882;2026-04-05;2026-10-04
ATP;Francisco Comesana;26;Hard;ATP;3;6,7114;3,9568;6,3758;6,9302;2026-04-05;2026-10-04
ATP;Gabriel Diallo;26;Hard;ATP;3;10,8247;4,0936;5,1546;5,8788;2026-04-05;2026-10-04
ATP;Gael Monfils;26;Hard;ATP;5;8,4567;2,7897;6,1311;7,2769;2026-04-05;2026-10-04
ATP;Giovanni Mpetshi Perricard;26;Hard;ATP;3;11,8367;6,9565;7,3469;6,6216;2026-04-05;2026-10-04
ATP;Grigor Dimitrov;26;Hard;ATP;2;8,1081;6,6298;11,3514;5,9677;2026-04-05;2026-10-04
ATP;Hamad Medjedovic;26;Hard;ATP;3;9,6639;20,4082;7,563;7,0;2026-04-05;2026-10-04
ATP;Harry Wendelken;26;Hard;ATP;1;7,874;10,0;5,5118;7,0556;2026-04-05;2026-10-04
ATP;Holger Rune;26;Hard;ATP;1;7,5;6,8182;0,0;5,0;2026-04-05;2026-10-04
ATP;Hubert Hurkacz;26;Hard;ATP;14;15,1539;7,6251;4,1042;6,335;2026-04-05;2026-10-04
ATP;Hugo Gaston;26;Hard;ATP;4;3,2172;10,084;3,2172;6,7818;2026-04-05;2026-10-04
ATP;Hugo Grenier;26;Hard;ATP;2;13,9535;2,7174;5,814;6,1429;2026-04-05;2026-10-04
ATP;Ignacio Buse;26;Hard;ATP;10;6,2096;5,8041;2,458;6,2339;2026-04-05;2026-10-04
ATP;J J Wolf;26;Hard;ATP;2;4,7619;15,8228;3,1746;6,5172;2026-04-05;2026-10-04
ATP;Jack Draper;26;Hard;ATP;2;7,0064;8,2803;8,9172;6,8261;2026-04-05;2026-10-04
ATP;Jacob Fearnley;26;Hard;ATP;4;6,6362;8,2949;8,4668;6,5224;2026-04-05;2026-10-04
ATP;Jaime Faria;26;Hard;ATP;11;8,8979;6,0241;8,2912;6,6824;2026-04-05;2026-10-04
ATP;Jakub Mensik;26;Hard;ATP;14;13,255;6,1576;5,0336;6,1443;2026-04-05;2026-10-04
ATP;James Duckworth;26;Hard;ATP;14;8,2342;6,4885;5,581;6,5449;2026-04-05;2026-10-04
ATP;Jan Choinski;26;Hard;ATP;3;10,5611;15,0;4,6205;6,4468;2026-04-05;2026-10-04
ATP;Jan Lennard Struff;26;Hard;ATP;7;10,8731;10,991;5,2718;6,4574;2026-04-05;2026-10-04
ATP;Jaume Munar;26;Hard;ATP;5;6,5401;7,2519;3,1646;6,32;2026-04-05;2026-10-04
ATP;Jenson Brooksby;26;Hard;ATP;12;4,6263;7,0806;1,3049;6,1985;2026-04-05;2026-10-04
ATP;Jesper De Jong;26;Hard;ATP;4;7,4935;7,772;10,3359;6,3443;2026-04-05;2026-10-04
ATP;Jiri Lehecka;26;Hard;ATP;11;9,375;6,8206;3,5714;5,9338;2026-04-05;2026-10-04
ATP;Joao Fonseca;26;Hard;ATP;4;4,9342;6,9091;2,9605;6,9091;2026-04-05;2026-10-04
ATP;Juan Manuel Cerundolo;26;Hard;ATP;12;8,5155;7,7714;4,0276;6,2518;2026-04-05;2026-10-04
ATP;Juncheng Shang;26;Hard;ATP;9;5,1546;8,4525;3,2216;6,5763;2026-04-05;2026-10-04
ATP;Jurij Rodionov;26;Hard;ATP;2;10,9524;12,2449;2,381;6,5625;2026-04-05;2026-10-04
ATP;Kamil Majchrzak;26;Hard;ATP;9;9,4086;12,2853;3,4946;6,5841;2026-04-05;2026-10-04
ATP;Karen Khachanov;26;Hard;ATP;11;8,9662;8,6446;3,7975;6,1961;2026-04-05;2026-10-04
ATP;Kyrian Jacquet;26;Hard;ATP;8;10,3571;5,8929;3,75;6,5116;2026-04-05;2026-10-04
ATP;Learner Tien;26;Hard;ATP;13;4,1927;8,0909;3,8359;6,4057;2026-04-05;2026-10-04
ATP;Liam Draxl;26;Hard;ATP;1;1,1364;0,8621;1,1364;5,8667;2026-04-05;2026-10-04
ATP;Lloyd Harris;26;Hard;ATP;5;18,4652;11,5663;2,6379;6,2239;2026-04-05;2026-10-04
ATP;Lorenzo Musetti;26;Hard;ATP;11;5,6728;4,522;5,1451;6,2131;2026-04-05;2026-10-04
ATP;Lorenzo Sonego;26;Hard;ATP;9;10,992;5,8333;3,4853;6,2689;2026-04-05;2026-10-04
ATP;Luca Van Assche;26;Hard;ATP;6;5,4656;10,9589;5,2632;6,6757;2026-04-05;2026-10-04
ATP;Luciano Darderi;26;Hard;ATP;14;7,4107;12,476;4,375;6,8712;2026-04-05;2026-10-04
ATP;Mackenzie Mcdonald;26;Hard;ATP;1;7,6923;13,0435;6,1538;5,9091;2026-04-05;2026-10-04
ATP;Marco Trungelliti;26;Hard;ATP;4;7,7519;12,1287;5,6848;6,3443;2026-04-05;2026-10-04
ATP;Marcos Giron;26;Hard;ATP;4;4,3011;14,1593;4,3011;6,4138;2026-04-05;2026-10-04
ATP;Mariano Navone;26;Hard;ATP;10;2,7996;8,656;2,9115;6,6148;2026-04-05;2026-10-04
ATP;Marin Cilic;26;Hard;ATP;3;7,0796;11,215;3,5398;6,4571;2026-04-05;2026-10-04
ATP;Mark Lajal;26;Hard;ATP;1;8,7719;7,5472;3,5088;5,7;2026-04-05;2026-10-04
ATP;Martin Damm;26;Hard;ATP;8;15,8683;10,1089;4,9401;6,243;2026-04-05;2026-10-04
ATP;Martin Landaluce;26;Hard;ATP;7;5,5215;6,4122;8,2822;6,6531;2026-04-05;2026-10-04
ATP;Marton Fucsovics;26;Hard;ATP;3;0,6329;7,438;12,0253;6,5833;2026-04-05;2026-10-04
ATP;Matteo Arnaldi;26;Hard;ATP;7;6,4057;7,0547;5,1601;6,1087;2026-04-05;2026-10-04
ATP;Matteo Berrettini;26;Hard;ATP;7;10,4938;6,1224;2,4691;6,48;2026-04-05;2026-10-04
ATP;Mattia Bellucci;26;Hard;ATP;8;9,7484;8,121;4,717;6,5567;2026-04-05;2026-10-04
ATP;Michael Zheng;26;Hard;ATP;10;6,0677;5,9371;4,7841;6,4924;2026-04-05;2026-10-04
ATP;Miomir Kecmanovic;26;Hard;ATP;8;4,2408;13,4644;4,104;7,1667;2026-04-05;2026-10-04
ATP;Moise Kouame;26;Hard;ATP;2;5,5046;5,3097;8,2569;6,8125;2026-04-05;2026-10-04
ATP;Nicolas Mejia;26;Hard;ATP;3;3,4483;5,9091;3,4483;6,8235;2026-04-05;2026-10-04
ATP;Nikoloz Basilashvili;26;Hard;ATP;4;16,8627;7,1856;2,3529;5,4255;2026-04-05;2026-10-04
ATP;Nishesh Basavareddy;26;Hard;ATP;1;14,1593;19,685;6,1947;5,65;2026-04-05;2026-10-04
ATP;Novak Djokovic;26;Hard;ATP;4;8,8167;8,6634;4,4084;6,7344;2026-04-05;2026-10-04
ATP;Nuno Borges;26;Hard;ATP;10;11,7166;9,9515;4,3597;6,0164;2026-04-05;2026-10-04
ATP;Otto Virtanen;26;Hard;ATP;1;10,2703;13,4228;3,7838;7,4;2026-04-05;2026-10-04
ATP;Pablo Carreno Busta;26;Hard;ATP;6;2,7027;8,6651;6,3063;6,7273;2026-04-05;2026-10-04
ATP;Pierre Hugues Herbert;26;Hard;ATP;1;0,0;10,4167;8,6957;6,1333;2026-04-05;2026-10-04
ATP;Quentin Halys;26;Hard;ATP;8;12,3723;9,6401;3,9728;6,8295;2026-04-05;2026-10-04
ATP;Rafael Jodar;26;Hard;ATP;15;4,7153;5,4126;4,3594;6,6905;2026-04-05;2026-10-04
ATP;Raphael Collignon;26;Hard;ATP;4;8,1585;6,6015;8,3916;7,0328;2026-04-05;2026-10-04
ATP;Rei Sakamoto;26;Hard;ATP;3;19,3353;9,4828;2,1148;5,9107;2026-04-05;2026-10-04
ATP;Rinky Hijikata;26;Hard;ATP;11;4,6566;10,2132;4,1909;6,6077;2026-04-05;2026-10-04
ATP;Rodrigo Pacheco Mendez;26;Hard;ATP;2;4,0816;7,1823;6,1224;6,125;2026-04-05;2026-10-04
ATP;Roman Andres Burruchaga;26;Hard;ATP;3;8,2988;13,4328;4,9793;6,025;2026-04-05;2026-10-04
ATP;Roman Safiullin;26;Hard;ATP;8;11,5192;10,6897;3,5058;6,2396;2026-04-05;2026-10-04
ATP;Sebastian Baez;26;Hard;ATP;9;2,5719;8,32;3,6309;6,3558;2026-04-05;2026-10-04
ATP;Shintaro Mochizuki;26;Hard;ATP;3;3,2432;14,6789;7,5676;5,9677;2026-04-05;2026-10-04
ATP;Sho Shimabukuro;26;Hard;ATP;7;5,6799;10,6212;6,5404;7,0;2026-04-05;2026-10-04
ATP;Soon Woo Kwon;26;Hard;ATP;1;3,0612;0,9091;5,102;6,5333;2026-04-05;2026-10-04
ATP;Stan Wawrinka;26;Hard;ATP;1;6,7961;12,2642;5,8252;6,8667;2026-04-05;2026-10-04
ATP;Stefanos Tsitsipas;26;Hard;ATP;13;10,19;8,049;3,7997;6,3626;2026-04-05;2026-10-04
ATP;Tallon Griekspoor;26;Hard;ATP;8;11,1111;12,9985;4,9206;5,7273;2026-04-05;2026-10-04
ATP;Taro Daniel;26;Hard;ATP;2;7,5269;10,9827;1,6129;6,6429;2026-04-05;2026-10-04
ATP;Taylor Fritz;26;Hard;ATP;14;13,6528;8,1818;3,1646;6,1788;2026-04-05;2026-10-04
ATP;Terence Atmane;26;Hard;ATP;10;8,9713;8,7075;4,3062;6,5312;2026-04-05;2026-10-04
ATP;Thiago Agustin Tirante;26;Hard;ATP;11;12,7635;6,1522;5,2693;5,972;2026-04-05;2026-10-04
ATP;Titouan Droguet;26;Hard;ATP;4;8,6486;6,3712;4,0541;6,9811;2026-04-05;2026-10-04
ATP;Toby Samuel;26;Hard;ATP;2;4,9689;5,3333;3,7267;5,963;2026-04-05;2026-10-04
ATP;Tomas Barrios Vera;26;Hard;ATP;1;3,6145;12,5;3,6145;6,3846;2026-04-05;2026-10-04
ATP;Tomas Machac;26;Hard;ATP;4;4,3478;7,377;5,1383;6,6579;2026-04-05;2026-10-04
ATP;Tomas Martin Etcheverry;26;Hard;ATP;9;7,6479;10,6936;2,4531;6,1875;2026-04-05;2026-10-04
ATP;Tommy Paul;26;Hard;ATP;12;7,9743;8,8448;2,9331;6,3064;2026-04-05;2026-10-04
ATP;Tristan Boyer;26;Hard;ATP;2;2,521;12,8571;5,8824;5,95;2026-04-05;2026-10-04
ATP;Tristan Schoolkate;26;Hard;ATP;2;12,1849;11,8721;3,3613;5,95;2026-04-05;2026-10-04
ATP;Ugo Humbert;26;Hard;ATP;6;6,25;8,9552;6,4815;6,2609;2026-04-05;2026-10-04
ATP;Valentin Royer;26;Hard;ATP;6;6,8223;9,0226;4,3088;6,7108;2026-04-05;2026-10-04
ATP;Valentin Vacherot;26;Hard;ATP;8;11,9534;7,6259;5,6851;6,2364;2026-04-05;2026-10-04
ATP;Vit Kopriva;26;Hard;ATP;6;3,8781;10,5128;4,4321;5,918;2026-04-05;2026-10-04
ATP;Yannick Hanfmann;26;Hard;ATP;6;10,2345;8,1197;5,3305;6,6056;2026-04-05;2026-10-04
ATP;Yi Zhou;26;Hard;ATP;1;7,8125;11,4754;0,0;6,4;2026-04-05;2026-10-04
ATP;Yibing Wu;26;Hard;ATP;4;6,7449;10,1093;3,2258;6,5577;2026-04-05;2026-10-04
ATP;Zachary Svajda;26;Hard;ATP;6;6,2249;12,2137;3,4137;6,1481;2026-04-05;2026-10-04
ATP;Zhizhen Zhang;26;Hard;ATP;2;1,9417;14,9533;2,9126;5,7222;2026-04-05;2026-10-04
ATP;Zizou Bergs;26;Hard;ATP;8;7,423;6,4474;7,0028;6,2632;2026-04-05;2026-10-04
ATP;Zsombor Piros;26;Hard;ATP;1;7,7778;19,7183;7,7778;7,5;2026-04-05;2026-10-04
ATP;Adam Walton;26;Hard;ALL;30;9,7572;8,3667;2,2932;6,3003;2026-04-05;2026-10-04
ATP;Adolfo Daniel Vallejo;26;Hard;ALL;11;5,6579;8,3333;4,7368;6,6087;2026-04-05;2026-10-04
ATP;Adrian Mannarino;26;Hard;ALL;12;6,1611;12,4594;3,3175;6,1159;2026-04-05;2026-10-04
ATP;Alastair Gray;26;Hard;ALL;22;9,5084;9,067;4,2691;6,4686;2026-04-05;2026-10-04
ATP;Alejandro Davidovich Fokina;26;Hard;ALL;5;8,2192;15,6085;2,1918;5,9836;2026-04-05;2026-10-04
ATP;Alejandro Moro Canas;26;Hard;ALL;5;7,7381;5,2055;1,7857;5,8947;2026-04-05;2026-10-04
ATP;Alejandro Tabilo;26;Hard;ALL;13;8,6111;13,1429;3,0556;6,1714;2026-04-05;2026-10-04
ATP;Aleksandar Kovacevic;26;Hard;ALL;10;11,2583;15,3955;6,4901;6,2917;2026-04-05;2026-10-04
ATP;Aleksandar Vukic;26;Hard;ALL;12;9,9907;11,1429;2,0542;6,5305;2026-04-05;2026-10-04
ATP;Alex Bolt;26;Hard;ALL;13;9,826;7,8288;1,9447;6,4276;2026-04-05;2026-10-04
ATP;Alex De Minaur;26;Hard;ALL;12;6,785;7,1081;4,8017;6,473;2026-04-05;2026-10-04
ATP;Alex Michelsen;26;Hard;ALL;19;7,8283;7,5079;4,798;6,3108;2026-04-05;2026-10-04
ATP;Alex Molcan;26;Hard;ALL;3;4,3062;12,5;1,9139;5,6486;2026-04-05;2026-10-04
ATP;Alexander Blockx;26;Hard;ALL;9;11,5152;4,3636;5,2121;6,2977;2026-04-05;2026-10-04
ATP;Alexander Bublik;26;Hard;ALL;4;15,1194;6,8306;5,305;5,8906;2026-04-05;2026-10-04
ATP;Alexander Shevchenko;26;Hard;ALL;3;11,5512;10,6383;4,9505;6,587;2026-04-05;2026-10-04
ATP;Alexander Zverev;26;Hard;ALL;13;13,2424;7,2059;5,0562;6,078;2026-04-05;2026-10-04
ATP;Alexandre Muller;26;Hard;ALL;7;7,5377;14,2857;2,7638;6,4194;2026-04-05;2026-10-04
ATP;Alexei Popyrin;26;Hard;ALL;8;12,6198;10,2178;3,6741;6,26;2026-04-05;2026-10-04
ATP;Alexis Galarneau;26;Hard;ALL;19;5,2593;8,0745;3,7778;6,3981;2026-04-05;2026-10-04
ATP;Andre Ilagan;26;Hard;ALL;27;6,2416;10,306;3,0085;6,769;2026-04-05;2026-10-04
ATP;Andrea Guerrieri;26;Hard;ALL;10;3,4653;7,7586;5,6931;6,3622;2026-04-05;2026-10-04
ATP;Andrea Pellegrino;26;Hard;ALL;2;8,5714;11,9205;3,5714;6,3636;2026-04-05;2026-10-04
ATP;Andres Andrade;26;Hard;ALL;20;4,4612;5,3652;5,4907;6,3624;2026-04-05;2026-10-04
ATP;Andrey Rublev;26;Hard;ALL;11;12,3444;10,831;3,3195;6,1795;2026-04-05;2026-10-04
ATP;Arthur Fery;26;Hard;ALL;9;4,8212;6,6971;2,9549;6,1827;2026-04-05;2026-10-04
ATP;Arthur Fils;26;Hard;ALL;14;10,3553;6,5089;3,3503;6,2739;2026-04-05;2026-10-04
ATP;Arthur Gea;26;Hard;ALL;16;6,5868;4,8355;5,2562;6,5348;2026-04-05;2026-10-04
ATP;Arthur Rinderknech;26;Hard;ALL;7;14,2442;8,0395;4,5058;6,4299;2026-04-05;2026-10-04
ATP;August Holmgren;26;Hard;ALL;22;10,596;5,8407;5,9603;6,5913;2026-04-05;2026-10-04
ATP;Ben Shelton;26;Hard;ALL;17;8,8549;5,5203;3,1292;5,8902;2026-04-05;2026-10-04
ATP;Benjamin Bonzi;26;Hard;ALL;15;8,8983;7,5684;5,5085;6,2766;2026-04-05;2026-10-04
ATP;Bernard Tomic;26;Hard;ALL;25;8,9924;9,4551;2,4377;6,4097;2026-04-05;2026-10-04
ATP;Billy Harris;26;Hard;ALL;10;6,092;8,1556;4,4828;6,9048;2026-04-05;2026-10-04
ATP;Borna Gojo;26;Hard;ALL;10;12,349;7,5168;4,5638;6,2605;2026-04-05;2026-10-04
ATP;Botic Van De Zandschulp;26;Hard;ALL;16;8,898;7,332;6,2971;6,6712;2026-04-05;2026-10-04
ATP;Braden Shick;26;Hard;ALL;28;6,3733;5,6766;3,743;6,3569;2026-04-05;2026-10-04
ATP;Brandon Nakashima;26;Hard;ALL;18;13,6561;10,436;2,4566;6,2063;2026-04-05;2026-10-04
ATP;Bu Yunchaokete;26;Hard;ALL;26;8,3912;11,0058;2,512;6,2785;2026-04-05;2026-10-04
ATP;Buvaysar Gadamauri;26;Hard;ALL;5;6,6474;4,491;5,2023;6,5283;2026-04-05;2026-10-04
ATP;Cameron Norrie;26;Hard;ALL;12;4,8352;10,1996;4,3956;6,4539;2026-04-05;2026-10-04
ATP;Camilo Ugo Carabelli;26;Hard;ALL;6;5,4545;10,0;7,013;6,5254;2026-04-05;2026-10-04
ATP;Carl Emil Overbeck;26;Hard;ALL;15;8,2177;5,5496;4,2689;5,9682;2026-04-05;2026-10-04
ATP;Carlos Alcaraz;26;Hard;ALL;7;3,19;3,75;3,8835;6,6147;2026-04-05;2026-10-04
ATP;Casper Ruud;26;Hard;ALL;4;7,4236;13,8393;7,4236;6,3611;2026-04-05;2026-10-04
ATP;Cezar Cretu;26;Hard;ALL;2;0,8065;4,3478;4,8387;6,2;2026-04-05;2026-10-04
ATP;Charles Broom;26;Hard;ALL;23;5,7775;6,9824;3,1961;6,4821;2026-04-05;2026-10-04
ATP;Chris Rodesch;26;Hard;ALL;5;7,6923;5,7078;3,0303;6,2174;2026-04-05;2026-10-04
ATP;Christopher Oconnell;26;Hard;ALL;4;13,2743;13,8249;2,2124;6,4571;2026-04-05;2026-10-04
ATP;Chun Hsin Tseng;26;Hard;ALL;5;8,1818;7,5949;0,303;6,3462;2026-04-05;2026-10-04
ATP;Clement Chidekh;26;Hard;ALL;25;3,7446;4,9002;3,9902;6,2896;2026-04-05;2026-10-04
ATP;Clement Tabur;26;Hard;ALL;5;5,0926;8,1395;3,2407;6,4478;2026-04-05;2026-10-04
ATP;Coleman Wong;26;Hard;ALL;26;13,4907;6,7544;3,5413;6,1986;2026-04-05;2026-10-04
ATP;Colton Smith;26;Hard;ALL;16;7,5874;2,771;4,0921;6,4451;2026-04-05;2026-10-04
ATP;Corentin Moutet;26;Hard;ALL;4;3,9711;1,3986;5,7762;6,4419;2026-04-05;2026-10-04
ATP;Dalibor Svrcina;26;Hard;ALL;8;4,878;7,5325;9,8916;6,8333;2026-04-05;2026-10-04
ATP;Damir Dzumhur;26;Hard;ALL;4;1,7986;9,1549;3,9568;6,0435;2026-04-05;2026-10-04
ATP;Dane Sweeny;26;Hard;ALL;19;3,5783;6,9231;5,4313;6,8943;2026-04-05;2026-10-04
ATP;Daniel Altmaier;26;Hard;ALL;7;8,0808;6,5517;5,5556;6,907;2026-04-05;2026-10-04
ATP;Daniel Merida Aguilar;26;Hard;ALL;11;5,4273;5,0926;5,0808;6,5113;2026-04-05;2026-10-04
ATP;Daniel Rincon;26;Hard;ALL;10;8,8855;5,7803;2,4096;6,5098;2026-04-05;2026-10-04
ATP;Daniil Glinka;26;Hard;ALL;20;8,9356;5,9254;4,9277;6,4492;2026-04-05;2026-10-04
ATP;Daniil Medvedev;26;Hard;ALL;14;15,8537;5,5022;6,1914;6,1264;2026-04-05;2026-10-04
ATP;Darwin Blanch;26;Hard;ALL;16;8,75;7,6796;4,6875;6,5641;2026-04-05;2026-10-04
ATP;David Jorda Sanchis;26;Hard;ALL;9;8,5664;2,1505;3,3217;6,1505;2026-04-05;2026-10-04
ATP;Denis Shapovalov;26;Hard;ALL;17;10,3398;3,9359;7,5199;6,2579;2026-04-05;2026-10-04
ATP;Diego Dedura Palomero;26;Hard;ALL;3;3,8627;1,8182;1,7167;7,2812;2026-04-05;2026-10-04
ATP;Dino Prizmic;26;Hard;ALL;8;4,7222;7,1533;5,9722;6,3158;2026-04-05;2026-10-04
ATP;Dominic Stricker;26;Hard;ALL;2;14,7541;8,8889;0,8197;5,5455;2026-04-05;2026-10-04
ATP;Dusan Lajovic;26;Hard;ALL;4;3,9216;7,2423;4,4818;6,1552;2026-04-05;2026-10-04
ATP;Edas Butvilas;26;Hard;ALL;21;7,9663;5,2769;3,044;6,251;2026-04-05;2026-10-04
ATP;Elias Ymer;26;Hard;ALL;9;7,0932;9,1549;2,9207;6,4775;2026-04-05;2026-10-04
ATP;Elmer Moller;26;Hard;ALL;3;3,2432;6,0;5,9459;5,9677;2026-04-05;2026-10-04
ATP;Fabian Marozsan;26;Hard;ALL;10;6,0945;7,497;3,1095;6,2326;2026-04-05;2026-10-04
ATP;Facundo Diaz Acosta;26;Hard;ALL;1;9,5238;13,0435;5,5556;6,3;2026-04-05;2026-10-04
ATP;Facundo Mena;26;Hard;ALL;2;7,7922;6,8376;5,1948;8,1053;2026-04-05;2026-10-04
ATP;Fajing Sun;26;Hard;ALL;34;5,892;10,6476;2,1277;6,4316;2026-04-05;2026-10-04
ATP;Federico Agustin Gomez;26;Hard;ALL;5;10,1796;5,4217;8,0838;6,1852;2026-04-05;2026-10-04
ATP;Federico Cina;26;Hard;ALL;8;6,7729;8,0501;4,7809;6,275;2026-04-05;2026-10-04
ATP;Felix Auger Aliassime;26;Hard;ALL;6;13,6752;6,8817;7,265;5,9241;2026-04-05;2026-10-04
ATP;Felix Balshaw;26;Hard;ALL;11;9,4937;5,0051;4,6414;6,3624;2026-04-05;2026-10-04
ATP;Felix Gill;26;Hard;ALL;3;3,7736;12,6582;3,7736;5,8889;2026-04-05;2026-10-04
ATP;Flavio Cobolli;26;Hard;ALL;10;7,0769;8,42;3,4872;6,5;2026-04-05;2026-10-04
ATP;Florent Bax;26;Hard;ALL;18;7,9229;7,101;4,9964;6,5775;2026-04-05;2026-10-04
ATP;Frances Tiafoe;26;Hard;ALL;17;6,1518;13,8514;3,1414;6,3667;2026-04-05;2026-10-04
ATP;Francesco Maestrelli;26;Hard;ALL;8;8,0745;5,5184;2,3292;7,0;2026-04-05;2026-10-04
ATP;Francesco Passaro;26;Hard;ALL;1;5,4795;10,2941;4,7945;6,9524;2026-04-05;2026-10-04
ATP;Francisco Cerundolo;26;Hard;ALL;10;6,3852;5,9223;4,7374;6,3882;2026-04-05;2026-10-04
ATP;Francisco Comesana;26;Hard;ALL;4;7,563;3,7143;5,3221;6,6111;2026-04-05;2026-10-04
ATP;Gabriel Diallo;26;Hard;ALL;3;10,8247;4,0936;5,1546;5,8788;2026-04-05;2026-10-04
ATP;Gael Monfils;26;Hard;ALL;5;8,4567;2,7897;6,1311;7,2769;2026-04-05;2026-10-04
ATP;Gauthier Onclin;26;Hard;ALL;22;3,446;8,5342;4,3075;6,4764;2026-04-05;2026-10-04
ATP;Giovanni Mpetshi Perricard;26;Hard;ALL;3;11,8367;6,9565;7,3469;6,6216;2026-04-05;2026-10-04
ATP;Gonzalo Bueno;26;Hard;ALL;3;0,5376;1,5873;8,0645;6,6429;2026-04-05;2026-10-04
ATP;Grigor Dimitrov;26;Hard;ALL;3;8,3969;7,6923;10,3053;6,2381;2026-04-05;2026-10-04
ATP;Gustavo Heide;26;Hard;ALL;1;3,8462;11,3208;11,5385;6,5;2026-04-05;2026-10-04
ATP;Hamad Medjedovic;26;Hard;ALL;3;9,6639;20,4082;7,563;7,0;2026-04-05;2026-10-04
ATP;Harold Mayot;26;Hard;ALL;26;6,1564;5,5249;2,7177;6,0503;2026-04-05;2026-10-04
ATP;Harry Wendelken;26;Hard;ALL;15;5,2381;11,0035;5,2381;6,3636;2026-04-05;2026-10-04
ATP;Hayato Matsuoka;26;Hard;ALL;23;4,7088;6,6854;5,0186;6,2317;2026-04-05;2026-10-04
ATP;Henrique Rocha;26;Hard;ALL;5;5,8997;6,3584;3,5398;6,78;2026-04-05;2026-10-04
ATP;Henry Searle;26;Hard;ALL;20;9,1463;3,0064;3,4299;6,0183;2026-04-05;2026-10-04
ATP;Holger Rune;26;Hard;ALL;1;7,5;6,8182;0,0;5,0;2026-04-05;2026-10-04
ATP;Hubert Hurkacz;26;Hard;ALL;18;15,2553;6,7961;4,0078;6,2632;2026-04-05;2026-10-04
ATP;Hugo Gaston;26;Hard;ALL;7;3,626;8,0321;3,4351;6,7179;2026-04-05;2026-10-04
ATP;Hugo Grenier;26;Hard;ALL;13;10,4;2,3596;7,3143;6,3869;2026-04-05;2026-10-04
ATP;Ignacio Buse;26;Hard;ALL;10;6,2096;5,8041;2,458;6,2339;2026-04-05;2026-10-04
ATP;Igor Ribeiro Marcondes;26;Hard;ALL;10;7,8488;5,0898;4,6512;6,1982;2026-04-05;2026-10-04
ATP;Ilia Simakin;26;Hard;ALL;26;11,0436;5,1583;4,5831;5,9572;2026-04-05;2026-10-04
ATP;Ilya Ivashka;26;Hard;ALL;29;7,6762;6,2273;4,4386;5,9288;2026-04-05;2026-10-04
ATP;Inaki Montes De La Torre;26;Hard;ALL;13;2,967;6,7497;5,8242;6,6423;2026-04-05;2026-10-04
ATP;J J Wolf;26;Hard;ALL;24;8,3241;10,5974;3,6384;6,2123;2026-04-05;2026-10-04
ATP;Jack Draper;26;Hard;ALL;2;7,0064;8,2803;8,9172;6,8261;2026-04-05;2026-10-04
ATP;Jack Pinnington Jones;26;Hard;ALL;10;5,6146;6,4145;4,8558;6,59;2026-04-05;2026-10-04
ATP;Jacob Fearnley;26;Hard;ALL;14;6,3889;6,1751;7,963;6,4671;2026-04-05;2026-10-04
ATP;Jaime Faria;26;Hard;ALL;11;8,8979;6,0241;8,2912;6,6824;2026-04-05;2026-10-04
ATP;Jakub Mensik;26;Hard;ALL;14;13,255;6,1576;5,0336;6,1443;2026-04-05;2026-10-04
ATP;James Duckworth;26;Hard;ALL;14;8,2342;6,4885;5,581;6,5449;2026-04-05;2026-10-04
ATP;James Mccabe;26;Hard;ALL;13;11,0075;4,2308;3,4515;6,7;2026-04-05;2026-10-04
ATP;Jan Choinski;26;Hard;ALL;4;9,5368;15,0725;4,9046;6,4386;2026-04-05;2026-10-04
ATP;Jan Lennard Struff;26;Hard;ALL;7;10,8731;10,991;5,2718;6,4574;2026-04-05;2026-10-04
ATP;Jaume Munar;26;Hard;ALL;5;6,5401;7,2519;3,1646;6,32;2026-04-05;2026-10-04
ATP;Jay Clarke;26;Hard;ALL;1;5,2632;4,5455;0,0;5,4286;2026-04-05;2026-10-04
ATP;Jay Dylan Hara Friend;26;Hard;ALL;27;5,8305;5,2792;5,2425;6,6482;2026-04-05;2026-10-04
ATP;Jenson Brooksby;26;Hard;ALL;12;4,6263;7,0806;1,3049;6,1985;2026-04-05;2026-10-04
ATP;Jerome Kym;26;Hard;ALL;4;12,1294;4,1558;5,1213;6,3966;2026-04-05;2026-10-04
ATP;Jesper De Jong;26;Hard;ALL;11;7,1429;7,0215;7,9121;6,4085;2026-04-05;2026-10-04
ATP;Jiri Lehecka;26;Hard;ALL;11;9,375;6,8206;3,5714;5,9338;2026-04-05;2026-10-04
ATP;Joao Fonseca;26;Hard;ALL;4;4,9342;6,9091;2,9605;6,9091;2026-04-05;2026-10-04
ATP;Joel Schwaerzler;26;Hard;ALL;13;8,1808;6,5662;3,7675;6,2349;2026-04-05;2026-10-04
ATP;Johannus Monday;26;Hard;ALL;19;8,2386;5,8414;4,4744;6,069;2026-04-05;2026-10-04
ATP;Juan Carlos Prado Angelo;26;Hard;ALL;3;1,444;2,3364;3,6101;7,4865;2026-04-05;2026-10-04
ATP;Juan Manuel Cerundolo;26;Hard;ALL;12;8,5155;7,7714;4,0276;6,2518;2026-04-05;2026-10-04
ATP;Juncheng Shang;26;Hard;ALL;9;5,1546;8,4525;3,2216;6,5763;2026-04-05;2026-10-04
ATP;Jurij Rodionov;26;Hard;ALL;5;8,764;9,0244;3,1461;6,9531;2026-04-05;2026-10-04
ATP;Kamil Majchrzak;26;Hard;ALL;9;9,4086;12,2853;3,4946;6,5841;2026-04-05;2026-10-04
ATP;Karen Khachanov;26;Hard;ALL;11;8,9662;8,6446;3,7975;6,1961;2026-04-05;2026-10-04
ATP;Keegan Smith;26;Hard;ALL;23;10,3301;6,3575;2,6092;6,4983;2026-04-05;2026-10-04
ATP;Kyrian Jacquet;26;Hard;ALL;9;10,4405;6,9132;3,752;6,4526;2026-04-05;2026-10-04
ATP;Laslo Djere;26;Hard;ALL;2;4,4444;7,1429;3,7037;6,4286;2026-04-05;2026-10-04
ATP;Lautaro Midon;26;Hard;ALL;3;4,8309;2,1834;8,6957;6,0882;2026-04-05;2026-10-04
ATP;Leandro Riedi;26;Hard;ALL;9;7,9787;9,727;2,4823;6,2667;2026-04-05;2026-10-04
ATP;Learner Tien;26;Hard;ALL;13;4,1927;8,0909;3,8359;6,4057;2026-04-05;2026-10-04
ATP;Liam Broady;26;Hard;ALL;16;4,5494;5,3633;3,8627;6,5084;2026-04-05;2026-10-04
ATP;Liam Draxl;26;Hard;ALL;20;5,2714;6,6128;4,3273;6,1106;2026-04-05;2026-10-04
ATP;Lloyd Harris;26;Hard;ALL;22;13,4859;6,2577;2,4082;6,3156;2026-04-05;2026-10-04
ATP;Lorenzo Musetti;26;Hard;ALL;11;5,6728;4,522;5,1451;6,2131;2026-04-05;2026-10-04
ATP;Lorenzo Sonego;26;Hard;ALL;9;10,992;5,8333;3,4853;6,2689;2026-04-05;2026-10-04
ATP;Luca Van Assche;26;Hard;ALL;10;4,3695;8,3538;6,4919;6,6198;2026-04-05;2026-10-04
ATP;Luciano Darderi;26;Hard;ALL;14;7,4107;12,476;4,375;6,8712;2026-04-05;2026-10-04
ATP;Luka Pavlovic;26;Hard;ALL;10;15,3481;5,9098;6,0127;5,9623;2026-04-05;2026-10-04
ATP;Mackenzie Mcdonald;26;Hard;ALL;3;3,2609;7,3892;4,3478;5,9355;2026-04-05;2026-10-04
ATP;Maks Kasnikowski;26;Hard;ALL;12;7,1084;7,1111;2,6506;6,1481;2026-04-05;2026-10-04
ATP;Marat Sharipov;26;Hard;ALL;16;16,0369;6,9862;2,351;6,171;2026-04-05;2026-10-04
ATP;Marco Trungelliti;26;Hard;ALL;4;7,7519;12,1287;5,6848;6,3443;2026-04-05;2026-10-04
ATP;Marcos Giron;26;Hard;ALL;4;4,3011;14,1593;4,3011;6,4138;2026-04-05;2026-10-04
ATP;Mariano Navone;26;Hard;ALL;10;2,7996;8,656;2,9115;6,6148;2026-04-05;2026-10-04
ATP;Marin Cilic;26;Hard;ALL;3;7,0796;11,215;3,5398;6,4571;2026-04-05;2026-10-04
ATP;Mark Lajal;26;Hard;ALL;36;8,913;4,5194;4,1594;6,7796;2026-04-05;2026-10-04
ATP;Martin Damm;26;Hard;ALL;8;15,8683;10,1089;4,9401;6,243;2026-04-05;2026-10-04
ATP;Martin Landaluce;26;Hard;ALL;7;5,5215;6,4122;8,2822;6,6531;2026-04-05;2026-10-04
ATP;Marton Fucsovics;26;Hard;ALL;3;0,6329;7,438;12,0253;6,5833;2026-04-05;2026-10-04
ATP;Matheus Pucinelli De Almeida;26;Hard;ALL;4;2,9197;6,2284;2,1898;6,3721;2026-04-05;2026-10-04
ATP;Matteo Arnaldi;26;Hard;ALL;7;6,4057;7,0547;5,1601;6,1087;2026-04-05;2026-10-04
ATP;Matteo Berrettini;26;Hard;ALL;7;10,4938;6,1224;2,4691;6,48;2026-04-05;2026-10-04
ATP;Matteo Martineau;26;Hard;ALL;14;8,5037;6,3478;4,0883;6,6108;2026-04-05;2026-10-04
ATP;Matthew Dellavedova;26;Hard;ALL;82;4,8165;2,8339;1,4387;6,2286;2026-04-05;2026-10-04
ATP;Mattia Bellucci;26;Hard;ALL;10;10,5479;7,5798;4,6575;6,4035;2026-04-05;2026-10-04
ATP;Max Basing;26;Hard;ALL;17;1,487;5,2111;4,2751;6,2924;2026-04-05;2026-10-04
ATP;Max Schoenhaus;26;Hard;ALL;1;4,5455;23,7288;3,0303;6,0;2026-04-05;2026-10-04
ATP;Michael Mmoh;26;Hard;ALL;23;8,3226;4,4643;8,1935;6,3525;2026-04-05;2026-10-04
ATP;Michael Zheng;26;Hard;ALL;20;6,6582;5,8714;4,629;6,5708;2026-04-05;2026-10-04
ATP;Michele Ribecai;26;Hard;ALL;11;3,6709;9,893;3,5443;6,6387;2026-04-05;2026-10-04
ATP;Mili Poljicak;26;Hard;ALL;2;6,5217;5,1546;8,6957;6,1333;2026-04-05;2026-10-04
ATP;Miomir Kecmanovic;26;Hard;ALL;8;4,2408;13,4644;4,104;7,1667;2026-04-05;2026-10-04
ATP;Moise Kouame;26;Hard;ALL;11;7,3136;8,0527;9,1421;6,4636;2026-04-05;2026-10-04
ATP;Murphy Cassone;26;Hard;ALL;15;8,1468;6,9182;3,7601;6,2402;2026-04-05;2026-10-04
ATP;Nicolai Budkov Kjaer;26;Hard;ALL;10;5,4393;8,9163;2,7894;6,2895;2026-04-05;2026-10-04
ATP;Nicolas Mejia;26;Hard;ALL;8;3,9604;4,9784;2,7723;6,5584;2026-04-05;2026-10-04
ATP;Nikoloz Basilashvili;26;Hard;ALL;5;15,6522;8,6514;3,7681;6,0526;2026-04-05;2026-10-04
ATP;Nishesh Basavareddy;26;Hard;ALL;9;7,2271;9,157;5,0147;6,3962;2026-04-05;2026-10-04
ATP;Novak Djokovic;26;Hard;ALL;4;8,8167;8,6634;4,4084;6,7344;2026-04-05;2026-10-04
ATP;Nuno Borges;26;Hard;ALL;10;11,7166;9,9515;4,3597;6,0164;2026-04-05;2026-10-04
ATP;Oliver Crawford;26;Hard;ALL;12;3,436;7,6202;2,9621;6,0286;2026-04-05;2026-10-04
ATP;Otto Virtanen;26;Hard;ALL;3;9,3484;7,9511;5,6657;7,06;2026-04-05;2026-10-04
ATP;Pablo Carreno Busta;26;Hard;ALL;6;2,7027;8,6651;6,3063;6,7273;2026-04-05;2026-10-04
ATP;Pablo Llamas Ruiz;26;Hard;ALL;5;2,681;9,1837;2,4129;6,431;2026-04-05;2026-10-04
ATP;Pavel Kotov;26;Hard;ALL;17;9,6721;7,5806;3,5246;6,4894;2026-04-05;2026-10-04
ATP;Pedro Martinez;26;Hard;ALL;5;1,7699;4,3836;3,8348;6,2778;2026-04-05;2026-10-04
ATP;Petr Bar Biryukov;26;Hard;ALL;28;14,8682;7,7908;6,7628;6,2068;2026-04-05;2026-10-04
ATP;Philip Henning;26;Hard;ALL;18;7,1709;9,6118;3,2417;6,0237;2026-04-05;2026-10-04
ATP;Pierre Hugues Herbert;26;Hard;ALL;2;3,5928;12,1212;4,7904;6,4231;2026-04-05;2026-10-04
ATP;Quentin Halys;26;Hard;ALL;8;12,3723;9,6401;3,9728;6,8295;2026-04-05;2026-10-04
ATP;Rafael Jodar;26;Hard;ALL;15;4,7153;5,4126;4,3594;6,6905;2026-04-05;2026-10-04
ATP;Raphael Collignon;26;Hard;ALL;4;8,1585;6,6015;8,3916;7,0328;2026-04-05;2026-10-04
ATP;Raphael Perot;26;Hard;ALL;3;3,7037;2,2523;6,8783;6,5172;2026-04-05;2026-10-04
ATP;Rei Sakamoto;26;Hard;ALL;14;13,073;7,5623;3,3107;6,1036;2026-04-05;2026-10-04
ATP;Remy Bertola;26;Hard;ALL;7;5,642;5,9441;5,0584;6,119;2026-04-05;2026-10-04
ATP;Rinky Hijikata;26;Hard;ALL;11;4,6566;10,2132;4,1909;6,6077;2026-04-05;2026-10-04
ATP;Rio Noguchi;26;Hard;ALL;21;0,8754;5,5742;2,6263;6,6592;2026-04-05;2026-10-04
ATP;Rodrigo Pacheco Mendez;26;Hard;ALL;19;8,9744;7,52;4,0171;6,1579;2026-04-05;2026-10-04
ATP;Roman Andres Burruchaga;26;Hard;ALL;4;7,2165;12,381;5,4983;6,0625;2026-04-05;2026-10-04
ATP;Roman Safiullin;26;Hard;ALL;11;10,4381;10,0785;3,2216;6,208;2026-04-05;2026-10-04
ATP;Sascha Gueymard Wayenburg;26;Hard;ALL;12;12,8297;6,2035;3,5971;6,0876;2026-04-05;2026-10-04
ATP;Sebastian Baez;26;Hard;ALL;13;2,6997;8,8404;3,4871;6,1736;2026-04-05;2026-10-04
ATP;Sebastian Ofner;26;Hard;ALL;2;7,0;5,7377;6,0;5,8824;2026-04-05;2026-10-04
ATP;Sergey Fomin;26;Hard;ALL;19;10,8022;10,7115;4,6068;6,1415;2026-04-05;2026-10-04
ATP;Shintaro Mochizuki;26;Hard;ALL;11;3,5897;8,4158;7,4359;6,4463;2026-04-05;2026-10-04
ATP;Sho Shimabukuro;26;Hard;ALL;14;7,5;8,9041;4,4643;6,9136;2026-04-05;2026-10-04
ATP;Soon Woo Kwon;26;Hard;ALL;15;12,8676;7,9704;6,7096;6,3256;2026-04-05;2026-10-04
ATP;Stan Wawrinka;26;Hard;ALL;3;5,1383;8,7866;4,7431;7,0278;2026-04-05;2026-10-04
ATP;Stefan Kozlov;26;Hard;ALL;8;1,9432;5,8915;3,2885;6,6238;2026-04-05;2026-10-04
ATP;Stefano Napolitano;26;Hard;ALL;5;5,949;12,2016;2,5496;6,3036;2026-04-05;2026-10-04
ATP;Stefanos Sakellaridis;26;Hard;ALL;6;12,1681;5,4762;5,7522;6,6471;2026-04-05;2026-10-04
ATP;Stefanos Tsitsipas;26;Hard;ALL;13;10,19;8,049;3,7997;6,3626;2026-04-05;2026-10-04
ATP;Tallon Griekspoor;26;Hard;ALL;8;11,1111;12,9985;4,9206;5,7273;2026-04-05;2026-10-04
ATP;Taro Daniel;26;Hard;ALL;9;6,5;9,1653;1,3333;6,3158;2026-04-05;2026-10-04
ATP;Taylor Fritz;26;Hard;ALL;14;13,6528;8,1818;3,1646;6,1788;2026-04-05;2026-10-04
ATP;Terence Atmane;26;Hard;ALL;11;9,3048;8,1928;4,0642;6,4931;2026-04-05;2026-10-04
ATP;Thiago Agustin Tirante;26;Hard;ALL;11;12,7635;6,1522;5,2693;5,972;2026-04-05;2026-10-04
ATP;Timofey Skatov;26;Hard;ALL;2;6,6667;6,4516;6,0606;7,1739;2026-04-05;2026-10-04
ATP;Titouan Droguet;26;Hard;ALL;18;10,0645;5,3708;3,3548;6,5401;2026-04-05;2026-10-04
ATP;Toby Samuel;26;Hard;ALL;11;7,6453;3,2394;5,8104;5,687;2026-04-05;2026-10-04
ATP;Tomas Barrios Vera;26;Hard;ALL;2;3,4483;9,5541;2,7586;6,3043;2026-04-05;2026-10-04
ATP;Tomas Machac;26;Hard;ALL;4;4,3478;7,377;5,1383;6,6579;2026-04-05;2026-10-04
ATP;Tomas Martin Etcheverry;26;Hard;ALL;9;7,6479;10,6936;2,4531;6,1875;2026-04-05;2026-10-04
ATP;Tommy Paul;26;Hard;ALL;12;7,9743;8,8448;2,9331;6,3064;2026-04-05;2026-10-04
ATP;Tristan Boyer;26;Hard;ALL;10;4,4944;5,0946;4,1734;6,23;2026-04-05;2026-10-04
ATP;Tristan Schoolkate;26;Hard;ALL;18;11,1878;8,3682;2,4862;6,188;2026-04-05;2026-10-04
ATP;Ugo Humbert;26;Hard;ALL;6;6,25;8,9552;6,4815;6,2609;2026-04-05;2026-10-04
ATP;Valentin Royer;26;Hard;ALL;11;6,6362;6,4088;4,3478;6,3796;2026-04-05;2026-10-04
ATP;Valentin Vacherot;26;Hard;ALL;8;11,9534;7,6259;5,6851;6,2364;2026-04-05;2026-10-04
ATP;Vit Kopriva;26;Hard;ALL;8;6,1441;9,6958;3,8136;5,7561;2026-04-05;2026-10-04
ATP;Yannick Hanfmann;26;Hard;ALL;6;10,2345;8,1197;5,3305;6,6056;2026-04-05;2026-10-04
ATP;Yi Zhou;26;Hard;ALL;13;10,356;7,5792;3,8835;6,3493;2026-04-05;2026-10-04
ATP;Yibing Wu;26;Hard;ALL;6;6,576;9,3418;2,7211;6,2113;2026-04-05;2026-10-04
ATP;Yu Hsiou Hsu;26;Hard;ALL;20;5,0072;7,1273;2,6466;6,7536;2026-04-05;2026-10-04
ATP;Zachary Svajda;26;Hard;ALL;6;6,2249;12,2137;3,4137;6,1481;2026-04-05;2026-10-04
ATP;Zhizhen Zhang;26;Hard;ALL;6;8,37;10,5634;4,185;6,5797;2026-04-05;2026-10-04
ATP;Zizou Bergs;26;Hard;ALL;10;7,9162;6,29;6,8685;6,1799;2026-04-05;2026-10-04
ATP;Zsombor Piros;26;Hard;ALL;1;7,7778;19,7183;7,7778;7,5;2026-04-05;2026-10-04
ATP;Adam Walton;26;Clay;ATP;2;3,7313;5,4348;1,4925;7,4444;2026-04-05;2026-10-04
ATP;Adolfo Daniel Vallejo;26;Clay;ATP;8;2,5685;4,0519;3,2534;6,7907;2026-04-05;2026-10-04
ATP;Adrian Mannarino;26;Clay;ATP;5;1,9231;12,1311;2,2436;6,9333;2026-04-05;2026-10-04
ATP;Alejandro Davidovich Fokina;26;Clay;ATP;8;2,7923;3,6;1,3962;6,7412;2026-04-05;2026-10-04
ATP;Alejandro Tabilo;26;Clay;ATP;10;5,9761;9,8649;2,3904;6,4359;2026-04-05;2026-10-04
ATP;Aleksandar Kovacevic;26;Clay;ATP;5;6,7164;6,0367;3,4826;6,2812;2026-04-05;2026-10-04
ATP;Aleksandar Vukic;26;Clay;ATP;2;8,0;10,3704;3,3333;6,5217;2026-04-05;2026-10-04
ATP;Alex De Minaur;26;Clay;ATP;11;2,4283;2,8313;3,9735;6,812;2026-04-05;2026-10-04
ATP;Alex Michelsen;26;Clay;ATP;7;5,3691;7,3593;4,4743;6,3857;2026-04-05;2026-10-04
ATP;Alex Molcan;26;Clay;ATP;11;3,8615;8,8859;2,3968;6,2066;2026-04-05;2026-10-04
ATP;Alexander Blockx;26;Clay;ATP;19;7,398;3,7433;3,7628;6,4262;2026-04-05;2026-10-04
ATP;Alexander Bublik;26;Clay;ATP;15;9,5969;9,5189;4,4146;6,2395;2026-04-05;2026-10-04
ATP;Alexander Shevchenko;26;Clay;ATP;9;7,1322;6,7847;4,4577;6,3491;2026-04-05;2026-10-04
ATP;Alexander Zverev;26;Clay;ATP;17;7,5201;4,2184;2,7753;5,7577;2026-04-05;2026-10-04
ATP;Alexandre Muller;26;Clay;ATP;5;3,2164;8,6093;2,0468;6,7059;2026-04-05;2026-10-04
ATP;Alexei Popyrin;26;Clay;ATP;8;8,0979;7,1956;3,5782;6,1744;2026-04-05;2026-10-04
ATP;Andrea Pellegrino;26;Clay;ATP;6;4,4706;8,9636;3,0588;7,0833;2026-04-05;2026-10-04
ATP;Andrey Rublev;26;Clay;ATP;18;7,4897;5,1522;3,1276;6,2953;2026-04-05;2026-10-04
ATP;Arthur Fils;26;Clay;ATP;11;3,4868;6,2756;3,2078;6,1282;2026-04-05;2026-10-04
ATP;Arthur Gea;26;Clay;ATP;1;2,8571;9,8361;14,2857;7,0;2026-04-05;2026-10-04
ATP;Arthur Rinderknech;26;Clay;ATP;12;13,6714;4,7325;4,4101;6,2552;2026-04-05;2026-10-04
ATP;Ben Shelton;26;Clay;ATP;9;8,6675;3,0534;3,2342;6,2339;2026-04-05;2026-10-04
ATP;Benjamin Bonzi;26;Clay;ATP;2;3,0769;12,5;2,5641;6,2903;2026-04-05;2026-10-04
ATP;Botic Van De Zandschulp;26;Clay;ATP;8;6,4309;4,6312;5,9486;6,6882;2026-04-05;2026-10-04
ATP;Brandon Nakashima;26;Clay;ATP;5;8,7613;11,0;0,6042;6,2453;2026-04-05;2026-10-04
ATP;Cameron Norrie;26;Clay;ATP;10;4,2007;5,7644;3,3839;6,8016;2026-04-05;2026-10-04
ATP;Camilo Ugo Carabelli;26;Clay;ATP;12;4,2;6,5282;3,1;6,4516;2026-04-05;2026-10-04
ATP;Carlos Alcaraz;26;Clay;ATP;6;5,1546;1,7677;4,8969;6,807;2026-04-05;2026-10-04
ATP;Casper Ruud;26;Clay;ATP;19;4,359;3,5144;2,906;5,9694;2026-04-05;2026-10-04
ATP;Clement Tabur;26;Clay;ATP;3;5,4131;9,9125;1,7094;6,8824;2026-04-05;2026-10-04
ATP;Corentin Moutet;26;Clay;ATP;7;2,3355;1,7208;2,7601;6,5417;2026-04-05;2026-10-04
ATP;Cristian Garin;26;Clay;ATP;5;1,9753;7,277;3,2099;6,2308;2026-04-05;2026-10-04
ATP;Dalibor Svrcina;26;Clay;ATP;2;2,5316;2,0833;5,6962;7,1818;2026-04-05;2026-10-04
ATP;Damir Dzumhur;26;Clay;ATP;11;1,5965;2,4557;1,8868;6,5;2026-04-05;2026-10-04
ATP;Daniel Altmaier;26;Clay;ATP;13;7,2417;4,7722;2,8754;6,302;2026-04-05;2026-10-04
ATP;Daniel Merida Aguilar;26;Clay;ATP;10;2,5449;2,9126;3,8922;6,0727;2026-04-05;2026-10-04
ATP;Daniil Medvedev;26;Clay;ATP;8;5,4422;2,8169;5,7823;6,125;2026-04-05;2026-10-04
ATP;Denis Shapovalov;26;Clay;ATP;6;3,8462;3,6554;8,9744;6,0938;2026-04-05;2026-10-04
ATP;Diego Dedura Palomero;26;Clay;ATP;2;0,6993;2,7778;2,7972;6,8095;2026-04-05;2026-10-04
ATP;Dino Prizmic;26;Clay;ATP;9;4,9767;5,1969;3,577;6,1238;2026-04-05;2026-10-04
ATP;Dominic Stricker;26;Clay;ATP;2;10,6195;8,7591;3,5398;5,9474;2026-04-05;2026-10-04
ATP;Dusan Lajovic;26;Clay;ATP;3;4,6875;7,8704;1,0417;5,6471;2026-04-05;2026-10-04
ATP;Edas Butvilas;26;Clay;ATP;2;5,7377;4,6296;0,8197;7,1765;2026-04-05;2026-10-04
ATP;Elmer Moller;26;Clay;ATP;3;4,3011;6,0;6,9892;6,6429;2026-04-05;2026-10-04
ATP;Emilio Nava;26;Clay;ATP;5;9,8592;6,7686;3,6217;7,3088;2026-04-05;2026-10-04
ATP;Ethan Quinn;26;Clay;ATP;6;7,7419;6,3181;2,3656;6,7391;2026-04-05;2026-10-04
ATP;Fabian Marozsan;26;Clay;ATP;7;4,0568;6,4327;2,0284;6,3205;2026-04-05;2026-10-04
ATP;Facundo Diaz Acosta;26;Clay;ATP;3;3,2653;10,5505;2,449;6,2821;2026-04-05;2026-10-04
ATP;Federico Agustin Gomez;26;Clay;ATP;2;6,5934;8,0925;6,044;7,0;2026-04-05;2026-10-04
ATP;Federico Cina;26;Clay;ATP;4;7,6705;12,3529;3,9773;6,6415;2026-04-05;2026-10-04
ATP;Felix Auger Aliassime;26;Clay;ATP;8;8,3179;3,3868;2,0333;6,2907;2026-04-05;2026-10-04
ATP;Flavio Cobolli;26;Clay;ATP;15;5,2419;4,9545;4,0323;6,2785;2026-04-05;2026-10-04
ATP;Frances Tiafoe;26;Clay;ATP;4;3,8961;7,1429;2,9221;6,6957;2026-04-05;2026-10-04
ATP;Francesco Maestrelli;26;Clay;ATP;1;10,5263;2,5641;0,0;7,6;2026-04-05;2026-10-04
ATP;Francisco Cerundolo;26;Clay;ATP;11;4,0928;2,6281;3,9563;6,6636;2026-04-05;2026-10-04
ATP;Francisco Comesana;26;Clay;ATP;5;7,6733;5,1913;3,7129;6,3125;2026-04-05;2026-10-04
ATP;Frederico Ferreira Silva;26;Clay;ATP;1;2,6786;5,8252;1,7857;7,4667;2026-04-05;2026-10-04
ATP;Gabriel Diallo;26;Clay;ATP;4;5,4299;4,0;3,1674;6,5;2026-04-05;2026-10-04
ATP;Gael Monfils;26;Clay;ATP;3;7,8603;4,3062;4,3668;6,7353;2026-04-05;2026-10-04
ATP;Gianluca Cadenasso;26;Clay;ATP;1;10,1266;9,5238;2,5316;5,6429;2026-04-05;2026-10-04
ATP;Giovanni Mpetshi Perricard;26;Clay;ATP;3;7,6336;3,3333;3,4351;7,2778;2026-04-05;2026-10-04
ATP;Gonzalo Bueno;26;Clay;ATP;2;0,6667;5,9259;4,6667;6,5217;2026-04-05;2026-10-04
ATP;Grigor Dimitrov;26;Clay;ATP;4;4,0441;4,9123;4,0441;5,7872;2026-04-05;2026-10-04
ATP;Hamad Medjedovic;26;Clay;ATP;8;6,9876;4,9573;3,5714;6,8511;2026-04-05;2026-10-04
ATP;Henrique Rocha;26;Clay;ATP;2;4,2254;0,0;2,8169;7,4737;2026-04-05;2026-10-04
ATP;Hubert Hurkacz;26;Clay;ATP;6;13,9955;3,7807;2,2573;5,9067;2026-04-05;2026-10-04
ATP;Hugo Gaston;26;Clay;ATP;6;2,9024;4,4974;1,3193;6,8909;2026-04-05;2026-10-04
ATP;Ignacio Buse;26;Clay;ATP;14;5,0139;3,0418;2,2284;6,5671;2026-04-05;2026-10-04
ATP;Jack Draper;26;Clay;ATP;1;4,3478;5,3571;8,6957;5,75;2026-04-05;2026-10-04
ATP;Jacob Fearnley;26;Clay;ATP;1;2,0202;11,0169;13,1313;6,6;2026-04-05;2026-10-04
ATP;Jaime Faria;26;Clay;ATP;6;8,172;8,1818;4,9462;6,3699;2026-04-05;2026-10-04
ATP;Jakub Mensik;26;Clay;ATP;6;11,2532;10,5386;3,3248;5,8358;2026-04-05;2026-10-04
ATP;James Duckworth;26;Clay;ATP;1;8,3333;7,5;2,0833;6,8571;2026-04-05;2026-10-04
ATP;Jan Choinski;26;Clay;ATP;1;8,3333;5,814;1,3889;6,5455;2026-04-05;2026-10-04
ATP;Jan Lennard Struff;26;Clay;ATP;7;9,0498;8,4668;3,6199;6,597;2026-04-05;2026-10-04
ATP;Jannik Sinner;26;Clay;ATP;17;8,3505;4,2152;2,268;5,7396;2026-04-05;2026-10-04
ATP;Jaume Munar;26;Clay;ATP;8;2,2075;5,0439;2,649;6,5652;2026-04-05;2026-10-04
ATP;Jenson Brooksby;26;Clay;ATP;3;0,9434;6,1538;1,8868;6,625;2026-04-05;2026-10-04
ATP;Jerome Kym;26;Clay;ATP;2;8,7719;7,3171;4,8246;6,9091;2026-04-05;2026-10-04
ATP;Jesper De Jong;26;Clay;ATP;5;11,2903;4,6322;6,1828;6,5263;2026-04-05;2026-10-04
ATP;Jiri Lehecka;26;Clay;ATP;9;10,0152;5,3254;1,0622;6,3365;2026-04-05;2026-10-04
ATP;Joao Fonseca;26;Clay;ATP;9;4,7833;5,3237;1,6442;6,0818;2026-04-05;2026-10-04
ATP;Joel Schwaerzler;26;Clay;ATP;2;6,5574;9,6774;0,8197;6,1;2026-04-05;2026-10-04
ATP;Juan Carlos Prado Angelo;26;Clay;ATP;2;0,7576;1,3699;0,0;6,2857;2026-04-05;2026-10-04
ATP;Juan Manuel Cerundolo;26;Clay;ATP;10;6,5246;6,168;3,7284;6,2583;2026-04-05;2026-10-04
ATP;Jurij Rodionov;26;Clay;ATP;3;7,7586;5,9113;3,8793;6,6286;2026-04-05;2026-10-04
ATP;Kamil Majchrzak;26;Clay;ATP;1;5,4945;5,0633;2,1978;7,5833;2026-04-05;2026-10-04
ATP;Karen Khachanov;26;Clay;ATP;10;6,1813;7,4369;1,7857;6,386;2026-04-05;2026-10-04
ATP;Kilian Feldbausch;26;Clay;ATP;3;1,4354;3,2258;4,3062;6,1471;2026-04-05;2026-10-04
ATP;Kyrian Jacquet;26;Clay;ATP;3;5,042;4,8583;4,2017;6,4324;2026-04-05;2026-10-04
ATP;Laslo Djere;26;Clay;ATP;3;4,428;12,4567;2,583;6,775;2026-04-05;2026-10-04
ATP;Lautaro Midon;26;Clay;ATP;2;9,8958;3,4314;1,0417;6,6207;2026-04-05;2026-10-04
ATP;Learner Tien;26;Clay;ATP;8;3,5;4,2122;4,5;6,25;2026-04-05;2026-10-04
ATP;Lorenzo Musetti;26;Clay;ATP;10;3,4934;3,4146;2,4745;6,802;2026-04-05;2026-10-04
ATP;Lorenzo Sonego;26;Clay;ATP;7;5,765;3,4707;2,439;6,2639;2026-04-05;2026-10-04
ATP;Luca Nardi;26;Clay;ATP;1;2,2222;0,0;1,1111;6,4286;2026-04-05;2026-10-04
ATP;Luca Van Assche;26;Clay;ATP;7;3,2051;6,2295;5,4487;6,303;2026-04-05;2026-10-04
ATP;Luciano Darderi;26;Clay;ATP;20;6,0145;6,1093;2,4455;6,5783;2026-04-05;2026-10-04
ATP;Lukas Neumayer;26;Clay;ATP;2;3,7037;13,1783;3,7037;7,7143;2026-04-05;2026-10-04
ATP;Marc Andrea Huesler;26;Clay;ATP;1;3,8961;2,8169;2,5974;7,0;2026-04-05;2026-10-04
ATP;Marco Cecchinato;26;Clay;ATP;1;1,7544;2,2727;3,5088;6,3333;2026-04-05;2026-10-04
ATP;Marco Trungelliti;26;Clay;ATP;8;4,2398;6,7826;4,2398;7,2766;2026-04-05;2026-10-04
ATP;Marcos Giron;26;Clay;ATP;3;2,8571;9,3496;1,7857;6,5116;2026-04-05;2026-10-04
ATP;Mariano Navone;26;Clay;ATP;15;1,938;3,8596;3,1008;6,4099;2026-04-05;2026-10-04
ATP;Marin Cilic;26;Clay;ATP;6;7,0529;7,3418;4,2821;6,4032;2026-04-05;2026-10-04
ATP;Martin Damm;26;Clay;ATP;2;14,7287;16,5354;8,5271;6,45;2026-04-05;2026-10-04
ATP;Martin Krumich;26;Clay;ATP;1;1,7857;4,6875;3,5714;6,2222;2026-04-05;2026-10-04
ATP;Martin Landaluce;26;Clay;ATP;6;3,2581;4,2453;6,7669;6,3333;2026-04-05;2026-10-04
ATP;Marton Fucsovics;26;Clay;ATP;3;6,3415;4,1667;3,4146;6,2121;2026-04-05;2026-10-04
ATP;Matej Dodig;26;Clay;ATP;1;5,0847;0,0;5,0847;6,5556;2026-04-05;2026-10-04
ATP;Matteo Arnaldi;26;Clay;ATP;6;5,3114;2,7523;4,2125;6,4235;2026-04-05;2026-10-04
ATP;Matteo Berrettini;26;Clay;ATP;5;3,3493;5,6604;1,9139;6,3333;2026-04-05;2026-10-04
ATP;Mattia Bellucci;26;Clay;ATP;4;6,0498;1,9231;4,2705;6,5349;2026-04-05;2026-10-04
ATP;Max Schoenhaus;26;Clay;ATP;1;4,8544;7,6923;2,9126;6,4375;2026-04-05;2026-10-04
ATP;Miomir Kecmanovic;26;Clay;ATP;8;2,8708;8,0592;1,7544;6,27;2026-04-05;2026-10-04
ATP;Moise Kouame;26;Clay;ATP;2;5,6;5,8824;4,8;6,5789;2026-04-05;2026-10-04
ATP;Nicolai Budkov Kjaer;26;Clay;ATP;4;4,1916;3,0675;2,3952;5,7586;2026-04-05;2026-10-04
ATP;Nikoloz Basilashvili;26;Clay;ATP;8;7,482;9,5442;6,1871;6,7476;2026-04-05;2026-10-04
ATP;Nishesh Basavareddy;26;Clay;ATP;1;1,8868;2,5;1,8868;6,625;2026-04-05;2026-10-04
ATP;Novak Djokovic;26;Clay;ATP;1;0,0;3,8462;1,4706;5,2308;2026-04-05;2026-10-04
ATP;Nuno Borges;26;Clay;ATP;12;7,6336;5,2632;2,799;6,4959;2026-04-05;2026-10-04
ATP;Otto Virtanen;26;Clay;ATP;1;0,0;0,0;5,4545;6,1111;2026-04-05;2026-10-04
ATP;Pablo Carreno Busta;26;Clay;ATP;7;4,5259;5,042;1,2931;5,9487;2026-04-05;2026-10-04
ATP;Pablo Llamas Ruiz;26;Clay;ATP;3;0,3472;5,5944;0,6944;6,6977;2026-04-05;2026-10-04
ATP;Patrick Kypson;26;Clay;ATP;2;11,3861;13,1579;2,4752;6,7333;2026-04-05;2026-10-04
ATP;Pedro Martinez;26;Clay;ATP;4;0,3846;10,6557;3,4615;6,3415;2026-04-05;2026-10-04
ATP;Quentin Halys;26;Clay;ATP;8;15,8076;7,5235;4,4674;6,0625;2026-04-05;2026-10-04
ATP;Rafael Jodar;26;Clay;ATP;13;4,1622;3,2597;2,4546;6,5069;2026-04-05;2026-10-04
ATP;Raphael Collignon;26;Clay;ATP;8;8,8757;5,5723;5,7692;6,5;2026-04-05;2026-10-04
ATP;Raul Brancaccio;26;Clay;ATP;1;2,9703;14,4578;2,9703;6,7333;2026-04-05;2026-10-04
ATP;Reilly Opelka;26;Clay;ATP;2;14,0;10,6796;8,0;6,25;2026-04-05;2026-10-04
ATP;Rinky Hijikata;26;Clay;ATP;1;0,0;13,4615;1,3158;7,6;2026-04-05;2026-10-04
ATP;Roberto Bautista Agut;26;Clay;ATP;4;1,5385;10,7955;3,0769;6,5;2026-04-05;2026-10-04
ATP;Roman Andres Burruchaga;26;Clay;ATP;9;3,177;3,9416;4,3873;6,4804;2026-04-05;2026-10-04
ATP;Sebastian Baez;26;Clay;ATP;13;2,1372;8,7558;1,6873;6,5368;2026-04-05;2026-10-04
ATP;Sebastian Ofner;26;Clay;ATP;7;8,2645;6,3981;3,3058;6,9143;2026-04-05;2026-10-04
ATP;Stan Wawrinka;26;Clay;ATP;6;8,7189;5,3381;3,0249;6,5349;2026-04-05;2026-10-04
ATP;Stefano Travaglia;26;Clay;ATP;3;7,5269;2,0942;2,6882;6,6429;2026-04-05;2026-10-04
ATP;Stefanos Tsitsipas;26;Clay;ATP;14;7,4459;5,8528;2,3377;6,3115;2026-04-05;2026-10-04
ATP;Sumit Nagal;26;Clay;ATP;1;0,0;3,3333;2,0;6,25;2026-04-05;2026-10-04
ATP;Tallon Griekspoor;26;Clay;ATP;5;5,0125;7,2993;5,7644;6,3333;2026-04-05;2026-10-04
ATP;Taro Daniel;26;Clay;ATP;1;4,3478;19,7531;1,4493;6,2727;2026-04-05;2026-10-04
ATP;Taylor Fritz;26;Clay;ATP;1;11,1111;10,9091;0,0;6,3;2026-04-05;2026-10-04
ATP;Terence Atmane;26;Clay;ATP;9;8,0997;5,9871;2,3364;6,2941;2026-04-05;2026-10-04
ATP;Thiago Agustin Tirante;26;Clay;ATP;10;7,6563;6,9264;3,5937;5,9259;2026-04-05;2026-10-04
ATP;Timofey Skatov;26;Clay;ATP;3;0,8403;15,5172;2,9412;6,6111;2026-04-05;2026-10-04
ATP;Titouan Droguet;26;Clay;ATP;6;6,8085;1,9656;4,6809;6,7143;2026-04-05;2026-10-04
ATP;Tomas Machac;26;Clay;ATP;8;4,0062;6,1194;4,0062;6,3627;2026-04-05;2026-10-04
ATP;Tomas Martin Etcheverry;26;Clay;ATP;15;4,1706;5,8667;3,0332;5,9943;2026-04-05;2026-10-04
ATP;Tommy Paul;26;Clay;ATP;8;2,5915;2,568;2,5915;6,7629;2026-04-05;2026-10-04
ATP;Ugo Humbert;26;Clay;ATP;8;7,2214;6,3047;4,7096;6,7766;2026-04-05;2026-10-04
ATP;Valentin Royer;26;Clay;ATP;4;4,5139;6,25;2,7778;6,6977;2026-04-05;2026-10-04
ATP;Valentin Vacherot;26;Clay;ATP;9;7,3048;8,8999;3,4005;6,4553;2026-04-05;2026-10-04
ATP;Vilius Gaubas;26;Clay;ATP;4;5,3435;10,5932;2,2901;6,7179;2026-04-05;2026-10-04
ATP;Vit Kopriva;26;Clay;ATP;12;3,8108;6,6406;3,9422;6,2893;2026-04-05;2026-10-04
ATP;Vitaliy Sachko;26;Clay;ATP;1;4,4444;7,5472;0,0;6,4286;2026-04-05;2026-10-04
ATP;Yannick Hanfmann;26;Clay;ATP;13;10,1064;7,7299;2,0213;6,1438;2026-04-05;2026-10-04
ATP;Zachary Svajda;26;Clay;ATP;2;4,0816;9,5588;2,7211;6,6818;2026-04-05;2026-10-04
ATP;Zdenek Kolar;26;Clay;ATP;1;5,618;12,0879;3,3708;6,3571;2026-04-05;2026-10-04
ATP;Zhizhen Zhang;26;Clay;ATP;3;8,1967;10,177;3,2787;6,5946;2026-04-05;2026-10-04
ATP;Zizou Bergs;26;Clay;ATP;7;8,1776;7,2165;6,7757;6,2029;2026-04-05;2026-10-04
ATP;Adam Walton;26;Clay;ALL;2;3,7313;5,4348;1,4925;7,4444;2026-04-05;2026-10-04
ATP;Adolfo Daniel Vallejo;26;Clay;ALL;15;2,3607;3,6398;4,0604;6,7452;2026-04-05;2026-10-04
ATP;Adrian Mannarino;26;Clay;ALL;6;1,9851;12,4365;2,4814;7,0702;2026-04-05;2026-10-04
ATP;Alejandro Davidovich Fokina;26;Clay;ALL;8;2,7923;3,6;1,3962;6,7412;2026-04-05;2026-10-04
ATP;Alejandro Moro Canas;26;Clay;ALL;22;4,933;3,7703;2,1315;6,3398;2026-04-05;2026-10-04
ATP;Alejandro Tabilo;26;Clay;ALL;17;6,4822;8,5496;2,2925;6,2315;2026-04-05;2026-10-04
ATP;Aleksandar Kovacevic;26;Clay;ALL;9;6,31;5,9701;3,5665;6,5089;2026-04-05;2026-10-04
ATP;Aleksandar Vukic;26;Clay;ALL;5;6,4171;6,7073;2,9412;6,5614;2026-04-05;2026-10-04
ATP;Alex Barrena;26;Clay;ALL;35;2,0476;3,7582;2,5491;6,4676;2026-04-05;2026-10-04
ATP;Alex De Minaur;26;Clay;ALL;11;2,4283;2,8313;3,9735;6,812;2026-04-05;2026-10-04
ATP;Alex Michelsen;26;Clay;ALL;8;5,4307;6,6421;4,3071;6,3571;2026-04-05;2026-10-04
ATP;Alex Molcan;26;Clay;ALL;21;4,6582;7,2516;2,6296;6,2488;2026-04-05;2026-10-04
ATP;Alexander Blockx;26;Clay;ALL;19;7,398;3,7433;3,7628;6,4262;2026-04-05;2026-10-04
ATP;Alexander Bublik;26;Clay;ALL;15;9,5969;9,5189;4,4146;6,2395;2026-04-05;2026-10-04
ATP;Alexander Shevchenko;26;Clay;ALL;20;6,8667;4,5946;3,0;6,6667;2026-04-05;2026-10-04
ATP;Alexander Zverev;26;Clay;ALL;17;7,5201;4,2184;2,7753;5,7577;2026-04-05;2026-10-04
ATP;Alexandre Muller;26;Clay;ALL;11;3,8415;9,1837;3,0012;6,6111;2026-04-05;2026-10-04
ATP;Alexei Popyrin;26;Clay;ALL;8;8,0979;7,1956;3,5782;6,1744;2026-04-05;2026-10-04
ATP;Andrea Guerrieri;26;Clay;ALL;23;2,3573;3,8228;5,397;6,6888;2026-04-05;2026-10-04
ATP;Andrea Pellegrino;26;Clay;ALL;18;4,0521;4,8606;3,4009;6,8079;2026-04-05;2026-10-04
ATP;Andrej Nedic;26;Clay;ALL;39;2,316;3,0787;3,1005;6,5293;2026-04-05;2026-10-04
ATP;Andres Andrade;26;Clay;ALL;11;2,9703;3,5573;5,8168;6,623;2026-04-05;2026-10-04
ATP;Andrey Rublev;26;Clay;ALL;18;7,4897;5,1522;3,1276;6,2953;2026-04-05;2026-10-04
ATP;Arthur Fery;26;Clay;ALL;8;3,103;4,2274;2,1157;7,09;2026-04-05;2026-10-04
ATP;Arthur Fils;26;Clay;ALL;11;3,4868;6,2756;3,2078;6,1282;2026-04-05;2026-10-04
ATP;Arthur Gea;26;Clay;ALL;2;2,8369;4,3478;9,2199;6,4091;2026-04-05;2026-10-04
ATP;Arthur Rinderknech;26;Clay;ALL;13;14,2714;5,0142;4,4221;6,3782;2026-04-05;2026-10-04
ATP;August Holmgren;26;Clay;ALL;6;8,026;3,7182;3,4707;6,1467;2026-04-05;2026-10-04
ATP;Ben Shelton;26;Clay;ALL;9;8,6675;3,0534;3,2342;6,2339;2026-04-05;2026-10-04
ATP;Benjamin Bonzi;26;Clay;ALL;4;3,2738;8,7087;2,0833;6,3396;2026-04-05;2026-10-04
ATP;Bernard Tomic;26;Clay;ALL;2;3,9216;7,0175;1,9608;8,5;2026-04-05;2026-10-04
ATP;Billy Harris;26;Clay;ALL;5;3,4946;5,7895;2,1505;6,0984;2026-04-05;2026-10-04
ATP;Botic Van De Zandschulp;26;Clay;ALL;9;6,192;4,6624;5,8824;6,6598;2026-04-05;2026-10-04
ATP;Braden Shick;26;Clay;ALL;2;2,6882;2,7933;4,3011;7,44;2026-04-05;2026-10-04
ATP;Brandon Nakashima;26;Clay;ALL;5;8,7613;11,0;0,6042;6,2453;2026-04-05;2026-10-04
ATP;Buvaysar Gadamauri;26;Clay;ALL;21;3,5064;4,6198;3,5064;6,6802;2026-04-05;2026-10-04
ATP;Cameron Norrie;26;Clay;ALL;10;4,2007;5,7644;3,3839;6,8016;2026-04-05;2026-10-04
ATP;Camilo Ugo Carabelli;26;Clay;ALL;14;4,0614;6,0071;3,3394;6,4046;2026-04-05;2026-10-04
ATP;Carl Emil Overbeck;26;Clay;ALL;11;9,6154;3,7944;3,5897;6,4463;2026-04-05;2026-10-04
ATP;Carlos Alcaraz;26;Clay;ALL;6;5,1546;1,7677;4,8969;6,807;2026-04-05;2026-10-04
ATP;Casper Ruud;26;Clay;ALL;19;4,359;3,5144;2,906;5,9694;2026-04-05;2026-10-04
ATP;Cezar Cretu;26;Clay;ALL;28;3,1891;3,4598;3,0752;6,3165;2026-04-05;2026-10-04
ATP;Chris Rodesch;26;Clay;ALL;5;4,9751;3,7559;3,7313;6,2812;2026-04-05;2026-10-04
ATP;Christopher Oconnell;26;Clay;ALL;2;7,8431;8,1633;0,9804;5,6667;2026-04-05;2026-10-04
ATP;Chun Hsin Tseng;26;Clay;ALL;26;2,68;3,7486;1,3663;6,7244;2026-04-05;2026-10-04
ATP;Clement Chidekh;26;Clay;ALL;3;1,8405;6,0773;5,5215;5,8214;2026-04-05;2026-10-04
ATP;Clement Tabur;26;Clay;ALL;17;3,9046;6,0286;3,9046;6,7136;2026-04-05;2026-10-04
ATP;Colton Smith;26;Clay;ALL;6;5,483;1,1019;3,9164;6,7193;2026-04-05;2026-10-04
ATP;Corentin Moutet;26;Clay;ALL;7;2,3355;1,7208;2,7601;6,5417;2026-04-05;2026-10-04
ATP;Cristian Garin;26;Clay;ALL;8;2,3022;5,5935;2,8777;6,2613;2026-04-05;2026-10-04
ATP;Dalibor Svrcina;26;Clay;ALL;20;2,5119;2,6915;6,2458;6,6955;2026-04-05;2026-10-04
ATP;Damir Dzumhur;26;Clay;ALL;19;1,2997;2,2873;2,0642;6,54;2026-04-05;2026-10-04
ATP;Daniel Altmaier;26;Clay;ALL;15;7,5972;4,1938;2,3852;6,4686;2026-04-05;2026-10-04
ATP;Daniel Merida Aguilar;26;Clay;ALL;16;2,9412;2,5709;4,1746;6,1637;2026-04-05;2026-10-04
ATP;Daniel Michalski;26;Clay;ALL;29;2,5868;2,614;3,2808;6,0962;2026-04-05;2026-10-04
ATP;Daniel Rincon;26;Clay;ALL;34;4,1484;2,96;2,7124;6,6853;2026-04-05;2026-10-04
ATP;Daniil Glinka;26;Clay;ALL;11;4,5994;2,0492;4,3027;6,3585;2026-04-05;2026-10-04
ATP;Daniil Medvedev;26;Clay;ALL;8;5,4422;2,8169;5,7823;6,125;2026-04-05;2026-10-04
ATP;Darwin Blanch;26;Clay;ALL;11;6,3014;3,4759;5,8904;6,3478;2026-04-05;2026-10-04
ATP;David Jorda Sanchis;26;Clay;ALL;23;5,2269;2,7195;4,0781;6,5451;2026-04-05;2026-10-04
ATP;Denis Shapovalov;26;Clay;ALL;6;3,8462;3,6554;8,9744;6,0938;2026-04-05;2026-10-04
ATP;Diego Dedura Palomero;26;Clay;ALL;33;1,0667;2,6385;1,6444;6,4286;2026-04-05;2026-10-04
ATP;Dino Prizmic;26;Clay;ALL;14;4,8649;5,3203;3,1351;6,0458;2026-04-05;2026-10-04
ATP;Dominic Stricker;26;Clay;ALL;21;7,6867;7,3969;3,0015;6,2949;2026-04-05;2026-10-04
ATP;Dusan Lajovic;26;Clay;ALL;20;4,2537;5,1246;1,7788;6,128;2026-04-05;2026-10-04
ATP;Edas Butvilas;26;Clay;ALL;9;6,2595;2,7419;3,2061;6,6162;2026-04-05;2026-10-04
ATP;Elias Ymer;26;Clay;ALL;2;3,125;3,8961;12,5;6,4;2026-04-05;2026-10-04
ATP;Elmer Moller;26;Clay;ALL;20;2,8058;4,4396;7,3381;6,7805;2026-04-05;2026-10-04
ATP;Emilio Nava;26;Clay;ALL;18;6,7549;5,2244;3,3426;6,9038;2026-04-05;2026-10-04
ATP;Ethan Quinn;26;Clay;ALL;9;6,8966;6,158;2,5543;6,75;2026-04-05;2026-10-04
ATP;Fabian Marozsan;26;Clay;ALL;7;4,0568;6,4327;2,0284;6,3205;2026-04-05;2026-10-04
ATP;Facundo Diaz Acosta;26;Clay;ALL;36;3,3425;4,4123;2,0842;6,1873;2026-04-05;2026-10-04
ATP;Facundo Mena;26;Clay;ALL;27;6,869;4,4799;4,1001;6,5664;2026-04-05;2026-10-04
ATP;Federico Agustin Gomez;26;Clay;ALL;19;3,2669;5,2941;4,7012;6,5707;2026-04-05;2026-10-04
ATP;Federico Cina;26;Clay;ALL;15;5,3375;6,8906;3,9246;7,0;2026-04-05;2026-10-04
ATP;Felix Auger Aliassime;26;Clay;ALL;8;8,3179;3,3868;2,0333;6,2907;2026-04-05;2026-10-04
ATP;Felix Balshaw;26;Clay;ALL;34;8,247;1,9828;4,2361;6,2861;2026-04-05;2026-10-04
ATP;Felix Gill;26;Clay;ALL;10;5,225;4,7407;3,4833;6,5;2026-04-05;2026-10-04
ATP;Filip Cristian Jianu;26;Clay;ALL;27;2,5461;3,1572;1,5913;6,4122;2026-04-05;2026-10-04
ATP;Flavio Cobolli;26;Clay;ALL;15;5,2419;4,9545;4,0323;6,2785;2026-04-05;2026-10-04
ATP;Florent Bax;26;Clay;ALL;19;7,934;2,8719;2,9851;5,9486;2026-04-05;2026-10-04
ATP;Frances Tiafoe;26;Clay;ALL;4;3,8961;7,1429;2,9221;6,6957;2026-04-05;2026-10-04
ATP;Francesco Maestrelli;26;Clay;ALL;6;9,542;3,0909;5,7252;7,1781;2026-04-05;2026-10-04
ATP;Francesco Passaro;26;Clay;ALL;15;4,5369;5,1576;4,6314;6,1871;2026-04-05;2026-10-04
ATP;Francisco Cerundolo;26;Clay;ALL;11;4,0928;2,6281;3,9563;6,6636;2026-04-05;2026-10-04
ATP;Francisco Comesana;26;Clay;ALL;13;6,2112;2,317;3,9042;6,7485;2026-04-05;2026-10-04
ATP;Franco Roncadelli;26;Clay;ALL;29;0,401;2,5806;1,203;6,3333;2026-04-05;2026-10-04
ATP;Frederico Ferreira Silva;26;Clay;ALL;22;2,3477;5,5288;3,0743;6,9073;2026-04-05;2026-10-04
ATP;Gabriel Diallo;26;Clay;ALL;4;5,4299;4,0;3,1674;6,5;2026-04-05;2026-10-04
ATP;Gael Monfils;26;Clay;ALL;3;7,8603;4,3062;4,3668;6,7353;2026-04-05;2026-10-04
ATP;Gauthier Onclin;26;Clay;ALL;9;1,6818;5,7039;5,6921;6,4958;2026-04-05;2026-10-04
ATP;Genaro Alberto Olivieri;26;Clay;ALL;22;0,8961;3,2067;1,6129;6,8327;2026-04-05;2026-10-04
ATP;Gianluca Cadenasso;26;Clay;ALL;14;4,1183;2,6399;3,6959;6,3133;2026-04-05;2026-10-04
ATP;Giovanni Mpetshi Perricard;26;Clay;ALL;6;7,9914;4,3478;5,1836;6,7101;2026-04-05;2026-10-04
ATP;Gonzalo Bueno;26;Clay;ALL;25;1,1682;4,5732;4,4977;6,6875;2026-04-05;2026-10-04
ATP;Grigor Dimitrov;26;Clay;ALL;6;4,7264;6,7285;5,9701;5,8261;2026-04-05;2026-10-04
ATP;Guido Ivan Justo;26;Clay;ALL;39;1,8661;2,9086;1,7444;6,3205;2026-04-05;2026-10-04
ATP;Gustavo Heide;26;Clay;ALL;33;5,9207;3,7642;6,2471;6,4414;2026-04-05;2026-10-04
ATP;Hamad Medjedovic;26;Clay;ALL;8;6,9876;4,9573;3,5714;6,8511;2026-04-05;2026-10-04
ATP;Harold Mayot;26;Clay;ALL;7;5,1064;4,065;3,1915;6,2667;2026-04-05;2026-10-04
ATP;Harry Wendelken;26;Clay;ALL;2;1,5504;0,8475;3,876;6,45;2026-04-05;2026-10-04
ATP;Henri Squire;26;Clay;ALL;30;6,8251;5,4788;8,7462;6,3397;2026-04-05;2026-10-04
ATP;Henrique Rocha;26;Clay;ALL;15;2,5735;1,7512;4,4118;6,7578;2026-04-05;2026-10-04
ATP;Hubert Hurkacz;26;Clay;ALL;11;13,0381;3,2294;2,214;6,0672;2026-04-05;2026-10-04
ATP;Hugo Dellien;26;Clay;ALL;33;3,5618;3,3778;2,0739;6,3191;2026-04-05;2026-10-04
ATP;Hugo Gaston;26;Clay;ALL;17;3,1329;4,403;2,7096;6,5978;2026-04-05;2026-10-04
ATP;Hugo Grenier;26;Clay;ALL;2;0,0;2,8571;6,1947;7,0625;2026-04-05;2026-10-04
ATP;Hynek Barton;26;Clay;ALL;37;6,8888;1,9601;3,2572;6,2847;2026-04-05;2026-10-04
ATP;Ignacio Buse;26;Clay;ALL;17;4,8896;3,1325;2,2082;6,6042;2026-04-05;2026-10-04
ATP;Igor Ribeiro Marcondes;26;Clay;ALL;6;2,9038;6,0886;1,8149;7,1558;2026-04-05;2026-10-04
ATP;Ilia Simakin;26;Clay;ALL;8;6,1728;3,9886;3,5494;6,1132;2026-04-05;2026-10-04
ATP;Inaki Montes De La Torre;26;Clay;ALL;23;2,5815;1,9243;6,9973;6,2638;2026-04-05;2026-10-04
ATP;J J Wolf;26;Clay;ALL;6;7,1078;3,8375;4,4118;6,5806;2026-04-05;2026-10-04
ATP;Jack Draper;26;Clay;ALL;1;4,3478;5,3571;8,6957;5,75;2026-04-05;2026-10-04
ATP;Jack Pinnington Jones;26;Clay;ALL;3;2,5751;6,7227;6,867;6,8529;2026-04-05;2026-10-04
ATP;Jacob Fearnley;26;Clay;ALL;2;3,9801;8,377;9,4527;6,931;2026-04-05;2026-10-04
ATP;Jaime Faria;26;Clay;ALL;17;7,1374;4,7109;6,3022;6,3014;2026-04-05;2026-10-04
ATP;Jakub Mensik;26;Clay;ALL;6;11,2532;10,5386;3,3248;5,8358;2026-04-05;2026-10-04
ATP;James Duckworth;26;Clay;ALL;6;8,4168;12,1951;2,4048;6,6533;2026-04-05;2026-10-04
ATP;Jan Choinski;26;Clay;ALL;25;7,7643;4,8705;2,8634;6,198;2026-04-05;2026-10-04
ATP;Jan Kumstat;26;Clay;ALL;30;11,9271;6,1638;3,9428;6,186;2026-04-05;2026-10-04
ATP;Jan Lennard Struff;26;Clay;ALL;8;8,4942;8,8462;4,0541;6,475;2026-04-05;2026-10-04
ATP;Jannik Sinner;26;Clay;ALL;17;8,3505;4,2152;2,268;5,7396;2026-04-05;2026-10-04
ATP;Jaume Munar;26;Clay;ALL;13;2,4775;3,5398;3,491;6,5778;2026-04-05;2026-10-04
ATP;Jay Clarke;26;Clay;ALL;29;3,1136;5,5766;3,2051;6,6994;2026-04-05;2026-10-04
ATP;Jenson Brooksby;26;Clay;ALL;4;1,4134;6,746;1,4134;6,7381;2026-04-05;2026-10-04
ATP;Jerome Kym;26;Clay;ALL;14;9,537;6,2556;4,0741;6,4286;2026-04-05;2026-10-04
ATP;Jesper De Jong;26;Clay;ALL;14;9,1882;4,0853;5,7984;6,5941;2026-04-05;2026-10-04
ATP;Jiri Lehecka;26;Clay;ALL;9;10,0152;5,3254;1,0622;6,3365;2026-04-05;2026-10-04
ATP;Joao Fonseca;26;Clay;ALL;9;4,7833;5,3237;1,6442;6,0818;2026-04-05;2026-10-04
ATP;Joao Lucas Reis Da Silva;26;Clay;ALL;27;4,9218;5,6488;2,2003;6,19;2026-04-05;2026-10-04
ATP;Joel Schwaerzler;26;Clay;ALL;18;5,3597;7,0214;3,8082;6,3874;2026-04-05;2026-10-04
ATP;Juan Bautista Torres;26;Clay;ALL;36;1,4034;3,0387;2,7666;6,5805;2026-04-05;2026-10-04
ATP;Juan Carlos Prado Angelo;26;Clay;ALL;19;1,8698;3,4115;2,7701;6,6239;2026-04-05;2026-10-04
ATP;Juan Manuel Cerundolo;26;Clay;ALL;17;5,8548;5,3226;2,8884;6,4697;2026-04-05;2026-10-04
ATP;Juan Manuel La Serna;26;Clay;ALL;33;2,1749;3,0496;3,0358;6,3238;2026-04-05;2026-10-04
ATP;Juan Pablo Varillas;26;Clay;ALL;27;5,3045;6,8354;1,8664;6,7867;2026-04-05;2026-10-04
ATP;Jurij Rodionov;26;Clay;ALL;16;7,1828;5,379;3,4318;6,6649;2026-04-05;2026-10-04
ATP;Kamil Majchrzak;26;Clay;ALL;1;5,4945;5,0633;2,1978;7,5833;2026-04-05;2026-10-04
ATP;Karen Khachanov;26;Clay;ALL;10;6,1813;7,4369;1,7857;6,386;2026-04-05;2026-10-04
ATP;Keegan Smith;26;Clay;ALL;6;6,9479;2,7027;0,7444;6,2969;2026-04-05;2026-10-04
ATP;Kilian Feldbausch;26;Clay;ALL;31;1,2857;2,0928;3,8095;6,5015;2026-04-05;2026-10-04
ATP;Kimmer Coppejans;26;Clay;ALL;32;3,3269;3,6552;5,3038;6,522;2026-04-05;2026-10-04
ATP;Kyrian Jacquet;26;Clay;ALL;3;5,042;4,8583;4,2017;6,4324;2026-04-05;2026-10-04
ATP;Laslo Djere;26;Clay;ALL;28;4,4423;4,051;3,7019;6,3115;2026-04-05;2026-10-04
ATP;Lautaro Midon;26;Clay;ALL;21;4,551;2,1186;2,0024;6,6185;2026-04-05;2026-10-04
ATP;Leandro Riedi;26;Clay;ALL;2;2,1739;1,4085;4,3478;6,2727;2026-04-05;2026-10-04
ATP;Learner Tien;26;Clay;ALL;8;3,5;4,2122;4,5;6,25;2026-04-05;2026-10-04
ATP;Liam Broady;26;Clay;ALL;7;2,3013;3,3543;2,3013;6,2895;2026-04-05;2026-10-04
ATP;Liam Draxl;26;Clay;ALL;6;2,1231;4,8421;5,3079;7,1364;2026-04-05;2026-10-04
ATP;Lorenzo Giustino;26;Clay;ALL;25;5,2682;4,8321;5,6066;6,5892;2026-04-05;2026-10-04
ATP;Lorenzo Musetti;26;Clay;ALL;10;3,4934;3,4146;2,4745;6,802;2026-04-05;2026-10-04
ATP;Lorenzo Sonego;26;Clay;ALL;9;5,5118;3,0547;2,3622;6,2871;2026-04-05;2026-10-04
ATP;Luca Nardi;26;Clay;ALL;7;1,9802;1,5576;4,2904;6,7333;2026-04-05;2026-10-04
ATP;Luca Van Assche;26;Clay;ALL;20;3,2047;4,9827;5,2976;6,4788;2026-04-05;2026-10-04
ATP;Luciano Darderi;26;Clay;ALL;20;6,0145;6,1093;2,4455;6,5783;2026-04-05;2026-10-04
ATP;Luka Mikrut;26;Clay;ALL;15;5,9416;2,9412;2,5176;6,1677;2026-04-05;2026-10-04
ATP;Luka Pavlovic;26;Clay;ALL;14;9,1071;3,6433;6,0714;6,747;2026-04-05;2026-10-04
ATP;Lukas Neumayer;26;Clay;ALL;29;2,928;6,5822;2,3325;6,5;2026-04-05;2026-10-04
ATP;Mackenzie Mcdonald;26;Clay;ALL;2;1,626;5,3571;3,252;7,2353;2026-04-05;2026-10-04
ATP;Maks Kasnikowski;26;Clay;ALL;23;4,5515;4,902;1,5172;5,9921;2026-04-05;2026-10-04
ATP;Marat Sharipov;26;Clay;ALL;17;8,2569;2,4221;5,7798;6,3372;2026-04-05;2026-10-04
ATP;Marc Andrea Huesler;26;Clay;ALL;7;11,2016;5,0201;2,8513;6,2949;2026-04-05;2026-10-04
ATP;Marco Cecchinato;26;Clay;ALL;36;3,4911;3,7355;3,3747;6,1823;2026-04-05;2026-10-04
ATP;Marco Trungelliti;26;Clay;ALL;18;4,4415;4,5678;3,7884;6,8655;2026-04-05;2026-10-04
ATP;Marcos Giron;26;Clay;ALL;6;3,2505;6,6929;2,2945;6,3012;2026-04-05;2026-10-04
ATP;Mariano Navone;26;Clay;ALL;16;1,8198;4,1667;3,0937;6,4269;2026-04-05;2026-10-04
ATP;Marin Cilic;26;Clay;ALL;6;7,0529;7,3418;4,2821;6,4032;2026-04-05;2026-10-04
ATP;Martin Damm;26;Clay;ALL;6;12,528;15,0485;6,264;6,6716;2026-04-05;2026-10-04
ATP;Martin Krumich;26;Clay;ALL;37;4,854;3,871;4,4526;6,5707;2026-04-05;2026-10-04
ATP;Martin Landaluce;26;Clay;ALL;13;3,4737;4,2071;4,9474;6,8345;2026-04-05;2026-10-04
ATP;Marton Fucsovics;26;Clay;ALL;3;6,3415;4,1667;3,4146;6,2121;2026-04-05;2026-10-04
ATP;Marvin Moeller;26;Clay;ALL;45;3,1681;3,9238;3,1995;6,3254;2026-04-05;2026-10-04
ATP;Matej Dodig;26;Clay;ALL;25;9,881;4,6615;2,3214;5,9786;2026-04-05;2026-10-04
ATP;Matheus Pucinelli De Almeida;26;Clay;ALL;39;2,4293;2,6025;3,8434;6,3548;2026-04-05;2026-10-04
ATP;Matias Soto;26;Clay;ALL;30;5,9372;7,6961;5,1521;6,4088;2026-04-05;2026-10-04
ATP;Matteo Arnaldi;26;Clay;ALL;11;4,4304;2,8632;4,4304;6,4932;2026-04-05;2026-10-04
ATP;Matteo Berrettini;26;Clay;ALL;10;6,4407;4,7538;2,3729;6,2105;2026-04-05;2026-10-04
ATP;Matteo Martineau;26;Clay;ALL;13;3,4676;1,4773;5,8166;6,2958;2026-04-05;2026-10-04
ATP;Matthew Dellavedova;26;Clay;ALL;3;4,3796;3,2787;2,9197;5,2692;2026-04-05;2026-10-04
ATP;Mattia Bellucci;26;Clay;ALL;11;5,4054;4,5278;3,9897;6,475;2026-04-05;2026-10-04
ATP;Max Alcala Gurri;26;Clay;ALL;44;1,2572;3,2545;4,2026;6,3129;2026-04-05;2026-10-04
ATP;Max Hans Rehberg;26;Clay;ALL;29;4,0206;3,759;2,732;6,0815;2026-04-05;2026-10-04
ATP;Max Houkes;26;Clay;ALL;22;5,2953;4,3562;3,3265;6,3219;2026-04-05;2026-10-04
ATP;Max Schoenhaus;26;Clay;ALL;29;7,1357;5,2987;4,2211;6,142;2026-04-05;2026-10-04
ATP;Maxim Mrva;26;Clay;ALL;34;3,8004;3,0581;5,5662;6,5949;2026-04-05;2026-10-04
ATP;Michael Mmoh;26;Clay;ALL;6;8,5791;5,163;9,3834;6,5439;2026-04-05;2026-10-04
ATP;Michael Zheng;26;Clay;ALL;1;1,2987;3,4483;3,8961;7,7;2026-04-05;2026-10-04
ATP;Michele Ribecai;26;Clay;ALL;15;1,4407;4,4405;3,4746;6,7045;2026-04-05;2026-10-04
ATP;Mika Brunold;26;Clay;ALL;20;2,8405;3,0824;2,4035;6,601;2026-04-05;2026-10-04
ATP;Mili Poljicak;26;Clay;ALL;26;8,1552;2,7493;2,9809;6,2168;2026-04-05;2026-10-04
ATP;Miomir Kecmanovic;26;Clay;ALL;13;3,2086;6,3596;2,139;6,2752;2026-04-05;2026-10-04
ATP;Moise Kouame;26;Clay;ALL;10;4,5455;3,8728;6,5341;6,7692;2026-04-05;2026-10-04
ATP;Nick Hardt;26;Clay;ALL;37;2,4438;3,362;5,4789;6,5725;2026-04-05;2026-10-04
ATP;Nicolai Budkov Kjaer;26;Clay;ALL;6;3,6066;4,4521;2,2951;6,1;2026-04-05;2026-10-04
ATP;Nicolas Mejia;26;Clay;ALL;9;7,9632;6,298;3,2159;6,4653;2026-04-05;2026-10-04
ATP;Nikolas Sanchez Izquierdo;26;Clay;ALL;36;3,0214;3,3474;2,7266;6,4161;2026-04-05;2026-10-04
ATP;Nikoloz Basilashvili;26;Clay;ALL;13;7,8182;10,6768;7,6364;6,8323;2026-04-05;2026-10-04
ATP;Nishesh Basavareddy;26;Clay;ALL;13;2,7555;2,8136;7,1183;6,5;2026-04-05;2026-10-04
ATP;Novak Djokovic;26;Clay;ALL;1;0,0;3,8462;1,4706;5,2308;2026-04-05;2026-10-04
ATP;Nuno Borges;26;Clay;ALL;14;7,2508;4,918;3,0211;6,5329;2026-04-05;2026-10-04
ATP;Oliver Crawford;26;Clay;ALL;8;0,8787;1,8051;2,109;6,3222;2026-04-05;2026-10-04
ATP;Otto Virtanen;26;Clay;ALL;9;8,5868;2,2951;5,1878;6,0108;2026-04-05;2026-10-04
ATP;Pablo Carreno Busta;26;Clay;ALL;9;4,0062;4,2945;1,2327;6,181;2026-04-05;2026-10-04
ATP;Pablo Llamas Ruiz;26;Clay;ALL;13;1,7117;4,0143;0,8108;6,6867;2026-04-05;2026-10-04
ATP;Patrick Kypson;26;Clay;ALL;3;9,571;13,1148;1,9802;6,4468;2026-04-05;2026-10-04
ATP;Pavel Kotov;26;Clay;ALL;7;4,6;3,0181;3,0;6,5789;2026-04-05;2026-10-04
ATP;Pedro Boscardin Dias;26;Clay;ALL;25;2,8162;2,8508;3,56;6,7455;2026-04-05;2026-10-04
ATP;Pedro Martinez;26;Clay;ALL;22;0,9296;5,5591;2,2576;6,4635;2026-04-05;2026-10-04
ATP;Petr Bar Biryukov;26;Clay;ALL;12;11,7944;4,6088;7,8629;6,6577;2026-04-05;2026-10-04
ATP;Philip Henning;26;Clay;ALL;16;4,9774;6,5277;2,8054;6,9062;2026-04-05;2026-10-04
ATP;Pierre Hugues Herbert;26;Clay;ALL;4;6,9486;3,8462;8,4592;7,5227;2026-04-05;2026-10-04
ATP;Pol Martin Tiffon;26;Clay;ALL;22;3,9251;4,8471;3,8043;6,5714;2026-04-05;2026-10-04
ATP;Quentin Halys;26;Clay;ALL;12;13,2832;7,0999;4,01;6,1385;2026-04-05;2026-10-04
ATP;Rafael Jodar;26;Clay;ALL;13;4,1622;3,2597;2,4546;6,5069;2026-04-05;2026-10-04
ATP;Raphael Collignon;26;Clay;ALL;18;7,8247;4,1284;5,0078;6,39;2026-04-05;2026-10-04
ATP;Raphael Perot;26;Clay;ALL;30;2,2281;3,9959;3,0769;6,4116;2026-04-05;2026-10-04
ATP;Raul Brancaccio;26;Clay;ALL;30;3,6226;4,981;3,4541;6,7443;2026-04-05;2026-10-04
ATP;Rei Sakamoto;26;Clay;ALL;6;6,8235;3,6952;2,1176;6,6406;2026-04-05;2026-10-04
ATP;Reilly Opelka;26;Clay;ALL;2;14,0;10,6796;8,0;6,25;2026-04-05;2026-10-04
ATP;Remy Bertola;26;Clay;ALL;11;5,3508;2,9639;4,3995;6,728;2026-04-05;2026-10-04
ATP;Rinky Hijikata;26;Clay;ALL;5;3,8554;7,513;2,8916;6,8033;2026-04-05;2026-10-04
ATP;Roberto Bautista Agut;26;Clay;ALL;9;1,8272;7,7601;2,8239;6,4043;2026-04-05;2026-10-04
ATP;Roberto Carballes Baena;26;Clay;ALL;16;3,0195;5,047;2,8419;6,0865;2026-04-05;2026-10-04
ATP;Rodrigo Pacheco Mendez;26;Clay;ALL;7;7,6023;9,3805;4,2885;5,9651;2026-04-05;2026-10-04
ATP;Roman Andres Burruchaga;26;Clay;ALL;15;2,3669;4,3619;4,9028;6,5359;2026-04-05;2026-10-04
ATP;Roman Safiullin;26;Clay;ALL;14;5,3191;4,7445;3,3688;6,4828;2026-04-05;2026-10-04
ATP;Sascha Gueymard Wayenburg;26;Clay;ALL;16;6,1932;3,681;5,8629;6,6906;2026-04-05;2026-10-04
ATP;Sebastian Baez;26;Clay;ALL;20;2,4682;6,2544;2,0942;6,3365;2026-04-05;2026-10-04
ATP;Sebastian Ofner;26;Clay;ALL;19;8,0527;4,812;4,3192;6,5359;2026-04-05;2026-10-04
ATP;Sergey Fomin;26;Clay;ALL;11;3,6697;4,2169;5,0459;6,8125;2026-04-05;2026-10-04
ATP;Shintaro Mochizuki;26;Clay;ALL;1;3,3333;8,8889;5,0;7,5;2026-04-05;2026-10-04
ATP;Sho Shimabukuro;26;Clay;ALL;1;0,0;4,3478;4,0;5,5556;2026-04-05;2026-10-04
ATP;Stan Wawrinka;26;Clay;ALL;7;8,1731;5,3571;3,0449;6,5;2026-04-05;2026-10-04
ATP;Stefan Kozlov;26;Clay;ALL;5;2,3729;1,7391;6,1017;6,413;2026-04-05;2026-10-04
ATP;Stefano Napolitano;26;Clay;ALL;16;4,9678;8,1294;3,1279;6,509;2026-04-05;2026-10-04
ATP;Stefano Travaglia;26;Clay;ALL;22;7,6923;3,9801;3,0901;6,3908;2026-04-05;2026-10-04
ATP;Stefanos Sakellaridis;26;Clay;ALL;17;7,4815;3,5552;3,5556;6,4904;2026-04-05;2026-10-04
ATP;Stefanos Tsitsipas;26;Clay;ALL;14;7,4459;5,8528;2,3377;6,3115;2026-04-05;2026-10-04
ATP;Sumit Nagal;26;Clay;ALL;22;1,6961;6,0705;3,7992;6,2991;2026-04-05;2026-10-04
ATP;Tallon Griekspoor;26;Clay;ALL;8;6,1837;6,1462;5,3004;6,2889;2026-04-05;2026-10-04
ATP;Taro Daniel;26;Clay;ALL;16;4,0219;7,0098;1,9196;6,5119;2026-04-05;2026-10-04
ATP;Taylor Fritz;26;Clay;ALL;1;11,1111;10,9091;0,0;6,3;2026-04-05;2026-10-04
ATP;Terence Atmane;26;Clay;ALL;10;7,1816;5,7423;2,71;6,3077;2026-04-05;2026-10-04
ATP;Thiago Agustin Tirante;26;Clay;ALL;10;7,6563;6,9264;3,5937;5,9259;2026-04-05;2026-10-04
ATP;Thiago Monteiro;26;Clay;ALL;20;4,9245;6,5833;2,6264;6,3458;2026-04-05;2026-10-04
ATP;Thiago Seyboth Wild;26;Clay;ALL;31;8,6525;6,1538;2,7896;6,2023;2026-04-05;2026-10-04
ATP;Timofey Skatov;26;Clay;ALL;24;2,746;6,8689;4,1762;6,6718;2026-04-05;2026-10-04
ATP;Titouan Droguet;26;Clay;ALL;16;6,7739;2,7265;3,5563;6,5978;2026-04-05;2026-10-04
ATP;Toby Samuel;26;Clay;ALL;6;3,0476;5,5556;2,6667;6,4024;2026-04-05;2026-10-04
ATP;Tom Gentzsch;26;Clay;ALL;29;7,993;3,9749;5,4735;6,4302;2026-04-05;2026-10-04
ATP;Tomas Barrios Vera;26;Clay;ALL;12;2,9445;6,159;2,1518;6,4453;2026-04-05;2026-10-04
ATP;Tomas Machac;26;Clay;ALL;8;4,0062;6,1194;4,0062;6,3627;2026-04-05;2026-10-04
ATP;Tomas Martin Etcheverry;26;Clay;ALL;15;4,1706;5,8667;3,0332;5,9943;2026-04-05;2026-10-04
ATP;Tommy Paul;26;Clay;ALL;8;2,5915;2,568;2,5915;6,7629;2026-04-05;2026-10-04
ATP;Tristan Boyer;26;Clay;ALL;13;2,2863;2,6345;1,5905;6,6623;2026-04-05;2026-10-04
ATP;Tristan Schoolkate;26;Clay;ALL;3;8,1967;6,4378;7,377;6,5946;2026-04-05;2026-10-04
ATP;Ugo Humbert;26;Clay;ALL;8;7,2214;6,3047;4,7096;6,7766;2026-04-05;2026-10-04
ATP;Valentin Royer;26;Clay;ALL;20;5,8321;6,0761;1,707;6,5395;2026-04-05;2026-10-04
ATP;Valentin Vacherot;26;Clay;ALL;9;7,3048;8,8999;3,4005;6,4553;2026-04-05;2026-10-04
ATP;Vilius Gaubas;26;Clay;ALL;17;4,5939;6,5981;2,7071;6,4497;2026-04-05;2026-10-04
ATP;Vit Kopriva;26;Clay;ALL;14;3,7486;5,9783;3,5281;6,2986;2026-04-05;2026-10-04
ATP;Vitaliy Sachko;26;Clay;ALL;25;5,2518;4,5711;3,7358;6,458;2026-04-05;2026-10-04
ATP;Yannick Hanfmann;26;Clay;ALL;13;10,1064;7,7299;2,0213;6,1438;2026-04-05;2026-10-04
ATP;Yi Zhou;26;Clay;ALL;1;0,9901;1,1111;3,9604;6,7333;2026-04-05;2026-10-04
ATP;Yibing Wu;26;Clay;ALL;8;3,6458;3,9474;3,8194;6,0632;2026-04-05;2026-10-04
ATP;Yu Hsiou Hsu;26;Clay;ALL;5;1,6667;4,1551;2,7778;6,4286;2026-04-05;2026-10-04
ATP;Zachary Svajda;26;Clay;ALL;3;2,8037;11,8227;2,8037;6,6875;2026-04-05;2026-10-04
ATP;Zdenek Kolar;26;Clay;ALL;30;2,6719;5,1187;5,047;6,3156;2026-04-05;2026-10-04
ATP;Zhizhen Zhang;26;Clay;ALL;4;6,6246;8,3916;3,1546;6,7447;2026-04-05;2026-10-04
ATP;Zizou Bergs;26;Clay;ALL;13;8,7457;4,603;6,3291;6,1631;2026-04-05;2026-10-04
ATP;Zsombor Piros;26;Clay;ALL;36;5,5311;4,3515;2,8056;6,4805;2026-04-05;2026-10-04
ATP;Adam Walton;26;Grass;ATP;3;7,5;9,6899;0,8333;5,8537;2026-04-05;2026-10-04
ATP;Adolfo Daniel Vallejo;26;Grass;ATP;2;3,7975;7,7982;5,0633;6,9706;2026-04-05;2026-10-04
ATP;Adrian Mannarino;26;Grass;ATP;9;4,7826;10,8571;2,8986;6,2727;2026-04-05;2026-10-04
ATP;Alejandro Davidovich Fokina;26;Grass;ATP;12;7,1125;9,4877;2,017;6,0385;2026-04-05;2026-10-04
ATP;Alejandro Tabilo;26;Grass;ATP;3;6,278;14,5729;4,0359;6,5588;2026-04-05;2026-10-04
ATP;Aleksandar Kovacevic;26;Grass;ATP;4;14,1304;18,9802;4,3478;6,5714;2026-04-05;2026-10-04
ATP;Aleksandar Vukic;26;Grass;ATP;2;4,6667;7,0866;3,3333;6,8182;2026-04-05;2026-10-04
ATP;Alex De Minaur;26;Grass;ATP;11;5,1282;5,3333;3,9627;6,4511;2026-04-05;2026-10-04
ATP;Alex Michelsen;26;Grass;ATP;1;8,2192;6,0403;6,1644;6,6364;2026-04-05;2026-10-04
ATP;Alex Molcan;26;Grass;ATP;3;5,8462;14,6409;2,7692;6,7708;2026-04-05;2026-10-04
ATP;Alexander Blockx;26;Grass;ATP;1;11,3475;15,5556;5,6738;6,1304;2026-04-05;2026-10-04
ATP;Alexander Bublik;26;Grass;ATP;8;19,4517;15,2563;3,6554;5,8923;2026-04-05;2026-10-04
ATP;Alexander Shevchenko;26;Grass;ATP;1;2,4096;21,4286;2,4096;6,3846;2026-04-05;2026-10-04
ATP;Alexander Zverev;26;Grass;ATP;11;14,8362;10,8247;2,5048;5,8644;2026-04-05;2026-10-04
ATP;Alexandre Muller;26;Grass;ATP;1;1,2658;20,6897;3,7975;7,1818;2026-04-05;2026-10-04
ATP;Alexei Popyrin;26;Grass;ATP;3;11,7347;10,7317;5,6122;5,6;2026-04-05;2026-10-04
ATP;Alexis Galarneau;26;Grass;ATP;1;14,1176;12,766;4,7059;6,0714;2026-04-05;2026-10-04
ATP;Andrey Rublev;26;Grass;ATP;2;10,757;10,7143;7,5697;7,3824;2026-04-05;2026-10-04
ATP;Arthur Fery;26;Grass;ATP;11;4,7619;7,2103;1,9766;6,2881;2026-04-05;2026-10-04
ATP;Arthur Fils;26;Grass;ATP;2;9,6939;11,4833;2,0408;5,7647;2026-04-05;2026-10-04
ATP;Arthur Rinderknech;26;Grass;ATP;5;19,9616;9,1078;2,8791;5,9885;2026-04-05;2026-10-04
ATP;Ben Shelton;26;Grass;ATP;8;12,7485;12,0048;3,7427;6,3333;2026-04-05;2026-10-04
ATP;Benjamin Bonzi;26;Grass;ATP;4;7,2327;7,362;1,5723;5,7818;2026-04-05;2026-10-04
ATP;Billy Harris;26;Grass;ATP;1;7,1429;9,4488;1,7857;5,8947;2026-04-05;2026-10-04
ATP;Botic Van De Zandschulp;26;Grass;ATP;5;9,9815;7,1154;4,4362;6,8481;2026-04-05;2026-10-04
ATP;Brandon Nakashima;26;Grass;ATP;6;11,7338;11,9932;1,7513;6,4157;2026-04-05;2026-10-04
ATP;Cameron Norrie;26;Grass;ATP;2;4,4355;10,9756;4,8387;6,8889;2026-04-05;2026-10-04
ATP;Camilo Ugo Carabelli;26;Grass;ATP;1;2,9126;14,6067;5,8252;6,8667;2026-04-05;2026-10-04
ATP;Casper Ruud;26;Grass;ATP;1;9,901;16,3043;5,9406;6,7333;2026-04-05;2026-10-04
ATP;Corentin Moutet;26;Grass;ATP;5;4,5024;6,0241;2,6066;6,2059;2026-04-05;2026-10-04
ATP;Dalibor Svrcina;26;Grass;ATP;1;4,065;6,7485;4,065;6,8333;2026-04-05;2026-10-04
ATP;Damir Dzumhur;26;Grass;ATP;2;1,7341;6,7901;2,8902;6,92;2026-04-05;2026-10-04
ATP;Dane Sweeny;26;Grass;ATP;1;3,6036;25,2747;4,5045;6,5294;2026-04-05;2026-10-04
ATP;Daniel Altmaier;26;Grass;ATP;8;13,5294;9,2767;4,4118;6,5385;2026-04-05;2026-10-04
ATP;Daniel Merida Aguilar;26;Grass;ATP;2;7,2464;7,4074;2,8986;6,0882;2026-04-05;2026-10-04
ATP;Daniil Medvedev;26;Grass;ATP;9;10,8322;5,5229;5,284;6,2049;2026-04-05;2026-10-04
ATP;Denis Shapovalov;26;Grass;ATP;4;12,0253;2,4862;7,9114;6,0769;2026-04-05;2026-10-04
ATP;Diego Dedura Palomero;26;Grass;ATP;1;0,0;12,7273;3,2787;6,7778;2026-04-05;2026-10-04
ATP;Dino Prizmic;26;Grass;ATP;2;5,1724;8,7963;2,5862;6,4444;2026-04-05;2026-10-04
ATP;Dusan Lajovic;26;Grass;ATP;1;3,4483;19,1781;3,4483;6,2143;2026-04-05;2026-10-04
ATP;Elias Ymer;26;Grass;ATP;1;8,0;13,0435;0,0;5,5556;2026-04-05;2026-10-04
ATP;Emilio Nava;26;Grass;ATP;1;8,7302;0,8696;3,1746;6,3;2026-04-05;2026-10-04
ATP;Ethan Quinn;26;Grass;ATP;9;12,1715;8,6137;6,9156;5,9262;2026-04-05;2026-10-04
ATP;Fabian Marozsan;26;Grass;ATP;9;8,2645;9,1437;2,7548;6,6;2026-04-05;2026-10-04
ATP;Felix Auger Aliassime;26;Grass;ATP;10;16,1417;5,0;3,0512;6,2331;2026-04-05;2026-10-04
ATP;Felix Gill;26;Grass;ATP;2;9,8039;12,6582;1,4706;6,8;2026-04-05;2026-10-04
ATP;Flavio Cobolli;26;Grass;ATP;6;8,3916;6,8351;2,5175;6,875;2026-04-05;2026-10-04
ATP;Frances Tiafoe;26;Grass;ATP;11;7,4925;15,6724;2,8971;6,4167;2026-04-05;2026-10-04
ATP;Francisco Cerundolo;26;Grass;ATP;6;4,5614;6,2157;5,0877;6,8675;2026-04-05;2026-10-04
ATP;Gabriel Diallo;26;Grass;ATP;7;8,9961;7,4392;2,9987;6,7876;2026-04-05;2026-10-04
ATP;Gauthier Onclin;26;Grass;ATP;2;3,0303;23,3577;5,303;6,2857;2026-04-05;2026-10-04
ATP;Giovanni Mpetshi Perricard;26;Grass;ATP;5;21,7565;8,6498;2,3952;6,4231;2026-04-05;2026-10-04
ATP;Grigor Dimitrov;26;Grass;ATP;7;11,8911;10,0;4,7278;5,9153;2026-04-05;2026-10-04
ATP;Hamad Medjedovic;26;Grass;ATP;3;8,547;19,6825;4,8433;7,02;2026-04-05;2026-10-04
ATP;Harry Wendelken;26;Grass;ATP;2;3,5533;8,7629;3,5533;6,7931;2026-04-05;2026-10-04
ATP;Hubert Hurkacz;26;Grass;ATP;7;16,8659;9,0186;3,1873;6,3277;2026-04-05;2026-10-04
ATP;Hugo Gaston;26;Grass;ATP;1;5,6818;12,1212;2,2727;7,3333;2026-04-05;2026-10-04
ATP;Ignacio Buse;26;Grass;ATP;6;3,3264;7,7244;2,4948;6,2468;2026-04-05;2026-10-04
ATP;Jack Draper;26;Grass;ATP;4;6,9565;9,2251;1,3043;5,6098;2026-04-05;2026-10-04
ATP;Jack Pinnington Jones;26;Grass;ATP;4;5,7971;5,7377;5,0725;6,9;2026-04-05;2026-10-04
ATP;Jacob Fearnley;26;Grass;ATP;2;4,5113;10,6719;6,015;7,0;2026-04-05;2026-10-04
ATP;Jaime Faria;26;Grass;ATP;2;9,0226;12,2137;6,7669;6,4878;2026-04-05;2026-10-04
ATP;Jakub Mensik;26;Grass;ATP;3;15,6716;4,6729;3,2338;6,2812;2026-04-05;2026-10-04
ATP;James Duckworth;26;Grass;ATP;4;10,3704;12,2892;2,963;6,0448;2026-04-05;2026-10-04
ATP;James Mccabe;26;Grass;ATP;2;4,4025;11,0294;1,8868;6,913;2026-04-05;2026-10-04
ATP;Jan Choinski;26;Grass;ATP;5;12,3543;11,9101;2,331;6,2174;2026-04-05;2026-10-04
ATP;Jan Lennard Struff;26;Grass;ATP;9;14,2598;15,5722;3,9055;6,5536;2026-04-05;2026-10-04
ATP;Jannik Sinner;26;Grass;ATP;7;17,6066;6,2424;2,4759;5,8629;2026-04-05;2026-10-04
ATP;Jaume Munar;26;Grass;ATP;5;11,0345;8,8838;3,908;6,3971;2026-04-05;2026-10-04
ATP;Jenson Brooksby;26;Grass;ATP;8;5,8319;9,0;1,3722;6,1368;2026-04-05;2026-10-04
ATP;Jesper De Jong;26;Grass;ATP;2;9,854;7,8067;5,4745;6,85;2026-04-05;2026-10-04
ATP;Jiri Lehecka;26;Grass;ATP;9;13,5575;8,1481;1,9523;6,3586;2026-04-05;2026-10-04
ATP;Joao Fonseca;26;Grass;ATP;4;8,8154;6,3444;1,6529;6,9808;2026-04-05;2026-10-04
ATP;Juan Manuel Cerundolo;26;Grass;ATP;4;8,5546;4,9383;5,3097;6,6471;2026-04-05;2026-10-04
ATP;Kamil Majchrzak;26;Grass;ATP;8;7,9365;8,8698;1,2987;6,1875;2026-04-05;2026-10-04
ATP;Karen Khachanov;26;Grass;ATP;4;9,1954;7,7922;2,2989;6,1268;2026-04-05;2026-10-04
ATP;Kyrian Jacquet;26;Grass;ATP;2;8,5561;10,3448;5,3476;6,0323;2026-04-05;2026-10-04
ATP;Learner Tien;26;Grass;ATP;4;5,8333;8,8745;4,1667;7,0588;2026-04-05;2026-10-04
ATP;Lorenzo Sonego;26;Grass;ATP;6;10,0752;7,3529;1,3534;6,1009;2026-04-05;2026-10-04
ATP;Luca Van Assche;26;Grass;ATP;1;4,7619;2,6316;4,7619;6,0;2026-04-05;2026-10-04
ATP;Luciano Darderi;26;Grass;ATP;3;8,1699;17,5115;3,268;8,0526;2026-04-05;2026-10-04
ATP;Mackenzie Mcdonald;26;Grass;ATP;1;6,2016;15,8416;5,4264;7,1667;2026-04-05;2026-10-04
ATP;Marco Trungelliti;26;Grass;ATP;2;4,6931;11,7845;5,7762;6,925;2026-04-05;2026-10-04
ATP;Marcos Giron;26;Grass;ATP;7;6,6298;8,4211;2,3481;6,6422;2026-04-05;2026-10-04
ATP;Mariano Navone;26;Grass;ATP;2;2,9536;7,3171;2,1097;6,5833;2026-04-05;2026-10-04
ATP;Marin Cilic;26;Grass;ATP;5;8,3141;15,4639;3,2333;6,3676;2026-04-05;2026-10-04
ATP;Martin Damm;26;Grass;ATP;5;12,8;11,8026;3,4;6,6667;2026-04-05;2026-10-04
ATP;Martin Landaluce;26;Grass;ATP;5;11,7886;13,9583;5,4878;6,3896;2026-04-05;2026-10-04
ATP;Marton Fucsovics;26;Grass;ATP;6;4,8507;8,3168;5,597;7,0526;2026-04-05;2026-10-04
ATP;Matteo Arnaldi;26;Grass;ATP;2;8,5106;8,7209;4,7872;6,963;2026-04-05;2026-10-04
ATP;Matteo Berrettini;26;Grass;ATP;3;15,6322;10,0233;2,9885;6,3971;2026-04-05;2026-10-04
ATP;Mattia Bellucci;26;Grass;ATP;6;10,8303;9,2764;3,9711;6,2247;2026-04-05;2026-10-04
ATP;Max Basing;26;Grass;ATP;1;0,0;4,5455;3,5714;7,6364;2026-04-05;2026-10-04
ATP;Max Schoenhaus;26;Grass;ATP;1;10,6061;12,0;7,5758;7,3333;2026-04-05;2026-10-04
ATP;Michael Zheng;26;Grass;ATP;3;10,8173;5,3165;1,9231;6,8197;2026-04-05;2026-10-04
ATP;Miomir Kecmanovic;26;Grass;ATP;5;4,1152;14,553;2,6749;6,3947;2026-04-05;2026-10-04
ATP;Murphy Cassone;26;Grass;ATP;1;6,0241;20,0;1,2048;5,9286;2026-04-05;2026-10-04
ATP;Nicolas Mejia;26;Grass;ATP;2;6,5217;7,5658;1,8116;6,4186;2026-04-05;2026-10-04
ATP;Nikoloz Basilashvili;26;Grass;ATP;1;10,2941;22,0339;7,3529;6,1818;2026-04-05;2026-10-04
ATP;Novak Djokovic;26;Grass;ATP;6;10,2069;15,0862;2,3448;6,1966;2026-04-05;2026-10-04
ATP;Nuno Borges;26;Grass;ATP;9;9,0772;12,0226;1,3616;6,1204;2026-04-05;2026-10-04
ATP;Otto Virtanen;26;Grass;ATP;3;10,5012;7,9812;3,58;6,6508;2026-04-05;2026-10-04
ATP;Pablo Carreno Busta;26;Grass;ATP;2;4,0323;8,658;2,4194;7,5152;2026-04-05;2026-10-04
ATP;Pablo Llamas Ruiz;26;Grass;ATP;1;2,2727;9,0909;1,1364;7,3333;2026-04-05;2026-10-04
ATP;Patrick Kypson;26;Grass;ATP;2;8,7963;13,3663;4,6296;6,75;2026-04-05;2026-10-04
ATP;Pierre Hugues Herbert;26;Grass;ATP;1;14,6067;7,0;13,4831;5,9333;2026-04-05;2026-10-04
ATP;Quentin Halys;26;Grass;ATP;5;10,9091;8,6162;5,1948;6,2097;2026-04-05;2026-10-04
ATP;Rafael Jodar;26;Grass;ATP;3;7,027;4,7493;3,5135;6,4912;2026-04-05;2026-10-04
ATP;Raphael Collignon;26;Grass;ATP;5;10,9756;10,2094;6,3415;6,2121;2026-04-05;2026-10-04
ATP;Rinky Hijikata;26;Grass;ATP;6;6,6667;13,1627;2,8829;6,4535;2026-04-05;2026-10-04
ATP;Roberto Bautista Agut;26;Grass;ATP;2;6,9767;15,4255;2,907;6,3704;2026-04-05;2026-10-04
ATP;Roman Andres Burruchaga;26;Grass;ATP;2;3,8043;4,1176;5,4348;6,8148;2026-04-05;2026-10-04
ATP;Roman Safiullin;26;Grass;ATP;5;6,2903;11,1929;2,4194;6,2;2026-04-05;2026-10-04
ATP;Sebastian Baez;26;Grass;ATP;1;2,7972;12,7389;1,3986;5,9583;2026-04-05;2026-10-04
ATP;Sebastian Ofner;26;Grass;ATP;2;17,1548;10,7807;2,5105;6,2895;2026-04-05;2026-10-04
ATP;Shintaro Mochizuki;26;Grass;ATP;4;3,3413;9,5465;2,148;6,8689;2026-04-05;2026-10-04
ATP;Sho Shimabukuro;26;Grass;ATP;6;10,5675;14,7601;4,501;6,0833;2026-04-05;2026-10-04
ATP;Soon Woo Kwon;26;Grass;ATP;2;8,1081;13,3333;5,4054;6,6071;2026-04-05;2026-10-04
ATP;Stan Wawrinka;26;Grass;ATP;1;10,0;17,4699;3,8889;7,5;2026-04-05;2026-10-04
ATP;Stefanos Tsitsipas;26;Grass;ATP;3;16,5854;9,322;2,9268;5,6944;2026-04-05;2026-10-04
ATP;Tallon Griekspoor;26;Grass;ATP;4;11,9403;12,2905;3,4826;6,4839;2026-04-05;2026-10-04
ATP;Taylor Fritz;26;Grass;ATP;14;19,376;10,6841;1,9704;5,8;2026-04-05;2026-10-04
ATP;Terence Atmane;26;Grass;ATP;5;10,9813;9,4563;2,3364;6,0282;2026-04-05;2026-10-04
ATP;Thiago Agustin Tirante;26;Grass;ATP;3;9,5833;8,5308;6,25;7,0588;2026-04-05;2026-10-04
ATP;Titouan Droguet;26;Grass;ATP;1;12,8205;3,2787;0,0;6,0;2026-04-05;2026-10-04
ATP;Toby Samuel;26;Grass;ATP;5;5,8957;8,5919;2,7211;6,4853;2026-04-05;2026-10-04
ATP;Tom Gentzsch;26;Grass;ATP;1;23,1481;4,4643;0,9259;6,75;2026-04-05;2026-10-04
ATP;Tomas Martin Etcheverry;26;Grass;ATP;3;8,7542;12,7208;1,3468;6,6;2026-04-05;2026-10-04
ATP;Tommy Paul;26;Grass;ATP;8;11,6279;5,2857;2,7907;6,2621;2026-04-05;2026-10-04
ATP;Tristan Boyer;26;Grass;ATP;1;8,2569;8,4112;7,3394;6,8125;2026-04-05;2026-10-04
ATP;Ugo Humbert;26;Grass;ATP;12;10,3743;7,3993;4,1711;6,1513;2026-04-05;2026-10-04
ATP;Valentin Royer;26;Grass;ATP;3;5,9041;9,2437;3,321;6,3023;2026-04-05;2026-10-04
ATP;Vilius Gaubas;26;Grass;ATP;1;5,5556;8,6957;2,7778;7,2;2026-04-05;2026-10-04
ATP;Vit Kopriva;26;Grass;ATP;5;9,0909;15,9091;5,303;6,3871;2026-04-05;2026-10-04
ATP;Yannick Hanfmann;26;Grass;ATP;8;13,9871;13,5664;3,3762;6,098;2026-04-05;2026-10-04
ATP;Yibing Wu;26;Grass;ATP;2;9,901;11,6592;1,9802;5,9412;2026-04-05;2026-10-04
ATP;Zachary Svajda;26;Grass;ATP;4;7,3048;9,5477;3,0227;6,1077;2026-04-05;2026-10-04
ATP;Zhizhen Zhang;26;Grass;ATP;3;12,5;8,1197;1,25;6,4865;2026-04-05;2026-10-04
ATP;Zizou Bergs;26;Grass;ATP;10;10,1626;5,7561;5,7927;6,3077;2026-04-05;2026-10-04
ATP;Adam Walton;26;Grass;ALL;8;7,6672;7,0312;2,2838;6,0693;2026-04-05;2026-10-04
ATP;Adolfo Daniel Vallejo;26;Grass;ALL;2;3,7975;7,7982;5,0633;6,9706;2026-04-05;2026-10-04
ATP;Adrian Mannarino;26;Grass;ALL;11;5,2826;9,5923;3,0713;6,1667;2026-04-05;2026-10-04
ATP;Alastair Gray;26;Grass;ALL;5;8,7413;5,5385;4,8951;5,9583;2026-04-05;2026-10-04
ATP;Alejandro Davidovich Fokina;26;Grass;ALL;12;7,1125;9,4877;2,017;6,0385;2026-04-05;2026-10-04
ATP;Alejandro Tabilo;26;Grass;ALL;3;6,278;14,5729;4,0359;6,5588;2026-04-05;2026-10-04
ATP;Aleksandar Kovacevic;26;Grass;ALL;4;14,1304;18,9802;4,3478;6,5714;2026-04-05;2026-10-04
ATP;Aleksandar Vukic;26;Grass;ALL;4;4,7619;8,8803;2,9762;7,1489;2026-04-05;2026-10-04
ATP;Alex Bolt;26;Grass;ALL;3;12,782;11,8881;1,5038;5,7826;2026-04-05;2026-10-04
ATP;Alex De Minaur;26;Grass;ALL;11;5,1282;5,3333;3,9627;6,4511;2026-04-05;2026-10-04
ATP;Alex Michelsen;26;Grass;ALL;5;6,3776;3,6408;6,1224;6,4262;2026-04-05;2026-10-04
ATP;Alex Molcan;26;Grass;ALL;3;5,8462;14,6409;2,7692;6,7708;2026-04-05;2026-10-04
ATP;Alexander Blockx;26;Grass;ALL;1;11,3475;15,5556;5,6738;6,1304;2026-04-05;2026-10-04
ATP;Alexander Bublik;26;Grass;ALL;8;19,4517;15,2563;3,6554;5,8923;2026-04-05;2026-10-04
ATP;Alexander Shevchenko;26;Grass;ALL;1;2,4096;21,4286;2,4096;6,3846;2026-04-05;2026-10-04
ATP;Alexander Zverev;26;Grass;ALL;11;14,8362;10,8247;2,5048;5,8644;2026-04-05;2026-10-04
ATP;Alexandre Muller;26;Grass;ALL;1;1,2658;20,6897;3,7975;7,1818;2026-04-05;2026-10-04
ATP;Alexei Popyrin;26;Grass;ALL;3;11,7347;10,7317;5,6122;5,6;2026-04-05;2026-10-04
ATP;Alexis Galarneau;26;Grass;ALL;8;5,942;7,1629;5,2174;6,3889;2026-04-05;2026-10-04
ATP;Andre Ilagan;26;Grass;ALL;2;2,7624;2,994;2,2099;6,9615;2026-04-05;2026-10-04
ATP;Andrey Rublev;26;Grass;ALL;2;10,757;10,7143;7,5697;7,3824;2026-04-05;2026-10-04
ATP;Arthur Fery;26;Grass;ALL;15;5,8379;7,1809;1,8544;6,303;2026-04-05;2026-10-04
ATP;Arthur Fils;26;Grass;ALL;2;9,6939;11,4833;2,0408;5,7647;2026-04-05;2026-10-04
ATP;Arthur Gea;26;Grass;ALL;6;9,9515;4,7368;6,3107;6,6452;2026-04-05;2026-10-04
ATP;Arthur Rinderknech;26;Grass;ALL;5;19,9616;9,1078;2,8791;5,9885;2026-04-05;2026-10-04
ATP;August Holmgren;26;Grass;ALL;4;10,3774;7,7586;3,7736;6,4242;2026-04-05;2026-10-04
ATP;Ben Shelton;26;Grass;ALL;8;12,7485;12,0048;3,7427;6,3333;2026-04-05;2026-10-04
ATP;Benjamin Bonzi;26;Grass;ALL;7;6,7829;8,2218;1,1628;5,8636;2026-04-05;2026-10-04
ATP;Bernard Tomic;26;Grass;ALL;3;4,0161;10,9804;3,2129;6,3846;2026-04-05;2026-10-04
ATP;Billy Harris;26;Grass;ALL;7;9,0573;14,3824;3,6969;6,2184;2026-04-05;2026-10-04
ATP;Botic Van De Zandschulp;26;Grass;ALL;5;9,9815;7,1154;4,4362;6,8481;2026-04-05;2026-10-04
ATP;Braden Shick;26;Grass;ALL;1;13,7931;2,2222;5,1724;6,4444;2026-04-05;2026-10-04
ATP;Brandon Nakashima;26;Grass;ALL;6;11,7338;11,9932;1,7513;6,4157;2026-04-05;2026-10-04
ATP;Bu Yunchaokete;26;Grass;ALL;8;9,3625;15,7647;2,7888;6,3544;2026-04-05;2026-10-04
ATP;Cameron Norrie;26;Grass;ALL;2;4,4355;10,9756;4,8387;6,8889;2026-04-05;2026-10-04
ATP;Camilo Ugo Carabelli;26;Grass;ALL;1;2,9126;14,6067;5,8252;6,8667;2026-04-05;2026-10-04
ATP;Casper Ruud;26;Grass;ALL;1;9,901;16,3043;5,9406;6,7333;2026-04-05;2026-10-04
ATP;Charles Broom;26;Grass;ALL;1;0,0;18,4211;5,0;6,1538;2026-04-05;2026-10-04
ATP;Chris Rodesch;26;Grass;ALL;2;8,6207;9,8039;1,7241;6,4444;2026-04-05;2026-10-04
ATP;Christopher Oconnell;26;Grass;ALL;7;13,0536;9,8253;1,1655;6,2174;2026-04-05;2026-10-04
ATP;Clement Chidekh;26;Grass;ALL;8;2,9289;7,2056;5,6485;5,975;2026-04-05;2026-10-04
ATP;Clement Tabur;26;Grass;ALL;2;4,8193;3,1447;4,2169;7,2174;2026-04-05;2026-10-04
ATP;Coleman Wong;26;Grass;ALL;3;14,6552;8,7649;3,8793;6,2703;2026-04-05;2026-10-04
ATP;Colton Smith;26;Grass;ALL;2;5,5556;5,298;3,0303;7,92;2026-04-05;2026-10-04
ATP;Corentin Moutet;26;Grass;ALL;5;4,5024;6,0241;2,6066;6,2059;2026-04-05;2026-10-04
ATP;Dalibor Svrcina;26;Grass;ALL;1;4,065;6,7485;4,065;6,8333;2026-04-05;2026-10-04
ATP;Damir Dzumhur;26;Grass;ALL;2;1,7341;6,7901;2,8902;6,92;2026-04-05;2026-10-04
ATP;Dane Sweeny;26;Grass;ALL;3;2,3585;15,1042;2,8302;7,0667;2026-04-05;2026-10-04
ATP;Daniel Altmaier;26;Grass;ALL;8;13,5294;9,2767;4,4118;6,5385;2026-04-05;2026-10-04
ATP;Daniel Merida Aguilar;26;Grass;ALL;2;7,2464;7,4074;2,8986;6,0882;2026-04-05;2026-10-04
ATP;Daniil Glinka;26;Grass;ALL;2;12,6582;4,142;3,1646;6,0769;2026-04-05;2026-10-04
ATP;Daniil Medvedev;26;Grass;ALL;9;10,8322;5,5229;5,284;6,2049;2026-04-05;2026-10-04
ATP;Darwin Blanch;26;Grass;ALL;4;7,6246;4,7761;4,3988;6,434;2026-04-05;2026-10-04
ATP;Denis Shapovalov;26;Grass;ALL;4;12,0253;2,4862;7,9114;6,0769;2026-04-05;2026-10-04
ATP;Diego Dedura Palomero;26;Grass;ALL;1;0,0;12,7273;3,2787;6,7778;2026-04-05;2026-10-04
ATP;Dino Prizmic;26;Grass;ALL;2;5,1724;8,7963;2,5862;6,4444;2026-04-05;2026-10-04
ATP;Dusan Lajovic;26;Grass;ALL;1;3,4483;19,1781;3,4483;6,2143;2026-04-05;2026-10-04
ATP;Elias Ymer;26;Grass;ALL;4;5,3435;10,757;3,4351;6,3902;2026-04-05;2026-10-04
ATP;Emilio Nava;26;Grass;ALL;1;8,7302;0,8696;3,1746;6,3;2026-04-05;2026-10-04
ATP;Ethan Quinn;26;Grass;ALL;9;12,1715;8,6137;6,9156;5,9262;2026-04-05;2026-10-04
ATP;Fabian Marozsan;26;Grass;ALL;9;8,2645;9,1437;2,7548;6,6;2026-04-05;2026-10-04
ATP;Felix Auger Aliassime;26;Grass;ALL;10;16,1417;5,0;3,0512;6,2331;2026-04-05;2026-10-04
ATP;Felix Gill;26;Grass;ALL;9;7,1429;10,3038;1,2531;6,7059;2026-04-05;2026-10-04
ATP;Flavio Cobolli;26;Grass;ALL;6;8,3916;6,8351;2,5175;6,875;2026-04-05;2026-10-04
ATP;Frances Tiafoe;26;Grass;ALL;11;7,4925;15,6724;2,8971;6,4167;2026-04-05;2026-10-04
ATP;Francesco Maestrelli;26;Grass;ALL;2;7,5;5,102;1,25;6,6667;2026-04-05;2026-10-04
ATP;Francisco Cerundolo;26;Grass;ALL;6;4,5614;6,2157;5,0877;6,8675;2026-04-05;2026-10-04
ATP;Gabriel Diallo;26;Grass;ALL;7;8,9961;7,4392;2,9987;6,7876;2026-04-05;2026-10-04
ATP;Gauthier Onclin;26;Grass;ALL;3;2,2321;18,018;4,4643;6,7879;2026-04-05;2026-10-04
ATP;Giovanni Mpetshi Perricard;26;Grass;ALL;5;21,7565;8,6498;2,3952;6,4231;2026-04-05;2026-10-04
ATP;Grigor Dimitrov;26;Grass;ALL;10;11,25;9,6912;5,3409;5,9459;2026-04-05;2026-10-04
ATP;Hamad Medjedovic;26;Grass;ALL;3;8,547;19,6825;4,8433;7,02;2026-04-05;2026-10-04
ATP;Harry Wendelken;26;Grass;ALL;4;2,4523;14,1274;4,9046;6,7963;2026-04-05;2026-10-04
ATP;Hayato Matsuoka;26;Grass;ALL;1;1,7544;3,6364;5,2632;7,125;2026-04-05;2026-10-04
ATP;Henrique Rocha;26;Grass;ALL;2;3,125;9,0909;1,5625;7,1111;2026-04-05;2026-10-04
ATP;Henry Searle;26;Grass;ALL;10;9,9719;3,42;3,3708;6,1913;2026-04-05;2026-10-04
ATP;Hubert Hurkacz;26;Grass;ALL;7;16,8659;9,0186;3,1873;6,3277;2026-04-05;2026-10-04
ATP;Hugo Gaston;26;Grass;ALL;2;5,102;7,3864;1,0204;7,0;2026-04-05;2026-10-04
ATP;Ignacio Buse;26;Grass;ALL;6;3,3264;7,7244;2,4948;6,2468;2026-04-05;2026-10-04
ATP;Igor Ribeiro Marcondes;26;Grass;ALL;1;5,3333;23,1884;1,3333;7,5;2026-04-05;2026-10-04
ATP;Jack Draper;26;Grass;ALL;4;6,9565;9,2251;1,3043;5,6098;2026-04-05;2026-10-04
ATP;Jack Pinnington Jones;26;Grass;ALL;6;7,2016;5,0847;4,9383;6,6575;2026-04-05;2026-10-04
ATP;Jacob Fearnley;26;Grass;ALL;11;5,3039;5,5202;7,2928;6,5108;2026-04-05;2026-10-04
ATP;Jaime Faria;26;Grass;ALL;4;10,992;12,0968;5,3619;6,0161;2026-04-05;2026-10-04
ATP;Jakub Mensik;26;Grass;ALL;3;15,6716;4,6729;3,2338;6,2812;2026-04-05;2026-10-04
ATP;James Duckworth;26;Grass;ALL;4;10,3704;12,2892;2,963;6,0448;2026-04-05;2026-10-04
ATP;James Mccabe;26;Grass;ALL;4;5,4487;8,2031;2,5641;7,0909;2026-04-05;2026-10-04
ATP;Jan Choinski;26;Grass;ALL;5;12,3543;11,9101;2,331;6,2174;2026-04-05;2026-10-04
ATP;Jan Lennard Struff;26;Grass;ALL;9;14,2598;15,5722;3,9055;6,5536;2026-04-05;2026-10-04
ATP;Jannik Sinner;26;Grass;ALL;7;17,6066;6,2424;2,4759;5,8629;2026-04-05;2026-10-04
ATP;Jaume Munar;26;Grass;ALL;5;11,0345;8,8838;3,908;6,3971;2026-04-05;2026-10-04
ATP;Jay Clarke;26;Grass;ALL;2;8,8757;8,8398;5,3254;6,2593;2026-04-05;2026-10-04
ATP;Jenson Brooksby;26;Grass;ALL;8;5,8319;9,0;1,3722;6,1368;2026-04-05;2026-10-04
ATP;Jerome Kym;26;Grass;ALL;2;6,1321;11,6022;4,2453;7,0667;2026-04-05;2026-10-04
ATP;Jesper De Jong;26;Grass;ALL;2;9,854;7,8067;5,4745;6,85;2026-04-05;2026-10-04
ATP;Jiri Lehecka;26;Grass;ALL;9;13,5575;8,1481;1,9523;6,3586;2026-04-05;2026-10-04
ATP;Joao Fonseca;26;Grass;ALL;4;8,8154;6,3444;1,6529;6,9808;2026-04-05;2026-10-04
ATP;Johannus Monday;26;Grass;ALL;3;6,8421;6,4103;5,7895;6,5517;2026-04-05;2026-10-04
ATP;Juan Manuel Cerundolo;26;Grass;ALL;4;8,5546;4,9383;5,3097;6,6471;2026-04-05;2026-10-04
ATP;Jurij Rodionov;26;Grass;ALL;5;8,0;6,006;4,3333;6,25;2026-04-05;2026-10-04
ATP;Kamil Majchrzak;26;Grass;ALL;12;8,0597;10,3013;1,2935;6,2812;2026-04-05;2026-10-04
ATP;Karen Khachanov;26;Grass;ALL;4;9,1954;7,7922;2,2989;6,1268;2026-04-05;2026-10-04
ATP;Kyrian Jacquet;26;Grass;ALL;7;8,5973;7,943;3,6199;6,1389;2026-04-05;2026-10-04
ATP;Leandro Riedi;26;Grass;ALL;2;11,2903;15,7143;9,6774;6,2;2026-04-05;2026-10-04
ATP;Learner Tien;26;Grass;ALL;4;5,8333;8,8745;4,1667;7,0588;2026-04-05;2026-10-04
ATP;Liam Broady;26;Grass;ALL;3;5,3922;4,5872;2,451;6,8;2026-04-05;2026-10-04
ATP;Lloyd Harris;26;Grass;ALL;1;28,5714;6,8182;0,0;5,9231;2026-04-05;2026-10-04
ATP;Lorenzo Sonego;26;Grass;ALL;6;10,0752;7,3529;1,3534;6,1009;2026-04-05;2026-10-04
ATP;Luca Nardi;26;Grass;ALL;2;7,3394;5,7851;2,7523;6,8125;2026-04-05;2026-10-04
ATP;Luca Van Assche;26;Grass;ALL;1;4,7619;2,6316;4,7619;6,0;2026-04-05;2026-10-04
ATP;Luciano Darderi;26;Grass;ALL;3;8,1699;17,5115;3,268;8,0526;2026-04-05;2026-10-04
ATP;Mackenzie Mcdonald;26;Grass;ALL;6;4,5908;10,5263;3,5928;7,0563;2026-04-05;2026-10-04
ATP;Marco Trungelliti;26;Grass;ALL;2;4,6931;11,7845;5,7762;6,925;2026-04-05;2026-10-04
ATP;Marcos Giron;26;Grass;ALL;7;6,6298;8,4211;2,3481;6,6422;2026-04-05;2026-10-04
ATP;Mariano Navone;26;Grass;ALL;2;2,9536;7,3171;2,1097;6,5833;2026-04-05;2026-10-04
ATP;Marin Cilic;26;Grass;ALL;5;8,3141;15,4639;3,2333;6,3676;2026-04-05;2026-10-04
ATP;Mark Lajal;26;Grass;ALL;6;9,6677;7,7922;4,5317;6,3654;2026-04-05;2026-10-04
ATP;Martin Damm;26;Grass;ALL;6;12,459;11,5789;3,9344;6,7033;2026-04-05;2026-10-04
ATP;Martin Landaluce;26;Grass;ALL;5;11,7886;13,9583;5,4878;6,3896;2026-04-05;2026-10-04
ATP;Marton Fucsovics;26;Grass;ALL;6;4,8507;8,3168;5,597;7,0526;2026-04-05;2026-10-04
ATP;Matteo Arnaldi;26;Grass;ALL;2;8,5106;8,7209;4,7872;6,963;2026-04-05;2026-10-04
ATP;Matteo Berrettini;26;Grass;ALL;3;15,6322;10,0233;2,9885;6,3971;2026-04-05;2026-10-04
ATP;Mattia Bellucci;26;Grass;ALL;7;10,3333;10,5903;4,0;6,25;2026-04-05;2026-10-04
ATP;Max Basing;26;Grass;ALL;5;1,3245;6,0465;3,7528;6,8636;2026-04-05;2026-10-04
ATP;Max Schoenhaus;26;Grass;ALL;1;10,6061;12,0;7,5758;7,3333;2026-04-05;2026-10-04
ATP;Michael Zheng;26;Grass;ALL;5;11,4723;5,3279;2,1033;6,7051;2026-04-05;2026-10-04
ATP;Miomir Kecmanovic;26;Grass;ALL;5;4,1152;14,553;2,6749;6,3947;2026-04-05;2026-10-04
ATP;Murphy Cassone;26;Grass;ALL;2;3,9773;17,1779;2,2727;6,5185;2026-04-05;2026-10-04
ATP;Nicolai Budkov Kjaer;26;Grass;ALL;3;10,6918;4,8276;4,4025;6,625;2026-04-05;2026-10-04
ATP;Nicolas Mejia;26;Grass;ALL;4;6,6519;6,1602;2,6608;6,6324;2026-04-05;2026-10-04
ATP;Nikoloz Basilashvili;26;Grass;ALL;1;10,2941;22,0339;7,3529;6,1818;2026-04-05;2026-10-04
ATP;Novak Djokovic;26;Grass;ALL;6;10,2069;15,0862;2,3448;6,1966;2026-04-05;2026-10-04
ATP;Nuno Borges;26;Grass;ALL;9;9,0772;12,0226;1,3616;6,1204;2026-04-05;2026-10-04
ATP;Oliver Crawford;26;Grass;ALL;2;2,3697;11,6022;4,2654;7,5357;2026-04-05;2026-10-04
ATP;Otto Virtanen;26;Grass;ALL;12;16,6807;8,2226;3,8753;6,8218;2026-04-05;2026-10-04
ATP;Pablo Carreno Busta;26;Grass;ALL;2;4,0323;8,658;2,4194;7,5152;2026-04-05;2026-10-04
ATP;Pablo Llamas Ruiz;26;Grass;ALL;1;2,2727;9,0909;1,1364;7,3333;2026-04-05;2026-10-04
ATP;Patrick Kypson;26;Grass;ALL;2;8,7963;13,3663;4,6296;6,75;2026-04-05;2026-10-04
ATP;Pierre Hugues Herbert;26;Grass;ALL;1;14,6067;7,0;13,4831;5,9333;2026-04-05;2026-10-04
ATP;Quentin Halys;26;Grass;ALL;5;10,9091;8,6162;5,1948;6,2097;2026-04-05;2026-10-04
ATP;Rafael Jodar;26;Grass;ALL;3;7,027;4,7493;3,5135;6,4912;2026-04-05;2026-10-04
ATP;Raphael Collignon;26;Grass;ALL;5;10,9756;10,2094;6,3415;6,2121;2026-04-05;2026-10-04
ATP;Rei Sakamoto;26;Grass;ALL;1;7,8431;8,4507;1,9608;5,6667;2026-04-05;2026-10-04
ATP;Remy Bertola;26;Grass;ALL;5;10,1124;8,2019;6,4607;6,4727;2026-04-05;2026-10-04
ATP;Rinky Hijikata;26;Grass;ALL;9;6,0447;11,6059;2,7595;6,5043;2026-04-05;2026-10-04
ATP;Rio Noguchi;26;Grass;ALL;2;1,2658;4,3716;2,5316;6,32;2026-04-05;2026-10-04
ATP;Roberto Bautista Agut;26;Grass;ALL;2;6,9767;15,4255;2,907;6,3704;2026-04-05;2026-10-04
ATP;Roman Andres Burruchaga;26;Grass;ALL;2;3,8043;4,1176;5,4348;6,8148;2026-04-05;2026-10-04
ATP;Roman Safiullin;26;Grass;ALL;8;8,4983;11,099;2,7939;6,1799;2026-04-05;2026-10-04
ATP;Sebastian Baez;26;Grass;ALL;1;2,7972;12,7389;1,3986;5,9583;2026-04-05;2026-10-04
ATP;Sebastian Ofner;26;Grass;ALL;2;17,1548;10,7807;2,5105;6,2895;2026-04-05;2026-10-04
ATP;Shintaro Mochizuki;26;Grass;ALL;8;4,6196;9,9355;3,6685;6,7523;2026-04-05;2026-10-04
ATP;Sho Shimabukuro;26;Grass;ALL;9;11,5819;12,8205;4,2373;6,2105;2026-04-05;2026-10-04
ATP;Soon Woo Kwon;26;Grass;ALL;3;7,5697;15,8333;5,1793;6,6053;2026-04-05;2026-10-04
ATP;Stan Wawrinka;26;Grass;ALL;1;10,0;17,4699;3,8889;7,5;2026-04-05;2026-10-04
ATP;Stefan Kozlov;26;Grass;ALL;2;2,8736;3,2432;4,023;6,4444;2026-04-05;2026-10-04
ATP;Stefanos Sakellaridis;26;Grass;ALL;3;4,6729;4,4248;4,2056;6,1143;2026-04-05;2026-10-04
ATP;Stefanos Tsitsipas;26;Grass;ALL;3;16,5854;9,322;2,9268;5,6944;2026-04-05;2026-10-04
ATP;Tallon Griekspoor;26;Grass;ALL;4;11,9403;12,2905;3,4826;6,4839;2026-04-05;2026-10-04
ATP;Taylor Fritz;26;Grass;ALL;14;19,376;10,6841;1,9704;5,8;2026-04-05;2026-10-04
ATP;Terence Atmane;26;Grass;ALL;5;10,9813;9,4563;2,3364;6,0282;2026-04-05;2026-10-04
ATP;Thiago Agustin Tirante;26;Grass;ALL;3;9,5833;8,5308;6,25;7,0588;2026-04-05;2026-10-04
ATP;Titouan Droguet;26;Grass;ALL;5;11,7962;5,0847;1,3405;6,322;2026-04-05;2026-10-04
ATP;Toby Samuel;26;Grass;ALL;6;5,8957;8,5919;2,7211;6,4853;2026-04-05;2026-10-04
ATP;Tom Gentzsch;26;Grass;ALL;1;23,1481;4,4643;0,9259;6,75;2026-04-05;2026-10-04
ATP;Tomas Barrios Vera;26;Grass;ALL;1;5,1948;4,2254;3,8961;5,9231;2026-04-05;2026-10-04
ATP;Tomas Martin Etcheverry;26;Grass;ALL;3;8,7542;12,7208;1,3468;6,6;2026-04-05;2026-10-04
ATP;Tommy Paul;26;Grass;ALL;8;11,6279;5,2857;2,7907;6,2621;2026-04-05;2026-10-04
ATP;Tristan Boyer;26;Grass;ALL;2;6,25;10,0;6,7708;7,3846;2026-04-05;2026-10-04
ATP;Tristan Schoolkate;26;Grass;ALL;4;8,3871;7,619;5,1613;6,5957;2026-04-05;2026-10-04
ATP;Ugo Humbert;26;Grass;ALL;12;10,3743;7,3993;4,1711;6,1513;2026-04-05;2026-10-04
ATP;Valentin Royer;26;Grass;ALL;3;5,9041;9,2437;3,321;6,3023;2026-04-05;2026-10-04
ATP;Vilius Gaubas;26;Grass;ALL;1;5,5556;8,6957;2,7778;7,2;2026-04-05;2026-10-04
ATP;Vit Kopriva;26;Grass;ALL;5;9,0909;15,9091;5,303;6,3871;2026-04-05;2026-10-04
ATP;Yannick Hanfmann;26;Grass;ALL;8;13,9871;13,5664;3,3762;6,098;2026-04-05;2026-10-04
ATP;Yi Zhou;26;Grass;ALL;6;6,639;7,5294;3,527;7,303;2026-04-05;2026-10-04
ATP;Yibing Wu;26;Grass;ALL;5;7,2893;10,1896;3,1891;6,5522;2026-04-05;2026-10-04
ATP;Yu Hsiou Hsu;26;Grass;ALL;2;1,5625;9,7561;2,3438;6,4;2026-04-05;2026-10-04
ATP;Zachary Svajda;26;Grass;ALL;4;7,3048;9,5477;3,0227;6,1077;2026-04-05;2026-10-04
ATP;Zhizhen Zhang;26;Grass;ALL;8;13,2267;13,1507;1,8895;6,5524;2026-04-05;2026-10-04
ATP;Zizou Bergs;26;Grass;ALL;10;10,1626;5,7561;5,7927;6,3077;2026-04-05;2026-10-04
ATP;Adam Walton;52;All;ATP;28;8,661;10,8863;1,8727;6,5122;2025-10-05;2026-10-04
ATP;Adolfo Daniel Vallejo;52;All;ATP;25;4,503;6,6116;3,844;6,6218;2025-10-05;2026-10-04
ATP;Adrian Mannarino;52;All;ATP;40;5,9986;12,5548;2,7607;6,2961;2025-10-05;2026-10-04
ATP;Alejandro Davidovich Fokina;52;All;ATP;51;6,0969;11,0626;2,1105;6,3333;2025-10-05;2026-10-04
ATP;Alejandro Tabilo;52;All;ATP;49;8,026;11,6367;2,4675;6,106;2025-10-05;2026-10-04
ATP;Aleksandar Kovacevic;52;All;ATP;42;13,6543;14,7912;4,6927;6,2557;2025-10-05;2026-10-04
ATP;Aleksandar Vukic;52;All;ATP;22;8,0745;12,8512;2,4845;6,633;2025-10-05;2026-10-04
ATP;Alex Barrena;52;All;ATP;2;4,5685;4,8951;3,5533;7,2963;2025-10-05;2026-10-04
ATP;Alex Bolt;52;All;ATP;3;7,6555;6,4039;2,8708;6,5312;2025-10-05;2026-10-04
ATP;Alex De Minaur;52;All;ATP;58;5,3844;6,5556;3,922;6,4471;2025-10-05;2026-10-04
ATP;Alex Michelsen;52;All;ATP;49;7,6883;8,7101;3,6883;6,3427;2025-10-05;2026-10-04
ATP;Alex Molcan;52;All;ATP;20;4,5082;9,893;2,5956;6,2298;2025-10-05;2026-10-04
ATP;Alexander Blockx;52;All;ATP;32;9,126;4,5081;4,0716;6,3594;2025-10-05;2026-10-04
ATP;Alexander Bublik;52;All;ATP;53;14,1743;11,0431;4,3468;6,1616;2025-10-05;2026-10-04
ATP;Alexander Shevchenko;52;All;ATP;28;8,1163;8,1462;3,4288;6,4901;2025-10-05;2026-10-04
ATP;Alexander Zverev;52;All;ATP;69;12,3359;7,9659;2,7153;5,8909;2025-10-05;2026-10-04
ATP;Alexandre Muller;52;All;ATP;25;5,0901;13,076;2,9692;6,6175;2025-10-05;2026-10-04
ATP;Alexei Popyrin;52;All;ATP;33;13,5068;9,9338;3,0153;6,0074;2025-10-05;2026-10-04
ATP;Alexis Galarneau;52;All;ATP;3;7,0755;9,1324;6,6038;6,4242;2025-10-05;2026-10-04
ATP;Andrea Guerrieri;52;All;ATP;1;2,6316;7,1429;2,6316;5,8462;2025-10-05;2026-10-04
ATP;Andrea Pellegrino;52;All;ATP;10;3,9189;8,7464;3,2432;6,789;2025-10-05;2026-10-04
ATP;Andrey Rublev;52;All;ATP;51;9,8762;8,6207;3,4857;6,2742;2025-10-05;2026-10-04
ATP;Arthur Cazaux;52;All;ATP;7;14,914;5,5449;1,912;6,5375;2025-10-05;2026-10-04
ATP;Arthur Fery;52;All;ATP;24;4,845;7,2267;2,1318;6,2927;2025-10-05;2026-10-04
ATP;Arthur Fils;52;All;ATP;45;7,8494;8,1703;3,0951;6,2306;2025-10-05;2026-10-04
ATP;Arthur Gea;52;All;ATP;17;6,191;5,8442;5,4835;6,4733;2025-10-05;2026-10-04
ATP;Arthur Rinderknech;52;All;ATP;37;14,3375;6,983;3,4712;6,3958;2025-10-05;2026-10-04
ATP;Ben Shelton;52;All;ATP;56;11,6038;7,7089;3,1356;6,1136;2025-10-05;2026-10-04
ATP;Benjamin Bonzi;52;All;ATP;21;7,3256;9,9406;3,314;6,0351;2025-10-05;2026-10-04
ATP;Bernard Tomic;52;All;ATP;4;11,3537;4,9327;3,9301;7,1562;2025-10-05;2026-10-04
ATP;Billy Harris;52;All;ATP;3;6,0377;7,5269;3,0189;6,0227;2025-10-05;2026-10-04
ATP;Botic Van De Zandschulp;52;All;ATP;50;9,0554;7,6357;5,7228;6,6125;2025-10-05;2026-10-04
ATP;Brandon Nakashima;52;All;ATP;54;13,1846;11,2319;1,5118;6,1792;2025-10-05;2026-10-04
ATP;Bu Yunchaokete;52;All;ATP;8;8,8722;12,7436;3,1579;6,215;2025-10-05;2026-10-04
ATP;Cameron Norrie;52;All;ATP;49;5,8349;9,933;2,9886;6,4862;2025-10-05;2026-10-04
ATP;Camilo Ugo Carabelli;52;All;ATP;37;4,4971;8,691;3,7762;6,6812;2025-10-05;2026-10-04
ATP;Carlos Alcaraz;52;All;ATP;33;5,5596;4,5439;3,125;6,341;2025-10-05;2026-10-04
ATP;Casper Ruud;52;All;ATP;46;7,8394;9,0031;2,8849;6,1802;2025-10-05;2026-10-04
ATP;Christopher Oconnell;52;All;ATP;12;10,6515;9,4668;1,8614;6,8099;2025-10-05;2026-10-04
ATP;Chun Hsin Tseng;52;All;ATP;1;0,0;0,0;8,7719;6,3333;2025-10-05;2026-10-04
ATP;Clement Tabur;52;All;ATP;6;5,2893;9,3645;2,314;6,5054;2025-10-05;2026-10-04
ATP;Coleman Wong;52;All;ATP;17;12,71;8,8146;3,3601;6,3674;2025-10-05;2026-10-04
ATP;Colton Smith;52;All;ATP;1;4,0816;5,1282;4,0816;7,0;2025-10-05;2026-10-04
ATP;Corentin Moutet;52;All;ATP;37;4,3431;5,2651;3,4458;6,5863;2025-10-05;2026-10-04
ATP;Cristian Garin;52;All;ATP;9;3,7927;7,9082;4,0455;6,4309;2025-10-05;2026-10-04
ATP;Dalibor Svrcina;52;All;ATP;14;4,067;6,9254;7,9745;6,8525;2025-10-05;2026-10-04
ATP;Damir Dzumhur;52;All;ATP;34;1,8733;6,6244;2,2718;6,5;2025-10-05;2026-10-04
ATP;Dane Sweeny;52;All;ATP;8;3,5857;13,4771;4,3825;6,6053;2025-10-05;2026-10-04
ATP;Daniel Altmaier;52;All;ATP;47;9,2577;7,0897;3,9266;6,5583;2025-10-05;2026-10-04
ATP;Daniel Merida Aguilar;52;All;ATP;29;4,1361;4,2572;3,7484;6,4652;2025-10-05;2026-10-04
ATP;Daniil Medvedev;52;All;ATP;64;11,428;4,6884;5,3803;6,3061;2025-10-05;2026-10-04
ATP;Darwin Blanch;52;All;ATP;5;5,3977;12,4611;4,5455;6,4;2025-10-05;2026-10-04
ATP;Denis Shapovalov;52;All;ATP;46;10,2549;3,5083;7,0753;6,1461;2025-10-05;2026-10-04
ATP;Diego Dedura Palomero;52;All;ATP;3;0,4902;5,5276;2,9412;6,8;2025-10-05;2026-10-04
ATP;Dino Prizmic;52;All;ATP;22;5,4303;6,48;4,3545;6,2364;2025-10-05;2026-10-04
ATP;Dominic Stricker;52;All;ATP;2;10,6195;8,7591;3,5398;5,9474;2025-10-05;2026-10-04
ATP;Dusan Lajovic;52;All;ATP;8;4,3152;10,0;1,5009;5,9888;2025-10-05;2026-10-04
ATP;Edas Butvilas;52;All;ATP;2;5,7377;4,6296;0,8197;7,1765;2025-10-05;2026-10-04
ATP;Elias Ymer;52;All;ATP;6;6,865;6,3457;2,5172;6,3333;2025-10-05;2026-10-04
ATP;Eliot Spizzirri;52;All;ATP;13;10,4506;9,2401;1,3423;5,9261;2025-10-05;2026-10-04
ATP;Elmer Moller;52;All;ATP;7;2,8889;4,8246;7,5556;6,5217;2025-10-05;2026-10-04
ATP;Emilio Nava;52;All;ATP;16;10,5938;5,5914;3,6437;6,7059;2025-10-05;2026-10-04
ATP;Ethan Quinn;52;All;ATP;27;10,1266;9,2112;4,6251;6,32;2025-10-05;2026-10-04
ATP;Fabian Marozsan;52;All;ATP;46;5,9015;8,5583;2,5447;6,38;2025-10-05;2026-10-04
ATP;Facundo Diaz Acosta;52;All;ATP;5;6,0046;10,0703;3,4642;6,2754;2025-10-05;2026-10-04
ATP;Fajing Sun;52;All;ATP;1;7,5472;13,1579;1,8868;7,5714;2025-10-05;2026-10-04
ATP;Federico Agustin Gomez;52;All;ATP;3;5,668;6,7797;5,2632;6,5;2025-10-05;2026-10-04
ATP;Federico Cina;52;All;ATP;9;6,7204;9,2375;3,7634;6,9533;2025-10-05;2026-10-04
ATP;Felix Auger Aliassime;52;All;ATP;58;14,762;6,5531;3,587;6,0996;2025-10-05;2026-10-04
ATP;Felix Balshaw;52;All;ATP;1;6,7797;14,5161;3,3898;5,3636;2025-10-05;2026-10-04
ATP;Felix Gill;52;All;ATP;2;9,8039;12,6582;1,4706;6,8;2025-10-05;2026-10-04
ATP;Filip Cristian Jianu;52;All;ATP;1;0,0;0,0;0,0;7,5625;2025-10-05;2026-10-04
ATP;Flavio Cobolli;52;All;ATP;54;7,7763;7,5524;3,5016;6,4963;2025-10-05;2026-10-04
ATP;Frances Tiafoe;52;All;ATP;57;7,1696;13,6864;2,4938;6,416;2025-10-05;2026-10-04
ATP;Francesco Maestrelli;52;All;ATP;5;13,012;6,4815;3,6145;6,4844;2025-10-05;2026-10-04
ATP;Francesco Passaro;52;All;ATP;6;4,3557;8,0306;3,4483;6,5595;2025-10-05;2026-10-04
ATP;Francisco Cerundolo;52;All;ATP;52;5,0226;5,3987;3,7921;6,5172;2025-10-05;2026-10-04
ATP;Francisco Comesana;52;All;ATP;22;9,1257;6,25;4,5902;6,2671;2025-10-05;2026-10-04
ATP;Frederico Ferreira Silva;52;All;ATP;1;2,6786;5,8252;1,7857;7,4667;2025-10-05;2026-10-04
ATP;Gabriel Diallo;52;All;ATP;31;9,8692;7,6989;3,369;6,5703;2025-10-05;2026-10-04
ATP;Gael Monfils;52;All;ATP;14;9,0909;4,3911;5,4706;6,8297;2025-10-05;2026-10-04
ATP;Gauthier Onclin;52;All;ATP;2;3,0303;23,3577;5,303;6,2857;2025-10-05;2026-10-04
ATP;Gianluca Cadenasso;52;All;ATP;1;10,1266;9,5238;2,5316;5,6429;2025-10-05;2026-10-04
ATP;Giovanni Mpetshi Perricard;52;All;ATP;32;19,2336;8,8924;3,7946;6,3848;2025-10-05;2026-10-04
ATP;Gonzalo Bueno;52;All;ATP;2;0,6667;5,9259;4,6667;6,5217;2025-10-05;2026-10-04
ATP;Grigor Dimitrov;52;All;ATP;22;10,0754;10,1312;5,3341;6,1053;2025-10-05;2026-10-04
ATP;Gustavo Heide;52;All;ATP;1;1,5152;3,0769;1,5152;6,6;2025-10-05;2026-10-04
ATP;Hamad Medjedovic;52;All;ATP;24;9,1596;11,6956;4,5798;6,8544;2025-10-05;2026-10-04
ATP;Harry Wendelken;52;All;ATP;3;5,2469;9,3023;4,321;6,8936;2025-10-05;2026-10-04
ATP;Henrique Rocha;52;All;ATP;3;4,3902;1,105;3,4146;7,069;2025-10-05;2026-10-04
ATP;Holger Rune;52;All;ATP;4;10,2881;4,6595;5,3498;6,075;2025-10-05;2026-10-04
ATP;Hubert Hurkacz;52;All;ATP;39;16,4205;8,477;3,1277;6,2554;2025-10-05;2026-10-04
ATP;Hugo Dellien;52;All;ATP;2;3,4483;4,5872;1,7241;6,4444;2025-10-05;2026-10-04
ATP;Hugo Gaston;52;All;ATP;16;3,5119;7,7281;2,6339;6,8614;2025-10-05;2026-10-04
ATP;Hugo Grenier;52;All;ATP;3;11,2613;3,4934;5,8559;6,1667;2025-10-05;2026-10-04
ATP;Ignacio Buse;52;All;ATP;40;5,1714;5,1011;2,6316;6,4204;2025-10-05;2026-10-04
ATP;Igor Ribeiro Marcondes;52;All;ATP;1;6,9767;2,6549;2,3256;5,375;2025-10-05;2026-10-04
ATP;J J Wolf;52;All;ATP;2;4,7619;15,8228;3,1746;6,5172;2025-10-05;2026-10-04
ATP;Jack Draper;52;All;ATP;14;9,2497;10,7977;4,111;5,9693;2025-10-05;2026-10-04
ATP;Jack Pinnington Jones;52;All;ATP;8;8,2583;9,7682;5,5556;6,5941;2025-10-05;2026-10-04
ATP;Jacob Fearnley;52;All;ATP;17;5,2564;9,4017;8,3333;6,6953;2025-10-05;2026-10-04
ATP;Jaime Faria;52;All;ATP;24;8,3178;7,2471;6,3551;6,4264;2025-10-05;2026-10-04
ATP;Jakub Mensik;52;All;ATP;45;14,3571;6,2484;4,812;6,1837;2025-10-05;2026-10-04
ATP;James Duckworth;52;All;ATP;31;9,5969;9,8085;4,261;6,5288;2025-10-05;2026-10-04
ATP;James Mccabe;52;All;ATP;2;4,4025;11,0294;1,8868;6,913;2025-10-05;2026-10-04
ATP;Jan Choinski;52;All;ATP;13;9,364;12,9744;2,8269;6,4318;2025-10-05;2026-10-04
ATP;Jan Lennard Struff;52;All;ATP;34;11,7;11,8684;4,2;6,383;2025-10-05;2026-10-04
ATP;Jannik Sinner;52;All;ATP;55;13,6665;6,1471;2,0155;5,7039;2025-10-05;2026-10-04
ATP;Jaume Munar;52;All;ATP;33;8,1311;7,0773;3,1958;6,2424;2025-10-05;2026-10-04
ATP;Jenson Brooksby;52;All;ATP;37;4,4299;7,6201;1,8875;6,2705;2025-10-05;2026-10-04
ATP;Jerome Kym;52;All;ATP;2;8,7719;7,3171;4,8246;6,9091;2025-10-05;2026-10-04
ATP;Jesper De Jong;52;All;ATP;17;8,8859;7,5342;6,366;6,5565;2025-10-05;2026-10-04
ATP;Jiri Lehecka;52;All;ATP;51;10,9154;7,8042;1,8854;6,2886;2025-10-05;2026-10-04
ATP;Joao Fonseca;52;All;ATP;34;7,0116;8,7942;2,2122;6,4111;2025-10-05;2026-10-04
ATP;Joao Lucas Reis Da Silva;52;All;ATP;1;1,2658;8,6957;3,7975;7,1818;2025-10-05;2026-10-04
ATP;Joel Schwaerzler;52;All;ATP;2;6,5574;9,6774;0,8197;6,1;2025-10-05;2026-10-04
ATP;Juan Carlos Prado Angelo;52;All;ATP;2;0,7576;1,3699;0,0;6,2857;2025-10-05;2026-10-04
ATP;Juan Manuel Cerundolo;52;All;ATP;35;7,0991;6,1837;4,036;6,4236;2025-10-05;2026-10-04
ATP;Juncheng Shang;52;All;ATP;16;5,4138;10,9299;3,2483;6,5635;2025-10-05;2026-10-04
ATP;Jurij Rodionov;52;All;ATP;6;9,0;8,7054;3,0;6,6667;2025-10-05;2026-10-04
ATP;Kamil Majchrzak;52;All;ATP;36;7,8266;10,8634;2,2139;6,6124;2025-10-05;2026-10-04
ATP;Karen Khachanov;52;All;ATP;44;9,2607;8,6612;2,482;6,2243;2025-10-05;2026-10-04
ATP;Kilian Feldbausch;52;All;ATP;3;1,4354;3,2258;4,3062;6,1471;2025-10-05;2026-10-04
ATP;Kyrian Jacquet;52;All;ATP;17;9,7803;7,6164;4,1106;6,4429;2025-10-05;2026-10-04
ATP;Laslo Djere;52;All;ATP;8;5,4622;11,1276;2,8011;6,932;2025-10-05;2026-10-04
ATP;Lautaro Midon;52;All;ATP;3;8,5271;3,1008;1,1628;6,7895;2025-10-05;2026-10-04
ATP;Learner Tien;52;All;ATP;50;6,9054;7,9982;4,5106;6,3719;2025-10-05;2026-10-04
ATP;Liam Draxl;52;All;ATP;4;6,4426;6,2663;2,8011;6,4909;2025-10-05;2026-10-04
ATP;Lloyd Harris;52;All;ATP;5;18,4652;11,5663;2,6379;6,2239;2025-10-05;2026-10-04
ATP;Lorenzo Musetti;52;All;ATP;42;6,1231;6,3783;3,2678;6,2789;2025-10-05;2026-10-04
ATP;Lorenzo Sonego;52;All;ATP;37;9,0818;5,5191;2,2371;6,2266;2025-10-05;2026-10-04
ATP;Luca Nardi;52;All;ATP;7;6,5259;8,1181;2,6871;6,0581;2025-10-05;2026-10-04
ATP;Luca Van Assche;52;All;ATP;18;4,2638;7,7581;4,93;6,5546;2025-10-05;2026-10-04
ATP;Luciano Darderi;52;All;ATP;60;7,5152;9,1377;3,4959;6,6255;2025-10-05;2026-10-04
ATP;Luka Pavlovic;52;All;ATP;1;10,5263;8,9552;1,3158;7,6;2025-10-05;2026-10-04
ATP;Lukas Neumayer;52;All;ATP;2;3,7037;13,1783;3,7037;7,7143;2025-10-05;2026-10-04
ATP;Mackenzie Mcdonald;52;All;ATP;10;5,7181;13,5294;3,0585;6,7143;2025-10-05;2026-10-04
ATP;Marc Andrea Huesler;52;All;ATP;1;3,8961;2,8169;2,5974;7,0;2025-10-05;2026-10-04
ATP;Marco Cecchinato;52;All;ATP;1;1,7544;2,2727;3,5088;6,3333;2025-10-05;2026-10-04
ATP;Marco Trungelliti;52;All;ATP;19;5,2419;8,9219;4,8963;6,9163;2025-10-05;2026-10-04
ATP;Marcos Giron;52;All;ATP;36;6,5281;10,8881;2,3709;6,5372;2025-10-05;2026-10-04
ATP;Mariano Navone;52;All;ATP;43;2,3072;5,4077;3,1542;6,5095;2025-10-05;2026-10-04
ATP;Marin Cilic;52;All;ATP;32;12,055;13,4047;3,8835;6,4543;2025-10-05;2026-10-04
ATP;Mark Lajal;52;All;ATP;2;8,2803;8,2803;2,5478;5,8148;2025-10-05;2026-10-04
ATP;Martin Damm;52;All;ATP;24;16,0548;11,7974;4,8219;6,25;2025-10-05;2026-10-04
ATP;Martin Krumich;52;All;ATP;1;1,7857;4,6875;3,5714;6,2222;2025-10-05;2026-10-04
ATP;Martin Landaluce;52;All;ATP;23;7,0552;8,5031;6,544;6,4768;2025-10-05;2026-10-04
ATP;Marton Fucsovics;52;All;ATP;27;5,4137;6,8763;4,954;6,6149;2025-10-05;2026-10-04
ATP;Matej Dodig;52;All;ATP;1;5,0847;0,0;5,0847;6,5556;2025-10-05;2026-10-04
ATP;Matias Soto;52;All;ATP;1;1,5385;8,6207;9,2308;8,125;2025-10-05;2026-10-04
ATP;Matteo Arnaldi;52;All;ATP;22;6,9536;6,7334;4,9117;6,3803;2025-10-05;2026-10-04
ATP;Matteo Berrettini;52;All;ATP;35;11,6193;6,8319;2,3608;6,2755;2025-10-05;2026-10-04
ATP;Mattia Bellucci;52;All;ATP;29;9,3823;7,8541;4,366;6,3887;2025-10-05;2026-10-04
ATP;Max Basing;52;All;ATP;1;0,0;4,5455;3,5714;7,6364;2025-10-05;2026-10-04
ATP;Max Schoenhaus;52;All;ATP;2;7,1006;9,2199;4,7337;6,76;2025-10-05;2026-10-04
ATP;Michael Mmoh;52;All;ATP;3;12,5654;11,5385;3,6649;6,8214;2025-10-05;2026-10-04
ATP;Michael Zheng;52;All;ATP;17;6,3905;7,2229;3,1361;6,7063;2025-10-05;2026-10-04
ATP;Miomir Kecmanovic;52;All;ATP;45;6,0879;12,995;2,8851;6,4143;2025-10-05;2026-10-04
ATP;Moise Kouame;52;All;ATP;7;7,4;8,0247;7,4;6,6667;2025-10-05;2026-10-04
ATP;Murphy Cassone;52;All;ATP;1;6,0241;20,0;1,2048;5,9286;2025-10-05;2026-10-04
ATP;Nicolai Budkov Kjaer;52;All;ATP;8;4,8309;13,1234;2,657;5,9143;2025-10-05;2026-10-04
ATP;Nicolas Mejia;52;All;ATP;5;5,1181;6,8702;2,5591;6,5974;2025-10-05;2026-10-04
ATP;Nikoloz Basilashvili;52;All;ATP;18;9,6651;10,5926;5,3272;6,4098;2025-10-05;2026-10-04
ATP;Nishesh Basavareddy;52;All;ATP;6;8,8737;14,7368;4,9488;6,3011;2025-10-05;2026-10-04
ATP;Novak Djokovic;52;All;ATP;24;9,1649;11,38;2,9122;6,1609;2025-10-05;2026-10-04
ATP;Nuno Borges;52;All;ATP;50;8,4222;10,37;2,5586;6,2953;2025-10-05;2026-10-04
ATP;Otto Virtanen;52;All;ATP;7;9,5012;7,7108;3,5629;6,7903;2025-10-05;2026-10-04
ATP;Pablo Carreno Busta;52;All;ATP;22;3,8264;10,7452;3,0268;6,4613;2025-10-05;2026-10-04
ATP;Pablo Llamas Ruiz;52;All;ATP;4;0,7979;6,25;0,7979;6,8364;2025-10-05;2026-10-04
ATP;Patrick Kypson;52;All;ATP;10;8,3969;16,8998;3,2715;6,4126;2025-10-05;2026-10-04
ATP;Pedro Martinez;52;All;ATP;14;1,6967;11,2233;3,9236;6,5944;2025-10-05;2026-10-04
ATP;Pierre Hugues Herbert;52;All;ATP;3;7,3276;7,7869;10,3448;6,2703;2025-10-05;2026-10-04
ATP;Quentin Halys;52;All;ATP;41;13,8045;9,5767;3,8195;6,382;2025-10-05;2026-10-04
ATP;Rafael Jodar;52;All;ATP;47;5,4139;5,2601;2,8645;6,441;2025-10-05;2026-10-04
ATP;Raphael Collignon;52;All;ATP;30;9,2996;7,9953;6,1733;6,4629;2025-10-05;2026-10-04
ATP;Raul Brancaccio;52;All;ATP;1;2,9703;14,4578;2,9703;6,7333;2025-10-05;2026-10-04
ATP;Rei Sakamoto;52;All;ATP;7;12,749;9,429;1,992;6,275;2025-10-05;2026-10-04
ATP;Reilly Opelka;52;All;ATP;19;26,1199;8,7683;4,9621;5,9467;2025-10-05;2026-10-04
ATP;Remy Bertola;52;All;ATP;1;5,5556;8,9286;5,5556;6,0;2025-10-05;2026-10-04
ATP;Rinky Hijikata;52;All;ATP;34;5,8072;11,5587;3,4332;6,4882;2025-10-05;2026-10-04
ATP;Roberto Bautista Agut;52;All;ATP;16;4,6573;13,9914;1,9332;6,3222;2025-10-05;2026-10-04
ATP;Roberto Carballes Baena;52;All;ATP;1;12,963;16,6667;3,7037;5,4;2025-10-05;2026-10-04
ATP;Rodrigo Pacheco Mendez;52;All;ATP;3;4,8673;8,8462;4,4248;6,2778;2025-10-05;2026-10-04
ATP;Roman Andres Burruchaga;52;All;ATP;24;4,2012;5,1927;4,0907;6,4149;2025-10-05;2026-10-04
ATP;Roman Safiullin;52;All;ATP;13;8,8597;10,9611;2,9532;6,2194;2025-10-05;2026-10-04
ATP;Sebastian Baez;52;All;ATP;49;2,45;9,6232;2,5063;6,5276;2025-10-05;2026-10-04
ATP;Sebastian Korda;52;All;ATP;27;13,2302;7,7338;2,8957;5,9436;2025-10-05;2026-10-04
ATP;Sebastian Ofner;52;All;ATP;10;11,0968;7,672;3,0968;6,6239;2025-10-05;2026-10-04
ATP;Shintaro Mochizuki;52;All;ATP;14;4,3066;11,512;4,9096;6,711;2025-10-05;2026-10-04
ATP;Sho Shimabukuro;52;All;ATP;18;9,1283;11,3062;5,2848;6,4185;2025-10-05;2026-10-04
ATP;Soon Woo Kwon;52;All;ATP;3;6,3604;8,8525;5,3004;6,5814;2025-10-05;2026-10-04
ATP;Stan Wawrinka;52;All;ATP;26;9,879;10,4603;2,9839;6,5263;2025-10-05;2026-10-04
ATP;Stefano Travaglia;52;All;ATP;3;7,5269;2,0942;2,6882;6,6429;2025-10-05;2026-10-04
ATP;Stefanos Sakellaridis;52;All;ATP;3;12,2449;3,6842;2,0408;6,125;2025-10-05;2026-10-04
ATP;Stefanos Tsitsipas;52;All;ATP;46;9,6343;6,6065;3,1932;6,1684;2025-10-05;2026-10-04
ATP;Sumit Nagal;52;All;ATP;1;0,0;3,3333;2,0;6,25;2025-10-05;2026-10-04
ATP;Tallon Griekspoor;52;All;ATP;35;11,0698;13,8962;4,049;6,1043;2025-10-05;2026-10-04
ATP;Taro Daniel;52;All;ATP;3;6,6667;13,7795;1,5686;6,5385;2025-10-05;2026-10-04
ATP;Taylor Fritz;52;All;ATP;53;17,3234;10,2475;2,4457;6,0576;2025-10-05;2026-10-04
ATP;Terence Atmane;52;All;ATP;39;9,729;8,4853;3,428;6,2766;2025-10-05;2026-10-04
ATP;Thiago Agustin Tirante;52;All;ATP;37;11,1152;6,195;4,1264;6,1276;2025-10-05;2026-10-04
ATP;Thiago Monteiro;52;All;ATP;1;14,7541;11,6667;3,2787;6,7778;2025-10-05;2026-10-04
ATP;Thiago Seyboth Wild;52;All;ATP;1;10,6667;6,8966;4,0;7,5;2025-10-05;2026-10-04
ATP;Timofey Skatov;52;All;ATP;5;3,5545;12,4424;2,1327;6,4923;2025-10-05;2026-10-04
ATP;Titouan Droguet;52;All;ATP;18;10,9227;6,1826;3,3243;6,6396;2025-10-05;2026-10-04
ATP;Toby Samuel;52;All;ATP;7;5,6478;7,7329;2,99;6,3368;2025-10-05;2026-10-04
ATP;Tom Gentzsch;52;All;ATP;1;23,1481;4,4643;0,9259;6,75;2025-10-05;2026-10-04
ATP;Tomas Barrios Vera;52;All;ATP;6;3,8647;12,782;2,4155;6,3692;2025-10-05;2026-10-04
ATP;Tomas Machac;52;All;ATP;28;6,1161;8,1529;3,4375;6,4928;2025-10-05;2026-10-04
ATP;Tomas Martin Etcheverry;52;All;ATP;57;8,3135;8,433;2,2299;6,2588;2025-10-05;2026-10-04
ATP;Tommy Paul;52;All;ATP;53;8,3101;7,0541;2,3277;6,2442;2025-10-05;2026-10-04
ATP;Tristan Boyer;52;All;ATP;3;5,2632;10,9312;6,5789;6,3333;2025-10-05;2026-10-04
ATP;Tristan Schoolkate;52;All;ATP;7;13,0503;9,5694;4,0881;6,0;2025-10-05;2026-10-04
ATP;Ugo Humbert;52;All;ATP;54;9,2695;7,7302;3,9043;6,252;2025-10-05;2026-10-04
ATP;Valentin Royer;52;All;ATP;29;7,1023;10,3697;2,9221;6,6775;2025-10-05;2026-10-04
ATP;Valentin Vacherot;52;All;ATP;37;11,8329;9,1484;4,2758;6,2854;2025-10-05;2026-10-04
ATP;Vilius Gaubas;52;All;ATP;11;3,681;7,2682;2,5767;6,52;2025-10-05;2026-10-04
ATP;Vit Kopriva;52;All;ATP;39;5,3923;9,1168;4,459;6,5158;2025-10-05;2026-10-04
ATP;Vitaliy Sachko;52;All;ATP;5;6,5341;10,7872;0,8523;6,2857;2025-10-05;2026-10-04
ATP;Yannick Hanfmann;52;All;ATP;45;11,1307;8,9305;2,9075;6,1573;2025-10-05;2026-10-04
ATP;Yi Zhou;52;All;ATP;1;7,8125;11,4754;0,0;6,4;2025-10-05;2026-10-04
ATP;Yibing Wu;52;All;ATP;15;6,9767;10,4566;2,3256;6,3547;2025-10-05;2026-10-04
ATP;Zachary Svajda;52;All;ATP;20;8,2707;11,9217;3,1232;6,3333;2025-10-05;2026-10-04
ATP;Zdenek Kolar;52;All;ATP;1;5,618;12,0879;3,3708;6,3571;2025-10-05;2026-10-04
ATP;Zhizhen Zhang;52;All;ATP;17;9,3851;12,4573;2,1036;6,4041;2025-10-05;2026-10-04
ATP;Zizou Bergs;52;All;ATP;41;8,9176;7,0191;5,8082;6,4442;2025-10-05;2026-10-04
ATP;Zsombor Piros;52;All;ATP;1;7,7778;19,7183;7,7778;7,5;2025-10-05;2026-10-04
ATP;Adam Walton;52;All;ALL;62;9,4758;9,2324;2,347;6,2796;2025-10-05;2026-10-04
ATP;Adolfo Daniel Vallejo;52;All;ALL;72;4,3576;4,3758;4,1132;6,428;2025-10-05;2026-10-04
ATP;Adrian Mannarino;52;All;ALL;48;6,0563;11,7402;2,8718;6,2804;2025-10-05;2026-10-04
ATP;Alastair Gray;52;All;ALL;56;9,2794;6,2156;3,6692;6,3963;2025-10-05;2026-10-04
ATP;Alejandro Davidovich Fokina;52;All;ALL;51;6,0969;11,0626;2,1105;6,3333;2025-10-05;2026-10-04
ATP;Alejandro Moro Canas;52;All;ALL;59;3,9539;4,7049;2,5531;6,4052;2025-10-05;2026-10-04
ATP;Alejandro Tabilo;52;All;ALL;65;8,0622;10,306;2,3736;6,1472;2025-10-05;2026-10-04
ATP;Aleksandar Kovacevic;52;All;ALL;48;13,1586;14,1101;4,5274;6,3055;2025-10-05;2026-10-04
ATP;Aleksandar Vukic;52;All;ALL;35;8,0344;10,8457;2,4032;6,6066;2025-10-05;2026-10-04
ATP;Alex Barrena;52;All;ALL;61;2,9135;3,1892;3,2895;6,6087;2025-10-05;2026-10-04
ATP;Alex Bolt;52;All;ALL;39;11,0896;7,9445;2,0479;6,2062;2025-10-05;2026-10-04
ATP;Alex De Minaur;52;All;ALL;62;5,5843;6,6761;3,7642;6,4639;2025-10-05;2026-10-04
ATP;Alex Michelsen;52;All;ALL;59;7,5604;8,1466;3,8022;6,3107;2025-10-05;2026-10-04
ATP;Alex Molcan;52;All;ALL;39;4,9206;8,5114;2,4409;6,326;2025-10-05;2026-10-04
ATP;Alexander Blockx;52;All;ALL;59;9,7826;4,6042;3,3445;6,3197;2025-10-05;2026-10-04
ATP;Alexander Bublik;52;All;ALL;53;14,1743;11,0431;4,3468;6,1616;2025-10-05;2026-10-04
ATP;Alexander Shevchenko;52;All;ALL;44;7,9365;6,8571;2,8188;6,7293;2025-10-05;2026-10-04
ATP;Alexander Zverev;52;All;ALL;72;12,3064;8,1736;2,6632;5,8984;2025-10-05;2026-10-04
ATP;Alexandre Muller;52;All;ALL;38;4,9296;12,1802;2,9225;6,6047;2025-10-05;2026-10-04
ATP;Alexei Popyrin;52;All;ALL;37;13,1461;9,6738;3,1461;6,0544;2025-10-05;2026-10-04
ATP;Alexis Galarneau;52;All;ALL;55;4,7562;8,0835;5,4493;6,4568;2025-10-05;2026-10-04
ATP;Andre Ilagan;52;All;ALL;68;5,2378;9,3167;2,5226;6,6662;2025-10-05;2026-10-04
ATP;Andrea Guerrieri;52;All;ALL;56;3,1528;6,5461;5,0782;6,6162;2025-10-05;2026-10-04
ATP;Andrea Pellegrino;52;All;ALL;33;4,6135;5,9475;3,6018;6,5718;2025-10-05;2026-10-04
ATP;Andrej Nedic;52;All;ALL;64;2,4234;2,6153;3,1837;6,3967;2025-10-05;2026-10-04
ATP;Andres Andrade;52;All;ALL;55;4,0072;5,1816;5,6255;6,4775;2025-10-05;2026-10-04
ATP;Andrey Rublev;52;All;ALL;51;9,8762;8,6207;3,4857;6,2742;2025-10-05;2026-10-04
ATP;Arthur Cazaux;52;All;ALL;13;12,1081;4,9396;1,6216;6,5603;2025-10-05;2026-10-04
ATP;Arthur Fery;52;All;ALL;46;4,8082;6,3077;2,2859;6,3859;2025-10-05;2026-10-04
ATP;Arthur Fils;52;All;ALL;45;7,8494;8,1703;3,0951;6,2306;2025-10-05;2026-10-04
ATP;Arthur Gea;52;All;ALL;59;6,9193;4,3586;4,9141;6,5014;2025-10-05;2026-10-04
ATP;Arthur Rinderknech;52;All;ALL;38;14,4957;7,014;3,499;6,4291;2025-10-05;2026-10-04
ATP;August Holmgren;52;All;ALL;47;9,927;5,7692;4,6715;6,378;2025-10-05;2026-10-04
ATP;Ben Shelton;52;All;ALL;59;11,452;7,8754;3,125;6,1166;2025-10-05;2026-10-04
ATP;Benjamin Bonzi;52;All;ALL;46;7,6233;9,1404;2,9989;6,1944;2025-10-05;2026-10-04
ATP;Bernard Tomic;52;All;ALL;49;7,93;9,4663;2,297;6,4726;2025-10-05;2026-10-04
ATP;Billy Harris;52;All;ALL;37;7,1429;9,4251;3,4713;6,5272;2025-10-05;2026-10-04
ATP;Borna Gojo;52;All;ALL;40;15,3356;6,2624;4,1611;6,3002;2025-10-05;2026-10-04
ATP;Botic Van De Zandschulp;52;All;ALL;51;9,0057;7,6134;5,7143;6,6088;2025-10-05;2026-10-04
ATP;Braden Shick;52;All;ALL;69;7,7798;4,795;3,4349;6,307;2025-10-05;2026-10-04
ATP;Brandon Nakashima;52;All;ALL;54;13,1846;11,2319;1,5118;6,1792;2025-10-05;2026-10-04
ATP;Bu Yunchaokete;52;All;ALL;40;8,3275;11,8954;2,5406;6,3685;2025-10-05;2026-10-04
ATP;Buvaysar Gadamauri;52;All;ALL;50;4,9772;4,2667;3,1854;6,4632;2025-10-05;2026-10-04
ATP;Cameron Norrie;52;All;ALL;49;5,8349;9,933;2,9886;6,4862;2025-10-05;2026-10-04
ATP;Camilo Ugo Carabelli;52;All;ALL;46;4,1764;7,6469;3,8259;6,5594;2025-10-05;2026-10-04
ATP;Carl Emil Overbeck;52;All;ALL;54;10,3057;6,1088;3,9592;6,1559;2025-10-05;2026-10-04
ATP;Carlos Alcaraz;52;All;ALL;38;5,7243;5,0725;2,9421;6,3686;2025-10-05;2026-10-04
ATP;Casper Ruud;52;All;ALL;46;7,8394;9,0031;2,8849;6,1802;2025-10-05;2026-10-04
ATP;Cezar Cretu;52;All;ALL;46;3,2008;3,1352;3,2654;6,4304;2025-10-05;2026-10-04
ATP;Charles Broom;52;All;ALL;62;7,8978;8,1173;2,9794;6,2932;2025-10-05;2026-10-04
ATP;Chris Rodesch;52;All;ALL;35;9,7245;4,9866;3,6872;6,2323;2025-10-05;2026-10-04
ATP;Christopher Oconnell;52;All;ALL;23;11,4878;9,871;1,7577;6,5556;2025-10-05;2026-10-04
ATP;Chun Hsin Tseng;52;All;ALL;46;3,3687;4,7679;1,7155;6,6653;2025-10-05;2026-10-04
ATP;Clement Chidekh;52;All;ALL;66;4,5626;7,3505;3,8981;6,3147;2025-10-05;2026-10-04
ATP;Clement Tabur;52;All;ALL;48;5,2523;6,9773;3,2183;6,5168;2025-10-05;2026-10-04
ATP;Coleman Wong;52;All;ALL;55;12,595;7,0457;3,2345;6,3173;2025-10-05;2026-10-04
ATP;Colton Smith;52;All;ALL;39;6,5089;3,8203;3,4111;6,6505;2025-10-05;2026-10-04
ATP;Corentin Moutet;52;All;ALL;40;4,2928;5,3142;3,4942;6,5611;2025-10-05;2026-10-04
ATP;Cristian Garin;52;All;ALL;25;3,7037;4,6177;3,8052;6,3581;2025-10-05;2026-10-04
ATP;Dalibor Svrcina;52;All;ALL;37;3,2172;5,208;6,87;6,7664;2025-10-05;2026-10-04
ATP;Damir Dzumhur;52;All;ALL;46;1,7445;5,8059;2,3063;6,4789;2025-10-05;2026-10-04
ATP;Dane Sweeny;52;All;ALL;58;4,5161;8,6056;4,1338;6,5802;2025-10-05;2026-10-04
ATP;Daniel Altmaier;52;All;ALL;54;9,2289;6,4096;3,7562;6,5902;2025-10-05;2026-10-04
ATP;Daniel Merida Aguilar;52;All;ALL;55;3,7295;3,64;3,63;6,4352;2025-10-05;2026-10-04
ATP;Daniel Michalski;52;All;ALL;55;3,1774;3,7316;2,773;6,2266;2025-10-05;2026-10-04
ATP;Daniel Rincon;52;All;ALL;60;4,9074;3,5116;2,6157;6,6977;2025-10-05;2026-10-04
ATP;Daniil Glinka;52;All;ALL;66;8,9871;5,9504;3,8274;6,434;2025-10-05;2026-10-04
ATP;Daniil Medvedev;52;All;ALL;64;11,428;4,6884;5,3803;6,3061;2025-10-05;2026-10-04
ATP;Darwin Blanch;52;All;ALL;54;9,0931;6,0074;4,7186;6,4485;2025-10-05;2026-10-04
ATP;David Jorda Sanchis;52;All;ALL;47;6,0525;2,3986;4,3828;6,45;2025-10-05;2026-10-04
ATP;Denis Shapovalov;52;All;ALL;46;10,2549;3,5083;7,0753;6,1461;2025-10-05;2026-10-04
ATP;Diego Dedura Palomero;52;All;ALL;63;1,0169;2,9343;1,6871;6,5068;2025-10-05;2026-10-04
ATP;Dino Prizmic;52;All;ALL;35;5,4455;6,3899;4,3847;6,2566;2025-10-05;2026-10-04
ATP;Dominic Stricker;52;All;ALL;42;9,4783;7,292;2,2302;5,9644;2025-10-05;2026-10-04
ATP;Dusan Lajovic;52;All;ALL;42;4,5058;6,1064;2,2703;6,2375;2025-10-05;2026-10-04
ATP;Edas Butvilas;52;All;ALL;53;6,7198;4,0986;2,7092;6,3706;2025-10-05;2026-10-04
ATP;Elias Ymer;52;All;ALL;34;6,8612;7,7432;4,1404;6,4529;2025-10-05;2026-10-04
ATP;Eliot Spizzirri;52;All;ALL;21;10,1846;10,4018;1,5485;6,0614;2025-10-05;2026-10-04
ATP;Elmer Moller;52;All;ALL;40;2,4756;4,2306;7,0893;6,6318;2025-10-05;2026-10-04
ATP;Emilio Nava;52;All;ALL;39;8,9251;4,6284;3,3876;6,6307;2025-10-05;2026-10-04
ATP;Ethan Quinn;52;All;ALL;35;10,4017;8,3668;4,3042;6,3945;2025-10-05;2026-10-04
ATP;Fabian Marozsan;52;All;ALL;46;5,9015;8,5583;2,5447;6,38;2025-10-05;2026-10-04
ATP;Facundo Diaz Acosta;52;All;ALL;70;3,7812;4,1431;2,9163;6,2541;2025-10-05;2026-10-04
ATP;Facundo Mena;52;All;ALL;60;9,6949;4,5184;4,3799;6,461;2025-10-05;2026-10-04
ATP;Fajing Sun;52;All;ALL;57;4,9377;10,1164;2,3011;6,5188;2025-10-05;2026-10-04
ATP;Federico Agustin Gomez;52;All;ALL;49;6,3776;4,2456;5,958;6,4764;2025-10-05;2026-10-04
ATP;Federico Cina;52;All;ALL;46;5,7861;6,9646;3,5067;6,7362;2025-10-05;2026-10-04
ATP;Felix Auger Aliassime;52;All;ALL;62;14,5596;6,6626;3,446;6,1173;2025-10-05;2026-10-04
ATP;Felix Balshaw;52;All;ALL;65;8,6754;3,0208;4,5707;6,3301;2025-10-05;2026-10-04
ATP;Felix Gill;52;All;ALL;65;4,5619;5,7749;2,6007;6,5425;2025-10-05;2026-10-04
ATP;Filip Cristian Jianu;52;All;ALL;72;2,3482;3,8035;1,8289;6,4469;2025-10-05;2026-10-04
ATP;Flavio Cobolli;52;All;ALL;54;7,7763;7,5524;3,5016;6,4963;2025-10-05;2026-10-04
ATP;Florent Bax;52;All;ALL;71;8,7334;4,8952;4,0742;6,2443;2025-10-05;2026-10-04
ATP;Frances Tiafoe;52;All;ALL;57;7,1696;13,6864;2,4938;6,416;2025-10-05;2026-10-04
ATP;Francesco Maestrelli;52;All;ALL;41;9,541;5,3028;4,1639;6,6449;2025-10-05;2026-10-04
ATP;Francesco Passaro;52;All;ALL;35;7,8439;7,499;4,0167;6,3438;2025-10-05;2026-10-04
ATP;Francisco Cerundolo;52;All;ALL;52;5,0226;5,3987;3,7921;6,5172;2025-10-05;2026-10-04
ATP;Francisco Comesana;52;All;ALL;33;7,9582;4,5204;4,2132;6,4432;2025-10-05;2026-10-04
ATP;Franco Roncadelli;52;All;ALL;49;0,9479;2,8858;1,5107;6,5048;2025-10-05;2026-10-04
ATP;Frederico Ferreira Silva;52;All;ALL;55;2,6469;6,3804;2,8655;6,5469;2025-10-05;2026-10-04
ATP;Gabriel Diallo;52;All;ALL;31;9,8692;7,6989;3,369;6,5703;2025-10-05;2026-10-04
ATP;Gael Monfils;52;All;ALL;14;9,0909;4,3911;5,4706;6,8297;2025-10-05;2026-10-04
ATP;Gauthier Onclin;52;All;ALL;65;2,9137;7,7617;4,234;6,4508;2025-10-05;2026-10-04
ATP;Genaro Alberto Olivieri;52;All;ALL;44;1,1862;2,9792;1,4828;6,7847;2025-10-05;2026-10-04
ATP;Gianluca Cadenasso;52;All;ALL;47;3,392;2,0447;3,6204;6,2699;2025-10-05;2026-10-04
ATP;Giovanni Mpetshi Perricard;52;All;ALL;35;18,4839;8,6207;4,0498;6,3634;2025-10-05;2026-10-04
ATP;Gonzalo Bueno;52;All;ALL;63;1,561;3,5017;4,3103;6,6133;2025-10-05;2026-10-04
ATP;Grigor Dimitrov;52;All;ALL;28;9,7105;10,0174;5,8797;6,1172;2025-10-05;2026-10-04
ATP;Guido Ivan Justo;52;All;ALL;67;2,1686;2,8443;2,1015;6,4826;2025-10-05;2026-10-04
ATP;Gustavo Heide;52;All;ALL;60;5,3971;4,085;6,721;6,3663;2025-10-05;2026-10-04
ATP;Hamad Medjedovic;52;All;ALL;29;8,9655;10,7143;4,5436;6,7534;2025-10-05;2026-10-04
ATP;Harold Mayot;52;All;ALL;46;6,4244;5,2086;2,8877;6,1272;2025-10-05;2026-10-04
ATP;Harry Wendelken;52;All;ALL;73;5,8306;8,1747;3,7957;6,3177;2025-10-05;2026-10-04
ATP;Hayato Matsuoka;52;All;ALL;53;5,1149;5,8779;4,5405;6,2603;2025-10-05;2026-10-04
ATP;Henri Squire;52;All;ALL;49;7,2494;6,806;6,8019;6,3365;2025-10-05;2026-10-04
ATP;Henrique Rocha;52;All;ALL;48;4,045;3,4619;4,2275;6,3969;2025-10-05;2026-10-04
ATP;Henry Searle;52;All;ALL;62;9,1069;3,4558;3,3367;6,2673;2025-10-05;2026-10-04
ATP;Holger Rune;52;All;ALL;4;10,2881;4,6595;5,3498;6,075;2025-10-05;2026-10-04
ATP;Hubert Hurkacz;52;All;ALL;49;15,8021;7,5436;3,05;6,2429;2025-10-05;2026-10-04
ATP;Hugo Dellien;52;All;ALL;52;3,7514;3,5223;1,862;6,4523;2025-10-05;2026-10-04
ATP;Hugo Gaston;52;All;ALL;50;4,3106;6,9073;2,7691;6,404;2025-10-05;2026-10-04
ATP;Hugo Grenier;52;All;ALL;32;10,8871;5,0416;5,1523;6,6231;2025-10-05;2026-10-04
ATP;Hynek Barton;52;All;ALL;57;8,4417;2,2805;2,8376;6,3882;2025-10-05;2026-10-04
ATP;Ignacio Buse;52;All;ALL;54;5,2221;4,3847;2,5756;6,3831;2025-10-05;2026-10-04
ATP;Igor Ribeiro Marcondes;52;All;ALL;45;6,3963;4,8867;3,1322;6,3452;2025-10-05;2026-10-04
ATP;Ilia Simakin;52;All;ALL;69;8,6552;4,6881;3,8036;6,3383;2025-10-05;2026-10-04
ATP;Ilya Ivashka;52;All;ALL;34;6,9987;6,2;4,1274;6,0736;2025-10-05;2026-10-04
ATP;Inaki Montes De La Torre;52;All;ALL;57;2,9736;3,9122;6,8188;6,6119;2025-10-05;2026-10-04
ATP;J J Wolf;52;All;ALL;35;8,0325;8,6026;3,7728;6,2247;2025-10-05;2026-10-04
ATP;Jack Draper;52;All;ALL;14;9,2497;10,7977;4,111;5,9693;2025-10-05;2026-10-04
ATP;Jack Pinnington Jones;52;All;ALL;33;6,453;7,4798;5,474;6,6088;2025-10-05;2026-10-04
ATP;Jacob Fearnley;52;All;ALL;45;5,9073;6,7768;7,6597;6,5397;2025-10-05;2026-10-04
ATP;Jaime Faria;52;All;ALL;56;8,4801;5,8407;6,5232;6,4502;2025-10-05;2026-10-04
ATP;Jakub Mensik;52;All;ALL;45;14,3571;6,2484;4,812;6,1837;2025-10-05;2026-10-04
ATP;James Duckworth;52;All;ALL;64;9,9739;9,884;3,9815;6,4837;2025-10-05;2026-10-04
ATP;James Mccabe;52;All;ALL;51;11,265;4,9466;3,3978;6,4195;2025-10-05;2026-10-04
ATP;Jan Choinski;52;All;ALL;55;7,6923;7,648;2,5018;6,3176;2025-10-05;2026-10-04
ATP;Jan Kumstat;52;All;ALL;49;10,2588;5,706;3,9269;6,2216;2025-10-05;2026-10-04
ATP;Jan Lennard Struff;52;All;ALL;43;11,3612;11,9048;4,0997;6,3578;2025-10-05;2026-10-04
ATP;Jannik Sinner;52;All;ALL;60;13,6006;6,4495;2,0046;5,7365;2025-10-05;2026-10-04
ATP;Jaume Munar;52;All;ALL;38;7,3271;6,3357;3,3712;6,2922;2025-10-05;2026-10-04
ATP;Jay Clarke;52;All;ALL;58;4,3587;5,6715;3,7684;6,6141;2025-10-05;2026-10-04
ATP;Jay Dylan Hara Friend;52;All;ALL;41;6,341;4,3436;4,7881;6,5211;2025-10-05;2026-10-04
ATP;Jenson Brooksby;52;All;ALL;38;4,387;7,6442;1,8373;6,2901;2025-10-05;2026-10-04
ATP;Jerome Kym;52;All;ALL;30;10,5353;7,7229;3,6534;6,2606;2025-10-05;2026-10-04
ATP;Jesper De Jong;52;All;ALL;39;8,2183;5,8456;6,2251;6,522;2025-10-05;2026-10-04
ATP;Jiri Lehecka;52;All;ALL;51;10,9154;7,8042;1,8854;6,2886;2025-10-05;2026-10-04
ATP;Joao Fonseca;52;All;ALL;34;7,0116;8,7942;2,2122;6,4111;2025-10-05;2026-10-04
ATP;Joao Lucas Reis Da Silva;52;All;ALL;51;3,6789;6,1905;2,146;6,3957;2025-10-05;2026-10-04
ATP;Joel Schwaerzler;52;All;ALL;52;7,8068;7,1933;3,635;6,5271;2025-10-05;2026-10-04
ATP;Johannus Monday;52;All;ALL;45;8,5814;9,3532;3,5149;6,1083;2025-10-05;2026-10-04
ATP;Juan Bautista Torres;52;All;ALL;63;1,3072;2,7696;2,4792;6,6323;2025-10-05;2026-10-04
ATP;Juan Carlos Prado Angelo;52;All;ALL;58;3,1524;3,6514;3,4227;6,7595;2025-10-05;2026-10-04
ATP;Juan Manuel Cerundolo;52;All;ALL;53;6,1286;5,3271;3,6066;6,4472;2025-10-05;2026-10-04
ATP;Juan Manuel La Serna;52;All;ALL;59;2,3497;2,5735;3,6397;6,5673;2025-10-05;2026-10-04
ATP;Juan Pablo Varillas;52;All;ALL;63;5,7886;5,6559;2,2062;6,5587;2025-10-05;2026-10-04
ATP;Juncheng Shang;52;All;ALL;16;5,4138;10,9299;3,2483;6,5635;2025-10-05;2026-10-04
ATP;Jurij Rodionov;52;All;ALL;49;7,5308;6,3947;3,8074;6,4245;2025-10-05;2026-10-04
ATP;Kamil Majchrzak;52;All;ALL;41;7,8823;11,1142;2,0816;6,6354;2025-10-05;2026-10-04
ATP;Karen Khachanov;52;All;ALL;44;9,2607;8,6612;2,482;6,2243;2025-10-05;2026-10-04
ATP;Keegan Smith;52;All;ALL;71;9,5625;5,235;2,71;6,3154;2025-10-05;2026-10-04
ATP;Kilian Feldbausch;52;All;ALL;38;1,611;2,3675;4,0864;6,4923;2025-10-05;2026-10-04
ATP;Kimmer Coppejans;52;All;ALL;56;3,8442;4,2507;4,8053;6,5464;2025-10-05;2026-10-04
ATP;Kyrian Jacquet;52;All;ALL;47;8,3404;6,8463;3,2796;6,4426;2025-10-05;2026-10-04
ATP;Laslo Djere;52;All;ALL;41;4,709;5,7692;3,3028;6,4109;2025-10-05;2026-10-04
ATP;Lautaro Midon;52;All;ALL;59;4,1591;2,4864;2,9385;6,603;2025-10-05;2026-10-04
ATP;Leandro Riedi;52;All;ALL;20;7,7107;7,8149;3,2591;6,3216;2025-10-05;2026-10-04
ATP;Learner Tien;52;All;ALL;55;6,9249;8,3012;4,3713;6,3388;2025-10-05;2026-10-04
ATP;Liam Broady;52;All;ALL;64;4,2273;4,9977;2,9357;6,3552;2025-10-05;2026-10-04
ATP;Liam Draxl;52;All;ALL;43;5,5347;7,5496;4,0998;6,3908;2025-10-05;2026-10-04
ATP;Lloyd Harris;52;All;ALL;41;13,3819;5,1373;2,2193;6,2635;2025-10-05;2026-10-04
ATP;Lorenzo Giustino;52;All;ALL;59;5,1685;4,3992;4,4494;6,6418;2025-10-05;2026-10-04
ATP;Lorenzo Musetti;52;All;ALL;45;6,0875;6,7061;3,2801;6,3252;2025-10-05;2026-10-04
ATP;Lorenzo Sonego;52;All;ALL;39;8,8393;5,3354;2,2334;6,2333;2025-10-05;2026-10-04
ATP;Luca Nardi;52;All;ALL;27;4,4904;5,4237;3,3804;6,4984;2025-10-05;2026-10-04
ATP;Luca Van Assche;52;All;ALL;59;4,5382;6,4828;4,6069;6,5119;2025-10-05;2026-10-04
ATP;Luciano Darderi;52;All;ALL;60;7,5152;9,1377;3,4959;6,6255;2025-10-05;2026-10-04
ATP;Luka Mikrut;52;All;ALL;30;7,0352;4,6574;2,5126;6,2365;2025-10-05;2026-10-04
ATP;Luka Pavlovic;52;All;ALL;41;12,5128;4,4048;5,7463;6,4637;2025-10-05;2026-10-04
ATP;Lukas Neumayer;52;All;ALL;48;3,0504;7,9708;2,8777;6,5939;2025-10-05;2026-10-04
ATP;Mackenzie Mcdonald;52;All;ALL;31;5,2705;10,2166;3,1438;6,5545;2025-10-05;2026-10-04
ATP;Maks Kasnikowski;52;All;ALL;56;5,3475;5,8462;1,9117;6,2638;2025-10-05;2026-10-04
ATP;Marat Sharipov;52;All;ALL;46;13,2867;4,8232;3,719;6,1686;2025-10-05;2026-10-04
ATP;Marc Andrea Huesler;52;All;ALL;28;12,1523;7,6177;3,4651;6,3046;2025-10-05;2026-10-04
ATP;Marco Cecchinato;52;All;ALL;62;3,6689;3,8675;3,132;6,2958;2025-10-05;2026-10-04
ATP;Marco Trungelliti;52;All;ALL;45;5,119;6,3909;4,3256;6,7362;2025-10-05;2026-10-04
ATP;Marcos Giron;52;All;ALL;44;6,1505;10,0915;2,239;6,4358;2025-10-05;2026-10-04
ATP;Mariano Navone;52;All;ALL;61;2,1359;4,5368;2,8695;6,4916;2025-10-05;2026-10-04
ATP;Marin Cilic;52;All;ALL;35;12,4629;12,9992;4,0801;6,419;2025-10-05;2026-10-04
ATP;Mark Lajal;52;All;ALL;58;9,2084;5,5504;4,0372;6,5806;2025-10-05;2026-10-04
ATP;Martin Damm;52;All;ALL;45;16,6422;10,7195;5,0279;6,1724;2025-10-05;2026-10-04
ATP;Martin Krumich;52;All;ALL;63;5,7116;4,0729;3,6049;6,4434;2025-10-05;2026-10-04
ATP;Martin Landaluce;52;All;ALL;44;6,2809;7,8756;5,3213;6,563;2025-10-05;2026-10-04
ATP;Marton Fucsovics;52;All;ALL;27;5,4137;6,8763;4,954;6,6149;2025-10-05;2026-10-04
ATP;Marvin Moeller;52;All;ALL;70;4,4534;4,2967;3,3401;6,4073;2025-10-05;2026-10-04
ATP;Matej Dodig;52;All;ALL;53;9,3091;5,709;2,614;6,2588;2025-10-05;2026-10-04
ATP;Matheus Pucinelli De Almeida;52;All;ALL;57;2,3699;2,8961;4,0313;6,3953;2025-10-05;2026-10-04
ATP;Matias Soto;52;All;ALL;61;5,6499;7,1688;5,6256;6,515;2025-10-05;2026-10-04
ATP;Matteo Arnaldi;52;All;ALL;27;6,2782;6,0592;4,878;6,4174;2025-10-05;2026-10-04
ATP;Matteo Berrettini;52;All;ALL;40;11,1902;6,5272;2,3933;6,2591;2025-10-05;2026-10-04
ATP;Matteo Martineau;52;All;ALL;54;7,5673;5,3053;4,5355;6,5548;2025-10-05;2026-10-04
ATP;Matthew Dellavedova;52;All;ALL;117;4,2367;3,5877;1,5111;6,2553;2025-10-05;2026-10-04
ATP;Mattia Bellucci;52;All;ALL;48;8,5018;7,3214;4,1914;6,3114;2025-10-05;2026-10-04
ATP;Max Alcala Gurri;52;All;ALL;81;1,2876;2,5502;5,5989;6,3598;2025-10-05;2026-10-04
ATP;Max Basing;52;All;ALL;51;1,3897;4,7536;4,3717;6,5665;2025-10-05;2026-10-04
ATP;Max Hans Rehberg;52;All;ALL;47;4,9017;4,0232;2,7162;6,2681;2025-10-05;2026-10-04
ATP;Max Houkes;52;All;ALL;65;5,8501;4,4724;3,5192;6,3512;2025-10-05;2026-10-04
ATP;Max Schoenhaus;52;All;ALL;56;8,255;6,1701;4,318;6,2;2025-10-05;2026-10-04
ATP;Maxim Mrva;52;All;ALL;60;3,7136;2,9124;5,2924;6,5938;2025-10-05;2026-10-04
ATP;Michael Mmoh;52;All;ALL;51;8,7081;5,2991;7,4764;6,4768;2025-10-05;2026-10-04
ATP;Michael Zheng;52;All;ALL;35;6,574;6,1759;3,287;6,6464;2025-10-05;2026-10-04
ATP;Michele Ribecai;52;All;ALL;46;2,1387;6,2284;3,5136;6,6121;2025-10-05;2026-10-04
ATP;Mika Brunold;52;All;ALL;41;4,7653;4,0266;2,2591;6,5276;2025-10-05;2026-10-04
ATP;Mili Poljicak;52;All;ALL;47;8,7379;2,6234;2,8479;6,2298;2025-10-05;2026-10-04
ATP;Miomir Kecmanovic;52;All;ALL;52;6,0592;11,9877;2,9591;6,4223;2025-10-05;2026-10-04
ATP;Moise Kouame;52;All;ALL;51;5,6104;4,8377;6,4118;6,5141;2025-10-05;2026-10-04
ATP;Murphy Cassone;52;All;ALL;38;8,2053;8,367;3,5964;6,5388;2025-10-05;2026-10-04
ATP;Nick Hardt;52;All;ALL;52;2,2376;3,2285;5,1934;6,6544;2025-10-05;2026-10-04
ATP;Nicolai Budkov Kjaer;52;All;ALL;42;7,1378;8,6597;3,3547;6,2685;2025-10-05;2026-10-04
ATP;Nicolas Mejia;52;All;ALL;46;7,3142;7,5;3,0797;6,5573;2025-10-05;2026-10-04
ATP;Nikolas Sanchez Izquierdo;52;All;ALL;61;2,56;2,9847;3,2288;6,3578;2025-10-05;2026-10-04
ATP;Nikoloz Basilashvili;52;All;ALL;28;10,101;10,6582;6,9264;6,5791;2025-10-05;2026-10-04
ATP;Nishesh Basavareddy;52;All;ALL;34;6,0221;8,6151;5,6125;6,4068;2025-10-05;2026-10-04
ATP;Novak Djokovic;52;All;ALL;24;9,1649;11,38;2,9122;6,1609;2025-10-05;2026-10-04
ATP;Nuno Borges;52;All;ALL;54;8,5505;10,045;2,6553;6,3154;2025-10-05;2026-10-04
ATP;Oliver Crawford;52;All;ALL;45;3,8559;8,3261;3,5182;6,425;2025-10-05;2026-10-04
ATP;Otto Virtanen;52;All;ALL;49;13,7304;6,4258;4,0384;6,38;2025-10-05;2026-10-04
ATP;Pablo Carreno Busta;52;All;ALL;40;3,3438;8,75;2,4062;6,4;2025-10-05;2026-10-04
ATP;Pablo Llamas Ruiz;52;All;ALL;38;2,6884;4,4251;1,521;6,5289;2025-10-05;2026-10-04
ATP;Patrick Kypson;52;All;ALL;30;8,1814;13,198;2,9674;6,3414;2025-10-05;2026-10-04
ATP;Pavel Kotov;52;All;ALL;41;9,0068;6,1538;3,2396;6,2561;2025-10-05;2026-10-04
ATP;Pedro Boscardin Dias;52;All;ALL;58;3,7776;3,3275;4,3407;6,7758;2025-10-05;2026-10-04
ATP;Pedro Martinez;52;All;ALL;48;2,0533;7,1812;3,2485;6,4614;2025-10-05;2026-10-04
ATP;Petr Bar Biryukov;52;All;ALL;66;13,5493;6,655;6,6626;6,3575;2025-10-05;2026-10-04
ATP;Philip Henning;52;All;ALL;72;4,8748;5,8132;2,526;6,2768;2025-10-05;2026-10-04
ATP;Pierre Hugues Herbert;52;All;ALL;17;9,1386;7,2261;6,8165;6,4806;2025-10-05;2026-10-04
ATP;Pol Martin Tiffon;52;All;ALL;48;4,3946;6,1685;4,3655;6,6077;2025-10-05;2026-10-04
ATP;Quentin Halys;52;All;ALL;48;13,2626;9,4873;3,8727;6,3682;2025-10-05;2026-10-04
ATP;Rafael Jodar;52;All;ALL;67;5,925;5,7185;2,451;6,3235;2025-10-05;2026-10-04
ATP;Raphael Collignon;52;All;ALL;52;8,8539;6,7469;5,7563;6,3197;2025-10-05;2026-10-04
ATP;Raphael Perot;52;All;ALL;56;2,688;5,1446;3,2567;6,5355;2025-10-05;2026-10-04
ATP;Raul Brancaccio;52;All;ALL;58;3,338;4,594;3,7348;6,5605;2025-10-05;2026-10-04
ATP;Rei Sakamoto;52;All;ALL;45;11,0341;6,6485;2,7152;6,2604;2025-10-05;2026-10-04
ATP;Reilly Opelka;52;All;ALL;19;26,1199;8,7683;4,9621;5,9467;2025-10-05;2026-10-04
ATP;Remy Bertola;52;All;ALL;46;6,5665;6,0205;4,9176;6,4809;2025-10-05;2026-10-04
ATP;Rinky Hijikata;52;All;ALL;60;5,503;10,0269;3,2459;6,5337;2025-10-05;2026-10-04
ATP;Rio Noguchi;52;All;ALL;54;1,9215;6,4055;2,3219;6,4603;2025-10-05;2026-10-04
ATP;Roberto Bautista Agut;52;All;ALL;23;3,9427;11,9785;2,4492;6,3409;2025-10-05;2026-10-04
ATP;Roberto Carballes Baena;52;All;ALL;31;4,3654;5,7551;3,2853;6,2416;2025-10-05;2026-10-04
ATP;Rodrigo Pacheco Mendez;52;All;ALL;54;7,1429;9,4591;4,1919;6,2625;2025-10-05;2026-10-04
ATP;Roman Andres Burruchaga;52;All;ALL;60;3,4184;3,8563;4,7174;6,4911;2025-10-05;2026-10-04
ATP;Roman Safiullin;52;All;ALL;41;7,6782;7,8532;3,1814;6,2987;2025-10-05;2026-10-04
ATP;Sascha Gueymard Wayenburg;52;All;ALL;50;9,956;5,3938;4,0429;6,4354;2025-10-05;2026-10-04
ATP;Sebastian Baez;52;All;ALL;61;2,5214;8,5747;2,6139;6,4522;2025-10-05;2026-10-04
ATP;Sebastian Korda;52;All;ALL;32;12,7165;7,3246;2,9996;6,0076;2025-10-05;2026-10-04
ATP;Sebastian Ofner;52;All;ALL;45;10,0152;5,8478;3,8661;6,354;2025-10-05;2026-10-04
ATP;Sergey Fomin;52;All;ALL;58;6,6552;7,1639;4,184;6,376;2025-10-05;2026-10-04
ATP;Shintaro Mochizuki;52;All;ALL;39;4,4781;9,0849;6,0257;6,6747;2025-10-05;2026-10-04
ATP;Sho Shimabukuro;52;All;ALL;56;8,7176;7,7551;4,2747;6,416;2025-10-05;2026-10-04
ATP;Soon Woo Kwon;52;All;ALL;27;11,1415;8,438;6,2261;6,3576;2025-10-05;2026-10-04
ATP;Stan Wawrinka;52;All;ALL;32;8,9818;9,8964;2,9482;6,5551;2025-10-05;2026-10-04
ATP;Stefan Kozlov;52;All;ALL;43;3,8807;4,7888;4,8428;6,3633;2025-10-05;2026-10-04
ATP;Stefano Napolitano;52;All;ALL;47;6,5955;9,9441;2,5754;6,2431;2025-10-05;2026-10-04
ATP;Stefano Travaglia;52;All;ALL;49;7,3739;4,5936;2,7397;6,3186;2025-10-05;2026-10-04
ATP;Stefanos Sakellaridis;52;All;ALL;56;8,7052;3,6772;3,7552;6,2802;2025-10-05;2026-10-04
ATP;Stefanos Tsitsipas;52;All;ALL;46;9,6343;6,6065;3,1932;6,1684;2025-10-05;2026-10-04
ATP;Sumit Nagal;52;All;ALL;38;2,2573;5,5514;3,2731;6,4048;2025-10-05;2026-10-04
ATP;Tallon Griekspoor;52;All;ALL;38;10,9479;13,2148;4,0574;6,109;2025-10-05;2026-10-04
ATP;Taro Daniel;52;All;ALL;37;5,8135;8,9558;1,9253;6,3831;2025-10-05;2026-10-04
ATP;Taylor Fritz;52;All;ALL;56;17,1858;10,0491;2,3845;6,085;2025-10-05;2026-10-04
ATP;Terence Atmane;52;All;ALL;42;9,5812;8,5668;3,3745;6,2741;2025-10-05;2026-10-04
ATP;Thiago Agustin Tirante;52;All;ALL;49;11,1803;6,2786;3,7645;6,0809;2025-10-05;2026-10-04
ATP;Thiago Monteiro;52;All;ALL;40;4,9848;5,8803;2,4587;6,4403;2025-10-05;2026-10-04
ATP;Thiago Seyboth Wild;52;All;ALL;40;8,2127;6,344;3,2923;6,2818;2025-10-05;2026-10-04
ATP;Timofey Skatov;52;All;ALL;49;3,8351;8,0742;3,7197;6,5066;2025-10-05;2026-10-04
ATP;Titouan Droguet;52;All;ALL;66;10,3238;5,3657;2,9048;6,4331;2025-10-05;2026-10-04
ATP;Toby Samuel;52;All;ALL;69;5,4545;3,1993;3,2997;6,2835;2025-10-05;2026-10-04
ATP;Tom Gentzsch;52;All;ALL;65;7,6207;4,5157;4,4735;6,5953;2025-10-05;2026-10-04
ATP;Tomas Barrios Vera;52;All;ALL;50;3,8567;6,2228;2,5438;6,5053;2025-10-05;2026-10-04
ATP;Tomas Machac;52;All;ALL;28;6,1161;8,1529;3,4375;6,4928;2025-10-05;2026-10-04
ATP;Tomas Martin Etcheverry;52;All;ALL;57;8,3135;8,433;2,2299;6,2588;2025-10-05;2026-10-04
ATP;Tommy Paul;52;All;ALL;53;8,3101;7,0541;2,3277;6,2442;2025-10-05;2026-10-04
ATP;Tristan Boyer;52;All;ALL;35;3,7179;3,9596;2,9513;6,49;2025-10-05;2026-10-04
ATP;Tristan Schoolkate;52;All;ALL;47;10,5882;8,8227;4,0219;6,3126;2025-10-05;2026-10-04
ATP;Ugo Humbert;52;All;ALL;54;9,2695;7,7302;3,9043;6,252;2025-10-05;2026-10-04
ATP;Valentin Royer;52;All;ALL;54;6,574;7,8823;2,7097;6,6209;2025-10-05;2026-10-04
ATP;Valentin Vacherot;52;All;ALL;37;11,8329;9,1484;4,2758;6,2854;2025-10-05;2026-10-04
ATP;Vilius Gaubas;52;All;ALL;37;3,6405;5,3051;3,083;6,7307;2025-10-05;2026-10-04
ATP;Vit Kopriva;52;All;ALL;53;5,3638;8,8353;4,4344;6,4376;2025-10-05;2026-10-04
ATP;Vitaliy Sachko;52;All;ALL;38;5,2933;6,1039;2,897;6,4128;2025-10-05;2026-10-04
ATP;Yannick Hanfmann;52;All;ALL;49;11,3254;8,9613;2,9209;6,1508;2025-10-05;2026-10-04
ATP;Yi Zhou;52;All;ALL;45;9,17;6,829;3,7924;6,3956;2025-10-05;2026-10-04
ATP;Yibing Wu;52;All;ALL;28;5,8557;8,37;2,8597;6,2943;2025-10-05;2026-10-04
ATP;Yoshihito Nishioka;52;All;ALL;14;4,1456;7,1639;1,6178;6,1049;2025-10-05;2026-10-04
ATP;Yu Hsiou Hsu;52;All;ALL;57;3,8235;6,856;2,4634;6,5386;2025-10-05;2026-10-04
ATP;Zachary Svajda;52;All;ALL;26;7,3952;11,079;3,203;6,3185;2025-10-05;2026-10-04
ATP;Zdenek Kolar;52;All;ALL;63;3,2616;5,374;5,081;6,4386;2025-10-05;2026-10-04
ATP;Zhizhen Zhang;52;All;ALL;33;10,5924;11,6532;2,3931;6,5359;2025-10-05;2026-10-04
ATP;Zizou Bergs;52;All;ALL;49;9,0113;6,4222;5,8323;6,3818;2025-10-05;2026-10-04
ATP;Zsombor Piros;52;All;ALL;48;5,4261;5,1773;2,8605;6,5337;2025-10-05;2026-10-04
ATP;Adam Walton;52;Hard;ATP;22;9,3403;11,7258;2,1016;6,5632;2025-10-05;2026-10-04
ATP;Adolfo Daniel Vallejo;52;Hard;ATP;11;5,6579;8,3333;4,7368;6,6087;2025-10-05;2026-10-04
ATP;Adrian Mannarino;52;Hard;ATP;25;7,2309;13,5974;2,7852;6,2651;2025-10-05;2026-10-04
ATP;Alejandro Davidovich Fokina;52;Hard;ATP;31;6,5002;13,3646;2,3246;6,3644;2025-10-05;2026-10-04
ATP;Alejandro Tabilo;52;Hard;ATP;25;9,354;13,8095;2,7907;6,1429;2025-10-05;2026-10-04
ATP;Aleksandar Kovacevic;52;Hard;ATP;32;14,9151;15,6436;4,7292;6,2005;2025-10-05;2026-10-04
ATP;Aleksandar Vukic;52;Hard;ATP;17;8,6145;14,094;2,369;6,6333;2025-10-05;2026-10-04
ATP;Alex Bolt;52;Hard;ATP;1;10,0;5,9701;1,6667;6,6667;2025-10-05;2026-10-04
ATP;Alex De Minaur;52;Hard;ATP;36;6,4387;8,069;3,8923;6,3341;2025-10-05;2026-10-04
ATP;Alex Michelsen;52;Hard;ATP;39;8,1795;8,9731;3,4691;6,3475;2025-10-05;2026-10-04
ATP;Alex Molcan;52;Hard;ATP;3;4,3062;12,5;1,9139;5,6486;2025-10-05;2026-10-04
ATP;Alexander Blockx;52;Hard;ATP;12;11,2281;4,2096;4,2982;6,2983;2025-10-05;2026-10-04
ATP;Alexander Bublik;52;Hard;ATP;30;14,4742;10,2016;4,5361;6,2179;2025-10-05;2026-10-04
ATP;Alexander Shevchenko;52;Hard;ATP;16;9,312;8,3274;3,2662;6,6313;2025-10-05;2026-10-04
ATP;Alexander Zverev;52;Hard;ATP;41;13,1533;8,2886;2,7598;5,9442;2025-10-05;2026-10-04
ATP;Alexandre Muller;52;Hard;ATP;16;5,7383;14,5349;2,9839;6,5678;2025-10-05;2026-10-04
ATP;Alexei Popyrin;52;Hard;ATP;19;15,097;12,2807;2,3546;6,0418;2025-10-05;2026-10-04
ATP;Alexis Galarneau;52;Hard;ATP;2;2,3622;6,4;7,874;6,6842;2025-10-05;2026-10-04
ATP;Andrea Guerrieri;52;Hard;ATP;1;2,6316;7,1429;2,6316;5,8462;2025-10-05;2026-10-04
ATP;Andrey Rublev;52;Hard;ATP;31;10,9507;10,1149;3,2491;6,1708;2025-10-05;2026-10-04
ATP;Arthur Cazaux;52;Hard;ATP;7;14,914;5,5449;1,912;6,5375;2025-10-05;2026-10-04
ATP;Arthur Fery;52;Hard;ATP;13;4,9422;7,2464;2,3134;6,298;2025-10-05;2026-10-04
ATP;Arthur Fils;52;Hard;ATP;32;9,095;8,4829;3,1517;6,3097;2025-10-05;2026-10-04
ATP;Arthur Gea;52;Hard;ATP;16;6,3346;5,695;5,1046;6,4524;2025-10-05;2026-10-04
ATP;Arthur Rinderknech;52;Hard;ATP;20;13,1034;7,5502;3,183;6,5909;2025-10-05;2026-10-04
ATP;Ben Shelton;52;Hard;ATP;37;11,7061;7,5403;3,0199;6,0263;2025-10-05;2026-10-04
ATP;Benjamin Bonzi;52;Hard;ATP;15;8,0365;10,1887;3,894;6,0653;2025-10-05;2026-10-04
ATP;Bernard Tomic;52;Hard;ATP;4;11,3537;4,9327;3,9301;7,1562;2025-10-05;2026-10-04
ATP;Billy Harris;52;Hard;ATP;2;5,2288;5,9211;3,9216;6,12;2025-10-05;2026-10-04
ATP;Botic Van De Zandschulp;52;Hard;ATP;33;10,0207;9,0169;6,1161;6,5624;2025-10-05;2026-10-04
ATP;Brandon Nakashima;52;Hard;ATP;41;14,2237;11,1969;1,5025;6,1499;2025-10-05;2026-10-04
ATP;Bu Yunchaokete;52;Hard;ATP;8;8,8722;12,7436;3,1579;6,215;2025-10-05;2026-10-04
ATP;Cameron Norrie;52;Hard;ATP;37;6,3967;10,9126;2,7322;6,375;2025-10-05;2026-10-04
ATP;Camilo Ugo Carabelli;52;Hard;ATP;15;5,0134;12,207;4,4763;6,6886;2025-10-05;2026-10-04
ATP;Carlos Alcaraz;52;Hard;ATP;27;5,6261;4,9745;2,8342;6,2706;2025-10-05;2026-10-04
ATP;Casper Ruud;52;Hard;ATP;26;9,854;12,3258;2,7112;6,2885;2025-10-05;2026-10-04
ATP;Christopher Oconnell;52;Hard;ATP;11;11,1973;10,4067;1,8847;6,8855;2025-10-05;2026-10-04
ATP;Chun Hsin Tseng;52;Hard;ATP;1;0,0;0,0;8,7719;6,3333;2025-10-05;2026-10-04
ATP;Clement Tabur;52;Hard;ATP;3;5,1181;8,6275;3,1496;6,0476;2025-10-05;2026-10-04
ATP;Coleman Wong;52;Hard;ATP;16;12,98;9,0119;3,3794;6,3204;2025-10-05;2026-10-04
ATP;Corentin Moutet;52;Hard;ATP;23;4,9097;6,2463;3,8375;6,7634;2025-10-05;2026-10-04
ATP;Cristian Garin;52;Hard;ATP;1;9,0909;14,8515;4,5455;7,3333;2025-10-05;2026-10-04
ATP;Dalibor Svrcina;52;Hard;ATP;11;4,3165;7,6465;8,8386;6,8042;2025-10-05;2026-10-04
ATP;Damir Dzumhur;52;Hard;ATP;15;2,3888;10,76;2,4712;6,492;2025-10-05;2026-10-04
ATP;Dane Sweeny;52;Hard;ATP;7;3,5826;11,828;4,3614;6,6186;2025-10-05;2026-10-04
ATP;Daniel Altmaier;52;Hard;ATP;21;9,847;9,1549;4,7239;6,68;2025-10-05;2026-10-04
ATP;Daniel Merida Aguilar;52;Hard;ATP;12;5,5315;5,4407;5,0976;6,493;2025-10-05;2026-10-04
ATP;Daniil Medvedev;52;Hard;ATP;47;12,5313;4,8199;5,3348;6,3587;2025-10-05;2026-10-04
ATP;Darwin Blanch;52;Hard;ATP;5;5,3977;12,4611;4,5455;6,4;2025-10-05;2026-10-04
ATP;Denis Shapovalov;52;Hard;ATP;36;10,9515;3,6174;6,7145;6,1615;2025-10-05;2026-10-04
ATP;Dino Prizmic;52;Hard;ATP;6;5,6146;9,063;6,2215;6,2762;2025-10-05;2026-10-04
ATP;Elias Ymer;52;Hard;ATP;5;6,7183;5,5961;2,8424;6,45;2025-10-05;2026-10-04
ATP;Eliot Spizzirri;52;Hard;ATP;13;10,4506;9,2401;1,3423;5,9261;2025-10-05;2026-10-04
ATP;Emilio Nava;52;Hard;ATP;5;12,4783;6,0449;3,1196;6,5568;2025-10-05;2026-10-04
ATP;Ethan Quinn;52;Hard;ATP;12;9,6998;11,323;3,9261;6,4627;2025-10-05;2026-10-04
ATP;Fabian Marozsan;52;Hard;ATP;27;6,0171;9,4306;2,5146;6,2732;2025-10-05;2026-10-04
ATP;Facundo Diaz Acosta;52;Hard;ATP;1;9,5238;13,0435;5,5556;6,3;2025-10-05;2026-10-04
ATP;Fajing Sun;52;Hard;ATP;1;7,5472;13,1579;1,8868;7,5714;2025-10-05;2026-10-04
ATP;Federico Cina;52;Hard;ATP;4;5,988;5,802;2,0958;7,4222;2025-10-05;2026-10-04
ATP;Felix Auger Aliassime;52;Hard;ATP;40;15,5086;7,6521;4,0831;6,0172;2025-10-05;2026-10-04
ATP;Felix Balshaw;52;Hard;ATP;1;6,7797;14,5161;3,3898;5,3636;2025-10-05;2026-10-04
ATP;Flavio Cobolli;52;Hard;ATP;33;8,547;8,7139;3,5674;6,4843;2025-10-05;2026-10-04
ATP;Frances Tiafoe;52;Hard;ATP;39;7,4804;13,9788;2,41;6,3519;2025-10-05;2026-10-04
ATP;Francesco Maestrelli;52;Hard;ATP;3;15,1007;8,0268;4,698;6,4783;2025-10-05;2026-10-04
ATP;Francesco Passaro;52;Hard;ATP;2;5,6911;12,931;4,878;7,0286;2025-10-05;2026-10-04
ATP;Francisco Cerundolo;52;Hard;ATP;26;5,6944;6,4325;3,6111;6,3717;2025-10-05;2026-10-04
ATP;Francisco Comesana;52;Hard;ATP;13;9,6953;7,796;3,9705;6,3333;2025-10-05;2026-10-04
ATP;Gabriel Diallo;52;Hard;ATP;19;11,2314;8,5183;3,6536;6,4541;2025-10-05;2026-10-04
ATP;Gael Monfils;52;Hard;ATP;11;9,3688;4,4088;5,7199;6,8514;2025-10-05;2026-10-04
ATP;Giovanni Mpetshi Perricard;52;Hard;ATP;24;20,1558;9,6757;4,2078;6,2704;2025-10-05;2026-10-04
ATP;Grigor Dimitrov;52;Hard;ATP;11;10,4966;11,9767;6,2077;6,3741;2025-10-05;2026-10-04
ATP;Hamad Medjedovic;52;Hard;ATP;12;10,9815;14,1962;5,0534;6,906;2025-10-05;2026-10-04
ATP;Harry Wendelken;52;Hard;ATP;1;7,874;10,0;5,5118;7,0556;2025-10-05;2026-10-04
ATP;Holger Rune;52;Hard;ATP;4;10,2881;4,6595;5,3498;6,075;2025-10-05;2026-10-04
ATP;Hubert Hurkacz;52;Hard;ATP;26;16,7479;9,3972;3,2787;6,3045;2025-10-05;2026-10-04
ATP;Hugo Gaston;52;Hard;ATP;8;3,5654;10,5556;3,2258;6,6932;2025-10-05;2026-10-04
ATP;Hugo Grenier;52;Hard;ATP;3;11,2613;3,4934;5,8559;6,1667;2025-10-05;2026-10-04
ATP;Ignacio Buse;52;Hard;ATP;11;6,3001;5,4545;2,6346;6,2806;2025-10-05;2026-10-04
ATP;J J Wolf;52;Hard;ATP;2;4,7619;15,8228;3,1746;6,5172;2025-10-05;2026-10-04
ATP;Jack Draper;52;Hard;ATP;9;10,5341;11,8402;4,5994;6,1273;2025-10-05;2026-10-04
ATP;Jack Pinnington Jones;52;Hard;ATP;3;13,3333;17,0103;6,1905;6,3636;2025-10-05;2026-10-04
ATP;Jacob Fearnley;52;Hard;ATP;14;5,6904;8,9565;8,4519;6,6389;2025-10-05;2026-10-04
ATP;Jaime Faria;52;Hard;ATP;13;8,4219;6,0633;7,2772;6,5401;2025-10-05;2026-10-04
ATP;Jakub Mensik;52;Hard;ATP;36;14,5847;5,8708;5,2159;6,219;2025-10-05;2026-10-04
ATP;James Duckworth;52;Hard;ATP;26;9,5057;9,3992;4,6103;6,6164;2025-10-05;2026-10-04
ATP;Jan Choinski;52;Hard;ATP;6;7,8902;14,8699;3,6021;6,7011;2025-10-05;2026-10-04
ATP;Jan Lennard Struff;52;Hard;ATP;18;10,5697;10,2326;4,5985;6,2;2025-10-05;2026-10-04
ATP;Jannik Sinner;52;Hard;ATP;31;14,8571;7,0909;1,7143;5,6287;2025-10-05;2026-10-04
ATP;Jaume Munar;52;Hard;ATP;20;9,0278;7,1553;3,1566;6,1158;2025-10-05;2026-10-04
ATP;Jenson Brooksby;52;Hard;ATP;25;4,4828;7,518;2,1264;6,259;2025-10-05;2026-10-04
ATP;Jesper De Jong;52;Hard;ATP;9;6,9588;8,5302;7,0876;6,3607;2025-10-05;2026-10-04
ATP;Jiri Lehecka;52;Hard;ATP;33;10,1633;8,3433;2,0816;6,25;2025-10-05;2026-10-04
ATP;Joao Fonseca;52;Hard;ATP;18;7,8814;11,1444;2,7477;6,4626;2025-10-05;2026-10-04
ATP;Juan Manuel Cerundolo;52;Hard;ATP;14;8,1105;7,5092;3,7433;6,4114;2025-10-05;2026-10-04
ATP;Juncheng Shang;52;Hard;ATP;16;5,4138;10,9299;3,2483;6,5635;2025-10-05;2026-10-04
ATP;Jurij Rodionov;52;Hard;ATP;3;10,0746;11,0204;2,2388;6,7;2025-10-05;2026-10-04
ATP;Kamil Majchrzak;52;Hard;ATP;25;7,7778;12,0736;2,4889;6,6964;2025-10-05;2026-10-04
ATP;Karen Khachanov;52;Hard;ATP;30;10,1393;9,1757;2,709;6,1966;2025-10-05;2026-10-04
ATP;Kyrian Jacquet;52;Hard;ATP;12;11,1562;7,7479;3,854;6,5298;2025-10-05;2026-10-04
ATP;Laslo Djere;52;Hard;ATP;4;6,2827;10,9145;2,6178;7,0741;2025-10-05;2026-10-04
ATP;Learner Tien;52;Hard;ATP;36;7,8349;8,9147;4,5839;6,3162;2025-10-05;2026-10-04
ATP;Liam Draxl;52;Hard;ATP;3;4,3165;6,8966;3,2374;6,619;2025-10-05;2026-10-04
ATP;Lloyd Harris;52;Hard;ATP;5;18,4652;11,5663;2,6379;6,2239;2025-10-05;2026-10-04
ATP;Lorenzo Musetti;52;Hard;ATP;32;6,856;7,0925;3,4888;6,1471;2025-10-05;2026-10-04
ATP;Lorenzo Sonego;52;Hard;ATP;24;9,5263;5,36;2,5013;6,2633;2025-10-05;2026-10-04
ATP;Luca Nardi;52;Hard;ATP;6;7,4246;9,7345;3,0162;5,9861;2025-10-05;2026-10-04
ATP;Luca Van Assche;52;Hard;ATP;7;5,5743;10,9121;4,7297;6,7273;2025-10-05;2026-10-04
ATP;Luciano Darderi;52;Hard;ATP;26;8,9767;12,4468;3,9048;6,6507;2025-10-05;2026-10-04
ATP;Luka Pavlovic;52;Hard;ATP;1;10,5263;8,9552;1,3158;7,6;2025-10-05;2026-10-04
ATP;Mackenzie Mcdonald;52;Hard;ATP;7;6,6406;15,0424;2,9297;6,5641;2025-10-05;2026-10-04
ATP;Marco Trungelliti;52;Hard;ATP;4;7,7519;12,1287;5,6848;6,3443;2025-10-05;2026-10-04
ATP;Marcos Giron;52;Hard;ATP;26;6,988;11,8836;2,4578;6,5047;2025-10-05;2026-10-04
ATP;Mariano Navone;52;Hard;ATP;16;3,4338;8,6069;3,0834;6,6372;2025-10-05;2026-10-04
ATP;Marin Cilic;52;Hard;ATP;21;14,2509;14,433;3,9586;6,4901;2025-10-05;2026-10-04
ATP;Mark Lajal;52;Hard;ATP;2;8,2803;8,2803;2,5478;5,8148;2025-10-05;2026-10-04
ATP;Martin Damm;52;Hard;ATP;16;17,8603;11,1014;4,6861;6,0481;2025-10-05;2026-10-04
ATP;Martin Landaluce;52;Hard;ATP;12;6,2911;7,7358;6,9484;6,5741;2025-10-05;2026-10-04
ATP;Marton Fucsovics;52;Hard;ATP;18;5,5053;6,7532;4,9302;6,508;2025-10-05;2026-10-04
ATP;Matteo Arnaldi;52;Hard;ATP;13;7,7603;8,1888;5,4028;6,2073;2025-10-05;2026-10-04
ATP;Matteo Berrettini;52;Hard;ATP;20;12,9618;7,3279;2,2683;6,2724;2025-10-05;2026-10-04
ATP;Mattia Bellucci;52;Hard;ATP;17;9,7519;9,3356;4,4482;6,4231;2025-10-05;2026-10-04
ATP;Michael Mmoh;52;Hard;ATP;3;12,5654;11,5385;3,6649;6,8214;2025-10-05;2026-10-04
ATP;Michael Zheng;52;Hard;ATP;14;4,9451;7,8448;3,5322;6,6702;2025-10-05;2026-10-04
ATP;Miomir Kecmanovic;52;Hard;ATP;32;7,2045;13,8369;3,1895;6,4528;2025-10-05;2026-10-04
ATP;Moise Kouame;52;Hard;ATP;5;8,0;8,8571;8,2667;6,6964;2025-10-05;2026-10-04
ATP;Nicolai Budkov Kjaer;52;Hard;ATP;4;5,2632;20,6422;2,834;6,0244;2025-10-05;2026-10-04
ATP;Nicolas Mejia;52;Hard;ATP;3;3,4483;5,9091;3,4483;6,8235;2025-10-05;2026-10-04
ATP;Nikoloz Basilashvili;52;Hard;ATP;8;12,9436;10,2564;3,7578;5,8415;2025-10-05;2026-10-04
ATP;Nishesh Basavareddy;52;Hard;ATP;3;12,1813;17,4263;4,2493;5,9831;2025-10-05;2026-10-04
ATP;Novak Djokovic;52;Hard;ATP;17;9,0791;10,1202;3,2425;6,1928;2025-10-05;2026-10-04
ATP;Nuno Borges;52;Hard;ATP;28;8,6918;11,9875;2,8674;6,2697;2025-10-05;2026-10-04
ATP;Otto Virtanen;52;Hard;ATP;2;12,3404;12,5;2,9787;6,9118;2025-10-05;2026-10-04
ATP;Pablo Carreno Busta;52;Hard;ATP;13;3,4649;13,8672;3,9461;6,4938;2025-10-05;2026-10-04
ATP;Patrick Kypson;52;Hard;ATP;5;8,3135;19,8433;3,5629;6,2836;2025-10-05;2026-10-04
ATP;Pedro Martinez;52;Hard;ATP;4;3,0075;19,8157;4,1353;7,1892;2025-10-05;2026-10-04
ATP;Pierre Hugues Herbert;52;Hard;ATP;2;2,7972;8,3333;8,3916;6,5;2025-10-05;2026-10-04
ATP;Quentin Halys;52;Hard;ATP;27;13,7627;10,5525;3,2642;6,5144;2025-10-05;2026-10-04
ATP;Rafael Jodar;52;Hard;ATP;26;5,0131;6,4143;3,1854;6,4915;2025-10-05;2026-10-04
ATP;Raphael Collignon;52;Hard;ATP;17;9,0215;8,5064;6,3151;6,5204;2025-10-05;2026-10-04
ATP;Rei Sakamoto;52;Hard;ATP;7;12,749;9,429;1,992;6,275;2025-10-05;2026-10-04
ATP;Reilly Opelka;52;Hard;ATP;17;27,017;8,6207;4,7372;5,9254;2025-10-05;2026-10-04
ATP;Remy Bertola;52;Hard;ATP;1;5,5556;8,9286;5,5556;6,0;2025-10-05;2026-10-04
ATP;Rinky Hijikata;52;Hard;ATP;25;5,8163;11,187;3,7245;6,4686;2025-10-05;2026-10-04
ATP;Roberto Bautista Agut;52;Hard;ATP;9;5,3901;14,6175;1,1348;6,2389;2025-10-05;2026-10-04
ATP;Roberto Carballes Baena;52;Hard;ATP;1;12,963;16,6667;3,7037;5,4;2025-10-05;2026-10-04
ATP;Rodrigo Pacheco Mendez;52;Hard;ATP;3;4,8673;8,8462;4,4248;6,2778;2025-10-05;2026-10-04
ATP;Roman Andres Burruchaga;52;Hard;ATP;3;8,2988;13,4328;4,9793;6,025;2025-10-05;2026-10-04
ATP;Roman Safiullin;52;Hard;ATP;8;11,5192;10,6897;3,5058;6,2396;2025-10-05;2026-10-04
ATP;Sebastian Baez;52;Hard;ATP;26;2,7734;11,3945;2,6688;6,5;2025-10-05;2026-10-04
ATP;Sebastian Korda;52;Hard;ATP;27;13,2302;7,7338;2,8957;5,9436;2025-10-05;2026-10-04
ATP;Sebastian Ofner;52;Hard;ATP;1;9,6154;3,0769;3,8462;5,7778;2025-10-05;2026-10-04
ATP;Shintaro Mochizuki;52;Hard;ATP;10;4,8518;12,6174;6,469;6,625;2025-10-05;2026-10-04
ATP;Sho Shimabukuro;52;Hard;ATP;12;8,351;9,1837;5,7082;6,6154;2025-10-05;2026-10-04
ATP;Soon Woo Kwon;52;Hard;ATP;1;3,0612;0,9091;5,102;6,5333;2025-10-05;2026-10-04
ATP;Stan Wawrinka;52;Hard;ATP;19;10,2417;11,4922;2,8769;6,437;2025-10-05;2026-10-04
ATP;Stefanos Sakellaridis;52;Hard;ATP;1;16,3934;6,25;3,2787;6,1;2025-10-05;2026-10-04
ATP;Stefanos Tsitsipas;52;Hard;ATP;29;10,1128;6,718;3,6458;6,144;2025-10-05;2026-10-04
ATP;Tallon Griekspoor;52;Hard;ATP;25;12,4096;15,9239;3,7841;5,9307;2025-10-05;2026-10-04
ATP;Taro Daniel;52;Hard;ATP;2;7,5269;10,9827;1,6129;6,6429;2025-10-05;2026-10-04
ATP;Taylor Fritz;52;Hard;ATP;38;16,6507;10,0615;2,6794;6,1591;2025-10-05;2026-10-04
ATP;Terence Atmane;52;Hard;ATP;25;9,9849;9,111;4,014;6,327;2025-10-05;2026-10-04
ATP;Thiago Agustin Tirante;52;Hard;ATP;15;13,6325;5,9668;4,5724;5,9949;2025-10-05;2026-10-04
ATP;Timofey Skatov;52;Hard;ATP;1;5,0633;5,9406;1,2658;5,6429;2025-10-05;2026-10-04
ATP;Titouan Droguet;52;Hard;ATP;8;14,8876;10,4372;3,2303;6,781;2025-10-05;2026-10-04
ATP;Toby Samuel;52;Hard;ATP;2;4,9689;5,3333;3,7267;5,963;2025-10-05;2026-10-04
ATP;Tomas Barrios Vera;52;Hard;ATP;2;4,9296;17,0213;2,8169;5,9167;2025-10-05;2026-10-04
ATP;Tomas Machac;52;Hard;ATP;19;7,0861;9,1873;3,1788;6,5939;2025-10-05;2026-10-04
ATP;Tomas Martin Etcheverry;52;Hard;ATP;27;10,1518;10,1343;1,9957;6,3324;2025-10-05;2026-10-04
ATP;Tommy Paul;52;Hard;ATP;33;9,1638;9,068;2,2146;6,0485;2025-10-05;2026-10-04
ATP;Tristan Boyer;52;Hard;ATP;2;2,521;12,8571;5,8824;5,95;2025-10-05;2026-10-04
ATP;Tristan Schoolkate;52;Hard;ATP;7;13,0503;9,5694;4,0881;6,0;2025-10-05;2026-10-04
ATP;Ugo Humbert;52;Hard;ATP;34;9,3828;8,203;3,5863;6,1645;2025-10-05;2026-10-04
ATP;Valentin Royer;52;Hard;ATP;22;7,664;11,1369;2,8871;6,7314;2025-10-05;2026-10-04
ATP;Valentin Vacherot;52;Hard;ATP;28;13,4503;9,2399;4,5884;6,2269;2025-10-05;2026-10-04
ATP;Vit Kopriva;52;Hard;ATP;12;5,8104;11,7457;4,2813;6,6284;2025-10-05;2026-10-04
ATP;Vitaliy Sachko;52;Hard;ATP;4;6,8404;11,3793;0,9772;6,2653;2025-10-05;2026-10-04
ATP;Yannick Hanfmann;52;Hard;ATP;15;11,5807;8,5919;3,4658;6,1295;2025-10-05;2026-10-04
ATP;Yi Zhou;52;Hard;ATP;1;7,8125;11,4754;0,0;6,4;2025-10-05;2026-10-04
ATP;Yibing Wu;52;Hard;ATP;12;6,3046;10,4128;2,2308;6,4843;2025-10-05;2026-10-04
ATP;Zachary Svajda;52;Hard;ATP;13;9,3613;13,0081;3,3246;6,4213;2025-10-05;2026-10-04
ATP;Zhizhen Zhang;52;Hard;ATP;9;7,8275;13,6752;1,9169;6,3232;2025-10-05;2026-10-04
ATP;Zizou Bergs;52;Hard;ATP;24;8,4627;7,6305;5,6084;6,5691;2025-10-05;2026-10-04
ATP;Zsombor Piros;52;Hard;ATP;1;7,7778;19,7183;7,7778;7,5;2025-10-05;2026-10-04
ATP;Adam Walton;52;Hard;ALL;51;10,0452;9,8172;2,4183;6,2821;2025-10-05;2026-10-04
ATP;Adolfo Daniel Vallejo;52;Hard;ALL;11;5,6579;8,3333;4,7368;6,6087;2025-10-05;2026-10-04
ATP;Adrian Mannarino;52;Hard;ALL;30;7,1588;12,6477;2,8635;6,243;2025-10-05;2026-10-04
ATP;Alastair Gray;52;Hard;ALL;51;9,3237;6,2787;3,5683;6,4352;2025-10-05;2026-10-04
ATP;Alejandro Davidovich Fokina;52;Hard;ALL;31;6,5002;13,3646;2,3246;6,3644;2025-10-05;2026-10-04
ATP;Alejandro Moro Canas;52;Hard;ALL;30;3,5009;5,9814;2,3788;6,3657;2025-10-05;2026-10-04
ATP;Alejandro Tabilo;52;Hard;ALL;29;9,7988;12,9671;2,5372;6,1951;2025-10-05;2026-10-04
ATP;Aleksandar Kovacevic;52;Hard;ALL;34;15,1087;15,6463;4,6166;6,2109;2025-10-05;2026-10-04
ATP;Aleksandar Vukic;52;Hard;ALL;25;9,0;12,0202;2,25;6,5359;2025-10-05;2026-10-04
ATP;Alex Barrena;52;Hard;ALL;1;1,4493;7,5472;8,6957;8,625;2025-10-05;2026-10-04
ATP;Alex Bolt;52;Hard;ALL;34;11,2749;7,7787;1,9948;6,2156;2025-10-05;2026-10-04
ATP;Alex De Minaur;52;Hard;ALL;40;6,6428;8,1191;3,647;6,3714;2025-10-05;2026-10-04
ATP;Alex Michelsen;52;Hard;ALL;44;8,179;8,8244;3,4768;6,3112;2025-10-05;2026-10-04
ATP;Alex Molcan;52;Hard;ALL;9;6,3158;11,5385;1,7544;6,0638;2025-10-05;2026-10-04
ATP;Alexander Blockx;52;Hard;ALL;39;10,9268;4,544;3,0244;6,2755;2025-10-05;2026-10-04
ATP;Alexander Bublik;52;Hard;ALL;30;14,4742;10,2016;4,5361;6,2179;2025-10-05;2026-10-04
ATP;Alexander Shevchenko;52;Hard;ALL;21;9,2762;8,1868;2,8542;6,8601;2025-10-05;2026-10-04
ATP;Alexander Zverev;52;Hard;ALL;44;13,0641;8,6041;2,6741;5,9536;2025-10-05;2026-10-04
ATP;Alexandre Muller;52;Hard;ALL;20;5,8824;14,7963;2,9412;6,5385;2025-10-05;2026-10-04
ATP;Alexei Popyrin;52;Hard;ALL;23;14,2942;11,5155;2,658;6,1119;2025-10-05;2026-10-04
ATP;Alexis Galarneau;52;Hard;ALL;47;4,522;8,2787;5,4951;6,4704;2025-10-05;2026-10-04
ATP;Andre Ilagan;52;Hard;ALL;66;5,3272;9,5267;2,5339;6,656;2025-10-05;2026-10-04
ATP;Andrea Guerrieri;52;Hard;ALL;28;3,6614;8,3612;5,088;6,5108;2025-10-05;2026-10-04
ATP;Andrea Pellegrino;52;Hard;ALL;3;6,9652;14,7619;3,9801;6,4839;2025-10-05;2026-10-04
ATP;Andres Andrade;52;Hard;ALL;38;4,2665;5,7881;5,8009;6,4231;2025-10-05;2026-10-04
ATP;Andrey Rublev;52;Hard;ALL;31;10,9507;10,1149;3,2491;6,1708;2025-10-05;2026-10-04
ATP;Arthur Cazaux;52;Hard;ALL;13;12,1081;4,9396;1,6216;6,5603;2025-10-05;2026-10-04
ATP;Arthur Fery;52;Hard;ALL;23;4,6313;6,3743;2,7422;6,1925;2025-10-05;2026-10-04
ATP;Arthur Fils;52;Hard;ALL;32;9,095;8,4829;3,1517;6,3097;2025-10-05;2026-10-04
ATP;Arthur Gea;52;Hard;ALL;38;6,3345;4,2305;4,6849;6,4352;2025-10-05;2026-10-04
ATP;Arthur Rinderknech;52;Hard;ALL;20;13,1034;7,5502;3,183;6,5909;2025-10-05;2026-10-04
ATP;August Holmgren;52;Hard;ALL;37;10,2108;5,9792;4,9419;6,4149;2025-10-05;2026-10-04
ATP;Ben Shelton;52;Hard;ALL;40;11,4683;7,8022;3,0119;6,0367;2025-10-05;2026-10-04
ATP;Benjamin Bonzi;52;Hard;ALL;35;8,3211;9,3617;3,461;6,2437;2025-10-05;2026-10-04
ATP;Bernard Tomic;52;Hard;ALL;44;8,4178;9,4345;2,2427;6,4075;2025-10-05;2026-10-04
ATP;Billy Harris;52;Hard;ALL;25;7,2972;8,6591;3,6486;6,6977;2025-10-05;2026-10-04
ATP;Borna Gojo;52;Hard;ALL;40;15,3356;6,2624;4,1611;6,3002;2025-10-05;2026-10-04
ATP;Botic Van De Zandschulp;52;Hard;ALL;33;10,0207;9,0169;6,1161;6,5624;2025-10-05;2026-10-04
ATP;Braden Shick;52;Hard;ALL;66;7,9239;4,9068;3,3719;6,2624;2025-10-05;2026-10-04
ATP;Brandon Nakashima;52;Hard;ALL;41;14,2237;11,1969;1,5025;6,1499;2025-10-05;2026-10-04
ATP;Bu Yunchaokete;52;Hard;ALL;32;8,1046;11,2003;2,4871;6,3716;2025-10-05;2026-10-04
ATP;Buvaysar Gadamauri;52;Hard;ALL;29;6,0502;4,0338;2,9513;6,3137;2025-10-05;2026-10-04
ATP;Cameron Norrie;52;Hard;ALL;37;6,3967;10,9126;2,7322;6,375;2025-10-05;2026-10-04
ATP;Camilo Ugo Carabelli;52;Hard;ALL;17;4,7619;11,5789;4,3514;6,6196;2025-10-05;2026-10-04
ATP;Carl Emil Overbeck;52;Hard;ALL;43;10,5085;6,7919;4,0678;6,0755;2025-10-05;2026-10-04
ATP;Carlos Alcaraz;52;Hard;ALL;32;5,805;5,5213;2,6652;6,3111;2025-10-05;2026-10-04
ATP;Casper Ruud;52;Hard;ALL;26;9,854;12,3258;2,7112;6,2885;2025-10-05;2026-10-04
ATP;Cezar Cretu;52;Hard;ALL;2;0,8065;4,3478;4,8387;6,2;2025-10-05;2026-10-04
ATP;Charles Broom;52;Hard;ALL;61;8,0501;7,9361;2,9405;6,2959;2025-10-05;2026-10-04
ATP;Chris Rodesch;52;Hard;ALL;28;10,7072;5,1174;3,7351;6,2167;2025-10-05;2026-10-04
ATP;Christopher Oconnell;52;Hard;ALL;13;11,7352;10,9769;2,1063;6,8759;2025-10-05;2026-10-04
ATP;Chun Hsin Tseng;52;Hard;ALL;13;5,526;7,6844;1,7003;6,7214;2025-10-05;2026-10-04
ATP;Clement Chidekh;52;Hard;ALL;55;4,8787;7,4287;3,6138;6,3822;2025-10-05;2026-10-04
ATP;Clement Tabur;52;Hard;ALL;27;6,3309;8,3596;2,7264;6,3647;2025-10-05;2026-10-04
ATP;Coleman Wong;52;Hard;ALL;51;12,5595;6,973;3,1994;6,3033;2025-10-05;2026-10-04
ATP;Colton Smith;52;Hard;ALL;30;6,8212;4,1337;3,3437;6,5394;2025-10-05;2026-10-04
ATP;Corentin Moutet;52;Hard;ALL;26;4,7715;6,2105;3,8674;6,7037;2025-10-05;2026-10-04
ATP;Cristian Garin;52;Hard;ALL;2;6,5327;9,2593;5,5276;7,1071;2025-10-05;2026-10-04
ATP;Dalibor Svrcina;52;Hard;ALL;16;3,8905;7,5642;7,781;6,8374;2025-10-05;2026-10-04
ATP;Damir Dzumhur;52;Hard;ALL;19;2,3842;10,0968;2,5204;6,4105;2025-10-05;2026-10-04
ATP;Dane Sweeny;52;Hard;ALL;55;4,6313;8,3052;4,2034;6,5561;2025-10-05;2026-10-04
ATP;Daniel Altmaier;52;Hard;ALL;21;9,847;9,1549;4,7239;6,68;2025-10-05;2026-10-04
ATP;Daniel Merida Aguilar;52;Hard;ALL;24;4,9632;4,8795;4,1667;6,229;2025-10-05;2026-10-04
ATP;Daniel Michalski;52;Hard;ALL;15;4,0892;6,0177;2,1375;6,1839;2025-10-05;2026-10-04
ATP;Daniel Rincon;52;Hard;ALL;20;6,6716;5,1392;2,1994;6,6863;2025-10-05;2026-10-04
ATP;Daniil Glinka;52;Hard;ALL;53;9,5971;6,753;3,7721;6,4627;2025-10-05;2026-10-04
ATP;Daniil Medvedev;52;Hard;ALL;47;12,5313;4,8199;5,3348;6,3587;2025-10-05;2026-10-04
ATP;Darwin Blanch;52;Hard;ALL;39;9,94;6,786;4,4696;6,4752;2025-10-05;2026-10-04
ATP;David Jorda Sanchis;52;Hard;ALL;14;7,644;1,7076;4,0838;6,4527;2025-10-05;2026-10-04
ATP;Denis Shapovalov;52;Hard;ALL;36;10,9515;3,6174;6,7145;6,1615;2025-10-05;2026-10-04
ATP;Diego Dedura Palomero;52;Hard;ALL;8;2,1104;4,1534;2,5974;6,5532;2025-10-05;2026-10-04
ATP;Dino Prizmic;52;Hard;ALL;14;5,7462;7,8773;5,9058;6,3929;2025-10-05;2026-10-04
ATP;Dominic Stricker;52;Hard;ALL;16;11,3139;8,3421;1,2165;5,5918;2025-10-05;2026-10-04
ATP;Dusan Lajovic;52;Hard;ALL;12;4,6436;6,5217;2,9158;6,5211;2025-10-05;2026-10-04
ATP;Edas Butvilas;52;Hard;ALL;38;7,4583;4,7531;2,6345;6,2674;2025-10-05;2026-10-04
ATP;Elias Ymer;52;Hard;ALL;28;7,2693;7,6674;3,7279;6,4639;2025-10-05;2026-10-04
ATP;Eliot Spizzirri;52;Hard;ALL;21;10,1846;10,4018;1,5485;6,0614;2025-10-05;2026-10-04
ATP;Elmer Moller;52;Hard;ALL;5;2,8571;7,5812;6,7857;6,5116;2025-10-05;2026-10-04
ATP;Emilio Nava;52;Hard;ALL;6;11,7284;5,5891;3,0864;6,6122;2025-10-05;2026-10-04
ATP;Ethan Quinn;52;Hard;ALL;17;11,5445;9,5429;3,9002;6,4747;2025-10-05;2026-10-04
ATP;Fabian Marozsan;52;Hard;ALL;27;6,0171;9,4306;2,5146;6,2732;2025-10-05;2026-10-04
ATP;Facundo Diaz Acosta;52;Hard;ALL;6;4,8565;6,9672;4,8565;6,2917;2025-10-05;2026-10-04
ATP;Facundo Mena;52;Hard;ALL;7;13,0518;7,8695;4,2226;6,5125;2025-10-05;2026-10-04
ATP;Fajing Sun;52;Hard;ALL;57;4,9377;10,1164;2,3011;6,5188;2025-10-05;2026-10-04
ATP;Federico Agustin Gomez;52;Hard;ALL;19;10,2216;3,7993;6,7906;6,2735;2025-10-05;2026-10-04
ATP;Federico Cina;52;Hard;ALL;27;6,3325;7,4313;3,1135;6,6028;2025-10-05;2026-10-04
ATP;Felix Auger Aliassime;52;Hard;ALL;44;15,1329;7,7199;3,8237;6,051;2025-10-05;2026-10-04
ATP;Felix Balshaw;52;Hard;ALL;31;9,0909;4,0049;4,8951;6,3733;2025-10-05;2026-10-04
ATP;Felix Gill;52;Hard;ALL;13;5,804;8,6679;2,4738;6,3313;2025-10-05;2026-10-04
ATP;Flavio Cobolli;52;Hard;ALL;33;8,547;8,7139;3,5674;6,4843;2025-10-05;2026-10-04
ATP;Florent Bax;52;Hard;ALL;40;9,4458;5,7206;4,6706;6,5205;2025-10-05;2026-10-04
ATP;Frances Tiafoe;52;Hard;ALL;39;7,4804;13,9788;2,41;6,3519;2025-10-05;2026-10-04
ATP;Francesco Maestrelli;52;Hard;ALL;32;9,7297;5,8673;3,9501;6,571;2025-10-05;2026-10-04
ATP;Francesco Passaro;52;Hard;ALL;16;11,6771;10,2482;3,9185;6,5102;2025-10-05;2026-10-04
ATP;Francisco Cerundolo;52;Hard;ALL;26;5,6944;6,4325;3,6111;6,3717;2025-10-05;2026-10-04
ATP;Francisco Comesana;52;Hard;ALL;14;9,8074;7,4707;3,7653;6,2747;2025-10-05;2026-10-04
ATP;Frederico Ferreira Silva;52;Hard;ALL;27;3,09;6,9018;2,7704;6,2776;2025-10-05;2026-10-04
ATP;Gabriel Diallo;52;Hard;ALL;19;11,2314;8,5183;3,6536;6,4541;2025-10-05;2026-10-04
ATP;Gael Monfils;52;Hard;ALL;11;9,3688;4,4088;5,7199;6,8514;2025-10-05;2026-10-04
ATP;Gauthier Onclin;52;Hard;ALL;53;3,2391;7,5957;3,8869;6,4197;2025-10-05;2026-10-04
ATP;Giovanni Mpetshi Perricard;52;Hard;ALL;24;20,1558;9,6757;4,2078;6,2704;2025-10-05;2026-10-04
ATP;Gonzalo Bueno;52;Hard;ALL;3;0,5376;1,5873;8,0645;6,6429;2025-10-05;2026-10-04
ATP;Grigor Dimitrov;52;Hard;ALL;12;10,3842;11,879;6,3344;6,42;2025-10-05;2026-10-04
ATP;Gustavo Heide;52;Hard;ALL;2;6,383;13,7931;8,5106;6,1304;2025-10-05;2026-10-04
ATP;Hamad Medjedovic;52;Hard;ALL;12;10,9815;14,1962;5,0534;6,906;2025-10-05;2026-10-04
ATP;Harold Mayot;52;Hard;ALL;39;6,6616;5,4035;2,8331;6,1028;2025-10-05;2026-10-04
ATP;Harry Wendelken;52;Hard;ALL;67;6,2189;7,9198;3,7053;6,2789;2025-10-05;2026-10-04
ATP;Hayato Matsuoka;52;Hard;ALL;52;5,1681;5,9096;4,529;6,2483;2025-10-05;2026-10-04
ATP;Henri Squire;52;Hard;ALL;12;9,2941;11,56;3,0588;6,1594;2025-10-05;2026-10-04
ATP;Henrique Rocha;52;Hard;ALL;17;5,6281;4,4575;4,323;6,3854;2025-10-05;2026-10-04
ATP;Henry Searle;52;Hard;ALL;52;8,9188;3,4635;3,3293;6,2841;2025-10-05;2026-10-04
ATP;Holger Rune;52;Hard;ALL;4;10,2881;4,6595;5,3498;6,075;2025-10-05;2026-10-04
ATP;Hubert Hurkacz;52;Hard;ALL;31;16,3587;8,61;3,2717;6,2754;2025-10-05;2026-10-04
ATP;Hugo Gaston;52;Hard;ALL;30;4,9437;8,5466;2,8879;6,2097;2025-10-05;2026-10-04
ATP;Hugo Grenier;52;Hard;ALL;30;11,4677;5,1531;5,0967;6,6012;2025-10-05;2026-10-04
ATP;Hynek Barton;52;Hard;ALL;14;11,7594;2,6817;2,6032;6,7515;2025-10-05;2026-10-04
ATP;Ignacio Buse;52;Hard;ALL;11;6,3001;5,4545;2,6346;6,2806;2025-10-05;2026-10-04
ATP;Igor Ribeiro Marcondes;52;Hard;ALL;25;8,2707;4,1152;3,3493;6,0958;2025-10-05;2026-10-04
ATP;Ilia Simakin;52;Hard;ALL;61;9,0122;4,7966;3,8402;6,372;2025-10-05;2026-10-04
ATP;Ilya Ivashka;52;Hard;ALL;33;7,1429;6,2679;4,128;6,0223;2025-10-05;2026-10-04
ATP;Inaki Montes De La Torre;52;Hard;ALL;27;3,4079;5,7732;6,0529;6,8502;2025-10-05;2026-10-04
ATP;J J Wolf;52;Hard;ALL;24;8,3241;10,5974;3,6384;6,2123;2025-10-05;2026-10-04
ATP;Jack Draper;52;Hard;ALL;9;10,5341;11,8402;4,5994;6,1273;2025-10-05;2026-10-04
ATP;Jack Pinnington Jones;52;Hard;ALL;23;6,7968;8,3271;5,3836;6,6044;2025-10-05;2026-10-04
ATP;Jacob Fearnley;52;Hard;ALL;32;6,2911;7,137;7,648;6,5201;2025-10-05;2026-10-04
ATP;Jaime Faria;52;Hard;ALL;20;8,8593;6,3107;6,8906;6,5417;2025-10-05;2026-10-04
ATP;Jakub Mensik;52;Hard;ALL;36;14,5847;5,8708;5,2159;6,219;2025-10-05;2026-10-04
ATP;James Duckworth;52;Hard;ALL;49;10,1997;9,4792;4,0745;6,4677;2025-10-05;2026-10-04
ATP;James Mccabe;52;Hard;ALL;43;11,3693;4,3665;3,4862;6,3553;2025-10-05;2026-10-04
ATP;Jan Choinski;52;Hard;ALL;12;7,7148;14,2704;2,7344;6,6494;2025-10-05;2026-10-04
ATP;Jan Kumstat;52;Hard;ALL;19;7,5637;4,9167;3,9013;6,28;2025-10-05;2026-10-04
ATP;Jan Lennard Struff;52;Hard;ALL;26;10,5537;10,8478;4,212;6,233;2025-10-05;2026-10-04
ATP;Jannik Sinner;52;Hard;ALL;36;14,5722;7,4931;1,738;5,6954;2025-10-05;2026-10-04
ATP;Jaume Munar;52;Hard;ALL;20;9,0278;7,1553;3,1566;6,1158;2025-10-05;2026-10-04
ATP;Jay Clarke;52;Hard;ALL;24;4,8193;5,3965;4,4177;6,4317;2025-10-05;2026-10-04
ATP;Jay Dylan Hara Friend;52;Hard;ALL;41;6,341;4,3436;4,7881;6,5211;2025-10-05;2026-10-04
ATP;Jenson Brooksby;52;Hard;ALL;25;4,4828;7,518;2,1264;6,259;2025-10-05;2026-10-04
ATP;Jerome Kym;52;Hard;ALL;11;11,0734;8,8477;3,5028;6,1458;2025-10-05;2026-10-04
ATP;Jesper De Jong;52;Hard;ALL;16;6,9284;7,7045;6,6975;6,399;2025-10-05;2026-10-04
ATP;Jiri Lehecka;52;Hard;ALL;33;10,1633;8,3433;2,0816;6,25;2025-10-05;2026-10-04
ATP;Joao Fonseca;52;Hard;ALL;18;7,8814;11,1444;2,7477;6,4626;2025-10-05;2026-10-04
ATP;Joao Lucas Reis Da Silva;52;Hard;ALL;1;4,3478;4,0;0,0;6,9;2025-10-05;2026-10-04
ATP;Joel Schwaerzler;52;Hard;ALL;28;9,2734;7,4951;3,7763;6,4369;2025-10-05;2026-10-04
ATP;Johannus Monday;52;Hard;ALL;42;8,6927;9,5063;3,3693;6,082;2025-10-05;2026-10-04
ATP;Juan Carlos Prado Angelo;52;Hard;ALL;9;2,0408;3,4537;3,4014;6,934;2025-10-05;2026-10-04
ATP;Juan Manuel Cerundolo;52;Hard;ALL;17;7,4866;7,2374;3,5141;6,3237;2025-10-05;2026-10-04
ATP;Juan Manuel La Serna;52;Hard;ALL;3;3,0675;2,7356;4,6012;6,7917;2025-10-05;2026-10-04
ATP;Juncheng Shang;52;Hard;ALL;16;5,4138;10,9299;3,2483;6,5635;2025-10-05;2026-10-04
ATP;Jurij Rodionov;52;Hard;ALL;28;7,6771;7,06;3,9624;6,3094;2025-10-05;2026-10-04
ATP;Kamil Majchrzak;52;Hard;ALL;26;7,7978;12,075;2,3993;6,7457;2025-10-05;2026-10-04
ATP;Karen Khachanov;52;Hard;ALL;30;10,1393;9,1757;2,709;6,1966;2025-10-05;2026-10-04
ATP;Keegan Smith;52;Hard;ALL;65;9,7837;5,4276;2,8763;6,317;2025-10-05;2026-10-04
ATP;Kilian Feldbausch;52;Hard;ALL;2;7,767;8,1481;8,7379;5,7222;2025-10-05;2026-10-04
ATP;Kimmer Coppejans;52;Hard;ALL;16;4,4867;5,7334;3,9544;6,608;2025-10-05;2026-10-04
ATP;Kyrian Jacquet;52;Hard;ALL;32;9,2518;7,658;3,1376;6,4571;2025-10-05;2026-10-04
ATP;Laslo Djere;52;Hard;ALL;12;5,2523;9,684;2,3687;6,6054;2025-10-05;2026-10-04
ATP;Lautaro Midon;52;Hard;ALL;8;4,4597;3,1353;6,0034;6,4066;2025-10-05;2026-10-04
ATP;Leandro Riedi;52;Hard;ALL;16;8,2231;8,1374;2,741;6,3353;2025-10-05;2026-10-04
ATP;Learner Tien;52;Hard;ALL;41;7,7739;9,2425;4,3875;6,2773;2025-10-05;2026-10-04
ATP;Liam Broady;52;Hard;ALL;54;4,4183;5,2333;3,0481;6,3404;2025-10-05;2026-10-04
ATP;Liam Draxl;52;Hard;ALL;36;5,9318;8,1704;3,9546;6,2718;2025-10-05;2026-10-04
ATP;Lloyd Harris;52;Hard;ALL;38;13,0799;5,1405;2,1974;6,2598;2025-10-05;2026-10-04
ATP;Lorenzo Giustino;52;Hard;ALL;23;5,7109;4,472;3,3908;6,8612;2025-10-05;2026-10-04
ATP;Lorenzo Musetti;52;Hard;ALL;35;6,7482;7,4368;3,4854;6,2143;2025-10-05;2026-10-04
ATP;Lorenzo Sonego;52;Hard;ALL;24;9,5263;5,36;2,5013;6,2633;2025-10-05;2026-10-04
ATP;Luca Nardi;52;Hard;ALL;18;5,4459;7,2965;2,9992;6,3668;2025-10-05;2026-10-04
ATP;Luca Van Assche;52;Hard;ALL;35;5,4139;7,5537;4,237;6,5026;2025-10-05;2026-10-04
ATP;Luciano Darderi;52;Hard;ALL;26;8,9767;12,4468;3,9048;6,6507;2025-10-05;2026-10-04
ATP;Luka Mikrut;52;Hard;ALL;8;7,0402;6,2678;3,1609;6,5047;2025-10-05;2026-10-04
ATP;Luka Pavlovic;52;Hard;ALL;19;14,2857;5,4694;5,53;6,3512;2025-10-05;2026-10-04
ATP;Lukas Neumayer;52;Hard;ALL;12;3,9627;11,6137;4,4289;6,6;2025-10-05;2026-10-04
ATP;Mackenzie Mcdonald;52;Hard;ALL;21;6,1625;10,9041;3,1513;6,3186;2025-10-05;2026-10-04
ATP;Maks Kasnikowski;52;Hard;ALL;29;6,3254;7,4213;2,1246;6,4922;2025-10-05;2026-10-04
ATP;Marat Sharipov;52;Hard;ALL;29;15,9533;6,0953;2,6265;6,0828;2025-10-05;2026-10-04
ATP;Marc Andrea Huesler;52;Hard;ALL;20;12,4408;8,6957;3,5159;6,2936;2025-10-05;2026-10-04
ATP;Marco Trungelliti;52;Hard;ALL;5;7,8261;11,0629;5,8696;6,3889;2025-10-05;2026-10-04
ATP;Marcos Giron;52;Hard;ALL;31;6,626;11,2572;2,1951;6,4062;2025-10-05;2026-10-04
ATP;Mariano Navone;52;Hard;ALL;21;2,8619;7,4618;2,8068;6,5833;2025-10-05;2026-10-04
ATP;Marin Cilic;52;Hard;ALL;24;14,5766;13,7211;4,2337;6,4345;2025-10-05;2026-10-04
ATP;Mark Lajal;52;Hard;ALL;52;9,1712;5,3777;3,9971;6,5987;2025-10-05;2026-10-04
ATP;Martin Damm;52;Hard;ALL;32;18,6924;9,6612;4,9144;5,9504;2025-10-05;2026-10-04
ATP;Martin Krumich;52;Hard;ALL;8;9,9237;8,6876;1,7176;6,3133;2025-10-05;2026-10-04
ATP;Martin Landaluce;52;Hard;ALL;26;6,2594;8,1121;5,4582;6,4838;2025-10-05;2026-10-04
ATP;Marton Fucsovics;52;Hard;ALL;18;5,5053;6,7532;4,9302;6,508;2025-10-05;2026-10-04
ATP;Marvin Moeller;52;Hard;ALL;25;6,7922;5,0464;3,5959;6,5618;2025-10-05;2026-10-04
ATP;Matej Dodig;52;Hard;ALL;21;10,4828;7,7341;3,4307;6,5583;2025-10-05;2026-10-04
ATP;Matheus Pucinelli De Almeida;52;Hard;ALL;5;2,7523;6,3401;2,1407;6,2885;2025-10-05;2026-10-04
ATP;Matias Soto;52;Hard;ALL;2;4,9645;14,1026;7,8014;6,1304;2025-10-05;2026-10-04
ATP;Matteo Arnaldi;52;Hard;ALL;13;7,7603;8,1888;5,4028;6,2073;2025-10-05;2026-10-04
ATP;Matteo Berrettini;52;Hard;ALL;20;12,9618;7,3279;2,2683;6,2724;2025-10-05;2026-10-04
ATP;Matteo Martineau;52;Hard;ALL;37;9,1499;6,8061;3,8921;6,5968;2025-10-05;2026-10-04
ATP;Matthew Dellavedova;52;Hard;ALL;114;4,2339;3,596;1,4833;6,2785;2025-10-05;2026-10-04
ATP;Mattia Bellucci;52;Hard;ALL;28;9,3036;7,9432;4,2437;6,2517;2025-10-05;2026-10-04
ATP;Max Alcala Gurri;52;Hard;ALL;1;0,0;0,0;7,1429;6,0;2025-10-05;2026-10-04
ATP;Max Basing;52;Hard;ALL;46;1,3995;4,5682;4,4652;6,5239;2025-10-05;2026-10-04
ATP;Max Hans Rehberg;52;Hard;ALL;13;5,9067;4,5759;2,7979;6,6552;2025-10-05;2026-10-04
ATP;Max Houkes;52;Hard;ALL;22;6,3643;4,3806;3,7915;6,2851;2025-10-05;2026-10-04
ATP;Max Schoenhaus;52;Hard;ALL;18;11,1378;6,5457;3,766;6,209;2025-10-05;2026-10-04
ATP;Maxim Mrva;52;Hard;ALL;24;3,6973;2,676;4,6794;6,6069;2025-10-05;2026-10-04
ATP;Michael Mmoh;52;Hard;ALL;45;8,7235;5,3151;7,2482;6,4689;2025-10-05;2026-10-04
ATP;Michael Zheng;52;Hard;ALL;29;5,6572;6,4224;3,5304;6,6039;2025-10-05;2026-10-04
ATP;Michele Ribecai;52;Hard;ALL;28;2,6096;7,6257;3,6013;6,6298;2025-10-05;2026-10-04
ATP;Mika Brunold;52;Hard;ALL;17;5,8584;3,8607;2,0342;6,6432;2025-10-05;2026-10-04
ATP;Mili Poljicak;52;Hard;ALL;10;11,5132;4,3411;3,4539;6,3333;2025-10-05;2026-10-04
ATP;Miomir Kecmanovic;52;Hard;ALL;34;7,3317;13,3663;3,2781;6,4772;2025-10-05;2026-10-04
ATP;Moise Kouame;52;Hard;ALL;41;5,9055;5,1121;6,378;6,4467;2025-10-05;2026-10-04
ATP;Murphy Cassone;52;Hard;ALL;36;8,4821;7,8064;3,683;6,5401;2025-10-05;2026-10-04
ATP;Nick Hardt;52;Hard;ALL;9;2,2152;4,1118;4,2722;6,7234;2025-10-05;2026-10-04
ATP;Nicolai Budkov Kjaer;52;Hard;ALL;33;7,3567;9,4203;3,4217;6,2681;2025-10-05;2026-10-04
ATP;Nicolas Mejia;52;Hard;ALL;20;6,0786;8,727;2,9652;6,6127;2025-10-05;2026-10-04
ATP;Nikoloz Basilashvili;52;Hard;ALL;13;13,23;9,6045;6,0787;6,2148;2025-10-05;2026-10-04
ATP;Nishesh Basavareddy;52;Hard;ALL;19;8,2734;11,6689;4,4604;6,2896;2025-10-05;2026-10-04
ATP;Novak Djokovic;52;Hard;ALL;17;9,0791;10,1202;3,2425;6,1928;2025-10-05;2026-10-04
ATP;Nuno Borges;52;Hard;ALL;30;9,1253;11,9236;2,9016;6,2744;2025-10-05;2026-10-04
ATP;Oliver Crawford;52;Hard;ALL;35;4,5799;9,4395;3,7505;6,3747;2025-10-05;2026-10-04
ATP;Otto Virtanen;52;Hard;ALL;27;13,9702;6,7859;3,8406;6,1994;2025-10-05;2026-10-04
ATP;Pablo Carreno Busta;52;Hard;ALL;19;3,525;12,8894;3,0303;6,5202;2025-10-05;2026-10-04
ATP;Pablo Llamas Ruiz;52;Hard;ALL;14;3,3042;5,2885;1,9436;6,5962;2025-10-05;2026-10-04
ATP;Patrick Kypson;52;Hard;ALL;24;8,2293;12,8523;3,0647;6,3154;2025-10-05;2026-10-04
ATP;Pavel Kotov;52;Hard;ALL;34;9,961;6,7957;3,2915;6,1903;2025-10-05;2026-10-04
ATP;Pedro Boscardin Dias;52;Hard;ALL;1;4,1096;16,0;10,9589;8,1111;2025-10-05;2026-10-04
ATP;Pedro Martinez;52;Hard;ALL;16;4,0566;10,7175;4,434;6,5031;2025-10-05;2026-10-04
ATP;Petr Bar Biryukov;52;Hard;ALL;54;13,9939;7,1802;6,3585;6,2857;2025-10-05;2026-10-04
ATP;Philip Henning;52;Hard;ALL;51;5,1827;5,9743;2,392;6,0442;2025-10-05;2026-10-04
ATP;Pierre Hugues Herbert;52;Hard;ALL;12;9,3989;8,1985;5,5738;6,2245;2025-10-05;2026-10-04
ATP;Pol Martin Tiffon;52;Hard;ALL;16;6,25;8,7719;5,1056;6,4181;2025-10-05;2026-10-04
ATP;Quentin Halys;52;Hard;ALL;30;13,5817;10,6159;3,4856;6,4831;2025-10-05;2026-10-04
ATP;Rafael Jodar;52;Hard;ALL;46;5,9371;6,6497;2,439;6,2949;2025-10-05;2026-10-04
ATP;Raphael Collignon;52;Hard;ALL;29;9,0576;7,6622;6,0842;6,2997;2025-10-05;2026-10-04
ATP;Raphael Perot;52;Hard;ALL;26;3,125;6,2916;3,4274;6,6577;2025-10-05;2026-10-04
ATP;Raul Brancaccio;52;Hard;ALL;13;3,6545;6,1678;4,6512;6,2276;2025-10-05;2026-10-04
ATP;Rei Sakamoto;52;Hard;ALL;38;11,6879;7,012;2,8131;6,2208;2025-10-05;2026-10-04
ATP;Reilly Opelka;52;Hard;ALL;17;27,017;8,6207;4,7372;5,9254;2025-10-05;2026-10-04
ATP;Remy Bertola;52;Hard;ALL;26;6,8486;7,4209;4,4944;6,2929;2025-10-05;2026-10-04
ATP;Rinky Hijikata;52;Hard;ALL;44;5,5873;9,9749;3,4245;6,5147;2025-10-05;2026-10-04
ATP;Rio Noguchi;52;Hard;ALL;52;1,9504;6,509;2,3126;6,4667;2025-10-05;2026-10-04
ATP;Roberto Bautista Agut;52;Hard;ALL;11;5,1559;14,0515;1,9185;6,2707;2025-10-05;2026-10-04
ATP;Roberto Carballes Baena;52;Hard;ALL;6;7,7626;9,713;4,3379;6,4412;2025-10-05;2026-10-04
ATP;Rodrigo Pacheco Mendez;52;Hard;ALL;35;8,1931;9,0004;3,9858;6,3606;2025-10-05;2026-10-04
ATP;Roman Andres Burruchaga;52;Hard;ALL;5;6,8966;11,4078;5,5703;6,0806;2025-10-05;2026-10-04
ATP;Roman Safiullin;52;Hard;ALL;15;10,237;9,619;3,0332;6,2798;2025-10-05;2026-10-04
ATP;Sascha Gueymard Wayenburg;52;Hard;ALL;30;12,3091;6,7426;3,2855;6,3003;2025-10-05;2026-10-04
ATP;Sebastian Baez;52;Hard;ALL;30;2,805;11,2494;2,7115;6,4042;2025-10-05;2026-10-04
ATP;Sebastian Korda;52;Hard;ALL;32;12,7165;7,3246;2,9996;6,0076;2025-10-05;2026-10-04
ATP;Sebastian Ofner;52;Hard;ALL;16;12,0996;6,9501;2,9359;5,9787;2025-10-05;2026-10-04
ATP;Sergey Fomin;52;Hard;ALL;47;7,465;7,9174;3,9502;6,2671;2025-10-05;2026-10-04
ATP;Shintaro Mochizuki;52;Hard;ALL;30;4,4623;8,7932;6,8273;6,6302;2025-10-05;2026-10-04
ATP;Sho Shimabukuro;52;Hard;ALL;46;8,2501;6,6903;4,2866;6,4753;2025-10-05;2026-10-04
ATP;Soon Woo Kwon;52;Hard;ALL;24;11,7089;7,4243;6,3924;6,32;2025-10-05;2026-10-04
ATP;Stan Wawrinka;52;Hard;ALL;23;9,403;10,7162;2,8856;6,4839;2025-10-05;2026-10-04
ATP;Stefan Kozlov;52;Hard;ALL;32;4,2544;5,3414;5,1139;6,3062;2025-10-05;2026-10-04
ATP;Stefano Napolitano;52;Hard;ALL;21;7,41;11,0115;2,4238;6,1974;2025-10-05;2026-10-04
ATP;Stefano Travaglia;52;Hard;ALL;20;7,767;6,6143;2,3578;6,0844;2025-10-05;2026-10-04
ATP;Stefanos Sakellaridis;52;Hard;ALL;32;9,9639;3,7239;4,193;6,1783;2025-10-05;2026-10-04
ATP;Stefanos Tsitsipas;52;Hard;ALL;29;10,1128;6,718;3,6458;6,144;2025-10-05;2026-10-04
ATP;Sumit Nagal;52;Hard;ALL;10;4,2042;6,25;2,8529;6,466;2025-10-05;2026-10-04
ATP;Tallon Griekspoor;52;Hard;ALL;25;12,4096;15,9239;3,7841;5,9307;2025-10-05;2026-10-04
ATP;Taro Daniel;52;Hard;ALL;21;7,074;10,3581;1,9293;6,2955;2025-10-05;2026-10-04
ATP;Taylor Fritz;52;Hard;ALL;41;16,5086;9,8017;2,5785;6,1908;2025-10-05;2026-10-04
ATP;Terence Atmane;52;Hard;ALL;27;10,1254;9,4004;3,8086;6,3138;2025-10-05;2026-10-04
ATP;Thiago Agustin Tirante;52;Hard;ALL;21;13,0853;6,5612;4,0411;6,0426;2025-10-05;2026-10-04
ATP;Thiago Seyboth Wild;52;Hard;ALL;1;9,8592;9,589;2,8169;5,4615;2025-10-05;2026-10-04
ATP;Timofey Skatov;52;Hard;ALL;20;5,4953;9,4288;3,0369;6,2018;2025-10-05;2026-10-04
ATP;Titouan Droguet;52;Hard;ALL;42;11,6922;6,5825;2,9155;6,3981;2025-10-05;2026-10-04
ATP;Toby Samuel;52;Hard;ALL;57;5,761;2,2359;3,468;6,2415;2025-10-05;2026-10-04
ATP;Tom Gentzsch;52;Hard;ALL;27;7,606;5,1452;3,3642;6,7246;2025-10-05;2026-10-04
ATP;Tomas Barrios Vera;52;Hard;ALL;7;5,5449;11,575;2,2945;6,5375;2025-10-05;2026-10-04
ATP;Tomas Machac;52;Hard;ALL;19;7,0861;9,1873;3,1788;6,5939;2025-10-05;2026-10-04
ATP;Tomas Martin Etcheverry;52;Hard;ALL;27;10,1518;10,1343;1,9957;6,3324;2025-10-05;2026-10-04
ATP;Tommy Paul;52;Hard;ALL;33;9,1638;9,068;2,2146;6,0485;2025-10-05;2026-10-04
ATP;Tristan Boyer;52;Hard;ALL;13;4,5288;5,5495;4,0392;6,097;2025-10-05;2026-10-04
ATP;Tristan Schoolkate;52;Hard;ALL;36;11,6262;8,9635;3,5132;6,2466;2025-10-05;2026-10-04
ATP;Ugo Humbert;52;Hard;ALL;34;9,3828;8,203;3,5863;6,1645;2025-10-05;2026-10-04
ATP;Valentin Royer;52;Hard;ALL;29;7,605;9,2005;3,1513;6,648;2025-10-05;2026-10-04
ATP;Valentin Vacherot;52;Hard;ALL;28;13,4503;9,2399;4,5884;6,2269;2025-10-05;2026-10-04
ATP;Vilius Gaubas;52;Hard;ALL;6;3,2895;4,9149;3,4539;7,2381;2025-10-05;2026-10-04
ATP;Vit Kopriva;52;Hard;ALL;22;6,1509;10,5196;4,5656;6,3589;2025-10-05;2026-10-04
ATP;Vitaliy Sachko;52;Hard;ALL;9;5,8651;11,8462;1,0264;6,4952;2025-10-05;2026-10-04
ATP;Yannick Hanfmann;52;Hard;ALL;19;12,0114;8,7275;3,4115;6,1174;2025-10-05;2026-10-04
ATP;Yi Zhou;52;Hard;ALL;38;9,9468;6,9109;3,8345;6,2417;2025-10-05;2026-10-04
ATP;Yibing Wu;52;Hard;ALL;14;6,2776;10,0769;2,122;6,3539;2025-10-05;2026-10-04
ATP;Yoshihito Nishioka;52;Hard;ALL;14;4,1456;7,1639;1,6178;6,1049;2025-10-05;2026-10-04
ATP;Yu Hsiou Hsu;52;Hard;ALL;50;4,1361;7,0365;2,4347;6,5558;2025-10-05;2026-10-04
ATP;Zachary Svajda;52;Hard;ALL;18;8,2313;11,3287;3,4014;6,3636;2025-10-05;2026-10-04
ATP;Zdenek Kolar;52;Hard;ALL;10;5,102;9,9476;3,9541;6,5882;2025-10-05;2026-10-04
ATP;Zhizhen Zhang;52;Hard;ALL;19;9,9436;10,8452;2,4683;6,5046;2025-10-05;2026-10-04
ATP;Zizou Bergs;52;Hard;ALL;26;8,5901;7,4654;5,6489;6,5106;2025-10-05;2026-10-04
ATP;Zsombor Piros;52;Hard;ALL;11;5,2821;8,129;3,1212;6,664;2025-10-05;2026-10-04
ATP;Adam Walton;52;Clay;ATP;3;3,8251;3,871;1,0929;7,0385;2025-10-05;2026-10-04
ATP;Adolfo Daniel Vallejo;52;Clay;ATP;12;3,6408;4,9031;2,6699;6,5397;2025-10-05;2026-10-04
ATP;Adrian Mannarino;52;Clay;ATP;6;2,122;10,6329;2,3873;6,5;2025-10-05;2026-10-04
ATP;Alejandro Davidovich Fokina;52;Clay;ATP;8;2,7923;3,6;1,3962;6,7412;2025-10-05;2026-10-04
ATP;Alejandro Tabilo;52;Clay;ATP;21;6,6013;8,7623;1,8301;6,0;2025-10-05;2026-10-04
ATP;Aleksandar Kovacevic;52;Clay;ATP;6;6,5076;6,8493;4,7722;6,3151;2025-10-05;2026-10-04
ATP;Aleksandar Vukic;52;Clay;ATP;3;7,0175;8,2927;2,6316;6,5143;2025-10-05;2026-10-04
ATP;Alex Barrena;52;Clay;ATP;2;4,5685;4,8951;3,5533;7,2963;2025-10-05;2026-10-04
ATP;Alex Bolt;52;Clay;ATP;2;6,7114;6,6176;3,3557;6,4783;2025-10-05;2026-10-04
ATP;Alex De Minaur;52;Clay;ATP;11;2,4283;2,8313;3,9735;6,812;2025-10-05;2026-10-04
ATP;Alex Michelsen;52;Clay;ATP;9;4,8043;7,9867;4,2705;6,2444;2025-10-05;2026-10-04
ATP;Alex Molcan;52;Clay;ATP;14;4,086;7,5789;2,6882;6,2;2025-10-05;2026-10-04
ATP;Alexander Blockx;52;Clay;ATP;19;7,398;3,7433;3,7628;6,4262;2025-10-05;2026-10-04
ATP;Alexander Bublik;52;Clay;ATP;15;9,5969;9,5189;4,4146;6,2395;2025-10-05;2026-10-04
ATP;Alexander Shevchenko;52;Clay;ATP;11;6,5217;6,6832;3,8363;6,256;2025-10-05;2026-10-04
ATP;Alexander Zverev;52;Clay;ATP;17;7,5201;4,2184;2,7753;5,7577;2025-10-05;2026-10-04
ATP;Alexandre Muller;52;Clay;ATP;8;4,0;8,4388;2,8;6,6667;2025-10-05;2026-10-04
ATP;Alexei Popyrin;52;Clay;ATP;11;11,0115;5,4707;3,5851;6,0543;2025-10-05;2026-10-04
ATP;Andrea Pellegrino;52;Clay;ATP;10;3,9189;8,7464;3,2432;6,789;2025-10-05;2026-10-04
ATP;Andrey Rublev;52;Clay;ATP;18;7,4897;5,1522;3,1276;6,2953;2025-10-05;2026-10-04
ATP;Arthur Fils;52;Clay;ATP;11;3,4868;6,2756;3,2078;6,1282;2025-10-05;2026-10-04
ATP;Arthur Gea;52;Clay;ATP;1;2,8571;9,8361;14,2857;7,0;2025-10-05;2026-10-04
ATP;Arthur Rinderknech;52;Clay;ATP;12;13,6714;4,7325;4,4101;6,2552;2025-10-05;2026-10-04
ATP;Ben Shelton;52;Clay;ATP;11;10,2128;4,5691;2,9787;6,2252;2025-10-05;2026-10-04
ATP;Benjamin Bonzi;52;Clay;ATP;2;3,0769;12,5;2,5641;6,2903;2025-10-05;2026-10-04
ATP;Botic Van De Zandschulp;52;Clay;ATP;12;5,4585;3,303;5,2402;6,6377;2025-10-05;2026-10-04
ATP;Brandon Nakashima;52;Clay;ATP;7;8,3156;10,4545;1,2793;6,0909;2025-10-05;2026-10-04
ATP;Cameron Norrie;52;Clay;ATP;10;4,2007;5,7644;3,3839;6,8016;2025-10-05;2026-10-04
ATP;Camilo Ugo Carabelli;52;Clay;ATP;21;4,2528;6,2389;3,1896;6,6654;2025-10-05;2026-10-04
ATP;Carlos Alcaraz;52;Clay;ATP;6;5,1546;1,7677;4,8969;6,807;2025-10-05;2026-10-04
ATP;Casper Ruud;52;Clay;ATP;19;4,359;3,5144;2,906;5,9694;2025-10-05;2026-10-04
ATP;Christopher Oconnell;52;Clay;ATP;1;3,0769;0,0;1,5385;5,9091;2025-10-05;2026-10-04
ATP;Clement Tabur;52;Clay;ATP;3;5,4131;9,9125;1,7094;6,8824;2025-10-05;2026-10-04
ATP;Coleman Wong;52;Clay;ATP;1;7,4627;3,9216;2,9851;7,4444;2025-10-05;2026-10-04
ATP;Colton Smith;52;Clay;ATP;1;4,0816;5,1282;4,0816;7,0;2025-10-05;2026-10-04
ATP;Corentin Moutet;52;Clay;ATP;9;2,5338;2,3634;2,8716;6,3656;2025-10-05;2026-10-04
ATP;Cristian Garin;52;Clay;ATP;8;2,7314;6,8814;3,9454;6,2762;2025-10-05;2026-10-04
ATP;Dalibor Svrcina;52;Clay;ATP;2;2,5316;2,0833;5,6962;7,1818;2025-10-05;2026-10-04
ATP;Damir Dzumhur;52;Clay;ATP;17;1,3369;2,5253;1,9608;6,4483;2025-10-05;2026-10-04
ATP;Daniel Altmaier;52;Clay;ATP;18;6,3553;3,7663;2,7565;6,4335;2025-10-05;2026-10-04
ATP;Daniel Merida Aguilar;52;Clay;ATP;15;2,5168;2,7421;2,8523;6,5137;2025-10-05;2026-10-04
ATP;Daniil Medvedev;52;Clay;ATP;8;5,4422;2,8169;5,7823;6,125;2025-10-05;2026-10-04
ATP;Denis Shapovalov;52;Clay;ATP;6;3,8462;3,6554;8,9744;6,0938;2025-10-05;2026-10-04
ATP;Diego Dedura Palomero;52;Clay;ATP;2;0,6993;2,7778;2,7972;6,8095;2025-10-05;2026-10-04
ATP;Dino Prizmic;52;Clay;ATP;14;5,3723;4,4256;3,5815;6,1686;2025-10-05;2026-10-04
ATP;Dominic Stricker;52;Clay;ATP;2;10,6195;8,7591;3,5398;5,9474;2025-10-05;2026-10-04
ATP;Dusan Lajovic;52;Clay;ATP;7;4,4843;8,6785;1,1211;5,9467;2025-10-05;2026-10-04
ATP;Edas Butvilas;52;Clay;ATP;2;5,7377;4,6296;0,8197;7,1765;2025-10-05;2026-10-04
ATP;Elmer Moller;52;Clay;ATP;7;2,8889;4,8246;7,5556;6,5217;2025-10-05;2026-10-04
ATP;Emilio Nava;52;Clay;ATP;10;9,4994;5,9914;4,1078;6,8938;2025-10-05;2026-10-04
ATP;Ethan Quinn;52;Clay;ATP;6;7,7419;6,3181;2,3656;6,7391;2025-10-05;2026-10-04
ATP;Fabian Marozsan;52;Clay;ATP;10;3,2389;5,4759;2,4291;6,5;2025-10-05;2026-10-04
ATP;Facundo Diaz Acosta;52;Clay;ATP;4;4,5603;8,6505;2,6059;6,2653;2025-10-05;2026-10-04
ATP;Federico Agustin Gomez;52;Clay;ATP;3;5,668;6,7797;5,2632;6,5;2025-10-05;2026-10-04
ATP;Federico Cina;52;Clay;ATP;5;7,3171;11,8252;5,122;6,6129;2025-10-05;2026-10-04
ATP;Felix Auger Aliassime;52;Clay;ATP;8;8,3179;3,3868;2,0333;6,2907;2025-10-05;2026-10-04
ATP;Filip Cristian Jianu;52;Clay;ATP;1;0,0;0,0;0,0;7,5625;2025-10-05;2026-10-04
ATP;Flavio Cobolli;52;Clay;ATP;15;5,2419;4,9545;4,0323;6,2785;2025-10-05;2026-10-04
ATP;Frances Tiafoe;52;Clay;ATP;7;5,0325;8,9869;2,2727;6,7692;2025-10-05;2026-10-04
ATP;Francesco Maestrelli;52;Clay;ATP;2;7,6923;3,0075;0,8547;6,5;2025-10-05;2026-10-04
ATP;Francesco Passaro;52;Clay;ATP;4;3,2787;4,1237;2,2951;6,2245;2025-10-05;2026-10-04
ATP;Francisco Cerundolo;52;Clay;ATP;20;4,0735;3,2488;3,5144;6,6243;2025-10-05;2026-10-04
ATP;Francisco Comesana;52;Clay;ATP;9;8,2999;4,0706;5,4886;6,1736;2025-10-05;2026-10-04
ATP;Frederico Ferreira Silva;52;Clay;ATP;1;2,6786;5,8252;1,7857;7,4667;2025-10-05;2026-10-04
ATP;Gabriel Diallo;52;Clay;ATP;5;5,036;3,9216;2,8777;6,619;2025-10-05;2026-10-04
ATP;Gael Monfils;52;Clay;ATP;3;7,8603;4,3062;4,3668;6,7353;2025-10-05;2026-10-04
ATP;Gianluca Cadenasso;52;Clay;ATP;1;10,1266;9,5238;2,5316;5,6429;2025-10-05;2026-10-04
ATP;Giovanni Mpetshi Perricard;52;Clay;ATP;3;7,6336;3,3333;3,4351;7,2778;2025-10-05;2026-10-04
ATP;Gonzalo Bueno;52;Clay;ATP;2;0,6667;5,9259;4,6667;6,5217;2025-10-05;2026-10-04
ATP;Grigor Dimitrov;52;Clay;ATP;4;4,0441;4,9123;4,0441;5,7872;2025-10-05;2026-10-04
ATP;Gustavo Heide;52;Clay;ATP;1;1,5152;3,0769;1,5152;6,6;2025-10-05;2026-10-04
ATP;Hamad Medjedovic;52;Clay;ATP;9;6,9106;4,5255;3,794;6,7091;2025-10-05;2026-10-04
ATP;Henrique Rocha;52;Clay;ATP;3;4,3902;1,105;3,4146;7,069;2025-10-05;2026-10-04
ATP;Hubert Hurkacz;52;Clay;ATP;6;13,9955;3,7807;2,2573;5,9067;2025-10-05;2026-10-04
ATP;Hugo Dellien;52;Clay;ATP;2;3,4483;4,5872;1,7241;6,4444;2025-10-05;2026-10-04
ATP;Hugo Gaston;52;Clay;ATP;7;3,0303;3,8462;1,9481;7,0;2025-10-05;2026-10-04
ATP;Ignacio Buse;52;Clay;ATP;23;5,1202;4,2199;2,6646;6,5324;2025-10-05;2026-10-04
ATP;Igor Ribeiro Marcondes;52;Clay;ATP;1;6,9767;2,6549;2,3256;5,375;2025-10-05;2026-10-04
ATP;Jack Draper;52;Clay;ATP;1;4,3478;5,3571;8,6957;5,75;2025-10-05;2026-10-04
ATP;Jack Pinnington Jones;52;Clay;ATP;1;7,1429;11,3636;7,1429;5,25;2025-10-05;2026-10-04
ATP;Jacob Fearnley;52;Clay;ATP;1;2,0202;11,0169;13,1313;6,6;2025-10-05;2026-10-04
ATP;Jaime Faria;52;Clay;ATP;9;7,8341;7,3171;4,4547;6,2;2025-10-05;2026-10-04
ATP;Jakub Mensik;52;Clay;ATP;6;11,2532;10,5386;3,3248;5,8358;2025-10-05;2026-10-04
ATP;James Duckworth;52;Clay;ATP;1;8,3333;7,5;2,0833;6,8571;2025-10-05;2026-10-04
ATP;Jan Choinski;52;Clay;ATP;2;5,8333;9,3333;0,8333;6,0;2025-10-05;2026-10-04
ATP;Jan Lennard Struff;52;Clay;ATP;7;9,0498;8,4668;3,6199;6,597;2025-10-05;2026-10-04
ATP;Jannik Sinner;52;Clay;ATP;17;8,3505;4,2152;2,268;5,7396;2025-10-05;2026-10-04
ATP;Jaume Munar;52;Clay;ATP;8;2,2075;5,0439;2,649;6,5652;2025-10-05;2026-10-04
ATP;Jenson Brooksby;52;Clay;ATP;4;1,0989;5,098;1,4652;6,6585;2025-10-05;2026-10-04
ATP;Jerome Kym;52;Clay;ATP;2;8,7719;7,3171;4,8246;6,9091;2025-10-05;2026-10-04
ATP;Jesper De Jong;52;Clay;ATP;6;11,5721;5,5944;5,6769;6,7353;2025-10-05;2026-10-04
ATP;Jiri Lehecka;52;Clay;ATP;9;10,0152;5,3254;1,0622;6,3365;2025-10-05;2026-10-04
ATP;Joao Fonseca;52;Clay;ATP;12;4,9946;6,3034;1,6287;6,14;2025-10-05;2026-10-04
ATP;Joao Lucas Reis Da Silva;52;Clay;ATP;1;1,2658;8,6957;3,7975;7,1818;2025-10-05;2026-10-04
ATP;Joel Schwaerzler;52;Clay;ATP;2;6,5574;9,6774;0,8197;6,1;2025-10-05;2026-10-04
ATP;Juan Carlos Prado Angelo;52;Clay;ATP;2;0,7576;1,3699;0,0;6,2857;2025-10-05;2026-10-04
ATP;Juan Manuel Cerundolo;52;Clay;ATP;17;5,86;5,391;3,9574;6,3786;2025-10-05;2026-10-04
ATP;Jurij Rodionov;52;Clay;ATP;3;7,7586;5,9113;3,8793;6,6286;2025-10-05;2026-10-04
ATP;Kamil Majchrzak;52;Clay;ATP;3;7,9545;5,814;2,2727;7,1351;2025-10-05;2026-10-04
ATP;Karen Khachanov;52;Clay;ATP;10;6,1813;7,4369;1,7857;6,386;2025-10-05;2026-10-04
ATP;Kilian Feldbausch;52;Clay;ATP;3;1,4354;3,2258;4,3062;6,1471;2025-10-05;2026-10-04
ATP;Kyrian Jacquet;52;Clay;ATP;3;5,042;4,8583;4,2017;6,4324;2025-10-05;2026-10-04
ATP;Laslo Djere;52;Clay;ATP;4;4,5181;11,3433;3,012;6,7755;2025-10-05;2026-10-04
ATP;Lautaro Midon;52;Clay;ATP;3;8,5271;3,1008;1,1628;6,7895;2025-10-05;2026-10-04
ATP;Learner Tien;52;Clay;ATP;10;3,7584;3,9092;4,4295;6,2083;2025-10-05;2026-10-04
ATP;Liam Draxl;52;Clay;ATP;1;13,9241;4,3011;1,2658;6,0769;2025-10-05;2026-10-04
ATP;Lorenzo Musetti;52;Clay;ATP;10;3,4934;3,4146;2,4745;6,802;2025-10-05;2026-10-04
ATP;Lorenzo Sonego;52;Clay;ATP;7;5,765;3,4707;2,439;6,2639;2025-10-05;2026-10-04
ATP;Luca Nardi;52;Clay;ATP;1;2,2222;0,0;1,1111;6,4286;2025-10-05;2026-10-04
ATP;Luca Van Assche;52;Clay;ATP;10;3,3449;5,7537;5,075;6,4701;2025-10-05;2026-10-04
ATP;Luciano Darderi;52;Clay;ATP;31;5,9741;5,3602;3,1208;6,4454;2025-10-05;2026-10-04
ATP;Lukas Neumayer;52;Clay;ATP;2;3,7037;13,1783;3,7037;7,7143;2025-10-05;2026-10-04
ATP;Mackenzie Mcdonald;52;Clay;ATP;2;0,9009;4,6729;0,9009;6,9375;2025-10-05;2026-10-04
ATP;Marc Andrea Huesler;52;Clay;ATP;1;3,8961;2,8169;2,5974;7,0;2025-10-05;2026-10-04
ATP;Marco Cecchinato;52;Clay;ATP;1;1,7544;2,2727;3,5088;6,3333;2025-10-05;2026-10-04
ATP;Marco Trungelliti;52;Clay;ATP;13;4,4776;6,5717;4,3843;7,1467;2025-10-05;2026-10-04
ATP;Marcos Giron;52;Clay;ATP;3;2,8571;9,3496;1,7857;6,5116;2025-10-05;2026-10-04
ATP;Mariano Navone;52;Clay;ATP;25;1,3068;2,8222;3,3523;6,4;2025-10-05;2026-10-04
ATP;Marin Cilic;52;Clay;ATP;6;7,0529;7,3418;4,2821;6,4032;2025-10-05;2026-10-04
ATP;Martin Damm;52;Clay;ATP;3;13,9175;16,0428;9,2784;6,4667;2025-10-05;2026-10-04
ATP;Martin Krumich;52;Clay;ATP;1;1,7857;4,6875;3,5714;6,2222;2025-10-05;2026-10-04
ATP;Martin Landaluce;52;Clay;ATP;6;3,2581;4,2453;6,7669;6,3333;2025-10-05;2026-10-04
ATP;Marton Fucsovics;52;Clay;ATP;3;6,3415;4,1667;3,4146;6,2121;2025-10-05;2026-10-04
ATP;Matej Dodig;52;Clay;ATP;1;5,0847;0,0;5,0847;6,5556;2025-10-05;2026-10-04
ATP;Matias Soto;52;Clay;ATP;1;1,5385;8,6207;9,2308;8,125;2025-10-05;2026-10-04
ATP;Matteo Arnaldi;52;Clay;ATP;7;5,1155;3,5775;4,1254;6,5161;2025-10-05;2026-10-04
ATP;Matteo Berrettini;52;Clay;ATP;12;6,412;4,182;2,1828;6,2119;2025-10-05;2026-10-04
ATP;Mattia Bellucci;52;Clay;ATP;6;6,5116;1,7032;4,6512;6,5152;2025-10-05;2026-10-04
ATP;Max Schoenhaus;52;Clay;ATP;1;4,8544;7,6923;2,9126;6,4375;2025-10-05;2026-10-04
ATP;Miomir Kecmanovic;52;Clay;ATP;8;2,8708;8,0592;1,7544;6,27;2025-10-05;2026-10-04
ATP;Moise Kouame;52;Clay;ATP;2;5,6;5,8824;4,8;6,5789;2025-10-05;2026-10-04
ATP;Nicolai Budkov Kjaer;52;Clay;ATP;4;4,1916;3,0675;2,3952;5,7586;2025-10-05;2026-10-04
ATP;Nikoloz Basilashvili;52;Clay;ATP;9;7,5619;9,9329;6,1278;6,8482;2025-10-05;2026-10-04
ATP;Nishesh Basavareddy;52;Clay;ATP;3;3,8627;9,6447;6,0086;6,8529;2025-10-05;2026-10-04
ATP;Novak Djokovic;52;Clay;ATP;1;0,0;3,8462;1,4706;5,2308;2025-10-05;2026-10-04
ATP;Nuno Borges;52;Clay;ATP;13;7,2177;4,9605;2,6775;6,5076;2025-10-05;2026-10-04
ATP;Otto Virtanen;52;Clay;ATP;2;3,7234;2,0408;4,2553;6,963;2025-10-05;2026-10-04
ATP;Pablo Carreno Busta;52;Clay;ATP;7;4,5259;5,042;1,2931;5,9487;2025-10-05;2026-10-04
ATP;Pablo Llamas Ruiz;52;Clay;ATP;3;0,3472;5,5944;0,6944;6,6977;2025-10-05;2026-10-04
ATP;Patrick Kypson;52;Clay;ATP;3;8,2143;15,3846;1,7857;6,3636;2025-10-05;2026-10-04
ATP;Pedro Martinez;52;Clay;ATP;10;1,1817;8,457;3,8405;6,3868;2025-10-05;2026-10-04
ATP;Quentin Halys;52;Clay;ATP;9;15,6018;7,1622;4,9034;6,0631;2025-10-05;2026-10-04
ATP;Rafael Jodar;52;Clay;ATP;18;5,5556;3,6154;2,1559;6,3474;2025-10-05;2026-10-04
ATP;Raphael Collignon;52;Clay;ATP;8;8,8757;5,5723;5,7692;6,5;2025-10-05;2026-10-04
ATP;Raul Brancaccio;52;Clay;ATP;1;2,9703;14,4578;2,9703;6,7333;2025-10-05;2026-10-04
ATP;Reilly Opelka;52;Clay;ATP;2;14,0;10,6796;8,0;6,25;2025-10-05;2026-10-04
ATP;Rinky Hijikata;52;Clay;ATP;3;3,5874;10,7317;2,2422;6,7576;2025-10-05;2026-10-04
ATP;Roberto Bautista Agut;52;Clay;ATP;5;1,1494;11,0204;3,4483;6,525;2025-10-05;2026-10-04
ATP;Roman Andres Burruchaga;52;Clay;ATP;19;3,5405;3,7762;3,7572;6,4372;2025-10-05;2026-10-04
ATP;Sebastian Baez;52;Clay;ATP;22;2,004;7,0345;2,4048;6,6239;2025-10-05;2026-10-04
ATP;Sebastian Ofner;52;Clay;ATP;7;8,2645;6,3981;3,3058;6,9143;2025-10-05;2026-10-04
ATP;Stan Wawrinka;52;Clay;ATP;6;8,7189;5,3381;3,0249;6,5349;2025-10-05;2026-10-04
ATP;Stefano Travaglia;52;Clay;ATP;3;7,5269;2,0942;2,6882;6,6429;2025-10-05;2026-10-04
ATP;Stefanos Sakellaridis;52;Clay;ATP;2;10,3704;2,381;1,4815;6,1364;2025-10-05;2026-10-04
ATP;Stefanos Tsitsipas;52;Clay;ATP;14;7,4459;5,8528;2,3377;6,3115;2025-10-05;2026-10-04
ATP;Sumit Nagal;52;Clay;ATP;1;0,0;3,3333;2,0;6,25;2025-10-05;2026-10-04
ATP;Tallon Griekspoor;52;Clay;ATP;6;5,4767;7,3069;5,4767;6,4868;2025-10-05;2026-10-04
ATP;Taro Daniel;52;Clay;ATP;1;4,3478;19,7531;1,4493;6,2727;2025-10-05;2026-10-04
ATP;Taylor Fritz;52;Clay;ATP;1;11,1111;10,9091;0,0;6,3;2025-10-05;2026-10-04
ATP;Terence Atmane;52;Clay;ATP;9;8,0997;5,9871;2,3364;6,2941;2025-10-05;2026-10-04
ATP;Thiago Agustin Tirante;52;Clay;ATP;19;9,0623;6,049;3,3097;6,101;2025-10-05;2026-10-04
ATP;Thiago Monteiro;52;Clay;ATP;1;14,7541;11,6667;3,2787;6,7778;2025-10-05;2026-10-04
ATP;Thiago Seyboth Wild;52;Clay;ATP;1;10,6667;6,8966;4,0;7,5;2025-10-05;2026-10-04
ATP;Timofey Skatov;52;Clay;ATP;4;3,207;14,4144;2,3324;6,7255;2025-10-05;2026-10-04
ATP;Titouan Droguet;52;Clay;ATP;9;6,5789;1,6103;3,8012;6,5769;2025-10-05;2026-10-04
ATP;Tomas Barrios Vera;52;Clay;ATP;4;3,3088;10,4651;2,2059;6,6341;2025-10-05;2026-10-04
ATP;Tomas Machac;52;Clay;ATP;9;4,1096;6,2169;3,9726;6,2931;2025-10-05;2026-10-04
ATP;Tomas Martin Etcheverry;52;Clay;ATP;27;6,1477;5,9751;2,6277;6,1307;2025-10-05;2026-10-04
ATP;Tommy Paul;52;Clay;ATP;12;4,0698;2,8183;2,3256;6,7895;2025-10-05;2026-10-04
ATP;Ugo Humbert;52;Clay;ATP;8;7,2214;6,3047;4,7096;6,7766;2025-10-05;2026-10-04
ATP;Valentin Royer;52;Clay;ATP;4;4,5139;6,25;2,7778;6,6977;2025-10-05;2026-10-04
ATP;Valentin Vacherot;52;Clay;ATP;9;7,3048;8,8999;3,4005;6,4553;2025-10-05;2026-10-04
ATP;Vilius Gaubas;52;Clay;ATP;10;3,3946;7,0822;2,546;6,4273;2025-10-05;2026-10-04
ATP;Vit Kopriva;52;Clay;ATP;22;4,1557;5,9555;4,3536;6,4786;2025-10-05;2026-10-04
ATP;Vitaliy Sachko;52;Clay;ATP;1;4,4444;7,5472;0,0;6,4286;2025-10-05;2026-10-04
ATP;Yannick Hanfmann;52;Clay;ATP;22;9,6875;7,243;2,3125;6,2016;2025-10-05;2026-10-04
ATP;Yibing Wu;52;Clay;ATP;1;8,7719;7,2464;5,2632;5,7;2025-10-05;2026-10-04
ATP;Zachary Svajda;52;Clay;ATP;3;3,7037;10,4972;2,1164;6,3;2025-10-05;2026-10-04
ATP;Zdenek Kolar;52;Clay;ATP;1;5,618;12,0879;3,3708;6,3571;2025-10-05;2026-10-04
ATP;Zhizhen Zhang;52;Clay;ATP;5;10,0;13,3144;2,973;6,4912;2025-10-05;2026-10-04
ATP;Zizou Bergs;52;Clay;ATP;7;8,1776;7,2165;6,7757;6,2029;2025-10-05;2026-10-04
ATP;Adam Walton;52;Clay;ALL;3;3,8251;3,871;1,0929;7,0385;2025-10-05;2026-10-04
ATP;Adolfo Daniel Vallejo;52;Clay;ALL;59;4,139;3,4866;3,9346;6,3642;2025-10-05;2026-10-04
ATP;Adrian Mannarino;52;Clay;ALL;7;2,1368;11,157;2,5641;6,6857;2025-10-05;2026-10-04
ATP;Alejandro Davidovich Fokina;52;Clay;ALL;8;2,7923;3,6;1,3962;6,7412;2025-10-05;2026-10-04
ATP;Alejandro Moro Canas;52;Clay;ALL;29;4,4131;3,4704;2,7298;6,4457;2025-10-05;2026-10-04
ATP;Alejandro Tabilo;52;Clay;ALL;33;6,5601;7,6531;2,0606;6,0663;2025-10-05;2026-10-04
ATP;Aleksandar Kovacevic;52;Clay;ALL;10;6,2183;6,4649;4,3147;6,5124;2025-10-05;2026-10-04
ATP;Aleksandar Vukic;52;Clay;ALL;6;6,1947;6,2814;2,6549;6,5507;2025-10-05;2026-10-04
ATP;Alex Barrena;52;Clay;ALL;60;2,9377;3,134;3,2004;6,5833;2025-10-05;2026-10-04
ATP;Alex Bolt;52;Clay;ALL;2;6,7114;6,6176;3,3557;6,4783;2025-10-05;2026-10-04
ATP;Alex De Minaur;52;Clay;ALL;11;2,4283;2,8313;3,9735;6,812;2025-10-05;2026-10-04
ATP;Alex Michelsen;52;Clay;ALL;10;4,9307;7,3421;4,1602;6,2404;2025-10-05;2026-10-04
ATP;Alex Molcan;52;Clay;ALL;27;4,2705;6,232;2,6097;6,3383;2025-10-05;2026-10-04
ATP;Alexander Blockx;52;Clay;ALL;19;7,398;3,7433;3,7628;6,4262;2025-10-05;2026-10-04
ATP;Alexander Bublik;52;Clay;ALL;15;9,5969;9,5189;4,4146;6,2395;2025-10-05;2026-10-04
ATP;Alexander Shevchenko;52;Clay;ALL;22;6,5879;4,7205;2,7968;6,5943;2025-10-05;2026-10-04
ATP;Alexander Zverev;52;Clay;ALL;17;7,5201;4,2184;2,7753;5,7577;2025-10-05;2026-10-04
ATP;Alexandre Muller;52;Clay;ALL;17;3,9805;8,6059;2,8432;6,6541;2025-10-05;2026-10-04
ATP;Alexei Popyrin;52;Clay;ALL;11;11,0115;5,4707;3,5851;6,0543;2025-10-05;2026-10-04
ATP;Andrea Guerrieri;52;Clay;ALL;25;2,1751;3,8975;5,2202;6,786;2025-10-05;2026-10-04
ATP;Andrea Pellegrino;52;Clay;ALL;30;4,4053;5,1167;3,5683;6,5797;2025-10-05;2026-10-04
ATP;Andrej Nedic;52;Clay;ALL;64;2,4234;2,6153;3,1837;6,3967;2025-10-05;2026-10-04
ATP;Andres Andrade;52;Clay;ALL;17;3,4398;3,7815;5,2416;6,6;2025-10-05;2026-10-04
ATP;Andrey Rublev;52;Clay;ALL;18;7,4897;5,1522;3,1276;6,2953;2025-10-05;2026-10-04
ATP;Arthur Fery;52;Clay;ALL;8;3,103;4,2274;2,1157;7,09;2025-10-05;2026-10-04
ATP;Arthur Fils;52;Clay;ALL;11;3,4868;6,2756;3,2078;6,1282;2025-10-05;2026-10-04
ATP;Arthur Gea;52;Clay;ALL;15;7,3973;4,5837;5,0228;6,6364;2025-10-05;2026-10-04
ATP;Arthur Rinderknech;52;Clay;ALL;13;14,2714;5,0142;4,4221;6,3782;2025-10-05;2026-10-04
ATP;August Holmgren;52;Clay;ALL;6;8,026;3,7182;3,4707;6,1467;2025-10-05;2026-10-04
ATP;Ben Shelton;52;Clay;ALL;11;10,2128;4,5691;2,9787;6,2252;2025-10-05;2026-10-04
ATP;Benjamin Bonzi;52;Clay;ALL;4;3,2738;8,7087;2,0833;6,3396;2025-10-05;2026-10-04
ATP;Bernard Tomic;52;Clay;ALL;2;3,9216;7,0175;1,9608;8,5;2025-10-05;2026-10-04
ATP;Billy Harris;52;Clay;ALL;5;3,4946;5,7895;2,1505;6,0984;2025-10-05;2026-10-04
ATP;Botic Van De Zandschulp;52;Clay;ALL;13;5,3191;3,3806;5,2128;6,6197;2025-10-05;2026-10-04
ATP;Braden Shick;52;Clay;ALL;2;2,6882;2,7933;4,3011;7,44;2025-10-05;2026-10-04
ATP;Brandon Nakashima;52;Clay;ALL;7;8,3156;10,4545;1,2793;6,0909;2025-10-05;2026-10-04
ATP;Buvaysar Gadamauri;52;Clay;ALL;21;3,5064;4,6198;3,5064;6,6802;2025-10-05;2026-10-04
ATP;Cameron Norrie;52;Clay;ALL;10;4,2007;5,7644;3,3839;6,8016;2025-10-05;2026-10-04
ATP;Camilo Ugo Carabelli;52;Clay;ALL;28;3,8992;5,2827;3,4237;6,5108;2025-10-05;2026-10-04
ATP;Carl Emil Overbeck;52;Clay;ALL;11;9,6154;3,7944;3,5897;6,4463;2025-10-05;2026-10-04
ATP;Carlos Alcaraz;52;Clay;ALL;6;5,1546;1,7677;4,8969;6,807;2025-10-05;2026-10-04
ATP;Casper Ruud;52;Clay;ALL;19;4,359;3,5144;2,906;5,9694;2025-10-05;2026-10-04
ATP;Cezar Cretu;52;Clay;ALL;44;3,3008;3,0879;3,1997;6,4403;2025-10-05;2026-10-04
ATP;Chris Rodesch;52;Clay;ALL;5;4,9751;3,7559;3,7313;6,2812;2025-10-05;2026-10-04
ATP;Christopher Oconnell;52;Clay;ALL;3;5,988;4,4199;1,1976;5,7586;2025-10-05;2026-10-04
ATP;Chun Hsin Tseng;52;Clay;ALL;33;2,4724;3,4687;1,7219;6,6422;2025-10-05;2026-10-04
ATP;Clement Chidekh;52;Clay;ALL;3;1,8405;6,0773;5,5215;5,8214;2025-10-05;2026-10-04
ATP;Clement Tabur;52;Clay;ALL;19;3,7967;5,3791;3,7967;6,6695;2025-10-05;2026-10-04
ATP;Coleman Wong;52;Clay;ALL;1;7,4627;3,9216;2,9851;7,4444;2025-10-05;2026-10-04
ATP;Colton Smith;52;Clay;ALL;7;5,3241;1,4925;3,9352;6,75;2025-10-05;2026-10-04
ATP;Corentin Moutet;52;Clay;ALL;9;2,5338;2,3634;2,8716;6,3656;2025-10-05;2026-10-04
ATP;Cristian Garin;52;Clay;ALL;23;3,386;4,2117;3,6117;6,2837;2025-10-05;2026-10-04
ATP;Dalibor Svrcina;52;Clay;ALL;20;2,5119;2,6915;6,2458;6,6955;2025-10-05;2026-10-04
ATP;Damir Dzumhur;52;Clay;ALL;25;1,2062;2,3732;2,0678;6,4963;2025-10-05;2026-10-04
ATP;Daniel Altmaier;52;Clay;ALL;25;7,1312;3,1987;2,7218;6,5374;2025-10-05;2026-10-04
ATP;Daniel Merida Aguilar;52;Clay;ALL;29;2,4737;2,2951;3,2982;6,6353;2025-10-05;2026-10-04
ATP;Daniel Michalski;52;Clay;ALL;40;2,7661;2,6818;3,0595;6,2461;2025-10-05;2026-10-04
ATP;Daniel Rincon;52;Clay;ALL;40;4,0934;2,7251;2,8078;6,7029;2025-10-05;2026-10-04
ATP;Daniil Glinka;52;Clay;ALL;11;4,5994;2,0492;4,3027;6,3585;2025-10-05;2026-10-04
ATP;Daniil Medvedev;52;Clay;ALL;8;5,4422;2,8169;5,7823;6,125;2025-10-05;2026-10-04
ATP;Darwin Blanch;52;Clay;ALL;11;6,3014;3,4759;5,8904;6,3478;2025-10-05;2026-10-04
ATP;David Jorda Sanchis;52;Clay;ALL;32;5,5343;2,6778;4,47;6,4711;2025-10-05;2026-10-04
ATP;Denis Shapovalov;52;Clay;ALL;6;3,8462;3,6554;8,9744;6,0938;2025-10-05;2026-10-04
ATP;Diego Dedura Palomero;52;Clay;ALL;54;0,8493;2,574;1,5068;6,4947;2025-10-05;2026-10-04
ATP;Dino Prizmic;52;Clay;ALL;19;5,2122;4,6736;3,2762;6,1045;2025-10-05;2026-10-04
ATP;Dominic Stricker;52;Clay;ALL;21;7,6867;7,3969;3,0015;6,2949;2025-10-05;2026-10-04
ATP;Dusan Lajovic;52;Clay;ALL;29;4,4865;5,4554;1,8919;6,1056;2025-10-05;2026-10-04
ATP;Edas Butvilas;52;Clay;ALL;15;4,8598;2,4038;2,8972;6,646;2025-10-05;2026-10-04
ATP;Elias Ymer;52;Clay;ALL;2;3,125;3,8961;12,5;6,4;2025-10-05;2026-10-04
ATP;Elmer Moller;52;Clay;ALL;35;2,4308;3,8429;7,1249;6,6462;2025-10-05;2026-10-04
ATP;Emilio Nava;52;Clay;ALL;32;8,1446;4,535;3,4843;6,6551;2025-10-05;2026-10-04
ATP;Ethan Quinn;52;Clay;ALL;9;6,8966;6,158;2,5543;6,75;2025-10-05;2026-10-04
ATP;Fabian Marozsan;52;Clay;ALL;10;3,2389;5,4759;2,4291;6,5;2025-10-05;2026-10-04
ATP;Facundo Diaz Acosta;52;Clay;ALL;64;3,6734;3,8453;2,7218;6,2503;2025-10-05;2026-10-04
ATP;Facundo Mena;52;Clay;ALL;53;9,2012;4,0445;4,403;6,4536;2025-10-05;2026-10-04
ATP;Federico Agustin Gomez;52;Clay;ALL;30;3,9062;4,5433;5,4228;6,614;2025-10-05;2026-10-04
ATP;Federico Cina;52;Clay;ALL;19;5,1081;6,3401;3,9948;6,9095;2025-10-05;2026-10-04
ATP;Felix Auger Aliassime;52;Clay;ALL;8;8,3179;3,3868;2,0333;6,2907;2025-10-05;2026-10-04
ATP;Felix Balshaw;52;Clay;ALL;34;8,247;1,9828;4,2361;6,2861;2025-10-05;2026-10-04
ATP;Felix Gill;52;Clay;ALL;38;3,3573;3,6313;2,9976;6,5842;2025-10-05;2026-10-04
ATP;Filip Cristian Jianu;52;Clay;ALL;72;2,3482;3,8035;1,8289;6,4469;2025-10-05;2026-10-04
ATP;Flavio Cobolli;52;Clay;ALL;15;5,2419;4,9545;4,0323;6,2785;2025-10-05;2026-10-04
ATP;Florent Bax;52;Clay;ALL;31;7,7549;3,8891;3,2551;5,9011;2025-10-05;2026-10-04
ATP;Frances Tiafoe;52;Clay;ALL;7;5,0325;8,9869;2,2727;6,7692;2025-10-05;2026-10-04
ATP;Francesco Maestrelli;52;Clay;ALL;7;9,0265;3,1405;5,4867;6,9753;2025-10-05;2026-10-04
ATP;Francesco Passaro;52;Clay;ALL;19;4,2553;4,9327;4,1086;6,1955;2025-10-05;2026-10-04
ATP;Francisco Cerundolo;52;Clay;ALL;20;4,0735;3,2488;3,5144;6,6243;2025-10-05;2026-10-04
ATP;Francisco Comesana;52;Clay;ALL;19;6,6667;2,4845;4,526;6,5663;2025-10-05;2026-10-04
ATP;Franco Roncadelli;52;Clay;ALL;49;0,9479;2,8858;1,5107;6,5048;2025-10-05;2026-10-04
ATP;Frederico Ferreira Silva;52;Clay;ALL;28;2,2758;5,8961;2,9451;6,7909;2025-10-05;2026-10-04
ATP;Gabriel Diallo;52;Clay;ALL;5;5,036;3,9216;2,8777;6,619;2025-10-05;2026-10-04
ATP;Gael Monfils;52;Clay;ALL;3;7,8603;4,3062;4,3668;6,7353;2025-10-05;2026-10-04
ATP;Gauthier Onclin;52;Clay;ALL;9;1,6818;5,7039;5,6921;6,4958;2025-10-05;2026-10-04
ATP;Genaro Alberto Olivieri;52;Clay;ALL;44;1,1862;2,9792;1,4828;6,7847;2025-10-05;2026-10-04
ATP;Gianluca Cadenasso;52;Clay;ALL;47;3,392;2,0447;3,6204;6,2699;2025-10-05;2026-10-04
ATP;Giovanni Mpetshi Perricard;52;Clay;ALL;6;7,9914;4,3478;5,1836;6,7101;2025-10-05;2026-10-04
ATP;Gonzalo Bueno;52;Clay;ALL;60;1,6074;3,5919;4,1403;6,6119;2025-10-05;2026-10-04
ATP;Grigor Dimitrov;52;Clay;ALL;6;4,7264;6,7285;5,9701;5,8261;2025-10-05;2026-10-04
ATP;Guido Ivan Justo;52;Clay;ALL;67;2,1686;2,8443;2,1015;6,4826;2025-10-05;2026-10-04
ATP;Gustavo Heide;52;Clay;ALL;58;5,3604;3,7367;6,6543;6,3754;2025-10-05;2026-10-04
ATP;Hamad Medjedovic;52;Clay;ALL;14;7,1889;5,0046;3,9631;6,5361;2025-10-05;2026-10-04
ATP;Harold Mayot;52;Clay;ALL;7;5,1064;4,065;3,1915;6,2667;2025-10-05;2026-10-04
ATP;Harry Wendelken;52;Clay;ALL;2;1,5504;0,8475;3,876;6,45;2025-10-05;2026-10-04
ATP;Henri Squire;52;Clay;ALL;37;6,5548;5,2075;8,0735;6,399;2025-10-05;2026-10-04
ATP;Henrique Rocha;52;Clay;ALL;29;3,1031;2,733;4,2543;6,3834;2025-10-05;2026-10-04
ATP;Hubert Hurkacz;52;Clay;ALL;11;13,0381;3,2294;2,214;6,0672;2025-10-05;2026-10-04
ATP;Hugo Dellien;52;Clay;ALL;52;3,7514;3,5223;1,862;6,4523;2025-10-05;2026-10-04
ATP;Hugo Gaston;52;Clay;ALL;18;3,1646;4,1699;2,8481;6,6526;2025-10-05;2026-10-04
ATP;Hugo Grenier;52;Clay;ALL;2;0,0;2,8571;6,1947;7,0625;2025-10-05;2026-10-04
ATP;Hynek Barton;52;Clay;ALL;43;7,2552;2,1369;2,9213;6,2676;2025-10-05;2026-10-04
ATP;Ignacio Buse;52;Clay;ALL;37;5,212;3,4653;2,5712;6,4385;2025-10-05;2026-10-04
ATP;Igor Ribeiro Marcondes;52;Clay;ALL;19;4,6154;4,7985;3,01;6,557;2025-10-05;2026-10-04
ATP;Ilia Simakin;52;Clay;ALL;8;6,1728;3,9886;3,5494;6,1132;2025-10-05;2026-10-04
ATP;Ilya Ivashka;52;Clay;ALL;1;2,7397;3,3898;4,1096;8,1111;2025-10-05;2026-10-04
ATP;Inaki Montes De La Torre;52;Clay;ALL;30;2,5323;2,1266;7,5969;6,3861;2025-10-05;2026-10-04
ATP;J J Wolf;52;Clay;ALL;11;7,2197;3,3921;4,1475;6,2596;2025-10-05;2026-10-04
ATP;Jack Draper;52;Clay;ALL;1;4,3478;5,3571;8,6957;5,75;2025-10-05;2026-10-04
ATP;Jack Pinnington Jones;52;Clay;ALL;4;3,2727;7,4468;6,9091;6,5476;2025-10-05;2026-10-04
ATP;Jacob Fearnley;52;Clay;ALL;2;3,9801;8,377;9,4527;6,931;2025-10-05;2026-10-04
ATP;Jaime Faria;52;Clay;ALL;32;7,8431;4,6644;6,4426;6,4574;2025-10-05;2026-10-04
ATP;Jakub Mensik;52;Clay;ALL;6;11,2532;10,5386;3,3248;5,8358;2025-10-05;2026-10-04
ATP;James Duckworth;52;Clay;ALL;11;8,8167;10,4859;4,0603;6,7874;2025-10-05;2026-10-04
ATP;Jan Choinski;52;Clay;ALL;38;6,9759;4,9258;2,4433;6,2203;2025-10-05;2026-10-04
ATP;Jan Kumstat;52;Clay;ALL;30;11,9271;6,1638;3,9428;6,186;2025-10-05;2026-10-04
ATP;Jan Lennard Struff;52;Clay;ALL;8;8,4942;8,8462;4,0541;6,475;2025-10-05;2026-10-04
ATP;Jannik Sinner;52;Clay;ALL;17;8,3505;4,2152;2,268;5,7396;2025-10-05;2026-10-04
ATP;Jaume Munar;52;Clay;ALL;13;2,4775;3,5398;3,491;6,5778;2025-10-05;2026-10-04
ATP;Jay Clarke;52;Clay;ALL;32;3,7304;5,6408;3,209;6,7745;2025-10-05;2026-10-04
ATP;Jenson Brooksby;52;Clay;ALL;5;1,4535;5,7692;1,1628;6,7451;2025-10-05;2026-10-04
ATP;Jerome Kym;52;Clay;ALL;17;10,899;6,4018;3,6595;6,2228;2025-10-05;2026-10-04
ATP;Jesper De Jong;52;Clay;ALL;21;8,9455;4,1293;5,9834;6,5681;2025-10-05;2026-10-04
ATP;Jiri Lehecka;52;Clay;ALL;9;10,0152;5,3254;1,0622;6,3365;2025-10-05;2026-10-04
ATP;Joao Fonseca;52;Clay;ALL;12;4,9946;6,3034;1,6287;6,14;2025-10-05;2026-10-04
ATP;Joao Lucas Reis Da Silva;52;Clay;ALL;50;3,6658;6,2375;2,1881;6,3866;2025-10-05;2026-10-04
ATP;Joel Schwaerzler;52;Clay;ALL;24;6,278;6,8769;3,4878;6,6238;2025-10-05;2026-10-04
ATP;Juan Bautista Torres;52;Clay;ALL;63;1,3072;2,7696;2,4792;6,6323;2025-10-05;2026-10-04
ATP;Juan Carlos Prado Angelo;52;Clay;ALL;49;3,3729;3,6863;3,4269;6,726;2025-10-05;2026-10-04
ATP;Juan Manuel Cerundolo;52;Clay;ALL;32;5,0065;4,2958;3,4096;6,4902;2025-10-05;2026-10-04
ATP;Juan Manuel La Serna;52;Clay;ALL;56;2,2914;2,5603;3,5616;6,5498;2025-10-05;2026-10-04
ATP;Juan Pablo Varillas;52;Clay;ALL;63;5,7886;5,6559;2,2062;6,5587;2025-10-05;2026-10-04
ATP;Jurij Rodionov;52;Clay;ALL;16;7,1828;5,379;3,4318;6,6649;2025-10-05;2026-10-04
ATP;Kamil Majchrzak;52;Clay;ALL;3;7,9545;5,814;2,2727;7,1351;2025-10-05;2026-10-04
ATP;Karen Khachanov;52;Clay;ALL;10;6,1813;7,4369;1,7857;6,386;2025-10-05;2026-10-04
ATP;Keegan Smith;52;Clay;ALL;6;6,9479;2,7027;0,7444;6,2969;2025-10-05;2026-10-04
ATP;Kilian Feldbausch;52;Clay;ALL;36;1,3514;2,0586;3,8903;6,5294;2025-10-05;2026-10-04
ATP;Kimmer Coppejans;52;Clay;ALL;40;3,5241;3,5328;5,2293;6,516;2025-10-05;2026-10-04
ATP;Kyrian Jacquet;52;Clay;ALL;8;4,4335;3,0973;3,6125;6,6196;2025-10-05;2026-10-04
ATP;Laslo Djere;52;Clay;ALL;29;4,4562;4,0571;3,7374;6,3242;2025-10-05;2026-10-04
ATP;Lautaro Midon;52;Clay;ALL;51;4,1135;2,3834;2,4733;6,6339;2025-10-05;2026-10-04
ATP;Leandro Riedi;52;Clay;ALL;2;2,1739;1,4085;4,3478;6,2727;2025-10-05;2026-10-04
ATP;Learner Tien;52;Clay;ALL;10;3,7584;3,9092;4,4295;6,2083;2025-10-05;2026-10-04
ATP;Liam Broady;52;Clay;ALL;7;2,3013;3,3543;2,3013;6,2895;2025-10-05;2026-10-04
ATP;Liam Draxl;52;Clay;ALL;7;3,8182;4,7535;4,7273;6,962;2025-10-05;2026-10-04
ATP;Lloyd Harris;52;Clay;ALL;2;9,3333;3,3708;5,3333;6,8182;2025-10-05;2026-10-04
ATP;Lorenzo Giustino;52;Clay;ALL;36;4,8393;4,3559;5,0921;6,5153;2025-10-05;2026-10-04
ATP;Lorenzo Musetti;52;Clay;ALL;10;3,4934;3,4146;2,4745;6,802;2025-10-05;2026-10-04
ATP;Lorenzo Sonego;52;Clay;ALL;9;5,5118;3,0547;2,3622;6,2871;2025-10-05;2026-10-04
ATP;Luca Nardi;52;Clay;ALL;7;1,9802;1,5576;4,2904;6,7333;2025-10-05;2026-10-04
ATP;Luca Van Assche;52;Clay;ALL;23;3,2731;4,9296;5,1354;6,5387;2025-10-05;2026-10-04
ATP;Luciano Darderi;52;Clay;ALL;31;5,9741;5,3602;3,1208;6,4454;2025-10-05;2026-10-04
ATP;Luka Mikrut;52;Clay;ALL;22;7,0328;3,919;2,2103;6,1189;2025-10-05;2026-10-04
ATP;Luka Pavlovic;52;Clay;ALL;22;11,1043;3,548;5,9182;6,556;2025-10-05;2026-10-04
ATP;Lukas Neumayer;52;Clay;ALL;36;2,7512;6,8278;2,3691;6,5919;2025-10-05;2026-10-04
ATP;Mackenzie Mcdonald;52;Clay;ALL;4;1,2821;5,0228;2,1368;7,0909;2025-10-05;2026-10-04
ATP;Maks Kasnikowski;52;Clay;ALL;27;4,2222;4,2462;1,6667;6,0201;2025-10-05;2026-10-04
ATP;Marat Sharipov;52;Clay;ALL;17;8,2569;2,4221;5,7798;6,3372;2025-10-05;2026-10-04
ATP;Marc Andrea Huesler;52;Clay;ALL;8;11,4035;4,9236;3,3333;6,3333;2025-10-05;2026-10-04
ATP;Marco Cecchinato;52;Clay;ALL;62;3,6689;3,8675;3,132;6,2958;2025-10-05;2026-10-04
ATP;Marco Trungelliti;52;Clay;ALL;38;4,7634;5,1444;3,9748;6,7735;2025-10-05;2026-10-04
ATP;Marcos Giron;52;Clay;ALL;6;3,2505;6,6929;2,2945;6,3012;2025-10-05;2026-10-04
ATP;Mariano Navone;52;Clay;ALL;38;1,5498;2,3862;2,9833;6,4204;2025-10-05;2026-10-04
ATP;Marin Cilic;52;Clay;ALL;6;7,0529;7,3418;4,2821;6,4032;2025-10-05;2026-10-04
ATP;Martin Damm;52;Clay;ALL;7;12,5;15,0424;6,8359;6,6494;2025-10-05;2026-10-04
ATP;Martin Krumich;52;Clay;ALL;52;5,0293;3,4557;3,9117;6,4603;2025-10-05;2026-10-04
ATP;Martin Landaluce;52;Clay;ALL;13;3,4737;4,2071;4,9474;6,8345;2025-10-05;2026-10-04
ATP;Marton Fucsovics;52;Clay;ALL;3;6,3415;4,1667;3,4146;6,2121;2025-10-05;2026-10-04
ATP;Marvin Moeller;52;Clay;ALL;45;3,1681;3,9238;3,1995;6,3254;2025-10-05;2026-10-04
ATP;Matej Dodig;52;Clay;ALL;32;8,4598;4,4263;2,023;6,0585;2025-10-05;2026-10-04
ATP;Matheus Pucinelli De Almeida;52;Clay;ALL;52;2,3367;2,5842;4,1954;6,4048;2025-10-05;2026-10-04
ATP;Matias Soto;52;Clay;ALL;58;5,755;6,9036;5,5004;6,5233;2025-10-05;2026-10-04
ATP;Matteo Arnaldi;52;Clay;ALL;12;4,3651;3,3503;4,3651;6,5455;2025-10-05;2026-10-04
ATP;Matteo Berrettini;52;Clay;ALL;17;7,0018;4,2017;2,3339;6,1889;2025-10-05;2026-10-04
ATP;Matteo Martineau;52;Clay;ALL;17;3,6851;1,7021;6,1139;6,4541;2025-10-05;2026-10-04
ATP;Matthew Dellavedova;52;Clay;ALL;3;4,3796;3,2787;2,9197;5,2692;2025-10-05;2026-10-04
ATP;Mattia Bellucci;52;Clay;ALL;13;5,7235;4,0043;4,2117;6,4755;2025-10-05;2026-10-04
ATP;Max Alcala Gurri;52;Clay;ALL;75;1,153;2,593;5,6813;6,3431;2025-10-05;2026-10-04
ATP;Max Hans Rehberg;52;Clay;ALL;31;3,9281;3,7433;2,6029;6,1603;2025-10-05;2026-10-04
ATP;Max Houkes;52;Clay;ALL;43;5,5881;4,5159;3,3805;6,3855;2025-10-05;2026-10-04
ATP;Max Schoenhaus;52;Clay;ALL;34;6,6245;4,5565;4,8523;6,2042;2025-10-05;2026-10-04
ATP;Maxim Mrva;52;Clay;ALL;36;3,7238;3,0587;5,6761;6,5857;2025-10-05;2026-10-04
ATP;Michael Mmoh;52;Clay;ALL;6;8,5791;5,163;9,3834;6,5439;2025-10-05;2026-10-04
ATP;Michael Zheng;52;Clay;ALL;1;1,2987;3,4483;3,8961;7,7;2025-10-05;2026-10-04
ATP;Michele Ribecai;52;Clay;ALL;18;1,4738;4,2857;3,3898;6,5874;2025-10-05;2026-10-04
ATP;Mika Brunold;52;Clay;ALL;20;2,8405;3,0824;2,4035;6,601;2025-10-05;2026-10-04
ATP;Mili Poljicak;52;Clay;ALL;37;8,058;2,1901;2,6994;6,205;2025-10-05;2026-10-04
ATP;Miomir Kecmanovic;52;Clay;ALL;13;3,2086;6,3596;2,139;6,2752;2025-10-05;2026-10-04
ATP;Moise Kouame;52;Clay;ALL;10;4,5455;3,8728;6,5341;6,7692;2025-10-05;2026-10-04
ATP;Nick Hardt;52;Clay;ALL;43;2,2423;3,0486;5,3882;6,64;2025-10-05;2026-10-04
ATP;Nicolai Budkov Kjaer;52;Clay;ALL;6;3,6066;4,4521;2,2951;6,1;2025-10-05;2026-10-04
ATP;Nicolas Mejia;52;Clay;ALL;22;8,5606;6,9712;3,2974;6,4897;2025-10-05;2026-10-04
ATP;Nikolas Sanchez Izquierdo;52;Clay;ALL;61;2,56;2,9847;3,2288;6,3578;2025-10-05;2026-10-04
ATP;Nikoloz Basilashvili;52;Clay;ALL;14;7,8498;10,8974;7,5085;6,8941;2025-10-05;2026-10-04
ATP;Nishesh Basavareddy;52;Clay;ALL;15;3,0447;4,1584;7,1361;6,5688;2025-10-05;2026-10-04
ATP;Novak Djokovic;52;Clay;ALL;1;0,0;3,8462;1,4706;5,2308;2025-10-05;2026-10-04
ATP;Nuno Borges;52;Clay;ALL;15;6,9418;4,6974;2,9081;6,5399;2025-10-05;2026-10-04
ATP;Oliver Crawford;52;Clay;ALL;8;0,8787;1,8051;2,109;6,3222;2025-10-05;2026-10-04
ATP;Otto Virtanen;52;Clay;ALL;10;7,948;2,4357;4,9133;6,2342;2025-10-05;2026-10-04
ATP;Pablo Carreno Busta;52;Clay;ALL;19;2,9963;3,966;1,6479;6,0959;2025-10-05;2026-10-04
ATP;Pablo Llamas Ruiz;52;Clay;ALL;23;2,3392;3,7415;1,2865;6,4528;2025-10-05;2026-10-04
ATP;Patrick Kypson;52;Clay;ALL;4;7,6115;14,6907;1,5748;6,2459;2025-10-05;2026-10-04
ATP;Pavel Kotov;52;Clay;ALL;7;4,6;3,0181;3,0;6,5789;2025-10-05;2026-10-04
ATP;Pedro Boscardin Dias;52;Clay;ALL;57;3,7718;3,1682;4,2254;6,7565;2025-10-05;2026-10-04
ATP;Pedro Martinez;52;Clay;ALL;32;1,0894;5,4545;2,6782;6,4415;2025-10-05;2026-10-04
ATP;Petr Bar Biryukov;52;Clay;ALL;12;11,7944;4,6088;7,8629;6,6577;2025-10-05;2026-10-04
ATP;Philip Henning;52;Clay;ALL;21;4,2582;5,463;2,7944;6,8009;2025-10-05;2026-10-04
ATP;Pierre Hugues Herbert;52;Clay;ALL;4;6,9486;3,8462;8,4592;7,5227;2025-10-05;2026-10-04
ATP;Pol Martin Tiffon;52;Clay;ALL;32;3,4783;4,8854;4,0;6,7055;2025-10-05;2026-10-04
ATP;Quentin Halys;52;Clay;ALL;13;13,3858;6,8596;4,387;6,131;2025-10-05;2026-10-04
ATP;Rafael Jodar;52;Clay;ALL;18;5,5556;3,6154;2,1559;6,3474;2025-10-05;2026-10-04
ATP;Raphael Collignon;52;Clay;ALL;18;7,8247;4,1284;5,0078;6,39;2025-10-05;2026-10-04
ATP;Raphael Perot;52;Clay;ALL;30;2,2281;3,9959;3,0769;6,4116;2025-10-05;2026-10-04
ATP;Raul Brancaccio;52;Clay;ALL;45;3,2535;4,1373;3,4901;6,6555;2025-10-05;2026-10-04
ATP;Rei Sakamoto;52;Clay;ALL;6;6,8235;3,6952;2,1176;6,6406;2025-10-05;2026-10-04
ATP;Reilly Opelka;52;Clay;ALL;2;14,0;10,6796;8,0;6,25;2025-10-05;2026-10-04
ATP;Remy Bertola;52;Clay;ALL;15;5,0384;2,8757;5,1238;6,8081;2025-10-05;2026-10-04
ATP;Rinky Hijikata;52;Clay;ALL;7;4,2705;8,1633;2,847;6,6905;2025-10-05;2026-10-04
ATP;Roberto Bautista Agut;52;Clay;ALL;10;1,6467;8,1761;2,994;6,4231;2025-10-05;2026-10-04
ATP;Roberto Carballes Baena;52;Clay;ALL;25;3,5314;4,7901;3,0269;6,1944;2025-10-05;2026-10-04
ATP;Rodrigo Pacheco Mendez;52;Clay;ALL;19;5,4094;10,1583;4,5322;6,1071;2025-10-05;2026-10-04
ATP;Roman Andres Burruchaga;52;Clay;ALL;53;3,0572;3,0638;4,5989;6,5196;2025-10-05;2026-10-04
ATP;Roman Safiullin;52;Clay;ALL;18;5,1661;4,2137;3,5424;6,3915;2025-10-05;2026-10-04
ATP;Sascha Gueymard Wayenburg;52;Clay;ALL;20;6,5085;3,3619;5,1525;6,6441;2025-10-05;2026-10-04
ATP;Sebastian Baez;52;Clay;ALL;30;2,2048;5,5582;2,5968;6,5417;2025-10-05;2026-10-04
ATP;Sebastian Ofner;52;Clay;ALL;27;7,9084;4,4479;4,5786;6,6048;2025-10-05;2026-10-04
ATP;Sergey Fomin;52;Clay;ALL;11;3,6697;4,2169;5,0459;6,8125;2025-10-05;2026-10-04
ATP;Shintaro Mochizuki;52;Clay;ALL;1;3,3333;8,8889;5,0;7,5;2025-10-05;2026-10-04
ATP;Sho Shimabukuro;52;Clay;ALL;1;0,0;4,3478;4,0;5,5556;2025-10-05;2026-10-04
ATP;Stan Wawrinka;52;Clay;ALL;8;7,5653;5,9722;2,8886;6,5495;2025-10-05;2026-10-04
ATP;Stefan Kozlov;52;Clay;ALL;9;2,7553;3,2023;4,0519;6,5638;2025-10-05;2026-10-04
ATP;Stefano Napolitano;52;Clay;ALL;26;5,9195;9,0365;2,7011;6,2816;2025-10-05;2026-10-04
ATP;Stefano Travaglia;52;Clay;ALL;29;7,089;3,1599;3,0166;6,5;2025-10-05;2026-10-04
ATP;Stefanos Sakellaridis;52;Clay;ALL;21;7,5494;3,5099;3,1156;6,444;2025-10-05;2026-10-04
ATP;Stefanos Tsitsipas;52;Clay;ALL;14;7,4459;5,8528;2,3377;6,3115;2025-10-05;2026-10-04
ATP;Sumit Nagal;52;Clay;ALL;28;1,6064;5,3275;3,4137;6,3846;2025-10-05;2026-10-04
ATP;Tallon Griekspoor;52;Clay;ALL;9;6,3636;6,2687;5,1515;6,4078;2025-10-05;2026-10-04
ATP;Taro Daniel;52;Clay;ALL;16;4,0219;7,0098;1,9196;6,5119;2025-10-05;2026-10-04
ATP;Taylor Fritz;52;Clay;ALL;1;11,1111;10,9091;0,0;6,3;2025-10-05;2026-10-04
ATP;Terence Atmane;52;Clay;ALL;10;7,1816;5,7423;2,71;6,3077;2025-10-05;2026-10-04
ATP;Thiago Agustin Tirante;52;Clay;ALL;25;9,6886;5,7446;3,1719;6,0;2025-10-05;2026-10-04
ATP;Thiago Monteiro;52;Clay;ALL;40;4,9848;5,8803;2,4587;6,4403;2025-10-05;2026-10-04
ATP;Thiago Seyboth Wild;52;Clay;ALL;39;8,1693;6,2547;3,3049;6,3068;2025-10-05;2026-10-04
ATP;Timofey Skatov;52;Clay;ALL;29;2,7338;7,115;4,1727;6,7258;2025-10-05;2026-10-04
ATP;Titouan Droguet;52;Clay;ALL;19;6,6667;2,4426;3,2975;6,5493;2025-10-05;2026-10-04
ATP;Toby Samuel;52;Clay;ALL;6;3,0476;5,5556;2,6667;6,4024;2025-10-05;2026-10-04
ATP;Tom Gentzsch;52;Clay;ALL;37;7,0515;4,1022;5,3923;6,5011;2025-10-05;2026-10-04
ATP;Tomas Barrios Vera;52;Clay;ALL;42;3,534;5,3537;2,5524;6,516;2025-10-05;2026-10-04
ATP;Tomas Machac;52;Clay;ALL;9;4,1096;6,2169;3,9726;6,2931;2025-10-05;2026-10-04
ATP;Tomas Martin Etcheverry;52;Clay;ALL;27;6,1477;5,9751;2,6277;6,1307;2025-10-05;2026-10-04
ATP;Tommy Paul;52;Clay;ALL;12;4,0698;2,8183;2,3256;6,7895;2025-10-05;2026-10-04
ATP;Tristan Boyer;52;Clay;ALL;20;3,0;2,2865;1,9375;6,6116;2025-10-05;2026-10-04
ATP;Tristan Schoolkate;52;Clay;ALL;7;6,8493;8,8183;5,8219;6,4889;2025-10-05;2026-10-04
ATP;Ugo Humbert;52;Clay;ALL;8;7,2214;6,3047;4,7096;6,7766;2025-10-05;2026-10-04
ATP;Valentin Royer;52;Clay;ALL;22;5,1475;5,7441;1,946;6,6375;2025-10-05;2026-10-04
ATP;Valentin Vacherot;52;Clay;ALL;9;7,3048;8,8999;3,4005;6,4553;2025-10-05;2026-10-04
ATP;Vilius Gaubas;52;Clay;ALL;30;3,6434;5,2585;3,0004;6,5904;2025-10-05;2026-10-04
ATP;Vit Kopriva;52;Clay;ALL;26;3,8483;5,9834;4,1272;6,52;2025-10-05;2026-10-04
ATP;Vitaliy Sachko;52;Clay;ALL;29;5,1088;4,4204;3,5005;6,3867;2025-10-05;2026-10-04
ATP;Yannick Hanfmann;52;Clay;ALL;22;9,6875;7,243;2,3125;6,2016;2025-10-05;2026-10-04
ATP;Yi Zhou;52;Clay;ALL;1;0,9901;1,1111;3,9604;6,7333;2025-10-05;2026-10-04
ATP;Yibing Wu;52;Clay;ALL;9;4,1074;4,2836;3,9494;6,0286;2025-10-05;2026-10-04
ATP;Yu Hsiou Hsu;52;Clay;ALL;5;1,6667;4,1551;2,7778;6,4286;2025-10-05;2026-10-04
ATP;Zachary Svajda;52;Clay;ALL;4;2,7344;12,0968;2,3438;6,4;2025-10-05;2026-10-04
ATP;Zdenek Kolar;52;Clay;ALL;53;2,874;4,4753;5,3183;6,4079;2025-10-05;2026-10-04
ATP;Zhizhen Zhang;52;Clay;ALL;6;8,5779;11,6223;2,9345;6,6119;2025-10-05;2026-10-04
ATP;Zizou Bergs;52;Clay;ALL;13;8,7457;4,603;6,3291;6,1631;2025-10-05;2026-10-04
ATP;Zsombor Piros;52;Clay;ALL;37;5,473;4,2289;2,7756;6,4924;2025-10-05;2026-10-04
ATP;Adam Walton;52;Grass;ATP;3;7,5;9,6899;0,8333;5,8537;2025-10-05;2026-10-04
ATP;Adolfo Daniel Vallejo;52;Grass;ATP;2;3,7975;7,7982;5,0633;6,9706;2025-10-05;2026-10-04
ATP;Adrian Mannarino;52;Grass;ATP;9;4,7826;10,8571;2,8986;6,2727;2025-10-05;2026-10-04
ATP;Alejandro Davidovich Fokina;52;Grass;ATP;12;7,1125;9,4877;2,017;6,0385;2025-10-05;2026-10-04
ATP;Alejandro Tabilo;52;Grass;ATP;3;6,278;14,5729;4,0359;6,5588;2025-10-05;2026-10-04
ATP;Aleksandar Kovacevic;52;Grass;ATP;4;14,1304;18,9802;4,3478;6,5714;2025-10-05;2026-10-04
ATP;Aleksandar Vukic;52;Grass;ATP;2;4,6667;7,0866;3,3333;6,8182;2025-10-05;2026-10-04
ATP;Alex De Minaur;52;Grass;ATP;11;5,1282;5,3333;3,9627;6,4511;2025-10-05;2026-10-04
ATP;Alex Michelsen;52;Grass;ATP;1;8,2192;6,0403;6,1644;6,6364;2025-10-05;2026-10-04
ATP;Alex Molcan;52;Grass;ATP;3;5,8462;14,6409;2,7692;6,7708;2025-10-05;2026-10-04
ATP;Alexander Blockx;52;Grass;ATP;1;11,3475;15,5556;5,6738;6,1304;2025-10-05;2026-10-04
ATP;Alexander Bublik;52;Grass;ATP;8;19,4517;15,2563;3,6554;5,8923;2025-10-05;2026-10-04
ATP;Alexander Shevchenko;52;Grass;ATP;1;2,4096;21,4286;2,4096;6,3846;2025-10-05;2026-10-04
ATP;Alexander Zverev;52;Grass;ATP;11;14,8362;10,8247;2,5048;5,8644;2025-10-05;2026-10-04
ATP;Alexandre Muller;52;Grass;ATP;1;1,2658;20,6897;3,7975;7,1818;2025-10-05;2026-10-04
ATP;Alexei Popyrin;52;Grass;ATP;3;11,7347;10,7317;5,6122;5,6;2025-10-05;2026-10-04
ATP;Alexis Galarneau;52;Grass;ATP;1;14,1176;12,766;4,7059;6,0714;2025-10-05;2026-10-04
ATP;Andrey Rublev;52;Grass;ATP;2;10,757;10,7143;7,5697;7,3824;2025-10-05;2026-10-04
ATP;Arthur Fery;52;Grass;ATP;11;4,7619;7,2103;1,9766;6,2881;2025-10-05;2026-10-04
ATP;Arthur Fils;52;Grass;ATP;2;9,6939;11,4833;2,0408;5,7647;2025-10-05;2026-10-04
ATP;Arthur Rinderknech;52;Grass;ATP;5;19,9616;9,1078;2,8791;5,9885;2025-10-05;2026-10-04
ATP;Ben Shelton;52;Grass;ATP;8;12,7485;12,0048;3,7427;6,3333;2025-10-05;2026-10-04
ATP;Benjamin Bonzi;52;Grass;ATP;4;7,2327;7,362;1,5723;5,7818;2025-10-05;2026-10-04
ATP;Billy Harris;52;Grass;ATP;1;7,1429;9,4488;1,7857;5,8947;2025-10-05;2026-10-04
ATP;Botic Van De Zandschulp;52;Grass;ATP;5;9,9815;7,1154;4,4362;6,8481;2025-10-05;2026-10-04
ATP;Brandon Nakashima;52;Grass;ATP;6;11,7338;11,9932;1,7513;6,4157;2025-10-05;2026-10-04
ATP;Cameron Norrie;52;Grass;ATP;2;4,4355;10,9756;4,8387;6,8889;2025-10-05;2026-10-04
ATP;Camilo Ugo Carabelli;52;Grass;ATP;1;2,9126;14,6067;5,8252;6,8667;2025-10-05;2026-10-04
ATP;Casper Ruud;52;Grass;ATP;1;9,901;16,3043;5,9406;6,7333;2025-10-05;2026-10-04
ATP;Corentin Moutet;52;Grass;ATP;5;4,5024;6,0241;2,6066;6,2059;2025-10-05;2026-10-04
ATP;Dalibor Svrcina;52;Grass;ATP;1;4,065;6,7485;4,065;6,8333;2025-10-05;2026-10-04
ATP;Damir Dzumhur;52;Grass;ATP;2;1,7341;6,7901;2,8902;6,92;2025-10-05;2026-10-04
ATP;Dane Sweeny;52;Grass;ATP;1;3,6036;25,2747;4,5045;6,5294;2025-10-05;2026-10-04
ATP;Daniel Altmaier;52;Grass;ATP;8;13,5294;9,2767;4,4118;6,5385;2025-10-05;2026-10-04
ATP;Daniel Merida Aguilar;52;Grass;ATP;2;7,2464;7,4074;2,8986;6,0882;2025-10-05;2026-10-04
ATP;Daniil Medvedev;52;Grass;ATP;9;10,8322;5,5229;5,284;6,2049;2025-10-05;2026-10-04
ATP;Denis Shapovalov;52;Grass;ATP;4;12,0253;2,4862;7,9114;6,0769;2025-10-05;2026-10-04
ATP;Diego Dedura Palomero;52;Grass;ATP;1;0,0;12,7273;3,2787;6,7778;2025-10-05;2026-10-04
ATP;Dino Prizmic;52;Grass;ATP;2;5,1724;8,7963;2,5862;6,4444;2025-10-05;2026-10-04
ATP;Dusan Lajovic;52;Grass;ATP;1;3,4483;19,1781;3,4483;6,2143;2025-10-05;2026-10-04
ATP;Elias Ymer;52;Grass;ATP;1;8,0;13,0435;0,0;5,5556;2025-10-05;2026-10-04
ATP;Emilio Nava;52;Grass;ATP;1;8,7302;0,8696;3,1746;6,3;2025-10-05;2026-10-04
ATP;Ethan Quinn;52;Grass;ATP;9;12,1715;8,6137;6,9156;5,9262;2025-10-05;2026-10-04
ATP;Fabian Marozsan;52;Grass;ATP;9;8,2645;9,1437;2,7548;6,6;2025-10-05;2026-10-04
ATP;Felix Auger Aliassime;52;Grass;ATP;10;16,1417;5,0;3,0512;6,2331;2025-10-05;2026-10-04
ATP;Felix Gill;52;Grass;ATP;2;9,8039;12,6582;1,4706;6,8;2025-10-05;2026-10-04
ATP;Flavio Cobolli;52;Grass;ATP;6;8,3916;6,8351;2,5175;6,875;2025-10-05;2026-10-04
ATP;Frances Tiafoe;52;Grass;ATP;11;7,4925;15,6724;2,8971;6,4167;2025-10-05;2026-10-04
ATP;Francisco Cerundolo;52;Grass;ATP;6;4,5614;6,2157;5,0877;6,8675;2025-10-05;2026-10-04
ATP;Gabriel Diallo;52;Grass;ATP;7;8,9961;7,4392;2,9987;6,7876;2025-10-05;2026-10-04
ATP;Gauthier Onclin;52;Grass;ATP;2;3,0303;23,3577;5,303;6,2857;2025-10-05;2026-10-04
ATP;Giovanni Mpetshi Perricard;52;Grass;ATP;5;21,7565;8,6498;2,3952;6,4231;2025-10-05;2026-10-04
ATP;Grigor Dimitrov;52;Grass;ATP;7;11,8911;10,0;4,7278;5,9153;2025-10-05;2026-10-04
ATP;Hamad Medjedovic;52;Grass;ATP;3;8,547;19,6825;4,8433;7,02;2025-10-05;2026-10-04
ATP;Harry Wendelken;52;Grass;ATP;2;3,5533;8,7629;3,5533;6,7931;2025-10-05;2026-10-04
ATP;Hubert Hurkacz;52;Grass;ATP;7;16,8659;9,0186;3,1873;6,3277;2025-10-05;2026-10-04
ATP;Hugo Gaston;52;Grass;ATP;1;5,6818;12,1212;2,2727;7,3333;2025-10-05;2026-10-04
ATP;Ignacio Buse;52;Grass;ATP;6;3,3264;7,7244;2,4948;6,2468;2025-10-05;2026-10-04
ATP;Jack Draper;52;Grass;ATP;4;6,9565;9,2251;1,3043;5,6098;2025-10-05;2026-10-04
ATP;Jack Pinnington Jones;52;Grass;ATP;4;5,7971;5,7377;5,0725;6,9;2025-10-05;2026-10-04
ATP;Jacob Fearnley;52;Grass;ATP;2;4,5113;10,6719;6,015;7,0;2025-10-05;2026-10-04
ATP;Jaime Faria;52;Grass;ATP;2;9,0226;12,2137;6,7669;6,4878;2025-10-05;2026-10-04
ATP;Jakub Mensik;52;Grass;ATP;3;15,6716;4,6729;3,2338;6,2812;2025-10-05;2026-10-04
ATP;James Duckworth;52;Grass;ATP;4;10,3704;12,2892;2,963;6,0448;2025-10-05;2026-10-04
ATP;James Mccabe;52;Grass;ATP;2;4,4025;11,0294;1,8868;6,913;2025-10-05;2026-10-04
ATP;Jan Choinski;52;Grass;ATP;5;12,3543;11,9101;2,331;6,2174;2025-10-05;2026-10-04
ATP;Jan Lennard Struff;52;Grass;ATP;9;14,2598;15,5722;3,9055;6,5536;2025-10-05;2026-10-04
ATP;Jannik Sinner;52;Grass;ATP;7;17,6066;6,2424;2,4759;5,8629;2025-10-05;2026-10-04
ATP;Jaume Munar;52;Grass;ATP;5;11,0345;8,8838;3,908;6,3971;2025-10-05;2026-10-04
ATP;Jenson Brooksby;52;Grass;ATP;8;5,8319;9,0;1,3722;6,1368;2025-10-05;2026-10-04
ATP;Jesper De Jong;52;Grass;ATP;2;9,854;7,8067;5,4745;6,85;2025-10-05;2026-10-04
ATP;Jiri Lehecka;52;Grass;ATP;9;13,5575;8,1481;1,9523;6,3586;2025-10-05;2026-10-04
ATP;Joao Fonseca;52;Grass;ATP;4;8,8154;6,3444;1,6529;6,9808;2025-10-05;2026-10-04
ATP;Juan Manuel Cerundolo;52;Grass;ATP;4;8,5546;4,9383;5,3097;6,6471;2025-10-05;2026-10-04
ATP;Kamil Majchrzak;52;Grass;ATP;8;7,9365;8,8698;1,2987;6,1875;2025-10-05;2026-10-04
ATP;Karen Khachanov;52;Grass;ATP;4;9,1954;7,7922;2,2989;6,1268;2025-10-05;2026-10-04
ATP;Kyrian Jacquet;52;Grass;ATP;2;8,5561;10,3448;5,3476;6,0323;2025-10-05;2026-10-04
ATP;Learner Tien;52;Grass;ATP;4;5,8333;8,8745;4,1667;7,0588;2025-10-05;2026-10-04
ATP;Lorenzo Sonego;52;Grass;ATP;6;10,0752;7,3529;1,3534;6,1009;2025-10-05;2026-10-04
ATP;Luca Van Assche;52;Grass;ATP;1;4,7619;2,6316;4,7619;6,0;2025-10-05;2026-10-04
ATP;Luciano Darderi;52;Grass;ATP;3;8,1699;17,5115;3,268;8,0526;2025-10-05;2026-10-04
ATP;Mackenzie Mcdonald;52;Grass;ATP;1;6,2016;15,8416;5,4264;7,1667;2025-10-05;2026-10-04
ATP;Marco Trungelliti;52;Grass;ATP;2;4,6931;11,7845;5,7762;6,925;2025-10-05;2026-10-04
ATP;Marcos Giron;52;Grass;ATP;7;6,6298;8,4211;2,3481;6,6422;2025-10-05;2026-10-04
ATP;Mariano Navone;52;Grass;ATP;2;2,9536;7,3171;2,1097;6,5833;2025-10-05;2026-10-04
ATP;Marin Cilic;52;Grass;ATP;5;8,3141;15,4639;3,2333;6,3676;2025-10-05;2026-10-04
ATP;Martin Damm;52;Grass;ATP;5;12,8;11,8026;3,4;6,6667;2025-10-05;2026-10-04
ATP;Martin Landaluce;52;Grass;ATP;5;11,7886;13,9583;5,4878;6,3896;2025-10-05;2026-10-04
ATP;Marton Fucsovics;52;Grass;ATP;6;4,8507;8,3168;5,597;7,0526;2025-10-05;2026-10-04
ATP;Matteo Arnaldi;52;Grass;ATP;2;8,5106;8,7209;4,7872;6,963;2025-10-05;2026-10-04
ATP;Matteo Berrettini;52;Grass;ATP;3;15,6322;10,0233;2,9885;6,3971;2025-10-05;2026-10-04
ATP;Mattia Bellucci;52;Grass;ATP;6;10,8303;9,2764;3,9711;6,2247;2025-10-05;2026-10-04
ATP;Max Basing;52;Grass;ATP;1;0,0;4,5455;3,5714;7,6364;2025-10-05;2026-10-04
ATP;Max Schoenhaus;52;Grass;ATP;1;10,6061;12,0;7,5758;7,3333;2025-10-05;2026-10-04
ATP;Michael Zheng;52;Grass;ATP;3;10,8173;5,3165;1,9231;6,8197;2025-10-05;2026-10-04
ATP;Miomir Kecmanovic;52;Grass;ATP;5;4,1152;14,553;2,6749;6,3947;2025-10-05;2026-10-04
ATP;Murphy Cassone;52;Grass;ATP;1;6,0241;20,0;1,2048;5,9286;2025-10-05;2026-10-04
ATP;Nicolas Mejia;52;Grass;ATP;2;6,5217;7,5658;1,8116;6,4186;2025-10-05;2026-10-04
ATP;Nikoloz Basilashvili;52;Grass;ATP;1;10,2941;22,0339;7,3529;6,1818;2025-10-05;2026-10-04
ATP;Novak Djokovic;52;Grass;ATP;6;10,2069;15,0862;2,3448;6,1966;2025-10-05;2026-10-04
ATP;Nuno Borges;52;Grass;ATP;9;9,0772;12,0226;1,3616;6,1204;2025-10-05;2026-10-04
ATP;Otto Virtanen;52;Grass;ATP;3;10,5012;7,9812;3,58;6,6508;2025-10-05;2026-10-04
ATP;Pablo Carreno Busta;52;Grass;ATP;2;4,0323;8,658;2,4194;7,5152;2025-10-05;2026-10-04
ATP;Pablo Llamas Ruiz;52;Grass;ATP;1;2,2727;9,0909;1,1364;7,3333;2025-10-05;2026-10-04
ATP;Patrick Kypson;52;Grass;ATP;2;8,7963;13,3663;4,6296;6,75;2025-10-05;2026-10-04
ATP;Pierre Hugues Herbert;52;Grass;ATP;1;14,6067;7,0;13,4831;5,9333;2025-10-05;2026-10-04
ATP;Quentin Halys;52;Grass;ATP;5;10,9091;8,6162;5,1948;6,2097;2025-10-05;2026-10-04
ATP;Rafael Jodar;52;Grass;ATP;3;7,027;4,7493;3,5135;6,4912;2025-10-05;2026-10-04
ATP;Raphael Collignon;52;Grass;ATP;5;10,9756;10,2094;6,3415;6,2121;2025-10-05;2026-10-04
ATP;Rinky Hijikata;52;Grass;ATP;6;6,6667;13,1627;2,8829;6,4535;2025-10-05;2026-10-04
ATP;Roberto Bautista Agut;52;Grass;ATP;2;6,9767;15,4255;2,907;6,3704;2025-10-05;2026-10-04
ATP;Roman Andres Burruchaga;52;Grass;ATP;2;3,8043;4,1176;5,4348;6,8148;2025-10-05;2026-10-04
ATP;Roman Safiullin;52;Grass;ATP;5;6,2903;11,1929;2,4194;6,2;2025-10-05;2026-10-04
ATP;Sebastian Baez;52;Grass;ATP;1;2,7972;12,7389;1,3986;5,9583;2025-10-05;2026-10-04
ATP;Sebastian Ofner;52;Grass;ATP;2;17,1548;10,7807;2,5105;6,2895;2025-10-05;2026-10-04
ATP;Shintaro Mochizuki;52;Grass;ATP;4;3,3413;9,5465;2,148;6,8689;2025-10-05;2026-10-04
ATP;Sho Shimabukuro;52;Grass;ATP;6;10,5675;14,7601;4,501;6,0833;2025-10-05;2026-10-04
ATP;Soon Woo Kwon;52;Grass;ATP;2;8,1081;13,3333;5,4054;6,6071;2025-10-05;2026-10-04
ATP;Stan Wawrinka;52;Grass;ATP;1;10,0;17,4699;3,8889;7,5;2025-10-05;2026-10-04
ATP;Stefanos Tsitsipas;52;Grass;ATP;3;16,5854;9,322;2,9268;5,6944;2025-10-05;2026-10-04
ATP;Tallon Griekspoor;52;Grass;ATP;4;11,9403;12,2905;3,4826;6,4839;2025-10-05;2026-10-04
ATP;Taylor Fritz;52;Grass;ATP;14;19,376;10,6841;1,9704;5,8;2025-10-05;2026-10-04
ATP;Terence Atmane;52;Grass;ATP;5;10,9813;9,4563;2,3364;6,0282;2025-10-05;2026-10-04
ATP;Thiago Agustin Tirante;52;Grass;ATP;3;9,5833;8,5308;6,25;7,0588;2025-10-05;2026-10-04
ATP;Titouan Droguet;52;Grass;ATP;1;12,8205;3,2787;0,0;6,0;2025-10-05;2026-10-04
ATP;Toby Samuel;52;Grass;ATP;5;5,8957;8,5919;2,7211;6,4853;2025-10-05;2026-10-04
ATP;Tom Gentzsch;52;Grass;ATP;1;23,1481;4,4643;0,9259;6,75;2025-10-05;2026-10-04
ATP;Tomas Martin Etcheverry;52;Grass;ATP;3;8,7542;12,7208;1,3468;6,6;2025-10-05;2026-10-04
ATP;Tommy Paul;52;Grass;ATP;8;11,6279;5,2857;2,7907;6,2621;2025-10-05;2026-10-04
ATP;Tristan Boyer;52;Grass;ATP;1;8,2569;8,4112;7,3394;6,8125;2025-10-05;2026-10-04
ATP;Ugo Humbert;52;Grass;ATP;12;10,3743;7,3993;4,1711;6,1513;2025-10-05;2026-10-04
ATP;Valentin Royer;52;Grass;ATP;3;5,9041;9,2437;3,321;6,3023;2025-10-05;2026-10-04
ATP;Vilius Gaubas;52;Grass;ATP;1;5,5556;8,6957;2,7778;7,2;2025-10-05;2026-10-04
ATP;Vit Kopriva;52;Grass;ATP;5;9,0909;15,9091;5,303;6,3871;2025-10-05;2026-10-04
ATP;Yannick Hanfmann;52;Grass;ATP;8;13,9871;13,5664;3,3762;6,098;2025-10-05;2026-10-04
ATP;Yibing Wu;52;Grass;ATP;2;9,901;11,6592;1,9802;5,9412;2025-10-05;2026-10-04
ATP;Zachary Svajda;52;Grass;ATP;4;7,3048;9,5477;3,0227;6,1077;2025-10-05;2026-10-04
ATP;Zhizhen Zhang;52;Grass;ATP;3;12,5;8,1197;1,25;6,4865;2025-10-05;2026-10-04
ATP;Zizou Bergs;52;Grass;ATP;10;10,1626;5,7561;5,7927;6,3077;2025-10-05;2026-10-04
ATP;Adam Walton;52;Grass;ALL;8;7,6672;7,0312;2,2838;6,0693;2025-10-05;2026-10-04
ATP;Adolfo Daniel Vallejo;52;Grass;ALL;2;3,7975;7,7982;5,0633;6,9706;2025-10-05;2026-10-04
ATP;Adrian Mannarino;52;Grass;ALL;11;5,2826;9,5923;3,0713;6,1667;2025-10-05;2026-10-04
ATP;Alastair Gray;52;Grass;ALL;5;8,7413;5,5385;4,8951;5,9583;2025-10-05;2026-10-04
ATP;Alejandro Davidovich Fokina;52;Grass;ALL;12;7,1125;9,4877;2,017;6,0385;2025-10-05;2026-10-04
ATP;Alejandro Tabilo;52;Grass;ALL;3;6,278;14,5729;4,0359;6,5588;2025-10-05;2026-10-04
ATP;Aleksandar Kovacevic;52;Grass;ALL;4;14,1304;18,9802;4,3478;6,5714;2025-10-05;2026-10-04
ATP;Aleksandar Vukic;52;Grass;ALL;4;4,7619;8,8803;2,9762;7,1489;2025-10-05;2026-10-04
ATP;Alex Bolt;52;Grass;ALL;3;12,782;11,8881;1,5038;5,7826;2025-10-05;2026-10-04
ATP;Alex De Minaur;52;Grass;ALL;11;5,1282;5,3333;3,9627;6,4511;2025-10-05;2026-10-04
ATP;Alex Michelsen;52;Grass;ALL;5;6,3776;3,6408;6,1224;6,4262;2025-10-05;2026-10-04
ATP;Alex Molcan;52;Grass;ALL;3;5,8462;14,6409;2,7692;6,7708;2025-10-05;2026-10-04
ATP;Alexander Blockx;52;Grass;ALL;1;11,3475;15,5556;5,6738;6,1304;2025-10-05;2026-10-04
ATP;Alexander Bublik;52;Grass;ALL;8;19,4517;15,2563;3,6554;5,8923;2025-10-05;2026-10-04
ATP;Alexander Shevchenko;52;Grass;ALL;1;2,4096;21,4286;2,4096;6,3846;2025-10-05;2026-10-04
ATP;Alexander Zverev;52;Grass;ALL;11;14,8362;10,8247;2,5048;5,8644;2025-10-05;2026-10-04
ATP;Alexandre Muller;52;Grass;ALL;1;1,2658;20,6897;3,7975;7,1818;2025-10-05;2026-10-04
ATP;Alexei Popyrin;52;Grass;ALL;3;11,7347;10,7317;5,6122;5,6;2025-10-05;2026-10-04
ATP;Alexis Galarneau;52;Grass;ALL;8;5,942;7,1629;5,2174;6,3889;2025-10-05;2026-10-04
ATP;Andre Ilagan;52;Grass;ALL;2;2,7624;2,994;2,2099;6,9615;2025-10-05;2026-10-04
ATP;Andrey Rublev;52;Grass;ALL;2;10,757;10,7143;7,5697;7,3824;2025-10-05;2026-10-04
ATP;Arthur Fery;52;Grass;ALL;15;5,8379;7,1809;1,8544;6,303;2025-10-05;2026-10-04
ATP;Arthur Fils;52;Grass;ALL;2;9,6939;11,4833;2,0408;5,7647;2025-10-05;2026-10-04
ATP;Arthur Gea;52;Grass;ALL;6;9,9515;4,7368;6,3107;6,6452;2025-10-05;2026-10-04
ATP;Arthur Rinderknech;52;Grass;ALL;5;19,9616;9,1078;2,8791;5,9885;2025-10-05;2026-10-04
ATP;August Holmgren;52;Grass;ALL;4;10,3774;7,7586;3,7736;6,4242;2025-10-05;2026-10-04
ATP;Ben Shelton;52;Grass;ALL;8;12,7485;12,0048;3,7427;6,3333;2025-10-05;2026-10-04
ATP;Benjamin Bonzi;52;Grass;ALL;7;6,7829;8,2218;1,1628;5,8636;2025-10-05;2026-10-04
ATP;Bernard Tomic;52;Grass;ALL;3;4,0161;10,9804;3,2129;6,3846;2025-10-05;2026-10-04
ATP;Billy Harris;52;Grass;ALL;7;9,0573;14,3824;3,6969;6,2184;2025-10-05;2026-10-04
ATP;Botic Van De Zandschulp;52;Grass;ALL;5;9,9815;7,1154;4,4362;6,8481;2025-10-05;2026-10-04
ATP;Braden Shick;52;Grass;ALL;1;13,7931;2,2222;5,1724;6,4444;2025-10-05;2026-10-04
ATP;Brandon Nakashima;52;Grass;ALL;6;11,7338;11,9932;1,7513;6,4157;2025-10-05;2026-10-04
ATP;Bu Yunchaokete;52;Grass;ALL;8;9,3625;15,7647;2,7888;6,3544;2025-10-05;2026-10-04
ATP;Cameron Norrie;52;Grass;ALL;2;4,4355;10,9756;4,8387;6,8889;2025-10-05;2026-10-04
ATP;Camilo Ugo Carabelli;52;Grass;ALL;1;2,9126;14,6067;5,8252;6,8667;2025-10-05;2026-10-04
ATP;Casper Ruud;52;Grass;ALL;1;9,901;16,3043;5,9406;6,7333;2025-10-05;2026-10-04
ATP;Charles Broom;52;Grass;ALL;1;0,0;18,4211;5,0;6,1538;2025-10-05;2026-10-04
ATP;Chris Rodesch;52;Grass;ALL;2;8,6207;9,8039;1,7241;6,4444;2025-10-05;2026-10-04
ATP;Christopher Oconnell;52;Grass;ALL;7;13,0536;9,8253;1,1655;6,2174;2025-10-05;2026-10-04
ATP;Clement Chidekh;52;Grass;ALL;8;2,9289;7,2056;5,6485;5,975;2025-10-05;2026-10-04
ATP;Clement Tabur;52;Grass;ALL;2;4,8193;3,1447;4,2169;7,2174;2025-10-05;2026-10-04
ATP;Coleman Wong;52;Grass;ALL;3;14,6552;8,7649;3,8793;6,2703;2025-10-05;2026-10-04
ATP;Colton Smith;52;Grass;ALL;2;5,5556;5,298;3,0303;7,92;2025-10-05;2026-10-04
ATP;Corentin Moutet;52;Grass;ALL;5;4,5024;6,0241;2,6066;6,2059;2025-10-05;2026-10-04
ATP;Dalibor Svrcina;52;Grass;ALL;1;4,065;6,7485;4,065;6,8333;2025-10-05;2026-10-04
ATP;Damir Dzumhur;52;Grass;ALL;2;1,7341;6,7901;2,8902;6,92;2025-10-05;2026-10-04
ATP;Dane Sweeny;52;Grass;ALL;3;2,3585;15,1042;2,8302;7,0667;2025-10-05;2026-10-04
ATP;Daniel Altmaier;52;Grass;ALL;8;13,5294;9,2767;4,4118;6,5385;2025-10-05;2026-10-04
ATP;Daniel Merida Aguilar;52;Grass;ALL;2;7,2464;7,4074;2,8986;6,0882;2025-10-05;2026-10-04
ATP;Daniil Glinka;52;Grass;ALL;2;12,6582;4,142;3,1646;6,0769;2025-10-05;2026-10-04
ATP;Daniil Medvedev;52;Grass;ALL;9;10,8322;5,5229;5,284;6,2049;2025-10-05;2026-10-04
ATP;Darwin Blanch;52;Grass;ALL;4;7,6246;4,7761;4,3988;6,434;2025-10-05;2026-10-04
ATP;Denis Shapovalov;52;Grass;ALL;4;12,0253;2,4862;7,9114;6,0769;2025-10-05;2026-10-04
ATP;Diego Dedura Palomero;52;Grass;ALL;1;0,0;12,7273;3,2787;6,7778;2025-10-05;2026-10-04
ATP;Dino Prizmic;52;Grass;ALL;2;5,1724;8,7963;2,5862;6,4444;2025-10-05;2026-10-04
ATP;Dusan Lajovic;52;Grass;ALL;1;3,4483;19,1781;3,4483;6,2143;2025-10-05;2026-10-04
ATP;Elias Ymer;52;Grass;ALL;4;5,3435;10,757;3,4351;6,3902;2025-10-05;2026-10-04
ATP;Emilio Nava;52;Grass;ALL;1;8,7302;0,8696;3,1746;6,3;2025-10-05;2026-10-04
ATP;Ethan Quinn;52;Grass;ALL;9;12,1715;8,6137;6,9156;5,9262;2025-10-05;2026-10-04
ATP;Fabian Marozsan;52;Grass;ALL;9;8,2645;9,1437;2,7548;6,6;2025-10-05;2026-10-04
ATP;Felix Auger Aliassime;52;Grass;ALL;10;16,1417;5,0;3,0512;6,2331;2025-10-05;2026-10-04
ATP;Felix Gill;52;Grass;ALL;9;7,1429;10,3038;1,2531;6,7059;2025-10-05;2026-10-04
ATP;Flavio Cobolli;52;Grass;ALL;6;8,3916;6,8351;2,5175;6,875;2025-10-05;2026-10-04
ATP;Frances Tiafoe;52;Grass;ALL;11;7,4925;15,6724;2,8971;6,4167;2025-10-05;2026-10-04
ATP;Francesco Maestrelli;52;Grass;ALL;2;7,5;5,102;1,25;6,6667;2025-10-05;2026-10-04
ATP;Francisco Cerundolo;52;Grass;ALL;6;4,5614;6,2157;5,0877;6,8675;2025-10-05;2026-10-04
ATP;Gabriel Diallo;52;Grass;ALL;7;8,9961;7,4392;2,9987;6,7876;2025-10-05;2026-10-04
ATP;Gauthier Onclin;52;Grass;ALL;3;2,2321;18,018;4,4643;6,7879;2025-10-05;2026-10-04
ATP;Giovanni Mpetshi Perricard;52;Grass;ALL;5;21,7565;8,6498;2,3952;6,4231;2025-10-05;2026-10-04
ATP;Grigor Dimitrov;52;Grass;ALL;10;11,25;9,6912;5,3409;5,9459;2025-10-05;2026-10-04
ATP;Hamad Medjedovic;52;Grass;ALL;3;8,547;19,6825;4,8433;7,02;2025-10-05;2026-10-04
ATP;Harry Wendelken;52;Grass;ALL;4;2,4523;14,1274;4,9046;6,7963;2025-10-05;2026-10-04
ATP;Hayato Matsuoka;52;Grass;ALL;1;1,7544;3,6364;5,2632;7,125;2025-10-05;2026-10-04
ATP;Henrique Rocha;52;Grass;ALL;2;3,125;9,0909;1,5625;7,1111;2025-10-05;2026-10-04
ATP;Henry Searle;52;Grass;ALL;10;9,9719;3,42;3,3708;6,1913;2025-10-05;2026-10-04
ATP;Hubert Hurkacz;52;Grass;ALL;7;16,8659;9,0186;3,1873;6,3277;2025-10-05;2026-10-04
ATP;Hugo Gaston;52;Grass;ALL;2;5,102;7,3864;1,0204;7,0;2025-10-05;2026-10-04
ATP;Ignacio Buse;52;Grass;ALL;6;3,3264;7,7244;2,4948;6,2468;2025-10-05;2026-10-04
ATP;Igor Ribeiro Marcondes;52;Grass;ALL;1;5,3333;23,1884;1,3333;7,5;2025-10-05;2026-10-04
ATP;Jack Draper;52;Grass;ALL;4;6,9565;9,2251;1,3043;5,6098;2025-10-05;2026-10-04
ATP;Jack Pinnington Jones;52;Grass;ALL;6;7,2016;5,0847;4,9383;6,6575;2025-10-05;2026-10-04
ATP;Jacob Fearnley;52;Grass;ALL;11;5,3039;5,5202;7,2928;6,5108;2025-10-05;2026-10-04
ATP;Jaime Faria;52;Grass;ALL;4;10,992;12,0968;5,3619;6,0161;2025-10-05;2026-10-04
ATP;Jakub Mensik;52;Grass;ALL;3;15,6716;4,6729;3,2338;6,2812;2025-10-05;2026-10-04
ATP;James Duckworth;52;Grass;ALL;4;10,3704;12,2892;2,963;6,0448;2025-10-05;2026-10-04
ATP;James Mccabe;52;Grass;ALL;8;10,7477;8,1494;2,9595;6,7579;2025-10-05;2026-10-04
ATP;Jan Choinski;52;Grass;ALL;5;12,3543;11,9101;2,331;6,2174;2025-10-05;2026-10-04
ATP;Jan Lennard Struff;52;Grass;ALL;9;14,2598;15,5722;3,9055;6,5536;2025-10-05;2026-10-04
ATP;Jannik Sinner;52;Grass;ALL;7;17,6066;6,2424;2,4759;5,8629;2025-10-05;2026-10-04
ATP;Jaume Munar;52;Grass;ALL;5;11,0345;8,8838;3,908;6,3971;2025-10-05;2026-10-04
ATP;Jay Clarke;52;Grass;ALL;2;8,8757;8,8398;5,3254;6,2593;2025-10-05;2026-10-04
ATP;Jenson Brooksby;52;Grass;ALL;8;5,8319;9,0;1,3722;6,1368;2025-10-05;2026-10-04
ATP;Jerome Kym;52;Grass;ALL;2;6,1321;11,6022;4,2453;7,0667;2025-10-05;2026-10-04
ATP;Jesper De Jong;52;Grass;ALL;2;9,854;7,8067;5,4745;6,85;2025-10-05;2026-10-04
ATP;Jiri Lehecka;52;Grass;ALL;9;13,5575;8,1481;1,9523;6,3586;2025-10-05;2026-10-04
ATP;Joao Fonseca;52;Grass;ALL;4;8,8154;6,3444;1,6529;6,9808;2025-10-05;2026-10-04
ATP;Johannus Monday;52;Grass;ALL;3;6,8421;6,4103;5,7895;6,5517;2025-10-05;2026-10-04
ATP;Juan Manuel Cerundolo;52;Grass;ALL;4;8,5546;4,9383;5,3097;6,6471;2025-10-05;2026-10-04
ATP;Jurij Rodionov;52;Grass;ALL;5;8,0;6,006;4,3333;6,25;2025-10-05;2026-10-04
ATP;Kamil Majchrzak;52;Grass;ALL;12;8,0597;10,3013;1,2935;6,2812;2025-10-05;2026-10-04
ATP;Karen Khachanov;52;Grass;ALL;4;9,1954;7,7922;2,2989;6,1268;2025-10-05;2026-10-04
ATP;Kyrian Jacquet;52;Grass;ALL;7;8,5973;7,943;3,6199;6,1389;2025-10-05;2026-10-04
ATP;Leandro Riedi;52;Grass;ALL;2;11,2903;15,7143;9,6774;6,2;2025-10-05;2026-10-04
ATP;Learner Tien;52;Grass;ALL;4;5,8333;8,8745;4,1667;7,0588;2025-10-05;2026-10-04
ATP;Liam Broady;52;Grass;ALL;3;5,3922;4,5872;2,451;6,8;2025-10-05;2026-10-04
ATP;Lloyd Harris;52;Grass;ALL;1;28,5714;6,8182;0,0;5,9231;2025-10-05;2026-10-04
ATP;Lorenzo Sonego;52;Grass;ALL;6;10,0752;7,3529;1,3534;6,1009;2025-10-05;2026-10-04
ATP;Luca Nardi;52;Grass;ALL;2;7,3394;5,7851;2,7523;6,8125;2025-10-05;2026-10-04
ATP;Luca Van Assche;52;Grass;ALL;1;4,7619;2,6316;4,7619;6,0;2025-10-05;2026-10-04
ATP;Luciano Darderi;52;Grass;ALL;3;8,1699;17,5115;3,268;8,0526;2025-10-05;2026-10-04
ATP;Mackenzie Mcdonald;52;Grass;ALL;6;4,5908;10,5263;3,5928;7,0563;2025-10-05;2026-10-04
ATP;Marco Trungelliti;52;Grass;ALL;2;4,6931;11,7845;5,7762;6,925;2025-10-05;2026-10-04
ATP;Marcos Giron;52;Grass;ALL;7;6,6298;8,4211;2,3481;6,6422;2025-10-05;2026-10-04
ATP;Mariano Navone;52;Grass;ALL;2;2,9536;7,3171;2,1097;6,5833;2025-10-05;2026-10-04
ATP;Marin Cilic;52;Grass;ALL;5;8,3141;15,4639;3,2333;6,3676;2025-10-05;2026-10-04
ATP;Mark Lajal;52;Grass;ALL;6;9,6677;7,7922;4,5317;6,3654;2025-10-05;2026-10-04
ATP;Martin Damm;52;Grass;ALL;6;12,459;11,5789;3,9344;6,7033;2025-10-05;2026-10-04
ATP;Martin Landaluce;52;Grass;ALL;5;11,7886;13,9583;5,4878;6,3896;2025-10-05;2026-10-04
ATP;Marton Fucsovics;52;Grass;ALL;6;4,8507;8,3168;5,597;7,0526;2025-10-05;2026-10-04
ATP;Matteo Arnaldi;52;Grass;ALL;2;8,5106;8,7209;4,7872;6,963;2025-10-05;2026-10-04
ATP;Matteo Berrettini;52;Grass;ALL;3;15,6322;10,0233;2,9885;6,3971;2025-10-05;2026-10-04
ATP;Mattia Bellucci;52;Grass;ALL;7;10,3333;10,5903;4,0;6,25;2025-10-05;2026-10-04
ATP;Max Basing;52;Grass;ALL;5;1,3245;6,0465;3,7528;6,8636;2025-10-05;2026-10-04
ATP;Max Schoenhaus;52;Grass;ALL;1;10,6061;12,0;7,5758;7,3333;2025-10-05;2026-10-04
ATP;Michael Zheng;52;Grass;ALL;5;11,4723;5,3279;2,1033;6,7051;2025-10-05;2026-10-04
ATP;Miomir Kecmanovic;52;Grass;ALL;5;4,1152;14,553;2,6749;6,3947;2025-10-05;2026-10-04
ATP;Murphy Cassone;52;Grass;ALL;2;3,9773;17,1779;2,2727;6,5185;2025-10-05;2026-10-04
ATP;Nicolai Budkov Kjaer;52;Grass;ALL;3;10,6918;4,8276;4,4025;6,625;2025-10-05;2026-10-04
ATP;Nicolas Mejia;52;Grass;ALL;4;6,6519;6,1602;2,6608;6,6324;2025-10-05;2026-10-04
ATP;Nikoloz Basilashvili;52;Grass;ALL;1;10,2941;22,0339;7,3529;6,1818;2025-10-05;2026-10-04
ATP;Novak Djokovic;52;Grass;ALL;6;10,2069;15,0862;2,3448;6,1966;2025-10-05;2026-10-04
ATP;Nuno Borges;52;Grass;ALL;9;9,0772;12,0226;1,3616;6,1204;2025-10-05;2026-10-04
ATP;Oliver Crawford;52;Grass;ALL;2;2,3697;11,6022;4,2654;7,5357;2025-10-05;2026-10-04
ATP;Otto Virtanen;52;Grass;ALL;12;16,6807;8,2226;3,8753;6,8218;2025-10-05;2026-10-04
ATP;Pablo Carreno Busta;52;Grass;ALL;2;4,0323;8,658;2,4194;7,5152;2025-10-05;2026-10-04
ATP;Pablo Llamas Ruiz;52;Grass;ALL;1;2,2727;9,0909;1,1364;7,3333;2025-10-05;2026-10-04
ATP;Patrick Kypson;52;Grass;ALL;2;8,7963;13,3663;4,6296;6,75;2025-10-05;2026-10-04
ATP;Pierre Hugues Herbert;52;Grass;ALL;1;14,6067;7,0;13,4831;5,9333;2025-10-05;2026-10-04
ATP;Quentin Halys;52;Grass;ALL;5;10,9091;8,6162;5,1948;6,2097;2025-10-05;2026-10-04
ATP;Rafael Jodar;52;Grass;ALL;3;7,027;4,7493;3,5135;6,4912;2025-10-05;2026-10-04
ATP;Raphael Collignon;52;Grass;ALL;5;10,9756;10,2094;6,3415;6,2121;2025-10-05;2026-10-04
ATP;Rei Sakamoto;52;Grass;ALL;1;7,8431;8,4507;1,9608;5,6667;2025-10-05;2026-10-04
ATP;Remy Bertola;52;Grass;ALL;5;10,1124;8,2019;6,4607;6,4727;2025-10-05;2026-10-04
ATP;Rinky Hijikata;52;Grass;ALL;9;6,0447;11,6059;2,7595;6,5043;2025-10-05;2026-10-04
ATP;Rio Noguchi;52;Grass;ALL;2;1,2658;4,3716;2,5316;6,32;2025-10-05;2026-10-04
ATP;Roberto Bautista Agut;52;Grass;ALL;2;6,9767;15,4255;2,907;6,3704;2025-10-05;2026-10-04
ATP;Roman Andres Burruchaga;52;Grass;ALL;2;3,8043;4,1176;5,4348;6,8148;2025-10-05;2026-10-04
ATP;Roman Safiullin;52;Grass;ALL;8;8,4983;11,099;2,7939;6,1799;2025-10-05;2026-10-04
ATP;Sebastian Baez;52;Grass;ALL;1;2,7972;12,7389;1,3986;5,9583;2025-10-05;2026-10-04
ATP;Sebastian Ofner;52;Grass;ALL;2;17,1548;10,7807;2,5105;6,2895;2025-10-05;2026-10-04
ATP;Shintaro Mochizuki;52;Grass;ALL;8;4,6196;9,9355;3,6685;6,7523;2025-10-05;2026-10-04
ATP;Sho Shimabukuro;52;Grass;ALL;9;11,5819;12,8205;4,2373;6,2105;2025-10-05;2026-10-04
ATP;Soon Woo Kwon;52;Grass;ALL;3;7,5697;15,8333;5,1793;6,6053;2025-10-05;2026-10-04
ATP;Stan Wawrinka;52;Grass;ALL;1;10,0;17,4699;3,8889;7,5;2025-10-05;2026-10-04
ATP;Stefan Kozlov;52;Grass;ALL;2;2,8736;3,2432;4,023;6,4444;2025-10-05;2026-10-04
ATP;Stefanos Sakellaridis;52;Grass;ALL;3;4,6729;4,4248;4,2056;6,1143;2025-10-05;2026-10-04
ATP;Stefanos Tsitsipas;52;Grass;ALL;3;16,5854;9,322;2,9268;5,6944;2025-10-05;2026-10-04
ATP;Tallon Griekspoor;52;Grass;ALL;4;11,9403;12,2905;3,4826;6,4839;2025-10-05;2026-10-04
ATP;Taylor Fritz;52;Grass;ALL;14;19,376;10,6841;1,9704;5,8;2025-10-05;2026-10-04
ATP;Terence Atmane;52;Grass;ALL;5;10,9813;9,4563;2,3364;6,0282;2025-10-05;2026-10-04
ATP;Thiago Agustin Tirante;52;Grass;ALL;3;9,5833;8,5308;6,25;7,0588;2025-10-05;2026-10-04
ATP;Titouan Droguet;52;Grass;ALL;5;11,7962;5,0847;1,3405;6,322;2025-10-05;2026-10-04
ATP;Toby Samuel;52;Grass;ALL;6;5,8957;8,5919;2,7211;6,4853;2025-10-05;2026-10-04
ATP;Tom Gentzsch;52;Grass;ALL;1;23,1481;4,4643;0,9259;6,75;2025-10-05;2026-10-04
ATP;Tomas Barrios Vera;52;Grass;ALL;1;5,1948;4,2254;3,8961;5,9231;2025-10-05;2026-10-04
ATP;Tomas Martin Etcheverry;52;Grass;ALL;3;8,7542;12,7208;1,3468;6,6;2025-10-05;2026-10-04
ATP;Tommy Paul;52;Grass;ALL;8;11,6279;5,2857;2,7907;6,2621;2025-10-05;2026-10-04
ATP;Tristan Boyer;52;Grass;ALL;2;6,25;10,0;6,7708;7,3846;2025-10-05;2026-10-04
ATP;Tristan Schoolkate;52;Grass;ALL;4;8,3871;7,619;5,1613;6,5957;2025-10-05;2026-10-04
ATP;Ugo Humbert;52;Grass;ALL;12;10,3743;7,3993;4,1711;6,1513;2025-10-05;2026-10-04
ATP;Valentin Royer;52;Grass;ALL;3;5,9041;9,2437;3,321;6,3023;2025-10-05;2026-10-04
ATP;Vilius Gaubas;52;Grass;ALL;1;5,5556;8,6957;2,7778;7,2;2025-10-05;2026-10-04
ATP;Vit Kopriva;52;Grass;ALL;5;9,0909;15,9091;5,303;6,3871;2025-10-05;2026-10-04
ATP;Yannick Hanfmann;52;Grass;ALL;8;13,9871;13,5664;3,3762;6,098;2025-10-05;2026-10-04
ATP;Yi Zhou;52;Grass;ALL;6;6,639;7,5294;3,527;7,303;2025-10-05;2026-10-04
ATP;Yibing Wu;52;Grass;ALL;5;7,2893;10,1896;3,1891;6,5522;2025-10-05;2026-10-04
ATP;Yu Hsiou Hsu;52;Grass;ALL;2;1,5625;9,7561;2,3438;6,4;2025-10-05;2026-10-04
ATP;Zachary Svajda;52;Grass;ALL;4;7,3048;9,5477;3,0227;6,1077;2025-10-05;2026-10-04
ATP;Zhizhen Zhang;52;Grass;ALL;8;13,2267;13,1507;1,8895;6,5524;2025-10-05;2026-10-04
ATP;Zizou Bergs;52;Grass;ALL;10;10,1626;5,7561;5,7927;6,3077;2025-10-05;2026-10-04
ATP;Adam Walton;104;All;ATP;58;8,1162;11,9037;2,3708;6,4938;2024-10-06;2026-10-04
ATP;Adolfo Daniel Vallejo;104;All;ATP;25;4,503;6,6116;3,844;6,6218;2024-10-06;2026-10-04
ATP;Adrian Mannarino;104;All;ATP;74;6,2478;11,1711;2,6702;6,3737;2024-10-06;2026-10-04
ATP;Alejandro Davidovich Fokina;104;All;ATP;114;5,0893;9,527;2,4267;6,4688;2024-10-06;2026-10-04
ATP;Alejandro Moro Canas;104;All;ATP;1;2,5641;20,3704;3,8462;7,8;2024-10-06;2026-10-04
ATP;Alejandro Tabilo;104;All;ATP;81;7,8223;11,2643;2,6433;6,3298;2024-10-06;2026-10-04
ATP;Aleksandar Kovacevic;104;All;ATP;76;11,9517;13,5988;4,5357;6,2796;2024-10-06;2026-10-04
ATP;Aleksandar Vukic;104;All;ATP;62;10,2579;11,7914;2,6166;6,5111;2024-10-06;2026-10-04
ATP;Alex Barrena;104;All;ATP;2;4,5685;4,8951;3,5533;7,2963;2024-10-06;2026-10-04
ATP;Alex Bolt;104;All;ATP;5;7,2193;9,4444;3,4759;6,4483;2024-10-06;2026-10-04
ATP;Alex De Minaur;104;All;ATP;132;5,4571;6,5429;3,6951;6,302;2024-10-06;2026-10-04
ATP;Alex Michelsen;104;All;ATP;100;7,0986;7,8069;3,7075;6,4304;2024-10-06;2026-10-04
ATP;Alex Molcan;104;All;ATP;20;4,5082;9,893;2,5956;6,2298;2024-10-06;2026-10-04
ATP;Alexander Blockx;104;All;ATP;38;8,7815;4,3321;3,9806;6,3533;2024-10-06;2026-10-04
ATP;Alexander Bublik;104;All;ATP;105;14,5611;9,6605;5,7598;6,2414;2024-10-06;2026-10-04
ATP;Alexander Shevchenko;104;All;ATP;60;7,2228;8,196;3,5269;6,5401;2024-10-06;2026-10-04
ATP;Alexander Zverev;104;All;ATP;144;11,4051;7,1688;2,7903;5,9763;2024-10-06;2026-10-04
ATP;Alexandre Muller;104;All;ATP;72;4,6543;10,1558;2,9432;6,6334;2024-10-06;2026-10-04
ATP;Alexei Popyrin;104;All;ATP;73;11,5624;8,4754;3,3878;6,3522;2024-10-06;2026-10-04
ATP;Alexis Galarneau;104;All;ATP;5;7,3171;10,8586;5,1491;6,15;2024-10-06;2026-10-04
ATP;Andrea Guerrieri;104;All;ATP;1;2,6316;7,1429;2,6316;5,8462;2024-10-06;2026-10-04
ATP;Andrea Pellegrino;104;All;ATP;12;3,913;8,7356;3,0435;6,7153;2024-10-06;2026-10-04
ATP;Andrey Rublev;104;All;ATP;113;10,1064;9,687;3,5294;6,2238;2024-10-06;2026-10-04
ATP;Arthur Cazaux;104;All;ATP;36;10,936;7,0251;2,7662;6,4103;2024-10-06;2026-10-04
ATP;Arthur Fery;104;All;ATP;26;4,9037;7,6793;2,1454;6,3444;2024-10-06;2026-10-04
ATP;Arthur Fils;104;All;ATP;84;7,5787;8,0496;3,3755;6,2495;2024-10-06;2026-10-04
ATP;Arthur Gea;104;All;ATP;18;6,2252;6,0934;5,3198;6,4725;2024-10-06;2026-10-04
ATP;Arthur Rinderknech;104;All;ATP;93;12,8866;7,9959;3,6585;6,4509;2024-10-06;2026-10-04
ATP;August Holmgren;104;All;ATP;4;13,8277;10,4925;5,4108;6,6533;2024-10-06;2026-10-04
ATP;Ben Shelton;104;All;ATP;119;11,6309;7,0611;3,4469;6,1726;2024-10-06;2026-10-04
ATP;Benjamin Bonzi;104;All;ATP;58;6,6957;10,5346;2,7139;6,2864;2024-10-06;2026-10-04
ATP;Bernard Tomic;104;All;ATP;6;11,0811;5,0704;3,7838;6,7273;2024-10-06;2026-10-04
ATP;Billy Harris;104;All;ATP;17;6,6291;8,9365;2,3977;6,5953;2024-10-06;2026-10-04
ATP;Borna Gojo;104;All;ATP;5;10,0515;6,1576;2,3196;5,8788;2024-10-06;2026-10-04
ATP;Botic Van De Zandschulp;104;All;ATP;84;7,9858;7,2363;5,7589;6,546;2024-10-06;2026-10-04
ATP;Brandon Nakashima;104;All;ATP;114;11,7766;10,268;1,4721;6,21;2024-10-06;2026-10-04
ATP;Bu Yunchaokete;104;All;ATP;50;8,5922;10,4061;2,5301;6,5122;2024-10-06;2026-10-04
ATP;Cameron Norrie;104;All;ATP;104;5,8343;10,6771;2,9337;6,556;2024-10-06;2026-10-04
ATP;Camilo Ugo Carabelli;104;All;ATP;77;4,4623;7,7419;3,7745;6,6827;2024-10-06;2026-10-04
ATP;Carlos Alcaraz;104;All;ATP;107;6,9699;4,7346;3,5084;6,1518;2024-10-06;2026-10-04
ATP;Casper Ruud;104;All;ATP;95;7,8674;8,8168;3,0836;6,202;2024-10-06;2026-10-04
ATP;Chris Rodesch;104;All;ATP;1;6,7308;6,25;4,8077;6,5;2024-10-06;2026-10-04
ATP;Christopher Oconnell;104;All;ATP;50;9,1323;8,8244;2,196;6,7158;2024-10-06;2026-10-04
ATP;Chun Hsin Tseng;104;All;ATP;17;4,6647;6,7599;3,6443;6,8259;2024-10-06;2026-10-04
ATP;Clement Chidekh;104;All;ATP;1;0,0;17,2414;5,4545;5,5;2024-10-06;2026-10-04
ATP;Clement Tabur;104;All;ATP;7;4,8883;8,3451;2,3743;6,5688;2024-10-06;2026-10-04
ATP;Coleman Wong;104;All;ATP;29;13,4259;9,2301;2,6936;6,336;2024-10-06;2026-10-04
ATP;Colton Smith;104;All;ATP;10;5,3292;4,2789;4,5455;6,5773;2024-10-06;2026-10-04
ATP;Corentin Moutet;104;All;ATP;87;4,1204;4,5573;3,3857;6,5979;2024-10-06;2026-10-04
ATP;Cristian Garin;104;All;ATP;19;4,9499;6,988;3,1328;6,3083;2024-10-06;2026-10-04
ATP;Dalibor Svrcina;104;All;ATP;22;3,2452;6,9404;6,9111;6,6827;2024-10-06;2026-10-04
ATP;Damir Dzumhur;104;All;ATP;73;1,6807;6,3191;2,9937;6,6035;2024-10-06;2026-10-04
ATP;Dane Sweeny;104;All;ATP;8;3,5857;13,4771;4,3825;6,6053;2024-10-06;2026-10-04
ATP;Daniel Altmaier;104;All;ATP;94;9,3601;7,1941;3,3148;6,5027;2024-10-06;2026-10-04
ATP;Daniel Merida Aguilar;104;All;ATP;29;4,1361;4,2572;3,7484;6,4652;2024-10-06;2026-10-04
ATP;Daniil Medvedev;104;All;ATP;120;11,2074;4,5905;5,6475;6,2161;2024-10-06;2026-10-04
ATP;Darwin Blanch;104;All;ATP;8;8,1433;13,2042;4,2345;6,3958;2024-10-06;2026-10-04
ATP;Denis Shapovalov;104;All;ATP;95;10,4922;4,1445;7,459;6,2365;2024-10-06;2026-10-04
ATP;Diego Dedura Palomero;104;All;ATP;6;0,5764;6,2323;2,5937;6,5472;2024-10-06;2026-10-04
ATP;Dino Prizmic;104;All;ATP;28;5,3624;6,723;4,315;6,1839;2024-10-06;2026-10-04
ATP;Dominic Stricker;104;All;ATP;13;12,5287;10,0858;2,5287;6,0;2024-10-06;2026-10-04
ATP;Dusan Lajovic;104;All;ATP;27;5,3838;7,4342;1,7058;6,469;2024-10-06;2026-10-04
ATP;Edas Butvilas;104;All;ATP;2;5,7377;4,6296;0,8197;7,1765;2024-10-06;2026-10-04
ATP;Elias Ymer;104;All;ATP;10;6,7773;6,5274;2,9046;6,287;2024-10-06;2026-10-04
ATP;Eliot Spizzirri;104;All;ATP;17;9,2514;9,4961;1,2712;6,0513;2024-10-06;2026-10-04
ATP;Elmer Moller;104;All;ATP;13;2,7439;5,2795;7,5203;6,7862;2024-10-06;2026-10-04
ATP;Emilio Nava;104;All;ATP;28;10,5008;6,1681;4,483;6,6739;2024-10-06;2026-10-04
ATP;Ethan Quinn;104;All;ATP;56;9,3045;8,6259;4,3528;6,4136;2024-10-06;2026-10-04
ATP;Fabian Marozsan;104;All;ATP;96;6,0039;8,9576;2,7243;6,4381;2024-10-06;2026-10-04
ATP;Facundo Diaz Acosta;104;All;ATP;14;5,8036;7,7138;4,6429;6,4;2024-10-06;2026-10-04
ATP;Fajing Sun;104;All;ATP;2;4,5455;15,4639;2,7273;7,3333;2024-10-06;2026-10-04
ATP;Federico Agustin Gomez;104;All;ATP;7;8,4227;7,1656;5,0536;6,3398;2024-10-06;2026-10-04
ATP;Federico Cina;104;All;ATP;14;5,514;9,1988;3,5514;6,7722;2024-10-06;2026-10-04
ATP;Felix Auger Aliassime;104;All;ATP;119;13,7589;6,6392;3,9357;6,1255;2024-10-06;2026-10-04
ATP;Felix Balshaw;104;All;ATP;1;6,7797;14,5161;3,3898;5,3636;2024-10-06;2026-10-04
ATP;Felix Gill;104;All;ATP;2;9,8039;12,6582;1,4706;6,8;2024-10-06;2026-10-04
ATP;Filip Cristian Jianu;104;All;ATP;3;0,3584;0,4274;0,0;7,1538;2024-10-06;2026-10-04
ATP;Flavio Cobolli;104;All;ATP;106;6,5006;7,2097;3,8158;6,606;2024-10-06;2026-10-04
ATP;Frances Tiafoe;104;All;ATP;109;8,4713;12,4744;2,7372;6,4054;2024-10-06;2026-10-04
ATP;Francesco Maestrelli;104;All;ATP;5;13,012;6,4815;3,6145;6,4844;2024-10-06;2026-10-04
ATP;Francesco Passaro;104;All;ATP;18;5,6051;6,2743;3,3758;6,28;2024-10-06;2026-10-04
ATP;Francisco Cerundolo;104;All;ATP;115;5,0333;5,1512;3,8258;6,5154;2024-10-06;2026-10-04
ATP;Francisco Comesana;104;All;ATP;60;9,8361;5,8197;4,5902;6,3131;2024-10-06;2026-10-04
ATP;Frederico Ferreira Silva;104;All;ATP;1;2,6786;5,8252;1,7857;7,4667;2024-10-06;2026-10-04
ATP;Gabriel Diallo;104;All;ATP;81;10,3188;7,3424;3,2189;6,3408;2024-10-06;2026-10-04
ATP;Gael Monfils;104;All;ATP;48;10,1303;5,1862;5,8084;6,4026;2024-10-06;2026-10-04
ATP;Gauthier Onclin;104;All;ATP;3;2,3715;23,569;4,3478;6,325;2024-10-06;2026-10-04
ATP;Gianluca Cadenasso;104;All;ATP;1;10,1266;9,5238;2,5316;5,6429;2024-10-06;2026-10-04
ATP;Giovanni Mpetshi Perricard;104;All;ATP;77;18,1705;9,7473;4,5271;6,3422;2024-10-06;2026-10-04
ATP;Gonzalo Bueno;104;All;ATP;2;0,6667;5,9259;4,6667;6,5217;2024-10-06;2026-10-04
ATP;Grigor Dimitrov;104;All;ATP;59;10,6054;9,018;5,0376;6,1746;2024-10-06;2026-10-04
ATP;Gustavo Heide;104;All;ATP;4;7,5567;10,9244;6,801;7,4906;2024-10-06;2026-10-04
ATP;Hamad Medjedovic;104;All;ATP;57;10,1756;11,9234;4,1887;6,6112;2024-10-06;2026-10-04
ATP;Harold Mayot;104;All;ATP;6;3,7037;10,245;1,7284;6,6393;2024-10-06;2026-10-04
ATP;Harry Wendelken;104;All;ATP;3;5,2469;9,3023;4,321;6,8936;2024-10-06;2026-10-04
ATP;Henrique Rocha;104;All;ATP;6;6,7257;4,5208;4,6018;6,4943;2024-10-06;2026-10-04
ATP;Henry Searle;104;All;ATP;1;5,8333;10,4839;5,0;6,3158;2024-10-06;2026-10-04
ATP;Holger Rune;104;All;ATP;63;7,0513;8,3553;3,5256;6,311;2024-10-06;2026-10-04
ATP;Hubert Hurkacz;104;All;ATP;66;15,923;8,1071;2,6847;6,1585;2024-10-06;2026-10-04
ATP;Hugo Dellien;104;All;ATP;13;2,8907;11,6981;2,168;6,6287;2024-10-06;2026-10-04
ATP;Hugo Gaston;104;All;ATP;46;3,5038;7,3392;2,8822;6,7154;2024-10-06;2026-10-04
ATP;Hugo Grenier;104;All;ATP;5;11,7794;7,3232;5,2632;6,3333;2024-10-06;2026-10-04
ATP;Ignacio Buse;104;All;ATP;47;4,961;5,2701;2,8571;6,4489;2024-10-06;2026-10-04
ATP;Igor Ribeiro Marcondes;104;All;ATP;1;6,9767;2,6549;2,3256;5,375;2024-10-06;2026-10-04
ATP;J J Wolf;104;All;ATP;2;4,7619;15,8228;3,1746;6,5172;2024-10-06;2026-10-04
ATP;Jack Draper;104;All;ATP;61;10,7406;7,8895;3,5513;6,013;2024-10-06;2026-10-04
ATP;Jack Pinnington Jones;104;All;ATP;11;7,5335;8,8764;6,192;6,637;2024-10-06;2026-10-04
ATP;Jacob Fearnley;104;All;ATP;49;6,6329;8,1157;8,0253;6,5397;2024-10-06;2026-10-04
ATP;Jaime Faria;104;All;ATP;37;8,5848;7,3369;6,283;6,3287;2024-10-06;2026-10-04
ATP;Jakub Mensik;104;All;ATP;95;15,3256;6,4747;4,6422;6,2864;2024-10-06;2026-10-04
ATP;James Duckworth;104;All;ATP;50;8,8995;10,4208;4,2105;6,4907;2024-10-06;2026-10-04
ATP;James Mccabe;104;All;ATP;6;8,8115;7,6253;3,4836;6,5067;2024-10-06;2026-10-04
ATP;Jan Choinski;104;All;ATP;13;9,364;12,9744;2,8269;6,4318;2024-10-06;2026-10-04
ATP;Jan Lennard Struff;104;All;ATP;70;11,5288;10,8461;4,3275;6,4286;2024-10-06;2026-10-04
ATP;Jannik Sinner;104;All;ATP;104;10,9703;6,8198;2,0442;5,8284;2024-10-06;2026-10-04
ATP;Jaume Munar;104;All;ATP;83;6,119;6,1621;3,6714;6,2257;2024-10-06;2026-10-04
ATP;Jay Clarke;104;All;ATP;1;7,3171;7,3171;7,3171;6,3077;2024-10-06;2026-10-04
ATP;Jenson Brooksby;104;All;ATP;71;4,0809;6,728;2,3743;6,395;2024-10-06;2026-10-04
ATP;Jerome Kym;104;All;ATP;9;10,7486;10,1478;3,8388;6,3537;2024-10-06;2026-10-04
ATP;Jesper De Jong;104;All;ATP;46;9,4812;8,3226;4,7278;6,4359;2024-10-06;2026-10-04
ATP;Jiri Lehecka;104;All;ATP;115;10,6659;8,1585;2,6067;6,1736;2024-10-06;2026-10-04
ATP;Joao Fonseca;104;All;ATP;65;7,4316;8,3638;2,4399;6,3841;2024-10-06;2026-10-04
ATP;Joao Lucas Reis Da Silva;104;All;ATP;1;1,2658;8,6957;3,7975;7,1818;2024-10-06;2026-10-04
ATP;Joel Schwaerzler;104;All;ATP;4;5,8366;9,9138;1,9455;6,2683;2024-10-06;2026-10-04
ATP;Johannus Monday;104;All;ATP;1;8,5366;12,5;2,439;5,8571;2024-10-06;2026-10-04
ATP;Juan Carlos Prado Angelo;104;All;ATP;2;0,7576;1,3699;0,0;6,2857;2024-10-06;2026-10-04
ATP;Juan Manuel Cerundolo;104;All;ATP;52;6,4691;6,1345;3,952;6,4901;2024-10-06;2026-10-04
ATP;Juncheng Shang;104;All;ATP;33;6,1556;11,3831;3,0585;6,4575;2024-10-06;2026-10-04
ATP;Jurij Rodionov;104;All;ATP;6;9,0;8,7054;3,0;6,6667;2024-10-06;2026-10-04
ATP;Kamil Majchrzak;104;All;ATP;59;7,7556;10,9624;2,1935;6,4633;2024-10-06;2026-10-04
ATP;Karen Khachanov;104;All;ATP;109;8,7056;8,6047;2,5477;6,1699;2024-10-06;2026-10-04
ATP;Kilian Feldbausch;104;All;ATP;3;1,4354;3,2258;4,3062;6,1471;2024-10-06;2026-10-04
ATP;Kyrian Jacquet;104;All;ATP;18;9,1479;7,3464;4,01;6,541;2024-10-06;2026-10-04
ATP;Laslo Djere;104;All;ATP;38;7,4914;6,8989;3,4364;6,4955;2024-10-06;2026-10-04
ATP;Lautaro Midon;104;All;ATP;3;8,5271;3,1008;1,1628;6,7895;2024-10-06;2026-10-04
ATP;Leandro Riedi;104;All;ATP;6;9,4828;4,771;6,25;6,1053;2024-10-06;2026-10-04
ATP;Learner Tien;104;All;ATP;98;5,7815;8,2706;4,8884;6,5082;2024-10-06;2026-10-04
ATP;Liam Draxl;104;All;ATP;5;7,2398;6,6381;4,0724;6,4058;2024-10-06;2026-10-04
ATP;Lloyd Harris;104;All;ATP;10;14,7418;9,9125;2,8169;6,4545;2024-10-06;2026-10-04
ATP;Lorenzo Musetti;104;All;ATP;99;5,6535;5,7613;2,768;6,2167;2024-10-06;2026-10-04
ATP;Lorenzo Sonego;104;All;ATP;86;8,1077;5,9356;2,5841;6,327;2024-10-06;2026-10-04
ATP;Luca Nardi;104;All;ATP;29;4,4191;8,7771;5,1025;6,6717;2024-10-06;2026-10-04
ATP;Luca Van Assche;104;All;ATP;21;4,7702;7,9191;4,8866;6,5361;2024-10-06;2026-10-04
ATP;Luciano Darderi;104;All;ATP;117;7,6498;9,3619;3,594;6,46;2024-10-06;2026-10-04
ATP;Luka Pavlovic;104;All;ATP;1;10,5263;8,9552;1,3158;7,6;2024-10-06;2026-10-04
ATP;Lukas Neumayer;104;All;ATP;3;5,0633;12,9534;2,9536;7,6452;2024-10-06;2026-10-04
ATP;Mackenzie Mcdonald;104;All;ATP;34;6,6545;11,6189;3,0347;6,4505;2024-10-06;2026-10-04
ATP;Marc Andrea Huesler;104;All;ATP;3;5,9829;8,2251;2,5641;6,5;2024-10-06;2026-10-04
ATP;Marco Cecchinato;104;All;ATP;1;1,7544;2,2727;3,5088;6,3333;2024-10-06;2026-10-04
ATP;Marco Trungelliti;104;All;ATP;20;5,1868;9,4781;4,8522;6,8962;2024-10-06;2026-10-04
ATP;Marcos Giron;104;All;ATP;86;6,3244;9,4374;2,1903;6,534;2024-10-06;2026-10-04
ATP;Mariano Navone;104;All;ATP;87;2,9354;4,6726;3,1753;6,4712;2024-10-06;2026-10-04
ATP;Marin Cilic;104;All;ATP;51;11,5204;12,2358;3,6341;6,4206;2024-10-06;2026-10-04
ATP;Mark Lajal;104;All;ATP;4;7,1429;7,7922;3,2468;6,4167;2024-10-06;2026-10-04
ATP;Martin Damm;104;All;ATP;26;16,7641;11,8118;4,8246;6,2182;2024-10-06;2026-10-04
ATP;Martin Krumich;104;All;ATP;1;1,7857;4,6875;3,5714;6,2222;2024-10-06;2026-10-04
ATP;Martin Landaluce;104;All;ATP;28;7,4938;9,1698;7,0774;6,5628;2024-10-06;2026-10-04
ATP;Marton Fucsovics;104;All;ATP;57;5,3521;6,2643;4,2254;6,3487;2024-10-06;2026-10-04
ATP;Matej Dodig;104;All;ATP;2;4,0984;1,5625;4,918;5,8095;2024-10-06;2026-10-04
ATP;Matias Soto;104;All;ATP;1;1,5385;8,6207;9,2308;8,125;2024-10-06;2026-10-04
ATP;Matteo Arnaldi;104;All;ATP;65;7,2543;6,2164;4,1712;6,5177;2024-10-06;2026-10-04
ATP;Matteo Berrettini;104;All;ATP;69;12,3786;6,9797;2,1845;6,257;2024-10-06;2026-10-04
ATP;Mattia Bellucci;104;All;ATP;57;8,9107;6,9087;4,3154;6,4856;2024-10-06;2026-10-04
ATP;Max Basing;104;All;ATP;1;0,0;4,5455;3,5714;7,6364;2024-10-06;2026-10-04
ATP;Max Schoenhaus;104;All;ATP;2;7,1006;9,2199;4,7337;6,76;2024-10-06;2026-10-04
ATP;Michael Mmoh;104;All;ATP;8;10,3189;9,1082;3,7523;6,7468;2024-10-06;2026-10-04
ATP;Michael Zheng;104;All;ATP;17;6,3905;7,2229;3,1361;6,7063;2024-10-06;2026-10-04
ATP;Mili Poljicak;104;All;ATP;1;1,9231;8,1633;1,9231;5,7778;2024-10-06;2026-10-04
ATP;Miomir Kecmanovic;104;All;ATP;94;5,9379;12,0546;2,8199;6,4349;2024-10-06;2026-10-04
ATP;Moise Kouame;104;All;ATP;7;7,4;8,0247;7,4;6,6667;2024-10-06;2026-10-04
ATP;Murphy Cassone;104;All;ATP;2;8,7432;20,7071;4,918;6,1;2024-10-06;2026-10-04
ATP;Nicolai Budkov Kjaer;104;All;ATP;10;4,6699;9,7173;3,3816;6,0882;2024-10-06;2026-10-04
ATP;Nicolas Mejia;104;All;ATP;6;5,1601;7,2183;2,4911;6,5349;2024-10-06;2026-10-04
ATP;Nikoloz Basilashvili;104;All;ATP;33;9,2302;11,5633;5,2087;6,5112;2024-10-06;2026-10-04
ATP;Nishesh Basavareddy;104;All;ATP;26;6,1463;13,2161;4,8293;6,3665;2024-10-06;2026-10-04
ATP;Novak Djokovic;104;All;ATP;70;9,6832;9,2239;2,7244;6,0808;2024-10-06;2026-10-04
ATP;Nuno Borges;104;All;ATP;105;7,6424;9,0134;2,6673;6,4016;2024-10-06;2026-10-04
ATP;Oliver Crawford;104;All;ATP;1;3,8168;19,0909;2,2901;6,55;2024-10-06;2026-10-04
ATP;Otto Virtanen;104;All;ATP;18;9,7421;7,0719;4,2407;6,7375;2024-10-06;2026-10-04
ATP;Pablo Carreno Busta;104;All;ATP;41;3,6672;10,2141;2,7735;6,3379;2024-10-06;2026-10-04
ATP;Pablo Llamas Ruiz;104;All;ATP;9;2,5349;4,8077;2,0279;6,8609;2024-10-06;2026-10-04
ATP;Patrick Kypson;104;All;ATP;11;8,6395;16,2766;3,4757;6,4551;2024-10-06;2026-10-04
ATP;Pavel Kotov;104;All;ATP;4;6,1069;13,8528;4,9618;6,3902;2024-10-06;2026-10-04
ATP;Pedro Martinez;104;All;ATP;58;1,6908;11,6184;4,3372;6,6466;2024-10-06;2026-10-04
ATP;Pierre Hugues Herbert;104;All;ATP;16;9,3974;6,5611;9,4692;6,4537;2024-10-06;2026-10-04
ATP;Quentin Halys;104;All;ATP;81;13,6853;8,5667;4,5019;6,3254;2024-10-06;2026-10-04
ATP;Rafael Jodar;104;All;ATP;47;5,4139;5,2601;2,8645;6,441;2024-10-06;2026-10-04
ATP;Raphael Collignon;104;All;ATP;42;9,0832;8,1143;7,1814;6,512;2024-10-06;2026-10-04
ATP;Raul Brancaccio;104;All;ATP;1;2,9703;14,4578;2,9703;6,7333;2024-10-06;2026-10-04
ATP;Rei Sakamoto;104;All;ATP;9;11,5299;9,0389;1,8847;6,3972;2024-10-06;2026-10-04
ATP;Reilly Opelka;104;All;ATP;61;21,0453;8,5601;4,9285;6,3375;2024-10-06;2026-10-04
ATP;Remy Bertola;104;All;ATP;1;5,5556;8,9286;5,5556;6,0;2024-10-06;2026-10-04
ATP;Rinky Hijikata;104;All;ATP;58;5,409;11,5139;3,3201;6,4879;2024-10-06;2026-10-04
ATP;Roberto Bautista Agut;104;All;ATP;61;3,776;12,6444;2,4523;6,3823;2024-10-06;2026-10-04
ATP;Roberto Carballes Baena;104;All;ATP;34;4,5676;7,997;3,4444;6,5466;2024-10-06;2026-10-04
ATP;Rodrigo Pacheco Mendez;104;All;ATP;6;5,8824;8,7649;3,6199;6,2254;2024-10-06;2026-10-04
ATP;Roman Andres Burruchaga;104;All;ATP;31;3,4512;4,6186;3,6195;6,4741;2024-10-06;2026-10-04
ATP;Roman Safiullin;104;All;ATP;40;9,0858;10,6204;3,7528;6,3286;2024-10-06;2026-10-04
ATP;Sebastian Baez;104;All;ATP;90;2,3524;7,6529;2,4708;6,4928;2024-10-06;2026-10-04
ATP;Sebastian Korda;104;All;ATP;58;11,965;7,6657;2,9801;6,1474;2024-10-06;2026-10-04
ATP;Sebastian Ofner;104;All;ATP;32;10,3408;8,4773;3,6036;6,4797;2024-10-06;2026-10-04
ATP;Shintaro Mochizuki;104;All;ATP;20;4,4868;10,6682;4,7672;6,6283;2024-10-06;2026-10-04
ATP;Sho Shimabukuro;104;All;ATP;20;9,0561;11,1534;5,1658;6,374;2024-10-06;2026-10-04
ATP;Soon Woo Kwon;104;All;ATP;3;6,3604;8,8525;5,3004;6,5814;2024-10-06;2026-10-04
ATP;Stan Wawrinka;104;All;ATP;46;9,0667;8,8833;2,6596;6,4828;2024-10-06;2026-10-04
ATP;Stefano Travaglia;104;All;ATP;3;7,5269;2,0942;2,6882;6,6429;2024-10-06;2026-10-04
ATP;Stefanos Sakellaridis;104;All;ATP;3;12,2449;3,6842;2,0408;6,125;2024-10-06;2026-10-04
ATP;Stefanos Tsitsipas;104;All;ATP;93;9,1898;6,7844;3,6705;6,1919;2024-10-06;2026-10-04
ATP;Sumit Nagal;104;All;ATP;6;1,1211;7,9625;3,5874;7,0794;2024-10-06;2026-10-04
ATP;Tallon Griekspoor;104;All;ATP;91;10,6237;11,1684;3,89;6,3393;2024-10-06;2026-10-04
ATP;Taro Daniel;104;All;ATP;12;6,8718;12,0207;2,5641;6,3312;2024-10-06;2026-10-04
ATP;Taylor Fritz;104;All;ATP;119;15,7279;9,9003;2,3587;6,0307;2024-10-06;2026-10-04
ATP;Terence Atmane;104;All;ATP;54;9,9657;7,7899;3,8932;6,2734;2024-10-06;2026-10-04
ATP;Thiago Agustin Tirante;104;All;ATP;44;10,6891;6,3942;3,951;6,2072;2024-10-06;2026-10-04
ATP;Thiago Monteiro;104;All;ATP;12;7,9832;10,8252;3,3613;6,4324;2024-10-06;2026-10-04
ATP;Thiago Seyboth Wild;104;All;ATP;18;8,0189;7,957;2,965;6,5664;2024-10-06;2026-10-04
ATP;Timofey Skatov;104;All;ATP;7;3,204;11,165;2,5295;6,5165;2024-10-06;2026-10-04
ATP;Titouan Droguet;104;All;ATP;22;10,6644;5,8049;2,9592;6,6333;2024-10-06;2026-10-04
ATP;Toby Samuel;104;All;ATP;7;5,6478;7,7329;2,99;6,3368;2024-10-06;2026-10-04
ATP;Tom Gentzsch;104;All;ATP;1;23,1481;4,4643;0,9259;6,75;2024-10-06;2026-10-04
ATP;Tomas Barrios Vera;104;All;ATP;13;3,48;10,4718;1,9447;6,8322;2024-10-06;2026-10-04
ATP;Tomas Machac;104;All;ATP;73;7,4912;9,8925;3,8772;6,3901;2024-10-06;2026-10-04
ATP;Tomas Martin Etcheverry;104;All;ATP;108;8,6217;8,3026;2,1554;6,339;2024-10-06;2026-10-04
ATP;Tommy Paul;104;All;ATP;101;7,5516;6,2365;2,4661;6,3152;2024-10-06;2026-10-04
ATP;Tristan Boyer;104;All;ATP;17;4,9793;9,0543;3,112;6,3144;2024-10-06;2026-10-04
ATP;Tristan Schoolkate;104;All;ATP;21;11,6101;10,1868;4,874;6,3624;2024-10-06;2026-10-04
ATP;Ugo Humbert;104;All;ATP;98;9,3398;8,3139;3,5829;6,2308;2024-10-06;2026-10-04
ATP;Valentin Royer;104;All;ATP;44;7,766;11,5469;2,8734;6,5922;2024-10-06;2026-10-04
ATP;Valentin Vacherot;104;All;ATP;47;11,2071;9,086;3,9698;6,2551;2024-10-06;2026-10-04
ATP;Vilius Gaubas;104;All;ATP;14;2,8382;6,2374;2,176;6,6899;2024-10-06;2026-10-04
ATP;Vit Kopriva;104;All;ATP;58;5,2327;8,7205;4,7874;6,5947;2024-10-06;2026-10-04
ATP;Vitaliy Sachko;104;All;ATP;6;5,2402;9,1314;1,5284;6,5429;2024-10-06;2026-10-04
ATP;Yannick Hanfmann;104;All;ATP;62;9,7849;9,1517;2,6686;6,2779;2024-10-06;2026-10-04
ATP;Yi Zhou;104;All;ATP;4;13,7536;11,6279;0,8596;6,7115;2024-10-06;2026-10-04
ATP;Yibing Wu;104;All;ATP;25;5,949;12,1373;2,3135;6,4573;2024-10-06;2026-10-04
ATP;Yoshihito Nishioka;104;All;ATP;24;3,3851;14,117;2,7747;6,529;2024-10-06;2026-10-04
ATP;Zachary Svajda;104;All;ATP;25;8,81;11,2333;3,0443;6,3023;2024-10-06;2026-10-04
ATP;Zdenek Kolar;104;All;ATP;1;5,618;12,0879;3,3708;6,3571;2024-10-06;2026-10-04
ATP;Zhizhen Zhang;104;All;ATP;36;9,918;12,8458;2,4981;6,4471;2024-10-06;2026-10-04
ATP;Zizou Bergs;104;All;ATP;98;8,7592;6,3767;5,5376;6,4624;2024-10-06;2026-10-04
ATP;Zsombor Piros;104;All;ATP;2;6,7416;17,9487;7,3034;6,5926;2024-10-06;2026-10-04
ATP;Adam Walton;104;All;ALL;126;9,2557;10,0462;2,74;6,2635;2024-10-06;2026-10-04
ATP;Adolfo Daniel Vallejo;104;All;ALL;118;3,6341;4,1605;4,4928;6,5219;2024-10-06;2026-10-04
ATP;Adrian Mannarino;104;All;ALL;103;5,9788;10,1272;2,8409;6,332;2024-10-06;2026-10-04
ATP;Alastair Gray;104;All;ALL;97;8,4974;5,5691;3,9386;6,335;2024-10-06;2026-10-04
ATP;Alejandro Davidovich Fokina;104;All;ALL;114;5,0893;9,527;2,4267;6,4688;2024-10-06;2026-10-04
ATP;Alejandro Moro Canas;104;All;ALL;112;3,6384;4,3401;2,9891;6,4786;2024-10-06;2026-10-04
ATP;Alejandro Tabilo;104;All;ALL;108;7,7005;10,2499;2,5946;6,3316;2024-10-06;2026-10-04
ATP;Aleksandar Kovacevic;104;All;ALL;102;11,3449;12,3601;4,3985;6,2811;2024-10-06;2026-10-04
ATP;Aleksandar Vukic;104;All;ALL;85;10,0358;11,0532;2,5663;6,5005;2024-10-06;2026-10-04
ATP;Alex Barrena;104;All;ALL;114;3,1221;2,7829;3,069;6,5853;2024-10-06;2026-10-04
ATP;Alex Bolt;104;All;ALL;80;9,6439;8,516;2,574;6,373;2024-10-06;2026-10-04
ATP;Alex De Minaur;104;All;ALL;139;5,5428;6,6385;3,6186;6,3042;2024-10-06;2026-10-04
ATP;Alex Michelsen;104;All;ALL;118;7,1625;7,4134;3,6801;6,3926;2024-10-06;2026-10-04
ATP;Alex Molcan;104;All;ALL;78;4,7155;6,435;2,5865;6,2904;2024-10-06;2026-10-04
ATP;Alexander Blockx;104;All;ALL;114;8,2935;4,23;3,1668;6,3394;2024-10-06;2026-10-04
ATP;Alexander Bublik;104;All;ALL;115;14,6554;9,3621;5,7807;6,2291;2024-10-06;2026-10-04
ATP;Alexander Shevchenko;104;All;ALL;94;7,1025;7,0917;3,1108;6,5985;2024-10-06;2026-10-04
ATP;Alexander Zverev;104;All;ALL;151;11,4754;7,3322;2,7322;5,9736;2024-10-06;2026-10-04
ATP;Alexandre Muller;104;All;ALL;89;4,5969;9,9713;2,9137;6,6137;2024-10-06;2026-10-04
ATP;Alexei Popyrin;104;All;ALL;78;11,4875;8,3677;3,451;6,3608;2024-10-06;2026-10-04
ATP;Alexis Galarneau;104;All;ALL;116;4,6963;7,85;4,7652;6,4799;2024-10-06;2026-10-04
ATP;Andre Ilagan;104;All;ALL;111;4,7043;8,9505;3,0112;6,6099;2024-10-06;2026-10-04
ATP;Andrea Guerrieri;104;All;ALL;80;2,7759;6,0428;4,9271;6,5724;2024-10-06;2026-10-04
ATP;Andrea Pellegrino;104;All;ALL;81;3,6401;6,7377;3,4341;6,4711;2024-10-06;2026-10-04
ATP;Andrej Nedic;104;All;ALL;117;2,4354;2,453;3,3013;6,472;2024-10-06;2026-10-04
ATP;Andres Andrade;104;All;ALL;109;4,0606;4,5303;5,3194;6,5671;2024-10-06;2026-10-04
ATP;Andrey Rublev;104;All;ALL;116;10,103;9,8415;3,4955;6,2082;2024-10-06;2026-10-04
ATP;Arthur Cazaux;104;All;ALL;58;10,4621;6,478;2,7245;6,4258;2024-10-06;2026-10-04
ATP;Arthur Fery;104;All;ALL;76;5,6155;6,5574;2,1743;6,2874;2024-10-06;2026-10-04
ATP;Arthur Fils;104;All;ALL;87;7,7454;8,0068;3,4337;6,2529;2024-10-06;2026-10-04
ATP;Arthur Gea;104;All;ALL;120;5,5886;3,9621;4,64;6,4959;2024-10-06;2026-10-04
ATP;Arthur Rinderknech;104;All;ALL;97;12,8676;8,0741;3,673;6,4682;2024-10-06;2026-10-04
ATP;August Holmgren;104;All;ALL;86;10,1129;6,3102;5,0719;6,4284;2024-10-06;2026-10-04
ATP;Ben Shelton;104;All;ALL;122;11,5536;7,1594;3,4343;6,1728;2024-10-06;2026-10-04
ATP;Benjamin Bonzi;104;All;ALL;102;7,1284;10,0453;2,4836;6,3495;2024-10-06;2026-10-04
ATP;Bernard Tomic;104;All;ALL;115;7,9806;8,7151;2,6088;6,3935;2024-10-06;2026-10-04
ATP;Billy Harris;104;All;ALL;97;7,8507;8,701;3,4936;6,5234;2024-10-06;2026-10-04
ATP;Borna Gojo;104;All;ALL;58;14,1955;6,8277;3,9289;6,2332;2024-10-06;2026-10-04
ATP;Botic Van De Zandschulp;104;All;ALL;91;8,0022;6,9268;5,7524;6,5228;2024-10-06;2026-10-04
ATP;Braden Shick;104;All;ALL;79;7,806;5,4223;3,6073;6,3492;2024-10-06;2026-10-04
ATP;Brandon Nakashima;104;All;ALL;116;11,7452;10,2595;1,4709;6,2016;2024-10-06;2026-10-04
ATP;Bu Yunchaokete;104;All;ALL;89;8,5129;10,6498;2,3824;6,4798;2024-10-06;2026-10-04
ATP;Buvaysar Gadamauri;104;All;ALL;79;4,0446;3,4941;3,1904;6,6083;2024-10-06;2026-10-04
ATP;Cameron Norrie;104;All;ALL;108;5,9238;10,5465;2,9779;6,5655;2024-10-06;2026-10-04
ATP;Camilo Ugo Carabelli;104;All;ALL;119;4,0851;6,3583;3,7004;6,6244;2024-10-06;2026-10-04
ATP;Carl Emil Overbeck;104;All;ALL;73;8,7959;5,3336;3,971;6,2453;2024-10-06;2026-10-04
ATP;Carlos Alcaraz;104;All;ALL;115;7,0395;5,0132;3,4101;6,1747;2024-10-06;2026-10-04
ATP;Casper Ruud;104;All;ALL;99;7,9233;9,0113;2,9886;6,1964;2024-10-06;2026-10-04
ATP;Cezar Cretu;104;All;ALL;95;3,2137;2,7079;3,0506;6,3854;2024-10-06;2026-10-04
ATP;Charles Broom;104;All;ALL;103;7,425;7,6598;3,2007;6,375;2024-10-06;2026-10-04
ATP;Chris Rodesch;104;All;ALL;83;7,9301;4,3944;4,0995;6,3118;2024-10-06;2026-10-04
ATP;Christopher Oconnell;104;All;ALL;66;10,0475;9,052;2,2688;6,5926;2024-10-06;2026-10-04
ATP;Chun Hsin Tseng;104;All;ALL;91;4,2625;4,993;2,1467;6,6274;2024-10-06;2026-10-04
ATP;Clement Chidekh;104;All;ALL;123;4,1057;8,1209;4,731;6,4018;2024-10-06;2026-10-04
ATP;Clement Tabur;104;All;ALL;91;4,5401;6,058;3,2513;6,6035;2024-10-06;2026-10-04
ATP;Coleman Wong;104;All;ALL;99;11,9025;6,9771;3,3257;6,3479;2024-10-06;2026-10-04
ATP;Colton Smith;104;All;ALL;78;6,6356;4,5637;3,1968;6,5687;2024-10-06;2026-10-04
ATP;Corentin Moutet;104;All;ALL;95;4,0582;4,6209;3,384;6,584;2024-10-06;2026-10-04
ATP;Cristian Garin;104;All;ALL;66;4,5718;4,4462;3,5336;6,5392;2024-10-06;2026-10-04
ATP;Dalibor Svrcina;104;All;ALL;101;2,3353;4,2559;5,4678;6,6894;2024-10-06;2026-10-04
ATP;Damir Dzumhur;104;All;ALL;111;1,6166;5,7143;2,8619;6,5498;2024-10-06;2026-10-04
ATP;Dane Sweeny;104;All;ALL;132;3,8504;6,8498;4,0507;6,4881;2024-10-06;2026-10-04
ATP;Daniel Altmaier;104;All;ALL;110;9,4591;6,6667;3,196;6,486;2024-10-06;2026-10-04
ATP;Daniel Merida Aguilar;104;All;ALL;111;2,9716;3,1061;4,2047;6,5456;2024-10-06;2026-10-04
ATP;Daniel Michalski;104;All;ALL;106;2,7088;3,4625;2,4516;6,2814;2024-10-06;2026-10-04
ATP;Daniel Rincon;104;All;ALL;111;5,0227;3,4289;2,9523;6,6204;2024-10-06;2026-10-04
ATP;Daniil Glinka;104;All;ALL;117;8,851;6,2344;3,8792;6,3147;2024-10-06;2026-10-04
ATP;Daniil Medvedev;104;All;ALL;123;11,1985;4,6525;5,6693;6,2102;2024-10-06;2026-10-04
ATP;Darwin Blanch;104;All;ALL;96;8,3236;5,3065;4,5256;6,4224;2024-10-06;2026-10-04
ATP;David Jorda Sanchis;104;All;ALL;83;5,2709;2,2927;3,9654;6,5053;2024-10-06;2026-10-04
ATP;Denis Shapovalov;104;All;ALL;95;10,4922;4,1445;7,459;6,2365;2024-10-06;2026-10-04
ATP;Diego Dedura Palomero;104;All;ALL;104;1,1502;3,3901;2,3005;6,5143;2024-10-06;2026-10-04
ATP;Dino Prizmic;104;All;ALL;86;5,3074;5,252;4,3366;6,2741;2024-10-06;2026-10-04
ATP;Dominic Stricker;104;All;ALL;77;9,3618;7,0946;2,6416;6,0823;2024-10-06;2026-10-04
ATP;Dusan Lajovic;104;All;ALL;90;4,5221;5,8134;2,0871;6,3951;2024-10-06;2026-10-04
ATP;Edas Butvilas;104;All;ALL;104;6,2966;3,8748;3,0218;6,4425;2024-10-06;2026-10-04
ATP;Elias Ymer;104;All;ALL;80;5,7449;6,1771;3,8726;6,6197;2024-10-06;2026-10-04
ATP;Eliot Spizzirri;104;All;ALL;86;6,6386;8,4837;2,1817;6,2974;2024-10-06;2026-10-04
ATP;Elmer Moller;104;All;ALL;92;2,9542;3,9488;6,4595;6,7629;2024-10-06;2026-10-04
ATP;Emilio Nava;104;All;ALL;114;9,9515;3,4422;4,3966;6,4293;2024-10-06;2026-10-04
ATP;Ethan Quinn;104;All;ALL;88;8,8672;7,6248;3,8439;6,4488;2024-10-06;2026-10-04
ATP;Fabian Marozsan;104;All;ALL;96;6,0039;8,9576;2,7243;6,4381;2024-10-06;2026-10-04
ATP;Facundo Diaz Acosta;104;All;ALL;102;4,1079;4,1429;3,1905;6,3011;2024-10-06;2026-10-04
ATP;Facundo Mena;104;All;ALL;100;8,9056;4,478;4,0625;6,4948;2024-10-06;2026-10-04
ATP;Fajing Sun;104;All;ALL;86;4,8527;9,2468;2,5945;6,5042;2024-10-06;2026-10-04
ATP;Federico Agustin Gomez;104;All;ALL;84;7,0324;3,98;5,7789;6,48;2024-10-06;2026-10-04
ATP;Federico Cina;104;All;ALL;97;4,793;6,3336;3,5294;6,5885;2024-10-06;2026-10-04
ATP;Felix Auger Aliassime;104;All;ALL;124;13,6925;6,6576;3,8825;6,1318;2024-10-06;2026-10-04
ATP;Felix Balshaw;104;All;ALL;99;7,2543;2,8952;4,1921;6,4189;2024-10-06;2026-10-04
ATP;Felix Gill;104;All;ALL;106;3,7938;4,7938;2,5567;6,4724;2024-10-06;2026-10-04
ATP;Filip Cristian Jianu;104;All;ALL;133;2,3475;4,9818;1,7813;6,3977;2024-10-06;2026-10-04
ATP;Flavio Cobolli;104;All;ALL;110;6,526;7,102;3,8041;6,6386;2024-10-06;2026-10-04
ATP;Florent Bax;104;All;ALL;129;8,3043;4,582;3,7398;6,2166;2024-10-06;2026-10-04
ATP;Frances Tiafoe;104;All;ALL;109;8,4713;12,4744;2,7372;6,4054;2024-10-06;2026-10-04
ATP;Francesco Maestrelli;104;All;ALL;99;8,3936;4,3871;4,4493;6,5831;2024-10-06;2026-10-04
ATP;Francesco Passaro;104;All;ALL;82;6,735;5,6637;3,4976;6,2853;2024-10-06;2026-10-04
ATP;Francisco Cerundolo;104;All;ALL;115;5,0333;5,1512;3,8258;6,5154;2024-10-06;2026-10-04
ATP;Francisco Comesana;104;All;ALL;94;8,9138;4,7766;4,2434;6,4106;2024-10-06;2026-10-04
ATP;Franco Roncadelli;104;All;ALL;89;0,7976;2,8534;1,6451;6,4919;2024-10-06;2026-10-04
ATP;Frederico Ferreira Silva;104;All;ALL;100;2,7076;6,2363;2,97;6,5099;2024-10-06;2026-10-04
ATP;Gabriel Diallo;104;All;ALL;88;10,7302;7,2284;3,1399;6,3061;2024-10-06;2026-10-04
ATP;Gael Monfils;104;All;ALL;48;10,1303;5,1862;5,8084;6,4026;2024-10-06;2026-10-04
ATP;Gauthier Onclin;104;All;ALL;106;2,5028;7,3707;3,8932;6,5086;2024-10-06;2026-10-04
ATP;Genaro Alberto Olivieri;104;All;ALL;98;1,1964;2,3401;1,5667;6,6173;2024-10-06;2026-10-04
ATP;Gianluca Cadenasso;104;All;ALL;77;2,9199;2,2159;3,7455;6,4243;2024-10-06;2026-10-04
ATP;Giovanni Mpetshi Perricard;104;All;ALL;84;17,9601;9,4079;4,6622;6,3315;2024-10-06;2026-10-04
ATP;Gonzalo Bueno;104;All;ALL;121;1,3718;3,4437;3,8434;6,6478;2024-10-06;2026-10-04
ATP;Grigor Dimitrov;104;All;ALL;65;10,3967;9,0528;5,3103;6,1746;2024-10-06;2026-10-04
ATP;Guido Ivan Justo;104;All;ALL;114;1,9608;2,4984;2,3029;6,4235;2024-10-06;2026-10-04
ATP;Gustavo Heide;104;All;ALL;97;6,4079;4,6273;6,2384;6,4214;2024-10-06;2026-10-04
ATP;Hamad Medjedovic;104;All;ALL;71;9,9082;10,9658;3,9915;6,5457;2024-10-06;2026-10-04
ATP;Harold Mayot;104;All;ALL;96;6,3499;5,9364;3,1972;6,3437;2024-10-06;2026-10-04
ATP;Harry Wendelken;104;All;ALL;103;5,4685;7,915;3,7569;6,3074;2024-10-06;2026-10-04
ATP;Hayato Matsuoka;104;All;ALL;82;4,5198;4,7742;4,5562;6,3142;2024-10-06;2026-10-04
ATP;Henri Squire;104;All;ALL;98;7,7424;6,5715;5,9731;6,5175;2024-10-06;2026-10-04
ATP;Henrique Rocha;104;All;ALL;100;3,6846;3,216;5,0105;6,4724;2024-10-06;2026-10-04
ATP;Henry Searle;104;All;ALL;106;8,6101;4,1284;3,5585;6,4039;2024-10-06;2026-10-04
ATP;Holger Rune;104;All;ALL;63;7,0513;8,3553;3,5256;6,311;2024-10-06;2026-10-04
ATP;Hubert Hurkacz;104;All;ALL;76;15,5596;7,5132;2,6832;6,1613;2024-10-06;2026-10-04
ATP;Hugo Dellien;104;All;ALL;107;3,4056;5,1393;1,9898;6,4901;2024-10-06;2026-10-04
ATP;Hugo Gaston;104;All;ALL;96;4,0667;6,9258;2,8021;6,4977;2024-10-06;2026-10-04
ATP;Hugo Grenier;104;All;ALL;86;10,9612;6,0412;5,2974;6,3591;2024-10-06;2026-10-04
ATP;Hynek Barton;104;All;ALL;96;7,7322;2,2864;3,1154;6,4723;2024-10-06;2026-10-04
ATP;Ignacio Buse;104;All;ALL;108;4,4218;3,8821;2,5835;6,4357;2024-10-06;2026-10-04
ATP;Igor Ribeiro Marcondes;104;All;ALL;79;5,854;4,5401;2,8268;6,29;2024-10-06;2026-10-04
ATP;Ilia Simakin;104;All;ALL;111;9,2539;5,409;3,8997;6,2598;2024-10-06;2026-10-04
ATP;Ilya Ivashka;104;All;ALL;49;5,9092;5,9021;3,9903;6,2296;2024-10-06;2026-10-04
ATP;Inaki Montes De La Torre;104;All;ALL;102;2,8639;4,0884;6,3626;6,564;2024-10-06;2026-10-04
ATP;J J Wolf;104;All;ALL;43;8,1599;8,8727;3,7386;6,3162;2024-10-06;2026-10-04
ATP;Jack Draper;104;All;ALL;61;10,7406;7,8895;3,5513;6,013;2024-10-06;2026-10-04
ATP;Jack Pinnington Jones;104;All;ALL;66;6,2734;7,0122;6,4819;6,7199;2024-10-06;2026-10-04
ATP;Jacob Fearnley;104;All;ALL;93;6,5485;7,2032;7,5124;6,5385;2024-10-06;2026-10-04
ATP;Jaime Faria;104;All;ALL;98;8,5339;5,5696;6,7253;6,4195;2024-10-06;2026-10-04
ATP;Jakub Mensik;104;All;ALL;103;15,1903;6,3251;4,5948;6,2942;2024-10-06;2026-10-04
ATP;James Duckworth;104;All;ALL;105;9,4112;9,8272;4,1827;6,4008;2024-10-06;2026-10-04
ATP;James Mccabe;104;All;ALL;101;11,0537;5,3248;3,6674;6,5739;2024-10-06;2026-10-04
ATP;Jan Choinski;104;All;ALL;109;6,9189;6,9386;2,3479;6,421;2024-10-06;2026-10-04
ATP;Jan Kumstat;104;All;ALL;80;8,7239;4,8444;3,5393;6,2825;2024-10-06;2026-10-04
ATP;Jan Lennard Struff;104;All;ALL;83;11,173;10,7729;4,3006;6,4035;2024-10-06;2026-10-04
ATP;Jannik Sinner;104;All;ALL;114;11,1953;7,0211;1,9816;5,83;2024-10-06;2026-10-04
ATP;Jaume Munar;104;All;ALL;89;5,8682;5,9422;3,742;6,2655;2024-10-06;2026-10-04
ATP;Jay Clarke;104;All;ALL;130;4,3705;4,5746;3,6747;6,5188;2024-10-06;2026-10-04
ATP;Jay Dylan Hara Friend;104;All;ALL;58;5,6684;4,3351;4,798;6,5897;2024-10-06;2026-10-04
ATP;Jenson Brooksby;104;All;ALL;79;4,0121;6,4716;2,4509;6,4261;2024-10-06;2026-10-04
ATP;Jerome Kym;104;All;ALL;67;10,5686;7,6212;3,8484;6,2928;2024-10-06;2026-10-04
ATP;Jesper De Jong;104;All;ALL;91;8,7089;6,4516;4,9785;6,3589;2024-10-06;2026-10-04
ATP;Jiri Lehecka;104;All;ALL;115;10,6659;8,1585;2,6067;6,1736;2024-10-06;2026-10-04
ATP;Joao Fonseca;104;All;ALL;91;8,0113;8,3299;2,3413;6,3022;2024-10-06;2026-10-04
ATP;Joao Lucas Reis Da Silva;104;All;ALL;111;3,1323;5,7435;2,6514;6,4063;2024-10-06;2026-10-04
ATP;Joel Schwaerzler;104;All;ALL;108;6,4709;6,1601;3,4325;6,4794;2024-10-06;2026-10-04
ATP;Johannus Monday;104;All;ALL;90;8,5405;8,7315;3,7683;6,1784;2024-10-06;2026-10-04
ATP;Juan Bautista Torres;104;All;ALL;107;1,3621;2,9744;2,5671;6,6334;2024-10-06;2026-10-04
ATP;Juan Carlos Prado Angelo;104;All;ALL;108;2,6629;3,9662;3,2274;6,6795;2024-10-06;2026-10-04
ATP;Juan Manuel Cerundolo;104;All;ALL;114;5,5343;4,3828;3,8131;6,4403;2024-10-06;2026-10-04
ATP;Juan Manuel La Serna;104;All;ALL;86;2,0643;2,1117;3,8086;6,6479;2024-10-06;2026-10-04
ATP;Juan Pablo Varillas;104;All;ALL;100;4,8976;4,8537;2,5733;6,5294;2024-10-06;2026-10-04
ATP;Juncheng Shang;104;All;ALL;36;6,2409;11,6636;3,0842;6,4695;2024-10-06;2026-10-04
ATP;Jurij Rodionov;104;All;ALL;114;7,3003;6,7518;4,1561;6,4549;2024-10-06;2026-10-04
ATP;Kamil Majchrzak;104;All;ALL;83;7,6067;10,7372;2,0246;6,5174;2024-10-06;2026-10-04
ATP;Karen Khachanov;104;All;ALL;109;8,7056;8,6047;2,5477;6,1699;2024-10-06;2026-10-04
ATP;Keegan Smith;104;All;ALL;113;9,2005;4,9248;2,9591;6,2885;2024-10-06;2026-10-04
ATP;Kilian Feldbausch;104;All;ALL;76;1,368;2,286;4,8466;6,5856;2024-10-06;2026-10-04
ATP;Kimmer Coppejans;104;All;ALL;101;4,452;4,225;4,3843;6,5865;2024-10-06;2026-10-04
ATP;Kyrian Jacquet;104;All;ALL;80;7,2318;6,6041;3,7;6,5341;2024-10-06;2026-10-04
ATP;Laslo Djere;104;All;ALL;76;6,2881;5,5976;3,4489;6,4289;2024-10-06;2026-10-04
ATP;Lautaro Midon;104;All;ALL;122;3,6095;2,2572;2,6903;6,5838;2024-10-06;2026-10-04
ATP;Leandro Riedi;104;All;ALL;32;8,7139;6,9632;4,3802;6,2749;2024-10-06;2026-10-04
ATP;Learner Tien;104;All;ALL;124;5,8346;8,5368;4,6618;6,4719;2024-10-06;2026-10-04
ATP;Liam Broady;104;All;ALL;114;3,8847;5,2076;2,7454;6,2748;2024-10-06;2026-10-04
ATP;Liam Draxl;104;All;ALL;112;5,471;7,2862;4,3226;6,4745;2024-10-06;2026-10-04
ATP;Lloyd Harris;104;All;ALL;60;13,8251;5,7375;2,6943;6,2976;2024-10-06;2026-10-04
ATP;Lorenzo Giustino;104;All;ALL;121;4,7848;3,751;4,6441;6,5693;2024-10-06;2026-10-04
ATP;Lorenzo Musetti;104;All;ALL;102;5,652;5,9133;2,788;6,2379;2024-10-06;2026-10-04
ATP;Lorenzo Sonego;104;All;ALL;88;8,0288;5,8463;2,574;6,3274;2024-10-06;2026-10-04
ATP;Luca Nardi;104;All;ALL;79;4,7704;6,1048;4,1607;6,5369;2024-10-06;2026-10-04
ATP;Luca Van Assche;104;All;ALL;105;4,7296;6,3688;4,5835;6,4665;2024-10-06;2026-10-04
ATP;Luciano Darderi;104;All;ALL;129;7,5322;8,9243;3,5961;6,4786;2024-10-06;2026-10-04
ATP;Luka Mikrut;104;All;ALL;90;6,4128;3,8468;2,4577;6,3471;2024-10-06;2026-10-04
ATP;Luka Pavlovic;104;All;ALL;80;12,7379;3,8406;5,726;6,5539;2024-10-06;2026-10-04
ATP;Lukas Neumayer;104;All;ALL;104;3,3584;6,0562;3,1081;6,5401;2024-10-06;2026-10-04
ATP;Mackenzie Mcdonald;104;All;ALL;87;7,0465;9,3452;3,4439;6,4493;2024-10-06;2026-10-04
ATP;Maks Kasnikowski;104;All;ALL;82;5,4292;6,1411;2,0977;6,2409;2024-10-06;2026-10-04
ATP;Marat Sharipov;104;All;ALL;97;13,1386;5,4042;3,8801;6,2093;2024-10-06;2026-10-04
ATP;Marc Andrea Huesler;104;All;ALL;58;10,5641;7,6923;4,0631;6,2077;2024-10-06;2026-10-04
ATP;Marco Cecchinato;104;All;ALL;102;3,4497;4,388;3,4633;6,3694;2024-10-06;2026-10-04
ATP;Marco Trungelliti;104;All;ALL;101;4,5984;5,3225;4,5861;6,6571;2024-10-06;2026-10-04
ATP;Marcos Giron;104;All;ALL;95;6,1375;9,1327;2,15;6,4988;2024-10-06;2026-10-04
ATP;Mariano Navone;104;All;ALL;114;2,6951;4,0783;3,0095;6,4436;2024-10-06;2026-10-04
ATP;Marin Cilic;104;All;ALL;74;11,6295;10,7585;3,7604;6,4036;2024-10-06;2026-10-04
ATP;Mark Lajal;104;All;ALL;111;8,4227;5,9355;4,9678;6,4969;2024-10-06;2026-10-04
ATP;Martin Damm;104;All;ALL;89;16,8254;9,9798;5,1151;6,1747;2024-10-06;2026-10-04
ATP;Martin Krumich;104;All;ALL;104;5,0764;3,7078;3,2947;6,4467;2024-10-06;2026-10-04
ATP;Martin Landaluce;104;All;ALL;102;6,3058;8,0732;5,8138;6,5118;2024-10-06;2026-10-04
ATP;Marton Fucsovics;104;All;ALL;75;5,0009;5,4731;3,9613;6,3326;2024-10-06;2026-10-04
ATP;Marvin Moeller;104;All;ALL;122;4,4755;4,2678;3,5611;6,4434;2024-10-06;2026-10-04
ATP;Matej Dodig;104;All;ALL;95;7,2114;5,2136;3,4033;6,4073;2024-10-06;2026-10-04
ATP;Matheus Pucinelli De Almeida;104;All;ALL;110;2,4832;3,1889;4,3583;6,594;2024-10-06;2026-10-04
ATP;Matias Soto;104;All;ALL;107;5,7783;7,8983;5,4003;6,5607;2024-10-06;2026-10-04
ATP;Matteo Arnaldi;104;All;ALL;70;6,9811;5,9962;4,2089;6,5226;2024-10-06;2026-10-04
ATP;Matteo Berrettini;104;All;ALL;74;12,0969;6,8034;2,2137;6,2495;2024-10-06;2026-10-04
ATP;Matteo Martineau;104;All;ALL;101;8,69;6,1318;4,6044;6,5173;2024-10-06;2026-10-04
ATP;Matthew Dellavedova;104;All;ALL;169;3,8938;3,5018;1,5322;6,2788;2024-10-06;2026-10-04
ATP;Mattia Bellucci;104;All;ALL;98;8,0298;6,1471;4,1907;6,4763;2024-10-06;2026-10-04
ATP;Max Alcala Gurri;104;All;ALL;130;1,1133;2,2782;5,651;6,4613;2024-10-06;2026-10-04
ATP;Max Basing;104;All;ALL;79;1,38;4,8329;3,8;6,502;2024-10-06;2026-10-04
ATP;Max Hans Rehberg;104;All;ALL;72;4,6685;5,0469;2,1577;6,3805;2024-10-06;2026-10-04
ATP;Max Houkes;104;All;ALL;115;4,9568;3,9537;4,3849;6,4334;2024-10-06;2026-10-04
ATP;Max Schoenhaus;104;All;ALL;73;7,7029;5,9629;4,7824;6,2755;2024-10-06;2026-10-04
ATP;Maxim Mrva;104;All;ALL;102;3,8701;2,9795;5,3015;6,6242;2024-10-06;2026-10-04
ATP;Michael Mmoh;104;All;ALL;68;8,3351;5,3129;6,7696;6,4842;2024-10-06;2026-10-04
ATP;Michael Zheng;104;All;ALL;68;7,2136;5,9203;3,1312;6,4775;2024-10-06;2026-10-04
ATP;Michele Ribecai;104;All;ALL;104;1,9408;4,2982;3,2059;6,5253;2024-10-06;2026-10-04
ATP;Mika Brunold;104;All;ALL;76;4,0354;4,026;3,7958;6,5307;2024-10-06;2026-10-04
ATP;Mili Poljicak;104;All;ALL;94;7,3367;2,5618;2,6527;6,3801;2024-10-06;2026-10-04
ATP;Miomir Kecmanovic;104;All;ALL;107;5,7989;11,3183;2,7821;6,4342;2024-10-06;2026-10-04
ATP;Moise Kouame;104;All;ALL;70;5,3082;4,9967;5,9224;6,5315;2024-10-06;2026-10-04
ATP;Murphy Cassone;104;All;ALL;91;8,4558;8,755;4,0622;6,5491;2024-10-06;2026-10-04
ATP;Nick Hardt;104;All;ALL;81;2,1618;3,4044;5,2063;6,6241;2024-10-06;2026-10-04
ATP;Nicolai Budkov Kjaer;104;All;ALL;96;6,1431;5,6014;3,586;6,3732;2024-10-06;2026-10-04
ATP;Nicolas Mejia;104;All;ALL;107;5,9977;6,4914;3,0368;6,5476;2024-10-06;2026-10-04
ATP;Nikolas Sanchez Izquierdo;104;All;ALL;120;2,0612;3,2139;3,3695;6,3346;2024-10-06;2026-10-04
ATP;Nikoloz Basilashvili;104;All;ALL;71;8,9338;10,5935;6,3137;6,5585;2024-10-06;2026-10-04
ATP;Nishesh Basavareddy;104;All;ALL;89;6,1784;9,4839;4,9847;6,3907;2024-10-06;2026-10-04
ATP;Novak Djokovic;104;All;ALL;70;9,6832;9,2239;2,7244;6,0808;2024-10-06;2026-10-04
ATP;Nuno Borges;104;All;ALL;114;7,6449;8,9418;2,7539;6,4374;2024-10-06;2026-10-04
ATP;Oliver Crawford;104;All;ALL;122;4,5384;7,5699;3,1702;6,4214;2024-10-06;2026-10-04
ATP;Otto Virtanen;104;All;ALL;82;12,8493;6,176;4,0906;6,3986;2024-10-06;2026-10-04
ATP;Pablo Carreno Busta;104;All;ALL;92;3,946;7,5077;2,425;6,3586;2024-10-06;2026-10-04
ATP;Pablo Llamas Ruiz;104;All;ALL;66;2,6942;4,1254;2,0468;6,65;2024-10-06;2026-10-04
ATP;Patrick Kypson;104;All;ALL;79;9,9697;12,0269;2,9303;6,3103;2024-10-06;2026-10-04
ATP;Pavel Kotov;104;All;ALL;54;7,8035;6,3508;3,1792;6,3328;2024-10-06;2026-10-04
ATP;Pedro Boscardin Dias;104;All;ALL;108;3,8396;2,909;4,1934;6,5955;2024-10-06;2026-10-04
ATP;Pedro Martinez;104;All;ALL;101;1,8646;9,1236;3,887;6,5774;2024-10-06;2026-10-04
ATP;Petr Bar Biryukov;104;All;ALL;114;14,4221;6,4096;6,3225;6,3533;2024-10-06;2026-10-04
ATP;Philip Henning;104;All;ALL;107;4,9607;6,4614;2,4149;6,1984;2024-10-06;2026-10-04
ATP;Pierre Hugues Herbert;104;All;ALL;63;11,0262;6,2927;7,1026;6,4295;2024-10-06;2026-10-04
ATP;Pol Martin Tiffon;104;All;ALL;81;4,3448;5,1143;4,8178;6,6065;2024-10-06;2026-10-04
ATP;Quentin Halys;104;All;ALL;92;13,2777;8,6324;4,4708;6,3362;2024-10-06;2026-10-04
ATP;Rafael Jodar;104;All;ALL;104;5,595;5,0163;2,8671;6,2424;2024-10-06;2026-10-04
ATP;Raphael Collignon;104;All;ALL;113;8,078;6,6887;6,6898;6,3303;2024-10-06;2026-10-04
ATP;Raphael Perot;104;All;ALL;90;2,9747;4,3492;3,1235;6,4168;2024-10-06;2026-10-04
ATP;Raul Brancaccio;104;All;ALL;101;3,6447;4,3548;4,0632;6,6202;2024-10-06;2026-10-04
ATP;Rei Sakamoto;104;All;ALL;82;10,3819;6,7059;2,7599;6,438;2024-10-06;2026-10-04
ATP;Reilly Opelka;104;All;ALL;68;20,6945;8,2248;4,837;6,3559;2024-10-06;2026-10-04
ATP;Remy Bertola;104;All;ALL;96;5,6666;5,4215;5,324;6,5112;2024-10-06;2026-10-04
ATP;Rinky Hijikata;104;All;ALL;109;5,247;9,8896;3,2072;6,5693;2024-10-06;2026-10-04
ATP;Rio Noguchi;104;All;ALL;106;2,2475;6,7117;2,2475;6,4135;2024-10-06;2026-10-04
ATP;Roberto Bautista Agut;104;All;ALL;68;3,6353;12,1176;2,5661;6,3821;2024-10-06;2026-10-04
ATP;Roberto Carballes Baena;104;All;ALL;76;4,0364;6,4078;3,1613;6,4728;2024-10-06;2026-10-04
ATP;Rodrigo Pacheco Mendez;104;All;ALL;101;6,5236;8,5972;4,5623;6,4373;2024-10-06;2026-10-04
ATP;Roman Andres Burruchaga;104;All;ALL;124;3,1239;3,6744;4,6575;6,4162;2024-10-06;2026-10-04
ATP;Roman Safiullin;104;All;ALL;79;8,2664;8,6242;3,4168;6,3574;2024-10-06;2026-10-04
ATP;Sascha Gueymard Wayenburg;104;All;ALL;87;8,3824;5,3106;5,1596;6,4411;2024-10-06;2026-10-04
ATP;Sebastian Baez;104;All;ALL;107;2,4295;7,0406;2,4674;6,462;2024-10-06;2026-10-04
ATP;Sebastian Korda;104;All;ALL;63;11,8086;7,4585;3,0247;6,1648;2024-10-06;2026-10-04
ATP;Sebastian Ofner;104;All;ALL;76;9,4599;6,5102;3,9044;6,4457;2024-10-06;2026-10-04
ATP;Sergey Fomin;104;All;ALL;112;5,8999;5,5762;3,9203;6,4035;2024-10-06;2026-10-04
ATP;Shintaro Mochizuki;104;All;ALL;98;4,2142;7,0424;5,3154;6,5503;2024-10-06;2026-10-04
ATP;Sho Shimabukuro;104;All;ALL;94;8,4048;7,3919;4,3187;6,4512;2024-10-06;2026-10-04
ATP;Soon Woo Kwon;104;All;ALL;57;10,1685;7,5104;5,1128;6,2074;2024-10-06;2026-10-04
ATP;Stan Wawrinka;104;All;ALL;81;8,5838;7,6225;2,5875;6,4219;2024-10-06;2026-10-04
ATP;Stefan Kozlov;104;All;ALL;57;3,591;4,8062;4,4946;6,4003;2024-10-06;2026-10-04
ATP;Stefano Napolitano;104;All;ALL;58;6,6122;9,3463;2,4236;6,2332;2024-10-06;2026-10-04
ATP;Stefano Travaglia;104;All;ALL;91;6,2262;4,5005;2,8467;6,4276;2024-10-06;2026-10-04
ATP;Stefanos Sakellaridis;104;All;ALL;106;7,4957;3,2535;3,014;6,2652;2024-10-06;2026-10-04
ATP;Stefanos Tsitsipas;104;All;ALL;93;9,1898;6,7844;3,6705;6,1919;2024-10-06;2026-10-04
ATP;Sumit Nagal;104;All;ALL;77;1,8635;5,2593;3,4133;6,5459;2024-10-06;2026-10-04
ATP;Tallon Griekspoor;104;All;ALL;97;10,5929;10,8519;3,8462;6,3164;2024-10-06;2026-10-04
ATP;Taro Daniel;104;All;ALL;70;5,7768;9,5555;2,4054;6,3879;2024-10-06;2026-10-04
ATP;Taylor Fritz;104;All;ALL;127;15,556;9,9088;2,2851;6,0527;2024-10-06;2026-10-04
ATP;Terence Atmane;104;All;ALL;92;10,0309;6,6512;4,1866;6,2991;2024-10-06;2026-10-04
ATP;Thiago Agustin Tirante;104;All;ALL;111;9,2781;5,3899;3,546;6,2296;2024-10-06;2026-10-04
ATP;Thiago Monteiro;104;All;ALL;86;5,8195;6,8928;2,9562;6,2973;2024-10-06;2026-10-04
ATP;Thiago Seyboth Wild;104;All;ALL;73;7,4319;6,4733;3,1457;6,4028;2024-10-06;2026-10-04
ATP;Timofey Skatov;104;All;ALL;94;3,4513;7,6305;3,9381;6,5825;2024-10-06;2026-10-04
ATP;Titouan Droguet;104;All;ALL;107;9,5398;4,6011;3,155;6,3998;2024-10-06;2026-10-04
ATP;Toby Samuel;104;All;ALL;100;5,4038;3,8217;3,0642;6,3702;2024-10-06;2026-10-04
ATP;Tom Gentzsch;104;All;ALL;117;7,3448;4,0421;4,5538;6,5248;2024-10-06;2026-10-04
ATP;Tomas Barrios Vera;104;All;ALL;114;3,4445;5,7112;2,4535;6,5459;2024-10-06;2026-10-04
ATP;Tomas Machac;104;All;ALL;73;7,4912;9,8925;3,8772;6,3901;2024-10-06;2026-10-04
ATP;Tomas Martin Etcheverry;104;All;ALL;113;8,6316;8,2519;2,1635;6,3461;2024-10-06;2026-10-04
ATP;Tommy Paul;104;All;ALL;101;7,5516;6,2365;2,4661;6,3152;2024-10-06;2026-10-04
ATP;Tristan Boyer;104;All;ALL;76;3,9736;4,5361;3,1958;6,5132;2024-10-06;2026-10-04
ATP;Tristan Schoolkate;104;All;ALL;116;11,3698;8,1166;5,1435;6,4535;2024-10-06;2026-10-04
ATP;Ugo Humbert;104;All;ALL;98;9,3398;8,3139;3,5829;6,2308;2024-10-06;2026-10-04
ATP;Valentin Royer;104;All;ALL;121;6,7784;8,1269;2,7658;6,4756;2024-10-06;2026-10-04
ATP;Valentin Vacherot;104;All;ALL;85;10,0403;7,3186;3,6623;6,2624;2024-10-06;2026-10-04
ATP;Vilius Gaubas;104;All;ALL;95;3,4416;4,0016;2,5941;6,5992;2024-10-06;2026-10-04
ATP;Vit Kopriva;104;All;ALL;114;4,7158;6,731;4,4861;6,5016;2024-10-06;2026-10-04
ATP;Vitaliy Sachko;104;All;ALL;79;4,4381;5,9026;3,4425;6,4134;2024-10-06;2026-10-04
ATP;Yannick Hanfmann;104;All;ALL;81;10,0277;8,544;2,6046;6,2239;2024-10-06;2026-10-04
ATP;Yi Zhou;104;All;ALL;83;8,4698;7,0456;3,4409;6,493;2024-10-06;2026-10-04
ATP;Yibing Wu;104;All;ALL;53;5,8039;8,9882;3,1613;6,3069;2024-10-06;2026-10-04
ATP;Yoshihito Nishioka;104;All;ALL;42;3,855;11,4334;2,3394;6,3627;2024-10-06;2026-10-04
ATP;Yu Hsiou Hsu;104;All;ALL;120;4,1703;6,9886;2,9217;6,5061;2024-10-06;2026-10-04
ATP;Zachary Svajda;104;All;ALL;65;8,2965;9,6967;2,9128;6,2538;2024-10-06;2026-10-04
ATP;Zdenek Kolar;104;All;ALL;127;2,7698;4,9603;4,8472;6,4233;2024-10-06;2026-10-04
ATP;Zhizhen Zhang;104;All;ALL;52;10,5131;12,1939;2,5532;6,5171;2024-10-06;2026-10-04
ATP;Zizou Bergs;104;All;ALL;107;8,7845;6,1297;5,5815;6,4263;2024-10-06;2026-10-04
ATP;Zsombor Piros;104;All;ALL;93;4,7747;5,426;3,3722;6,4426;2024-10-06;2026-10-04
ATP;Adam Walton;104;Hard;ATP;46;8,5308;12,514;2,5091;6,4399;2024-10-06;2026-10-04
ATP;Adolfo Daniel Vallejo;104;Hard;ATP;11;5,6579;8,3333;4,7368;6,6087;2024-10-06;2026-10-04
ATP;Adrian Mannarino;104;Hard;ATP;52;6,917;11,8555;2,8409;6,3548;2024-10-06;2026-10-04
ATP;Alejandro Davidovich Fokina;104;Hard;ATP;72;5,5505;10,7084;2,6035;6,4766;2024-10-06;2026-10-04
ATP;Alejandro Moro Canas;104;Hard;ATP;1;2,5641;20,3704;3,8462;7,8;2024-10-06;2026-10-04
ATP;Alejandro Tabilo;104;Hard;ATP;48;9,545;12,8587;2,7458;6,2998;2024-10-06;2026-10-04
ATP;Aleksandar Kovacevic;104;Hard;ATP;57;13,3921;14,6083;4,5393;6,2454;2024-10-06;2026-10-04
ATP;Aleksandar Vukic;104;Hard;ATP;47;11,1306;12,572;2,6824;6,4862;2024-10-06;2026-10-04
ATP;Alex Bolt;104;Hard;ATP;1;10,0;5,9701;1,6667;6,6667;2024-10-06;2026-10-04
ATP;Alex De Minaur;104;Hard;ATP;90;6,3338;7,5304;3,7109;6,2593;2024-10-06;2026-10-04
ATP;Alex Michelsen;104;Hard;ATP;74;7,4;8,0907;3,5995;6,4853;2024-10-06;2026-10-04
ATP;Alex Molcan;104;Hard;ATP;3;4,3062;12,5;1,9139;5,6486;2024-10-06;2026-10-04
ATP;Alexander Blockx;104;Hard;ATP;17;10,3774;3,9541;4,2453;6,2616;2024-10-06;2026-10-04
ATP;Alexander Bublik;104;Hard;ATP;55;15,2612;9,6181;6,1182;6,2973;2024-10-06;2026-10-04
ATP;Alexander Shevchenko;104;Hard;ATP;33;8,2317;8,9655;3,1631;6,479;2024-10-06;2026-10-04
ATP;Alexander Zverev;104;Hard;ATP;82;12,5391;7,7739;2,8178;5,9645;2024-10-06;2026-10-04
ATP;Alexandre Muller;104;Hard;ATP;40;5,2811;11,455;3,0755;6,4251;2024-10-06;2026-10-04
ATP;Alexei Popyrin;104;Hard;ATP;41;12,7945;10,3819;3,1912;6,3145;2024-10-06;2026-10-04
ATP;Alexis Galarneau;104;Hard;ATP;4;5,2817;10,2649;5,2817;6,1739;2024-10-06;2026-10-04
ATP;Andrea Guerrieri;104;Hard;ATP;1;2,6316;7,1429;2,6316;5,8462;2024-10-06;2026-10-04
ATP;Andrey Rublev;104;Hard;ATP;73;10,888;10,5932;3,5659;6,172;2024-10-06;2026-10-04
ATP;Arthur Cazaux;104;Hard;ATP;23;10,5725;6,8559;2,5271;6,4849;2024-10-06;2026-10-04
ATP;Arthur Fery;104;Hard;ATP;13;4,9422;7,2464;2,3134;6,298;2024-10-06;2026-10-04
ATP;Arthur Fils;104;Hard;ATP;57;9,0866;8,9475;3,4104;6,2489;2024-10-06;2026-10-04
ATP;Arthur Gea;104;Hard;ATP;17;6,3642;5,9587;4,9499;6,4525;2024-10-06;2026-10-04
ATP;Arthur Rinderknech;104;Hard;ATP;54;12,3064;7,9259;3,501;6,638;2024-10-06;2026-10-04
ATP;August Holmgren;104;Hard;ATP;1;10,2564;11,236;5,1282;5,5714;2024-10-06;2026-10-04
ATP;Ben Shelton;104;Hard;ATP;78;11,8605;6,8843;3,1628;6,108;2024-10-06;2026-10-04
ATP;Benjamin Bonzi;104;Hard;ATP;43;7,0746;10,491;3,1685;6,3012;2024-10-06;2026-10-04
ATP;Bernard Tomic;104;Hard;ATP;4;11,3537;4,9327;3,9301;7,1562;2024-10-06;2026-10-04
ATP;Billy Harris;104;Hard;ATP;9;7,2423;9,9715;2,7855;6,5872;2024-10-06;2026-10-04
ATP;Borna Gojo;104;Hard;ATP;1;18,9655;5,8824;3,4483;5,8;2024-10-06;2026-10-04
ATP;Botic Van De Zandschulp;104;Hard;ATP;54;8,8163;8,5318;6,1535;6,5146;2024-10-06;2026-10-04
ATP;Brandon Nakashima;104;Hard;ATP;80;12,7614;10,5783;1,5101;6,1869;2024-10-06;2026-10-04
ATP;Bu Yunchaokete;104;Hard;ATP;41;9,0107;11,1717;2,489;6,4908;2024-10-06;2026-10-04
ATP;Cameron Norrie;104;Hard;ATP;71;6,5258;11,196;2,8064;6,4786;2024-10-06;2026-10-04
ATP;Camilo Ugo Carabelli;104;Hard;ATP;27;5,1707;10,5996;4,5366;6,7881;2024-10-06;2026-10-04
ATP;Carlos Alcaraz;104;Hard;ATP;66;7,3847;5,1601;3,4449;6,0059;2024-10-06;2026-10-04
ATP;Casper Ruud;104;Hard;ATP;56;9,3447;11,3957;2,9534;6,263;2024-10-06;2026-10-04
ATP;Christopher Oconnell;104;Hard;ATP;38;10,3581;10,0296;2,0716;6,6854;2024-10-06;2026-10-04
ATP;Chun Hsin Tseng;104;Hard;ATP;6;4,2463;8,6651;3,6093;6,6338;2024-10-06;2026-10-04
ATP;Clement Chidekh;104;Hard;ATP;1;0,0;17,2414;5,4545;5,5;2024-10-06;2026-10-04
ATP;Clement Tabur;104;Hard;ATP;3;5,1181;8,6275;3,1496;6,0476;2024-10-06;2026-10-04
ATP;Coleman Wong;104;Hard;ATP;27;13,8605;9,5764;2,7543;6,3053;2024-10-06;2026-10-04
ATP;Colton Smith;104;Hard;ATP;6;5,2381;3,908;4,5238;6,7742;2024-10-06;2026-10-04
ATP;Corentin Moutet;104;Hard;ATP;50;4,4456;5,2194;3,4216;6,6845;2024-10-06;2026-10-04
ATP;Cristian Garin;104;Hard;ATP;3;8,2031;10,5691;4,2969;6,0952;2024-10-06;2026-10-04
ATP;Dalibor Svrcina;104;Hard;ATP;18;3,3632;7,7035;7,3991;6,6567;2024-10-06;2026-10-04
ATP;Damir Dzumhur;104;Hard;ATP;26;2,2018;10,7075;3,1651;6,4881;2024-10-06;2026-10-04
ATP;Dane Sweeny;104;Hard;ATP;7;3,5826;11,828;4,3614;6,6186;2024-10-06;2026-10-04
ATP;Daniel Altmaier;104;Hard;ATP;51;10,364;8,5811;3,3873;6,4746;2024-10-06;2026-10-04
ATP;Daniel Merida Aguilar;104;Hard;ATP;12;5,5315;5,4407;5,0976;6,493;2024-10-06;2026-10-04
ATP;Daniil Medvedev;104;Hard;ATP;85;12,2166;4,4464;5,7462;6,2031;2024-10-06;2026-10-04
ATP;Darwin Blanch;104;Hard;ATP;8;8,1433;13,2042;4,2345;6,3958;2024-10-06;2026-10-04
ATP;Denis Shapovalov;104;Hard;ATP;74;11,4596;4,3717;7,3427;6,2344;2024-10-06;2026-10-04
ATP;Dino Prizmic;104;Hard;ATP;9;5,5682;9,2997;5,4545;6,1111;2024-10-06;2026-10-04
ATP;Dominic Stricker;104;Hard;ATP;8;13,7736;11,3835;2,6415;5,9551;2024-10-06;2026-10-04
ATP;Dusan Lajovic;104;Hard;ATP;7;8,0392;6,9597;1,7647;6,5385;2024-10-06;2026-10-04
ATP;Elias Ymer;104;Hard;ATP;6;7,8512;6,1144;2,8926;6,4533;2024-10-06;2026-10-04
ATP;Eliot Spizzirri;104;Hard;ATP;17;9,2514;9,4961;1,2712;6,0513;2024-10-06;2026-10-04
ATP;Elmer Moller;104;Hard;ATP;1;1,2048;5,4795;14,4578;6,9167;2024-10-06;2026-10-04
ATP;Emilio Nava;104;Hard;ATP;15;12,0267;7,2987;4,8998;6,476;2024-10-06;2026-10-04
ATP;Ethan Quinn;104;Hard;ATP;29;9,9412;10,2652;4,1136;6,4013;2024-10-06;2026-10-04
ATP;Fabian Marozsan;104;Hard;ATP;59;6,5918;10,2121;2,6735;6,3885;2024-10-06;2026-10-04
ATP;Facundo Diaz Acosta;104;Hard;ATP;7;5,0699;7,9505;5,2448;6,5747;2024-10-06;2026-10-04
ATP;Fajing Sun;104;Hard;ATP;2;4,5455;15,4639;2,7273;7,3333;2024-10-06;2026-10-04
ATP;Federico Agustin Gomez;104;Hard;ATP;2;11,5183;12,6374;4,1885;5,9688;2024-10-06;2026-10-04
ATP;Federico Cina;104;Hard;ATP;6;5,5675;8,4507;2,1413;7,1846;2024-10-06;2026-10-04
ATP;Felix Auger Aliassime;104;Hard;ATP;83;14,1036;7,3708;4,2231;6,116;2024-10-06;2026-10-04
ATP;Felix Balshaw;104;Hard;ATP;1;6,7797;14,5161;3,3898;5,3636;2024-10-06;2026-10-04
ATP;Flavio Cobolli;104;Hard;ATP;57;7,4304;8,5965;4,1542;6,559;2024-10-06;2026-10-04
ATP;Frances Tiafoe;104;Hard;ATP;70;9,1212;13,6716;2,7963;6,4672;2024-10-06;2026-10-04
ATP;Francesco Maestrelli;104;Hard;ATP;3;15,1007;8,0268;4,698;6,4783;2024-10-06;2026-10-04
ATP;Francesco Passaro;104;Hard;ATP;6;7,7944;7,8176;4,8093;6,2812;2024-10-06;2026-10-04
ATP;Francisco Cerundolo;104;Hard;ATP;55;5,606;6,1756;3,7891;6,4935;2024-10-06;2026-10-04
ATP;Francisco Comesana;104;Hard;ATP;27;11,0752;7,7215;4,8454;6,263;2024-10-06;2026-10-04
ATP;Gabriel Diallo;104;Hard;ATP;47;10,7309;7,3666;3,5587;6,3641;2024-10-06;2026-10-04
ATP;Gael Monfils;104;Hard;ATP;35;10,3964;5,7809;5,9454;6,3203;2024-10-06;2026-10-04
ATP;Gauthier Onclin;104;Hard;ATP;1;1,6529;23,75;3,3058;6,3684;2024-10-06;2026-10-04
ATP;Giovanni Mpetshi Perricard;104;Hard;ATP;57;19,6131;10,434;4,781;6,2113;2024-10-06;2026-10-04
ATP;Grigor Dimitrov;104;Hard;ATP;35;10,5597;10,7808;5,2005;6,3133;2024-10-06;2026-10-04
ATP;Hamad Medjedovic;104;Hard;ATP;34;12,0059;13,8273;4,2852;6,5545;2024-10-06;2026-10-04
ATP;Harold Mayot;104;Hard;ATP;4;4,8611;12,3563;1,7361;6,5455;2024-10-06;2026-10-04
ATP;Harry Wendelken;104;Hard;ATP;1;7,874;10,0;5,5118;7,0556;2024-10-06;2026-10-04
ATP;Holger Rune;104;Hard;ATP;45;8,326;9,2593;3,7792;6,1807;2024-10-06;2026-10-04
ATP;Hubert Hurkacz;104;Hard;ATP;41;16,6316;8,7782;2,8271;6,146;2024-10-06;2026-10-04
ATP;Hugo Dellien;104;Hard;ATP;3;3,2727;14,6245;4,7273;7,0513;2024-10-06;2026-10-04
ATP;Hugo Gaston;104;Hard;ATP;25;4,282;8,0447;2,7676;6,5808;2024-10-06;2026-10-04
ATP;Hugo Grenier;104;Hard;ATP;5;11,7794;7,3232;5,2632;6,3333;2024-10-06;2026-10-04
ATP;Ignacio Buse;104;Hard;ATP;12;5,9129;5,4741;3,0083;6,3421;2024-10-06;2026-10-04
ATP;J J Wolf;104;Hard;ATP;2;4,7619;15,8228;3,1746;6,5172;2024-10-06;2026-10-04
ATP;Jack Draper;104;Hard;ATP;34;11,6722;8,9224;3,5492;6,1416;2024-10-06;2026-10-04
ATP;Jack Pinnington Jones;104;Hard;ATP;3;13,3333;17,0103;6,1905;6,3636;2024-10-06;2026-10-04
ATP;Jacob Fearnley;104;Hard;ATP;27;7,0477;8,5029;8,165;6,6296;2024-10-06;2026-10-04
ATP;Jaime Faria;104;Hard;ATP;16;8,6957;6,6116;6,8896;6,3617;2024-10-06;2026-10-04
ATP;Jakub Mensik;104;Hard;ATP;69;15,6873;6,1879;5,0095;6,3257;2024-10-06;2026-10-04
ATP;James Duckworth;104;Hard;ATP;39;8,9844;9,6818;4,5247;6,5362;2024-10-06;2026-10-04
ATP;James Mccabe;104;Hard;ATP;3;11,8644;7,0833;4,2373;6,0513;2024-10-06;2026-10-04
ATP;Jan Choinski;104;Hard;ATP;6;7,8902;14,8699;3,6021;6,7011;2024-10-06;2026-10-04
ATP;Jan Lennard Struff;104;Hard;ATP;38;11,7297;10,1942;4,6293;6,394;2024-10-06;2026-10-04
ATP;Jannik Sinner;104;Hard;ATP;58;11,9315;7,7865;2,1972;5,7899;2024-10-06;2026-10-04
ATP;Jaume Munar;104;Hard;ATP;51;6,5668;6,2305;3,2459;6,0866;2024-10-06;2026-10-04
ATP;Jenson Brooksby;104;Hard;ATP;44;4,2861;6,942;2,626;6,4081;2024-10-06;2026-10-04
ATP;Jerome Kym;104;Hard;ATP;4;11,9181;12,5461;3,352;6,3176;2024-10-06;2026-10-04
ATP;Jesper De Jong;104;Hard;ATP;18;9,316;11,1706;5,2117;6,3958;2024-10-06;2026-10-04
ATP;Jiri Lehecka;104;Hard;ATP;77;10,2245;8,5572;2,806;6,1577;2024-10-06;2026-10-04
ATP;Joao Fonseca;104;Hard;ATP;31;8,424;9,6671;2,7408;6,3615;2024-10-06;2026-10-04
ATP;Joel Schwaerzler;104;Hard;ATP;1;1,8519;15,7895;1,8519;6,75;2024-10-06;2026-10-04
ATP;Juan Manuel Cerundolo;104;Hard;ATP;16;7,9353;7,5676;3,775;6,4257;2024-10-06;2026-10-04
ATP;Juncheng Shang;104;Hard;ATP;33;6,1556;11,3831;3,0585;6,4575;2024-10-06;2026-10-04
ATP;Jurij Rodionov;104;Hard;ATP;3;10,0746;11,0204;2,2388;6,7;2024-10-06;2026-10-04
ATP;Kamil Majchrzak;104;Hard;ATP;35;8,2631;11,6524;2,4303;6,6652;2024-10-06;2026-10-04
ATP;Karen Khachanov;104;Hard;ATP;69;9,83;9,2961;2,7453;6,1303;2024-10-06;2026-10-04
ATP;Kyrian Jacquet;104;Hard;ATP;12;11,1562;7,7479;3,854;6,5298;2024-10-06;2026-10-04
ATP;Laslo Djere;104;Hard;ATP;11;10,1572;9,4028;2,2975;6,6694;2024-10-06;2026-10-04
ATP;Leandro Riedi;104;Hard;ATP;5;11,1111;4,0359;6,5041;6,0492;2024-10-06;2026-10-04
ATP;Learner Tien;104;Hard;ATP;70;6,09;9,1359;4,9356;6,4756;2024-10-06;2026-10-04
ATP;Liam Draxl;104;Hard;ATP;4;5,7851;7,2193;4,6832;6,4821;2024-10-06;2026-10-04
ATP;Lloyd Harris;104;Hard;ATP;7;14,8148;10,559;3,3951;6,2308;2024-10-06;2026-10-04
ATP;Lorenzo Musetti;104;Hard;ATP;65;6,6299;7,0407;3,2264;6,1463;2024-10-06;2026-10-04
ATP;Lorenzo Sonego;104;Hard;ATP;58;8,72;5,9669;2,7133;6,4202;2024-10-06;2026-10-04
ATP;Luca Nardi;104;Hard;ATP;23;4,8923;9,9567;5,1835;6,6038;2024-10-06;2026-10-04
ATP;Luca Van Assche;104;Hard;ATP;10;6,2963;10,4496;4,6914;6,6393;2024-10-06;2026-10-04
ATP;Luciano Darderi;104;Hard;ATP;48;9,2492;13,3676;4,1349;6,4605;2024-10-06;2026-10-04
ATP;Luka Pavlovic;104;Hard;ATP;1;10,5263;8,9552;1,3158;7,6;2024-10-06;2026-10-04
ATP;Mackenzie Mcdonald;104;Hard;ATP;23;7,5257;11,9658;3,1944;6,4807;2024-10-06;2026-10-04
ATP;Marc Andrea Huesler;104;Hard;ATP;2;7,0064;10,625;2,5478;6,28;2024-10-06;2026-10-04
ATP;Marco Trungelliti;104;Hard;ATP;4;7,7519;12,1287;5,6848;6,3443;2024-10-06;2026-10-04
ATP;Marcos Giron;104;Hard;ATP;60;6,7349;9,6596;2,1904;6,4531;2024-10-06;2026-10-04
ATP;Mariano Navone;104;Hard;ATP;35;4,4021;6,8787;3,7122;6,5043;2024-10-06;2026-10-04
ATP;Marin Cilic;104;Hard;ATP;34;12,5475;13,2901;3,8403;6,4461;2024-10-06;2026-10-04
ATP;Mark Lajal;104;Hard;ATP;2;8,2803;8,2803;2,5478;5,8148;2024-10-06;2026-10-04
ATP;Martin Damm;104;Hard;ATP;18;18,6303;11,2268;4,7128;6,0356;2024-10-06;2026-10-04
ATP;Martin Landaluce;104;Hard;ATP;15;6,9678;9,0909;7,1975;6,5628;2024-10-06;2026-10-04
ATP;Marton Fucsovics;104;Hard;ATP;32;5,3922;6,7804;4,59;6,375;2024-10-06;2026-10-04
ATP;Matteo Arnaldi;104;Hard;ATP;41;8,0698;7,1156;4,4635;6,4072;2024-10-06;2026-10-04
ATP;Matteo Berrettini;104;Hard;ATP;46;13,7786;7,6225;2,0402;6,2552;2024-10-06;2026-10-04
ATP;Mattia Bellucci;104;Hard;ATP;33;8,7342;7,8981;4,0928;6,7139;2024-10-06;2026-10-04
ATP;Michael Mmoh;104;Hard;ATP;7;10,5932;8,7719;3,3898;6,8406;2024-10-06;2026-10-04
ATP;Michael Zheng;104;Hard;ATP;14;4,9451;7,8448;3,5322;6,6702;2024-10-06;2026-10-04
ATP;Miomir Kecmanovic;104;Hard;ATP;68;6,828;13,0064;3,0466;6,4286;2024-10-06;2026-10-04
ATP;Moise Kouame;104;Hard;ATP;5;8,0;8,8571;8,2667;6,6964;2024-10-06;2026-10-04
ATP;Murphy Cassone;104;Hard;ATP;1;11,0;21,2963;8,0;6,25;2024-10-06;2026-10-04
ATP;Nicolai Budkov Kjaer;104;Hard;ATP;4;5,2632;20,6422;2,834;6,0244;2024-10-06;2026-10-04
ATP;Nicolas Mejia;104;Hard;ATP;4;3,8462;6,8182;3,1469;6,6512;2024-10-06;2026-10-04
ATP;Nikoloz Basilashvili;104;Hard;ATP;17;11,7379;13,8605;4,0036;6,209;2024-10-06;2026-10-04
ATP;Nishesh Basavareddy;104;Hard;ATP;19;7,055;13,7419;4,6602;6,2805;2024-10-06;2026-10-04
ATP;Novak Djokovic;104;Hard;ATP;45;9,9707;9,5326;3,0392;6,1091;2024-10-06;2026-10-04
ATP;Nuno Borges;104;Hard;ATP;61;7,4829;10,5397;2,9775;6,3972;2024-10-06;2026-10-04
ATP;Otto Virtanen;104;Hard;ATP;8;12,141;10,0282;4,6997;6,7193;2024-10-06;2026-10-04
ATP;Pablo Carreno Busta;104;Hard;ATP;25;3,5824;12,4365;3,173;6,283;2024-10-06;2026-10-04
ATP;Pablo Llamas Ruiz;104;Hard;ATP;1;10,1695;4,0816;6,7797;7,8667;2024-10-06;2026-10-04
ATP;Patrick Kypson;104;Hard;ATP;6;8,8063;18,0645;3,9139;6,3875;2024-10-06;2026-10-04
ATP;Pavel Kotov;104;Hard;ATP;3;6,5657;13,1429;5,5556;6,3871;2024-10-06;2026-10-04
ATP;Pedro Martinez;104;Hard;ATP;26;2,9121;14,5352;5,1252;6,5785;2024-10-06;2026-10-04
ATP;Pierre Hugues Herbert;104;Hard;ATP;7;9,699;7,363;8,6957;6,6444;2024-10-06;2026-10-04
ATP;Quentin Halys;104;Hard;ATP;54;13,9149;8,9566;4,1658;6,4487;2024-10-06;2026-10-04
ATP;Rafael Jodar;104;Hard;ATP;26;5,0131;6,4143;3,1854;6,4915;2024-10-06;2026-10-04
ATP;Raphael Collignon;104;Hard;ATP;23;8,8353;8,2959;7,7309;6,596;2024-10-06;2026-10-04
ATP;Rei Sakamoto;104;Hard;ATP;9;11,5299;9,0389;1,8847;6,3972;2024-10-06;2026-10-04
ATP;Reilly Opelka;104;Hard;ATP;43;23,0337;8,774;5,0;6,2566;2024-10-06;2026-10-04
ATP;Remy Bertola;104;Hard;ATP;1;5,5556;8,9286;5,5556;6,0;2024-10-06;2026-10-04
ATP;Rinky Hijikata;104;Hard;ATP;41;5,7667;11,7728;3,6042;6,5353;2024-10-06;2026-10-04
ATP;Roberto Bautista Agut;104;Hard;ATP;31;4,4463;14,102;2,7685;6,3914;2024-10-06;2026-10-04
ATP;Roberto Carballes Baena;104;Hard;ATP;22;5,3699;8,1731;3,3973;6,3368;2024-10-06;2026-10-04
ATP;Rodrigo Pacheco Mendez;104;Hard;ATP;6;5,8824;8,7649;3,6199;6,2254;2024-10-06;2026-10-04
ATP;Roman Andres Burruchaga;104;Hard;ATP;3;8,2988;13,4328;4,9793;6,025;2024-10-06;2026-10-04
ATP;Roman Safiullin;104;Hard;ATP;28;9,3304;10,3685;4,2411;6,2745;2024-10-06;2026-10-04
ATP;Sebastian Baez;104;Hard;ATP;41;2,544;10,4244;2,6745;6,4547;2024-10-06;2026-10-04
ATP;Sebastian Korda;104;Hard;ATP;48;13,0364;8,3076;3,0961;6,096;2024-10-06;2026-10-04
ATP;Sebastian Ofner;104;Hard;ATP;6;12,369;9,3878;5,6604;6,2763;2024-10-06;2026-10-04
ATP;Shintaro Mochizuki;104;Hard;ATP;14;5,2632;11,2811;6,5072;6,5312;2024-10-06;2026-10-04
ATP;Sho Shimabukuro;104;Hard;ATP;14;8,3254;9,2664;5,4872;6,5247;2024-10-06;2026-10-04
ATP;Soon Woo Kwon;104;Hard;ATP;1;3,0612;0,9091;5,102;6,5333;2024-10-06;2026-10-04
ATP;Stan Wawrinka;104;Hard;ATP;31;10,011;10,3673;2,6306;6,38;2024-10-06;2026-10-04
ATP;Stefanos Sakellaridis;104;Hard;ATP;1;16,3934;6,25;3,2787;6,1;2024-10-06;2026-10-04
ATP;Stefanos Tsitsipas;104;Hard;ATP;61;9,8488;6,9422;3,7188;6,156;2024-10-06;2026-10-04
ATP;Sumit Nagal;104;Hard;ATP;4;1,2658;9,396;3,7975;7,0222;2024-10-06;2026-10-04
ATP;Tallon Griekspoor;104;Hard;ATP;58;11,8319;13,0143;3,9009;6,2958;2024-10-06;2026-10-04
ATP;Taro Daniel;104;Hard;ATP;10;7,5;11,5523;2,7381;6,3158;2024-10-06;2026-10-04
ATP;Taylor Fritz;104;Hard;ATP;82;15,2948;10,0173;2,604;6,1134;2024-10-06;2026-10-04
ATP;Terence Atmane;104;Hard;ATP;36;10,44;8,1409;4,1014;6,2517;2024-10-06;2026-10-04
ATP;Thiago Agustin Tirante;104;Hard;ATP;19;12,8968;5,8824;4,2989;6,1215;2024-10-06;2026-10-04
ATP;Thiago Monteiro;104;Hard;ATP;5;11,6379;14,9038;2,8017;6,3562;2024-10-06;2026-10-04
ATP;Thiago Seyboth Wild;104;Hard;ATP;7;11,4977;9,6721;3,3283;6,61;2024-10-06;2026-10-04
ATP;Timofey Skatov;104;Hard;ATP;2;5,3846;9,0323;2,3077;5,6522;2024-10-06;2026-10-04
ATP;Titouan Droguet;104;Hard;ATP;9;15,0617;9,6774;3,2099;6,75;2024-10-06;2026-10-04
ATP;Toby Samuel;104;Hard;ATP;2;4,9689;5,3333;3,7267;5,963;2024-10-06;2026-10-04
ATP;Tomas Barrios Vera;104;Hard;ATP;4;5,0992;14,2857;2,2663;6,9216;2024-10-06;2026-10-04
ATP;Tomas Machac;104;Hard;ATP;52;8,1054;10,5787;3,8754;6,4195;2024-10-06;2026-10-04
ATP;Tomas Martin Etcheverry;104;Hard;ATP;52;10,4064;10,084;1,9732;6,3348;2024-10-06;2026-10-04
ATP;Tommy Paul;104;Hard;ATP;62;8,6913;7,6923;2,4748;6,1824;2024-10-06;2026-10-04
ATP;Tristan Boyer;104;Hard;ATP;13;4,8373;10,0769;2,9024;6,3167;2024-10-06;2026-10-04
ATP;Tristan Schoolkate;104;Hard;ATP;20;12,0;10,5729;4,9275;6,2956;2024-10-06;2026-10-04
ATP;Ugo Humbert;104;Hard;ATP;63;10,3733;9,143;3,342;6,1195;2024-10-06;2026-10-04
ATP;Valentin Royer;104;Hard;ATP;34;8,0257;12,3417;2,8107;6,681;2024-10-06;2026-10-04
ATP;Valentin Vacherot;104;Hard;ATP;35;12,8102;9,452;4,1971;6,2132;2024-10-06;2026-10-04
ATP;Vit Kopriva;104;Hard;ATP;17;5,0414;11,8339;5,9443;6,6119;2024-10-06;2026-10-04
ATP;Vitaliy Sachko;104;Hard;ATP;4;6,8404;11,3793;0,9772;6,2653;2024-10-06;2026-10-04
ATP;Yannick Hanfmann;104;Hard;ATP;21;10,8945;9,1013;3,0963;6,3188;2024-10-06;2026-10-04
ATP;Yi Zhou;104;Hard;ATP;4;13,7536;11,6279;0,8596;6,7115;2024-10-06;2026-10-04
ATP;Yibing Wu;104;Hard;ATP;22;5,433;12,3874;2,2593;6,5458;2024-10-06;2026-10-04
ATP;Yoshihito Nishioka;104;Hard;ATP;20;3,7333;13,2818;2,7333;6,5502;2024-10-06;2026-10-04
ATP;Zachary Svajda;104;Hard;ATP;18;9,7977;11,7647;3,1606;6,3534;2024-10-06;2026-10-04
ATP;Zhizhen Zhang;104;Hard;ATP;28;9,6042;13,3299;2,5579;6,4348;2024-10-06;2026-10-04
ATP;Zizou Bergs;104;Hard;ATP;67;9,0747;6,1656;5,004;6,3586;2024-10-06;2026-10-04
ATP;Zsombor Piros;104;Hard;ATP;2;6,7416;17,9487;7,3034;6,5926;2024-10-06;2026-10-04
ATP;Adam Walton;104;Hard;ALL;109;9,677;10,3097;2,8326;6,2118;2024-10-06;2026-10-04
ATP;Adolfo Daniel Vallejo;104;Hard;ALL;14;5,235;7,564;4,9145;6,6857;2024-10-06;2026-10-04
ATP;Adrian Mannarino;104;Hard;ALL;61;6,7822;11,2056;2,9097;6,3592;2024-10-06;2026-10-04
ATP;Alastair Gray;104;Hard;ALL;84;8,0674;5,4653;3,9521;6,3695;2024-10-06;2026-10-04
ATP;Alejandro Davidovich Fokina;104;Hard;ALL;72;5,5505;10,7084;2,6035;6,4766;2024-10-06;2026-10-04
ATP;Alejandro Moro Canas;104;Hard;ALL;48;3,7894;5,7032;2,7863;6,5018;2024-10-06;2026-10-04
ATP;Alejandro Tabilo;104;Hard;ALL;59;9,6243;12,1343;2,6368;6,2946;2024-10-06;2026-10-04
ATP;Aleksandar Kovacevic;104;Hard;ALL;77;12,653;13,083;4,2751;6,2309;2024-10-06;2026-10-04
ATP;Aleksandar Vukic;104;Hard;ALL;60;11,2362;12,0248;2,6332;6,4443;2024-10-06;2026-10-04
ATP;Alex Barrena;104;Hard;ALL;1;1,4493;7,5472;8,6957;8,625;2024-10-06;2026-10-04
ATP;Alex Bolt;104;Hard;ALL;68;9,5474;8,1046;2,4179;6,3923;2024-10-06;2026-10-04
ATP;Alex De Minaur;104;Hard;ALL;97;6,3953;7,6048;3,5991;6,2654;2024-10-06;2026-10-04
ATP;Alex Michelsen;104;Hard;ALL;83;7,5523;7,9615;3,5335;6,4457;2024-10-06;2026-10-04
ATP;Alex Molcan;104;Hard;ALL;16;5,8706;9,0909;2,0896;6,128;2024-10-06;2026-10-04
ATP;Alexander Blockx;104;Hard;ALL;84;8,9367;4,1898;2,9676;6,2801;2024-10-06;2026-10-04
ATP;Alexander Bublik;104;Hard;ALL;60;15,5147;9,1747;6,1182;6,3013;2024-10-06;2026-10-04
ATP;Alexander Shevchenko;104;Hard;ALL;43;7,9388;8,3136;2,8291;6,5981;2024-10-06;2026-10-04
ATP;Alexander Zverev;104;Hard;ALL;89;12,5822;8,0108;2,7181;5,9608;2024-10-06;2026-10-04
ATP;Alexandre Muller;104;Hard;ALL;47;5,2172;11,3309;2,9773;6,4341;2024-10-06;2026-10-04
ATP;Alexei Popyrin;104;Hard;ALL;45;12,5763;10,1582;3,276;6,3304;2024-10-06;2026-10-04
ATP;Alexis Galarneau;104;Hard;ALL;105;4,6015;8,095;4,7301;6,4564;2024-10-06;2026-10-04
ATP;Andre Ilagan;104;Hard;ALL;109;4,7478;9,074;3,0292;6,6024;2024-10-06;2026-10-04
ATP;Andrea Guerrieri;104;Hard;ALL;31;3,6207;8,1115;4,9138;6,5169;2024-10-06;2026-10-04
ATP;Andrea Pellegrino;104;Hard;ALL;6;5,3221;13,7466;4,2017;6,1552;2024-10-06;2026-10-04
ATP;Andres Andrade;104;Hard;ALL;70;4,5782;5,1382;5,3201;6,4808;2024-10-06;2026-10-04
ATP;Andrey Rublev;104;Hard;ALL;76;10,8565;10,7961;3,5129;6,1502;2024-10-06;2026-10-04
ATP;Arthur Cazaux;104;Hard;ALL;42;10,3147;6,3477;2,493;6,418;2024-10-06;2026-10-04
ATP;Arthur Fery;104;Hard;ALL;49;6,1627;6,3549;2,3679;6,1;2024-10-06;2026-10-04
ATP;Arthur Fils;104;Hard;ALL;60;9,2538;8,8406;3,4929;6,2539;2024-10-06;2026-10-04
ATP;Arthur Gea;104;Hard;ALL;71;6,1264;4,3822;4,2458;6,36;2024-10-06;2026-10-04
ATP;Arthur Rinderknech;104;Hard;ALL;55;12,2665;8,2808;3,4869;6,6272;2024-10-06;2026-10-04
ATP;August Holmgren;104;Hard;ALL;66;10,5515;6,445;5,2237;6,3474;2024-10-06;2026-10-04
ATP;Ben Shelton;104;Hard;ALL;81;11,7322;7,0416;3,1535;6,1105;2024-10-06;2026-10-04
ATP;Benjamin Bonzi;104;Hard;ALL;82;7,535;10,0732;2,7673;6,381;2024-10-06;2026-10-04
ATP;Bernard Tomic;104;Hard;ALL;94;8,3633;8,789;2,5047;6,3851;2024-10-06;2026-10-04
ATP;Billy Harris;104;Hard;ALL;70;8,4197;8,447;3,738;6,5583;2024-10-06;2026-10-04
ATP;Borna Gojo;104;Hard;ALL;48;15,2852;6,8093;4,2428;6,2548;2024-10-06;2026-10-04
ATP;Botic Van De Zandschulp;104;Hard;ALL;54;8,8163;8,5318;6,1535;6,5146;2024-10-06;2026-10-04
ATP;Braden Shick;104;Hard;ALL;73;7,906;5,5521;3,4829;6,3158;2024-10-06;2026-10-04
ATP;Brandon Nakashima;104;Hard;ALL;80;12,7614;10,5783;1,5101;6,1869;2024-10-06;2026-10-04
ATP;Bu Yunchaokete;104;Hard;ALL;67;8,5427;10,999;2,3518;6,461;2024-10-06;2026-10-04
ATP;Buvaysar Gadamauri;104;Hard;ALL;39;4,991;3,838;2,9084;6,4918;2024-10-06;2026-10-04
ATP;Cameron Norrie;104;Hard;ALL;75;6,627;10,975;2,8792;6,4963;2024-10-06;2026-10-04
ATP;Camilo Ugo Carabelli;104;Hard;ALL;34;4,7675;9,8023;4,3767;6,7698;2024-10-06;2026-10-04
ATP;Carl Emil Overbeck;104;Hard;ALL;48;10,1855;6,621;4,1147;6,1008;2024-10-06;2026-10-04
ATP;Carlos Alcaraz;104;Hard;ALL;74;7,4555;5,5618;3,2918;6,056;2024-10-06;2026-10-04
ATP;Casper Ruud;104;Hard;ALL;60;9,3505;11,5771;2,8117;6,2507;2024-10-06;2026-10-04
ATP;Cezar Cretu;104;Hard;ALL;8;4,4408;3,0612;3,4539;6,7556;2024-10-06;2026-10-04
ATP;Charles Broom;104;Hard;ALL;101;7,5416;7,5351;3,108;6,3746;2024-10-06;2026-10-04
ATP;Chris Rodesch;104;Hard;ALL;59;9,1099;4,5353;4,0566;6,3255;2024-10-06;2026-10-04
ATP;Christopher Oconnell;104;Hard;ALL;44;11,0614;10,1503;2,2059;6,5853;2024-10-06;2026-10-04
ATP;Chun Hsin Tseng;104;Hard;ALL;30;6,0469;7,7135;1,9404;6,7561;2024-10-06;2026-10-04
ATP;Clement Chidekh;104;Hard;ALL;110;4,2976;8,301;4,5832;6,4452;2024-10-06;2026-10-04
ATP;Clement Tabur;104;Hard;ALL;35;6,1301;8,3089;2,5574;6,3765;2024-10-06;2026-10-04
ATP;Coleman Wong;104;Hard;ALL;86;12,4497;7,1621;3,2673;6,3438;2024-10-06;2026-10-04
ATP;Colton Smith;104;Hard;ALL;56;6,7;4,3262;3,2666;6,5327;2024-10-06;2026-10-04
ATP;Corentin Moutet;104;Hard;ALL;56;4,3243;5,2129;3,4459;6,6567;2024-10-06;2026-10-04
ATP;Cristian Garin;104;Hard;ALL;5;6,5617;9,0909;4,1995;6,2459;2024-10-06;2026-10-04
ATP;Dalibor Svrcina;104;Hard;ALL;54;2,8319;5,4798;6,2873;6,7056;2024-10-06;2026-10-04
ATP;Damir Dzumhur;104;Hard;ALL;41;2,0427;9,6292;3,2188;6,4749;2024-10-06;2026-10-04
ATP;Dane Sweeny;104;Hard;ALL;120;3,611;6,532;4,1464;6,4662;2024-10-06;2026-10-04
ATP;Daniel Altmaier;104;Hard;ALL;56;10,3629;8,1414;3,3097;6,4521;2024-10-06;2026-10-04
ATP;Daniel Merida Aguilar;104;Hard;ALL;39;3,8504;4,396;4,1071;6,3715;2024-10-06;2026-10-04
ATP;Daniel Michalski;104;Hard;ALL;18;4,3645;5,6082;2,2971;6,2488;2024-10-06;2026-10-04
ATP;Daniel Rincon;104;Hard;ALL;39;6,8063;5,2186;2,4782;6,5262;2024-10-06;2026-10-04
ATP;Daniil Glinka;104;Hard;ALL;99;9,0441;6,6564;3,8434;6,3454;2024-10-06;2026-10-04
ATP;Daniil Medvedev;104;Hard;ALL;88;12,1794;4,5378;5,7748;6,1951;2024-10-06;2026-10-04
ATP;Darwin Blanch;104;Hard;ALL;77;8,9022;5,7401;4,2054;6,4321;2024-10-06;2026-10-04
ATP;David Jorda Sanchis;104;Hard;ALL;18;7,1707;2,6337;3,8971;6,5795;2024-10-06;2026-10-04
ATP;Denis Shapovalov;104;Hard;ALL;74;11,4596;4,3717;7,3427;6,2344;2024-10-06;2026-10-04
ATP;Diego Dedura Palomero;104;Hard;ALL;22;1,7995;3,9533;3,7275;6,4298;2024-10-06;2026-10-04
ATP;Dino Prizmic;104;Hard;ALL;39;5,3753;6,338;4,4625;6,2803;2024-10-06;2026-10-04
ATP;Dominic Stricker;104;Hard;ALL;27;11,9664;9,2969;2,0699;5,7472;2024-10-06;2026-10-04
ATP;Dusan Lajovic;104;Hard;ALL;21;5,6942;7,2519;2,4952;6,5672;2024-10-06;2026-10-04
ATP;Edas Butvilas;104;Hard;ALL;76;6,6535;4,5749;3,0667;6,4166;2024-10-06;2026-10-04
ATP;Elias Ymer;104;Hard;ALL;49;6,8486;6,8983;3,7655;6,584;2024-10-06;2026-10-04
ATP;Eliot Spizzirri;104;Hard;ALL;70;7,1442;9,0277;2,017;6,2707;2024-10-06;2026-10-04
ATP;Elmer Moller;104;Hard;ALL;13;3,9818;6,0976;7,281;6,6591;2024-10-06;2026-10-04
ATP;Emilio Nava;104;Hard;ALL;23;11,7465;5,7429;4,8944;6,4916;2024-10-06;2026-10-04
ATP;Ethan Quinn;104;Hard;ALL;57;9,1957;8,1379;3,5534;6,4474;2024-10-06;2026-10-04
ATP;Fabian Marozsan;104;Hard;ALL;59;6,5918;10,2121;2,6735;6,3885;2024-10-06;2026-10-04
ATP;Facundo Diaz Acosta;104;Hard;ALL;13;4,2017;6,3265;4,8319;6,3893;2024-10-06;2026-10-04
ATP;Facundo Mena;104;Hard;ALL;14;13,3874;6,9036;4,0568;6,3205;2024-10-06;2026-10-04
ATP;Fajing Sun;104;Hard;ALL;86;4,8527;9,2468;2,5945;6,5042;2024-10-06;2026-10-04
ATP;Federico Agustin Gomez;104;Hard;ALL;23;10,7613;5,1133;6,6972;6,2842;2024-10-06;2026-10-04
ATP;Federico Cina;104;Hard;ALL;59;5,6349;6,6114;3,5562;6,5033;2024-10-06;2026-10-04
ATP;Felix Auger Aliassime;104;Hard;ALL;87;13,99;7,4142;4,095;6,1278;2024-10-06;2026-10-04
ATP;Felix Balshaw;104;Hard;ALL;42;8,0357;4,0902;4,5874;6,5616;2024-10-06;2026-10-04
ATP;Felix Gill;104;Hard;ALL;14;5,7065;8,2051;2,4457;6,2727;2024-10-06;2026-10-04
ATP;Filip Cristian Jianu;104;Hard;ALL;5;3,6415;11,2861;2,2409;5,95;2024-10-06;2026-10-04
ATP;Flavio Cobolli;104;Hard;ALL;59;7,3801;8,4069;4,141;6,5653;2024-10-06;2026-10-04
ATP;Florent Bax;104;Hard;ALL;64;8,9197;5,8796;3,9946;6,4415;2024-10-06;2026-10-04
ATP;Frances Tiafoe;104;Hard;ALL;70;9,1212;13,6716;2,7963;6,4672;2024-10-06;2026-10-04
ATP;Francesco Maestrelli;104;Hard;ALL;49;9,3556;5,4849;4,2114;6,4562;2024-10-06;2026-10-04
ATP;Francesco Passaro;104;Hard;ALL;24;11,2828;9,0186;3,6579;6,3849;2024-10-06;2026-10-04
ATP;Francisco Cerundolo;104;Hard;ALL;55;5,606;6,1756;3,7891;6,4935;2024-10-06;2026-10-04
ATP;Francisco Comesana;104;Hard;ALL;34;11,6667;7,6519;4,4444;6,25;2024-10-06;2026-10-04
ATP;Frederico Ferreira Silva;104;Hard;ALL;47;3,0303;6,6196;3,1231;6,3041;2024-10-06;2026-10-04
ATP;Gabriel Diallo;104;Hard;ALL;54;11,3819;7,1729;3,3878;6,3026;2024-10-06;2026-10-04
ATP;Gael Monfils;104;Hard;ALL;35;10,3964;5,7809;5,9454;6,3203;2024-10-06;2026-10-04
ATP;Gauthier Onclin;104;Hard;ALL;66;3,0368;8,4095;3,7485;6,4253;2024-10-06;2026-10-04
ATP;Genaro Alberto Olivieri;104;Hard;ALL;1;3,0;3,8095;7,0;6,6667;2024-10-06;2026-10-04
ATP;Gianluca Cadenasso;104;Hard;ALL;4;6,1594;5,5319;2,1739;7,4595;2024-10-06;2026-10-04
ATP;Giovanni Mpetshi Perricard;104;Hard;ALL;57;19,6131;10,434;4,781;6,2113;2024-10-06;2026-10-04
ATP;Gonzalo Bueno;104;Hard;ALL;5;1,3021;5,7971;5,7292;7,1111;2024-10-06;2026-10-04
ATP;Grigor Dimitrov;104;Hard;ALL;36;10,5162;10,7764;5,2773;6,3317;2024-10-06;2026-10-04
ATP;Gustavo Heide;104;Hard;ALL;10;10,7623;8,9286;6,4275;6,5588;2024-10-06;2026-10-04
ATP;Hamad Medjedovic;104;Hard;ALL;43;11,4719;12,5584;3,915;6,499;2024-10-06;2026-10-04
ATP;Harold Mayot;104;Hard;ALL;66;6,7516;6,2513;2,9958;6,2647;2024-10-06;2026-10-04
ATP;Harry Wendelken;104;Hard;ALL;93;5,6781;7,7027;3,6827;6,2834;2024-10-06;2026-10-04
ATP;Hayato Matsuoka;104;Hard;ALL;70;4,8444;4,9971;4,5145;6,2837;2024-10-06;2026-10-04
ATP;Henri Squire;104;Hard;ALL;29;11,343;10,1925;3,3575;6,3516;2024-10-06;2026-10-04
ATP;Henrique Rocha;104;Hard;ALL;30;4,4098;4,4566;4,1871;6,5452;2024-10-06;2026-10-04
ATP;Henry Searle;104;Hard;ALL;91;8,5299;4,0306;3,6298;6,4138;2024-10-06;2026-10-04
ATP;Holger Rune;104;Hard;ALL;45;8,326;9,2593;3,7792;6,1807;2024-10-06;2026-10-04
ATP;Hubert Hurkacz;104;Hard;ALL;46;16,3666;8,2839;2,8642;6,1407;2024-10-06;2026-10-04
ATP;Hugo Dellien;104;Hard;ALL;3;3,2727;14,6245;4,7273;7,0513;2024-10-06;2026-10-04
ATP;Hugo Gaston;104;Hard;ALL;59;4,9089;7,8704;2,6974;6,3113;2024-10-06;2026-10-04
ATP;Hugo Grenier;104;Hard;ALL;81;11,2753;6,0328;5,3826;6,3167;2024-10-06;2026-10-04
ATP;Hynek Barton;104;Hard;ALL;28;9,9393;3,1992;2,9398;6,7603;2024-10-06;2026-10-04
ATP;Ignacio Buse;104;Hard;ALL;20;5,599;5,104;3,3203;6,5641;2024-10-06;2026-10-04
ATP;Igor Ribeiro Marcondes;104;Hard;ALL;40;7,3328;3,8956;2,8731;6,0888;2024-10-06;2026-10-04
ATP;Ilia Simakin;104;Hard;ALL;103;9,5264;5,5422;3,9307;6,2731;2024-10-06;2026-10-04
ATP;Ilya Ivashka;104;Hard;ALL;46;6,1111;5,7915;4,085;6,1818;2024-10-06;2026-10-04
ATP;Inaki Montes De La Torre;104;Hard;ALL;53;3,2741;5,5105;5,7296;6,7486;2024-10-06;2026-10-04
ATP;J J Wolf;104;Hard;ALL;32;8,4124;10,4542;3,6289;6,3316;2024-10-06;2026-10-04
ATP;Jack Draper;104;Hard;ALL;34;11,6722;8,9224;3,5492;6,1416;2024-10-06;2026-10-04
ATP;Jack Pinnington Jones;104;Hard;ALL;39;6,902;7,4886;6,9417;6,6168;2024-10-06;2026-10-04
ATP;Jacob Fearnley;104;Hard;ALL;61;6,8642;7,6328;7,3971;6,5977;2024-10-06;2026-10-04
ATP;Jaime Faria;104;Hard;ALL;30;9,509;6,5131;7,0148;6,4635;2024-10-06;2026-10-04
ATP;Jakub Mensik;104;Hard;ALL;76;15,4537;6,0455;4,8834;6,3353;2024-10-06;2026-10-04
ATP;James Duckworth;104;Hard;ALL;75;9,6516;9,5789;4,2304;6,4077;2024-10-06;2026-10-04
ATP;James Mccabe;104;Hard;ALL;87;11,2697;4,8799;3,6604;6,4995;2024-10-06;2026-10-04
ATP;Jan Choinski;104;Hard;ALL;24;7,4826;10,6498;2,8422;6,4569;2024-10-06;2026-10-04
ATP;Jan Kumstat;104;Hard;ALL;25;7,6012;4,4362;3,9252;6,3439;2024-10-06;2026-10-04
ATP;Jan Lennard Struff;104;Hard;ALL;49;11,3263;10,2983;4,5354;6,3734;2024-10-06;2026-10-04
ATP;Jannik Sinner;104;Hard;ALL;68;12,2027;8,0234;2,0671;5,7977;2024-10-06;2026-10-04
ATP;Jaume Munar;104;Hard;ALL;51;6,5668;6,2305;3,2459;6,0866;2024-10-06;2026-10-04
ATP;Jay Clarke;104;Hard;ALL;58;5,5138;5,2303;4,3358;6,3636;2024-10-06;2026-10-04
ATP;Jay Dylan Hara Friend;104;Hard;ALL;47;6,1132;4,2833;4,9758;6,5372;2024-10-06;2026-10-04
ATP;Jenson Brooksby;104;Hard;ALL;47;4,1974;6,7434;2,8077;6,3993;2024-10-06;2026-10-04
ATP;Jerome Kym;104;Hard;ALL;23;11,8627;10,0869;3,5336;6,2492;2024-10-06;2026-10-04
ATP;Jesper De Jong;104;Hard;ALL;31;9,2699;9,2701;5,5373;6,349;2024-10-06;2026-10-04
ATP;Jiri Lehecka;104;Hard;ALL;77;10,2245;8,5572;2,806;6,1577;2024-10-06;2026-10-04
ATP;Joao Fonseca;104;Hard;ALL;56;9,0931;9,1077;2,4843;6,244;2024-10-06;2026-10-04
ATP;Joao Lucas Reis Da Silva;104;Hard;ALL;6;3,8647;12,5;1,6908;6,4688;2024-10-06;2026-10-04
ATP;Joel Schwaerzler;104;Hard;ALL;32;8,9956;7,4945;3,7118;6,3788;2024-10-06;2026-10-04
ATP;Johannus Monday;104;Hard;ALL;82;8,5549;8,6374;3,7151;6,1703;2024-10-06;2026-10-04
ATP;Juan Bautista Torres;104;Hard;ALL;3;3,1088;8,4577;3,6269;6,2258;2024-10-06;2026-10-04
ATP;Juan Carlos Prado Angelo;104;Hard;ALL;17;2,7071;6,1685;3,7736;6,6612;2024-10-06;2026-10-04
ATP;Juan Manuel Cerundolo;104;Hard;ALL;26;6,7788;6,1818;3,7835;6,3645;2024-10-06;2026-10-04
ATP;Juan Manuel La Serna;104;Hard;ALL;3;3,0675;2,7356;4,6012;6,7917;2024-10-06;2026-10-04
ATP;Juncheng Shang;104;Hard;ALL;36;6,2409;11,6636;3,0842;6,4695;2024-10-06;2026-10-04
ATP;Jurij Rodionov;104;Hard;ALL;75;7,5312;8,0476;3,9733;6,4836;2024-10-06;2026-10-04
ATP;Kamil Majchrzak;104;Hard;ALL;48;7,8304;11,2751;2,2195;6,6722;2024-10-06;2026-10-04
ATP;Karen Khachanov;104;Hard;ALL;69;9,83;9,2961;2,7453;6,1303;2024-10-06;2026-10-04
ATP;Keegan Smith;104;Hard;ALL;107;9,3194;5,0301;3,0759;6,2881;2024-10-06;2026-10-04
ATP;Kilian Feldbausch;104;Hard;ALL;3;7,6471;6,9652;7,6471;5,8621;2024-10-06;2026-10-04
ATP;Kimmer Coppejans;104;Hard;ALL;25;5,7941;5,6997;3,9317;6,5973;2024-10-06;2026-10-04
ATP;Kyrian Jacquet;104;Hard;ALL;53;8,1716;7,3019;3,6006;6,4514;2024-10-06;2026-10-04
ATP;Laslo Djere;104;Hard;ALL;24;7,8297;8,0;2,5749;6,6076;2024-10-06;2026-10-04
ATP;Lautaro Midon;104;Hard;ALL;11;3,871;5,304;6,0645;6,5126;2024-10-06;2026-10-04
ATP;Leandro Riedi;104;Hard;ALL;23;9,3053;6,5564;4,1428;6,251;2024-10-06;2026-10-04
ATP;Learner Tien;104;Hard;ALL;95;6,1548;9,3225;4,6065;6,4374;2024-10-06;2026-10-04
ATP;Liam Broady;104;Hard;ALL;91;4,1796;5,431;2,666;6,2182;2024-10-06;2026-10-04
ATP;Liam Draxl;104;Hard;ALL;93;5,7985;8,0111;4,0686;6,3834;2024-10-06;2026-10-04
ATP;Lloyd Harris;104;Hard;ALL;46;12,9032;5,3551;2,5634;6,3127;2024-10-06;2026-10-04
ATP;Lorenzo Giustino;104;Hard;ALL;31;5,4449;5,2535;4,0726;6,7635;2024-10-06;2026-10-04
ATP;Lorenzo Musetti;104;Hard;ALL;68;6,5851;7,213;3,2361;6,1802;2024-10-06;2026-10-04
ATP;Lorenzo Sonego;104;Hard;ALL;58;8,72;5,9669;2,7133;6,4202;2024-10-06;2026-10-04
ATP;Luca Nardi;104;Hard;ALL;55;5,2632;7,2241;4,1688;6,4831;2024-10-06;2026-10-04
ATP;Luca Van Assche;104;Hard;ALL;61;6,0177;7,7984;4,2286;6,4048;2024-10-06;2026-10-04
ATP;Luciano Darderi;104;Hard;ALL;48;9,2492;13,3676;4,1349;6,4605;2024-10-06;2026-10-04
ATP;Luka Mikrut;104;Hard;ALL;14;7,2193;6,3014;3,3868;6,5614;2024-10-06;2026-10-04
ATP;Luka Pavlovic;104;Hard;ALL;20;14,5686;5,7592;5,2334;6,3694;2024-10-06;2026-10-04
ATP;Lukas Neumayer;104;Hard;ALL;18;3,8278;9,6484;4,386;6,398;2024-10-06;2026-10-04
ATP;Mackenzie Mcdonald;104;Hard;ALL;68;7,8051;9,0947;3,6754;6,3976;2024-10-06;2026-10-04
ATP;Maks Kasnikowski;104;Hard;ALL;43;5,9428;7,6971;2,3771;6,4854;2024-10-06;2026-10-04
ATP;Marat Sharipov;104;Hard;ALL;57;15,9564;6,8957;3,0228;6,1059;2024-10-06;2026-10-04
ATP;Marc Andrea Huesler;104;Hard;ALL;40;11,1228;7,7811;4,0224;6,0959;2024-10-06;2026-10-04
ATP;Marco Trungelliti;104;Hard;ALL;10;6,092;8,4555;6,4368;6,6412;2024-10-06;2026-10-04
ATP;Marcos Giron;104;Hard;ALL;65;6,5844;9,5418;2,0873;6,4112;2024-10-06;2026-10-04
ATP;Mariano Navone;104;Hard;ALL;40;3,9895;6,4943;3,4945;6,4915;2024-10-06;2026-10-04
ATP;Marin Cilic;104;Hard;ALL;37;12,8942;12,914;4,0294;6,4135;2024-10-06;2026-10-04
ATP;Mark Lajal;104;Hard;ALL;96;8,8082;6,0468;4,9589;6,4602;2024-10-06;2026-10-04
ATP;Martin Damm;104;Hard;ALL;75;17,852;9,532;5,0572;6,0628;2024-10-06;2026-10-04
ATP;Martin Krumich;104;Hard;ALL;16;7,6316;6,8063;3,1579;6,5517;2024-10-06;2026-10-04
ATP;Martin Landaluce;104;Hard;ALL;64;6,7457;8,1984;5,3448;6,4624;2024-10-06;2026-10-04
ATP;Marton Fucsovics;104;Hard;ALL;43;5,1421;5,6554;4,2625;6,3162;2024-10-06;2026-10-04
ATP;Marvin Moeller;104;Hard;ALL;40;7,8229;5,4375;4,2804;6,4833;2024-10-06;2026-10-04
ATP;Matej Dodig;104;Hard;ALL;26;10,0412;8,1782;4,1195;6,6507;2024-10-06;2026-10-04
ATP;Matheus Pucinelli De Almeida;104;Hard;ALL;6;3,0534;6,5534;2,799;6,3387;2024-10-06;2026-10-04
ATP;Matias Soto;104;Hard;ALL;16;8,2146;13,1877;5,6999;6,5549;2024-10-06;2026-10-04
ATP;Matteo Arnaldi;104;Hard;ALL;41;8,0698;7,1156;4,4635;6,4072;2024-10-06;2026-10-04
ATP;Matteo Berrettini;104;Hard;ALL;46;13,7786;7,6225;2,0402;6,2552;2024-10-06;2026-10-04
ATP;Matteo Martineau;104;Hard;ALL;71;9,9701;7,5736;4,1219;6,5479;2024-10-06;2026-10-04
ATP;Matthew Dellavedova;104;Hard;ALL;152;4,0788;3,5718;1,4938;6,2927;2024-10-06;2026-10-04
ATP;Mattia Bellucci;104;Hard;ALL;64;8,1117;6,2639;4,0447;6,5616;2024-10-06;2026-10-04
ATP;Max Alcala Gurri;104;Hard;ALL;1;0,0;0,0;7,1429;6,0;2024-10-06;2026-10-04
ATP;Max Basing;104;Hard;ALL;74;1,3855;4,7178;3,8047;6,468;2024-10-06;2026-10-04
ATP;Max Hans Rehberg;104;Hard;ALL;35;5,0232;6,3052;1,8547;6,5519;2024-10-06;2026-10-04
ATP;Max Houkes;104;Hard;ALL;22;6,3643;4,3806;3,7915;6,2851;2024-10-06;2026-10-04
ATP;Max Schoenhaus;104;Hard;ALL;26;9,8851;6,3123;4,1954;6,1268;2024-10-06;2026-10-04
ATP;Maxim Mrva;104;Hard;ALL;32;4,0925;3,1517;5,1601;6,5731;2024-10-06;2026-10-04
ATP;Michael Mmoh;104;Hard;ALL;56;8,5042;5,4047;6,7072;6,5198;2024-10-06;2026-10-04
ATP;Michael Zheng;104;Hard;ALL;61;6,7454;5,9202;3,2251;6,456;2024-10-06;2026-10-04
ATP;Michele Ribecai;104;Hard;ALL;37;2,9185;7,323;3,486;6,6139;2024-10-06;2026-10-04
ATP;Mika Brunold;104;Hard;ALL;28;5,5692;4,3827;3,2528;6,5877;2024-10-06;2026-10-04
ATP;Mili Poljicak;104;Hard;ALL;21;9,5777;4,3228;3,2428;6,2547;2024-10-06;2026-10-04
ATP;Miomir Kecmanovic;104;Hard;ALL;72;6,8232;12,5696;3,0458;6,4441;2024-10-06;2026-10-04
ATP;Moise Kouame;104;Hard;ALL;47;5,8921;5,8236;5,9252;6,4828;2024-10-06;2026-10-04
ATP;Murphy Cassone;104;Hard;ALL;79;8,8491;8,6823;4,1537;6,5284;2024-10-06;2026-10-04
ATP;Nick Hardt;104;Hard;ALL;10;2,4745;4,0119;4,8035;6,7353;2024-10-06;2026-10-04
ATP;Nicolai Budkov Kjaer;104;Hard;ALL;57;7,9949;7,7174;3,3716;6,2044;2024-10-06;2026-10-04
ATP;Nicolas Mejia;104;Hard;ALL;67;5,4048;7,4152;2,8381;6,5554;2024-10-06;2026-10-04
ATP;Nikolas Sanchez Izquierdo;104;Hard;ALL;3;1,2876;5,9829;3,8627;6,1316;2024-10-06;2026-10-04
ATP;Nikoloz Basilashvili;104;Hard;ALL;41;10,2761;10,6643;5,8371;6,4148;2024-10-06;2026-10-04
ATP;Nishesh Basavareddy;104;Hard;ALL;65;7,2617;10,8423;4,4514;6,3092;2024-10-06;2026-10-04
ATP;Novak Djokovic;104;Hard;ALL;45;9,9707;9,5326;3,0392;6,1091;2024-10-06;2026-10-04
ATP;Nuno Borges;104;Hard;ALL;66;7,6213;10,6691;3,0264;6,3753;2024-10-06;2026-10-04
ATP;Oliver Crawford;104;Hard;ALL;92;5,0252;7,7835;3,1278;6,3883;2024-10-06;2026-10-04
ATP;Otto Virtanen;104;Hard;ALL;47;12,8474;6,7129;4,1123;6,274;2024-10-06;2026-10-04
ATP;Pablo Carreno Busta;104;Hard;ALL;45;4,4131;10,3741;2,3536;6,3061;2024-10-06;2026-10-04
ATP;Pablo Llamas Ruiz;104;Hard;ALL;19;3,8435;4,9041;2,5157;6,6869;2024-10-06;2026-10-04
ATP;Patrick Kypson;104;Hard;ALL;66;10,1528;12,2774;2,7632;6,2282;2024-10-06;2026-10-04
ATP;Pavel Kotov;104;Hard;ALL;41;9,2586;7,2251;3,3273;6,2275;2024-10-06;2026-10-04
ATP;Pedro Boscardin Dias;104;Hard;ALL;3;4,5455;10,7345;9,0909;7,3333;2024-10-06;2026-10-04
ATP;Pedro Martinez;104;Hard;ALL;39;3,2984;12,22;5,0058;6,4912;2024-10-06;2026-10-04
ATP;Petr Bar Biryukov;104;Hard;ALL;102;14,7802;6,6559;6,1126;6,314;2024-10-06;2026-10-04
ATP;Philip Henning;104;Hard;ALL;86;5,1573;6,7209;2,3087;6,0484;2024-10-06;2026-10-04
ATP;Pierre Hugues Herbert;104;Hard;ALL;42;12,2111;6,9695;5,8089;6,2784;2024-10-06;2026-10-04
ATP;Pol Martin Tiffon;104;Hard;ALL;25;5,5846;7,8525;5,3519;6,5361;2024-10-06;2026-10-04
ATP;Quentin Halys;104;Hard;ALL;58;13,6874;9,1325;4,3105;6,4323;2024-10-06;2026-10-04
ATP;Rafael Jodar;104;Hard;ALL;79;5,6763;5,4782;2,9599;6,2214;2024-10-06;2026-10-04
ATP;Raphael Collignon;104;Hard;ALL;68;8,2649;7,7487;6,8972;6,3107;2024-10-06;2026-10-04
ATP;Raphael Perot;104;Hard;ALL;47;3,7188;5,1088;3,0625;6,4128;2024-10-06;2026-10-04
ATP;Raul Brancaccio;104;Hard;ALL;27;3,8442;6,0299;4,8427;6,4199;2024-10-06;2026-10-04
ATP;Rei Sakamoto;104;Hard;ALL;72;10,7426;7,0763;2,8298;6,4139;2024-10-06;2026-10-04
ATP;Reilly Opelka;104;Hard;ALL;47;22,7937;8,5454;4,9672;6,3153;2024-10-06;2026-10-04
ATP;Remy Bertola;104;Hard;ALL;43;6,4753;7,2629;5,0399;6,2826;2024-10-06;2026-10-04
ATP;Rinky Hijikata;104;Hard;ALL;77;5,4846;10,0825;3,3805;6,5588;2024-10-06;2026-10-04
ATP;Rio Noguchi;104;Hard;ALL;104;2,2698;6,7722;2,2411;6,4157;2024-10-06;2026-10-04
ATP;Roberto Bautista Agut;104;Hard;ALL;33;4,417;13,936;2,9447;6,3944;2024-10-06;2026-10-04
ATP;Roberto Carballes Baena;104;Hard;ALL;27;5,6587;8,2561;3,5763;6,3844;2024-10-06;2026-10-04
ATP;Rodrigo Pacheco Mendez;104;Hard;ALL;55;7,4941;9,0862;4,6058;6,5357;2024-10-06;2026-10-04
ATP;Roman Andres Burruchaga;104;Hard;ALL;9;5,3731;10,2493;4,6269;6,381;2024-10-06;2026-10-04
ATP;Roman Safiullin;104;Hard;ALL;42;9,3949;9,5857;3,8217;6,2675;2024-10-06;2026-10-04
ATP;Sascha Gueymard Wayenburg;104;Hard;ALL;51;10,4066;6,6793;4,2001;6,3249;2024-10-06;2026-10-04
ATP;Sebastian Baez;104;Hard;ALL;45;2,5804;10,4043;2,7019;6,3961;2024-10-06;2026-10-04
ATP;Sebastian Korda;104;Hard;ALL;53;12,7533;8,0085;3,1389;6,121;2024-10-06;2026-10-04
ATP;Sebastian Ofner;104;Hard;ALL;21;12,266;7,8277;3,7444;6,0745;2024-10-06;2026-10-04
ATP;Sergey Fomin;104;Hard;ALL;67;7,2022;7,3155;4,1283;6,2863;2024-10-06;2026-10-04
ATP;Shintaro Mochizuki;104;Hard;ALL;72;4,3922;6,8557;5,76;6,4887;2024-10-06;2026-10-04
ATP;Sho Shimabukuro;104;Hard;ALL;81;8,0137;6,5496;4,3151;6,4673;2024-10-06;2026-10-04
ATP;Soon Woo Kwon;104;Hard;ALL;54;10,3692;6,9568;5,1077;6,1787;2024-10-06;2026-10-04
ATP;Stan Wawrinka;104;Hard;ALL;49;9,6104;8,9431;2,4935;6,3218;2024-10-06;2026-10-04
ATP;Stefan Kozlov;104;Hard;ALL;42;3,8904;5,341;4,7308;6,4132;2024-10-06;2026-10-04
ATP;Stefano Napolitano;104;Hard;ALL;23;7,6336;10,2941;2,2901;6,1647;2024-10-06;2026-10-04
ATP;Stefano Travaglia;104;Hard;ALL;26;7,2698;7,0796;2,8541;6,2525;2024-10-06;2026-10-04
ATP;Stefanos Sakellaridis;104;Hard;ALL;73;7,4286;3,0196;2,9951;6,2346;2024-10-06;2026-10-04
ATP;Stefanos Tsitsipas;104;Hard;ALL;61;9,8488;6,9422;3,7188;6,156;2024-10-06;2026-10-04
ATP;Sumit Nagal;104;Hard;ALL;15;3,3333;8,0925;3,2381;6,5625;2024-10-06;2026-10-04
ATP;Tallon Griekspoor;104;Hard;ALL;58;11,8319;13,0143;3,9009;6,2958;2024-10-06;2026-10-04
ATP;Taro Daniel;104;Hard;ALL;48;6,783;10,3951;2,6457;6,3446;2024-10-06;2026-10-04
ATP;Taylor Fritz;104;Hard;ALL;90;15,0856;10,0198;2,4778;6,1387;2024-10-06;2026-10-04
ATP;Terence Atmane;104;Hard;ALL;66;10,4011;6,7254;4,3338;6,2481;2024-10-06;2026-10-04
ATP;Thiago Agustin Tirante;104;Hard;ALL;40;12,2101;6,244;3,9905;6,1339;2024-10-06;2026-10-04
ATP;Thiago Monteiro;104;Hard;ALL;7;11,8729;14,4097;2,6756;6,102;2024-10-06;2026-10-04
ATP;Thiago Seyboth Wild;104;Hard;ALL;10;9,8528;8,9941;3,2843;6,3986;2024-10-06;2026-10-04
ATP;Timofey Skatov;104;Hard;ALL;35;4,856;9,3382;3,3333;6,4116;2024-10-06;2026-10-04
ATP;Titouan Droguet;104;Hard;ALL;61;11,8095;6,1134;3,0013;6,29;2024-10-06;2026-10-04
ATP;Toby Samuel;104;Hard;ALL;85;5,7857;3,3346;3,0982;6,3259;2024-10-06;2026-10-04
ATP;Tom Gentzsch;104;Hard;ALL;40;7,4347;4,4664;3,8178;6,6503;2024-10-06;2026-10-04
ATP;Tomas Barrios Vera;104;Hard;ALL;18;5,4422;9,0273;2,1088;6,7742;2024-10-06;2026-10-04
ATP;Tomas Machac;104;Hard;ALL;52;8,1054;10,5787;3,8754;6,4195;2024-10-06;2026-10-04
ATP;Tomas Martin Etcheverry;104;Hard;ALL;54;10,2518;9,8674;1,9959;6,3439;2024-10-06;2026-10-04
ATP;Tommy Paul;104;Hard;ALL;62;8,6913;7,6923;2,4748;6,1824;2024-10-06;2026-10-04
ATP;Tristan Boyer;104;Hard;ALL;27;4,9289;7,4208;3,1754;6,2985;2024-10-06;2026-10-04
ATP;Tristan Schoolkate;104;Hard;ALL;93;11,7873;8,3048;4,877;6,4132;2024-10-06;2026-10-04
ATP;Ugo Humbert;104;Hard;ALL;63;10,3733;9,143;3,342;6,1195;2024-10-06;2026-10-04
ATP;Valentin Royer;104;Hard;ALL;55;7,7419;9,8714;2,9366;6,5813;2024-10-06;2026-10-04
ATP;Valentin Vacherot;104;Hard;ALL;51;12,3312;8,0992;4,051;6,1811;2024-10-06;2026-10-04
ATP;Vilius Gaubas;104;Hard;ALL;13;3,2733;5,0132;2,8642;6,7514;2024-10-06;2026-10-04
ATP;Vit Kopriva;104;Hard;ALL;40;5,5318;9,174;5,4247;6,5012;2024-10-06;2026-10-04
ATP;Vitaliy Sachko;104;Hard;ALL;21;5,0161;8,814;2,5723;6,2955;2024-10-06;2026-10-04
ATP;Yannick Hanfmann;104;Hard;ALL;31;11,6174;9,1126;2,9557;6,2302;2024-10-06;2026-10-04
ATP;Yi Zhou;104;Hard;ALL;76;8,7697;7,106;3,4237;6,4259;2024-10-06;2026-10-04
ATP;Yibing Wu;104;Hard;ALL;36;6,1254;10,4167;3,0083;6,3718;2024-10-06;2026-10-04
ATP;Yoshihito Nishioka;104;Hard;ALL;37;3,8849;10,6359;2,2787;6,3587;2024-10-06;2026-10-04
ATP;Yu Hsiou Hsu;104;Hard;ALL;106;4,53;7,2957;2,9679;6,5023;2024-10-06;2026-10-04
ATP;Zachary Svajda;104;Hard;ALL;45;8,0324;9,3478;3,2072;6,2813;2024-10-06;2026-10-04
ATP;Zdenek Kolar;104;Hard;ALL;11;4,8179;11,0159;3,9953;6,6484;2024-10-06;2026-10-04
ATP;Zhizhen Zhang;104;Hard;ALL;38;10,1606;12,0223;2,6536;6,4943;2024-10-06;2026-10-04
ATP;Zizou Bergs;104;Hard;ALL;70;9,0579;6,1331;5,064;6,3354;2024-10-06;2026-10-04
ATP;Zsombor Piros;104;Hard;ALL;29;4,901;6,6701;3,5644;6,5798;2024-10-06;2026-10-04
ATP;Adam Walton;104;Clay;ATP;7;6,3973;7,457;2,1886;6,8276;2024-10-06;2026-10-04
ATP;Adolfo Daniel Vallejo;104;Clay;ATP;12;3,6408;4,9031;2,6699;6,5397;2024-10-06;2026-10-04
ATP;Adrian Mannarino;104;Clay;ATP;8;1,9713;8,958;2,1505;6,6429;2024-10-06;2026-10-04
ATP;Alejandro Davidovich Fokina;104;Clay;ATP;23;2,593;5,3561;1,8038;6,7452;2024-10-06;2026-10-04
ATP;Alejandro Tabilo;104;Clay;ATP;30;5,2846;8,5573;2,3577;6,3566;2024-10-06;2026-10-04
ATP;Aleksandar Kovacevic;104;Clay;ATP;13;6,2741;7,669;5,1158;6,3558;2024-10-06;2026-10-04
ATP;Aleksandar Vukic;104;Clay;ATP;8;7,3964;6,9079;2,071;6,76;2024-10-06;2026-10-04
ATP;Alex Barrena;104;Clay;ATP;2;4,5685;4,8951;3,5533;7,2963;2024-10-06;2026-10-04
ATP;Alex Bolt;104;Clay;ATP;2;6,7114;6,6176;3,3557;6,4783;2024-10-06;2026-10-04
ATP;Alex De Minaur;104;Clay;ATP;26;2,8272;3,241;3,7173;6,431;2024-10-06;2026-10-04
ATP;Alex Michelsen;104;Clay;ATP;16;4,6468;6,2943;3,9033;6,3669;2024-10-06;2026-10-04
ATP;Alex Molcan;104;Clay;ATP;14;4,086;7,5789;2,6882;6,2;2024-10-06;2026-10-04
ATP;Alexander Blockx;104;Clay;ATP;19;7,398;3,7433;3,7628;6,4262;2024-10-06;2026-10-04
ATP;Alexander Bublik;104;Clay;ATP;36;11,2843;7,9347;5,8649;6,2797;2024-10-06;2026-10-04
ATP;Alexander Shevchenko;104;Clay;ATP;25;5,8398;6,0943;3,9276;6,6724;2024-10-06;2026-10-04
ATP;Alexander Zverev;104;Clay;ATP;42;7,3596;3,4995;3,0694;5,9358;2024-10-06;2026-10-04
ATP;Alexandre Muller;104;Clay;ATP;28;3,6689;6,9102;2,5951;6,7933;2024-10-06;2026-10-04
ATP;Alexei Popyrin;104;Clay;ATP;25;9,4026;4,8817;3,3766;6,3742;2024-10-06;2026-10-04
ATP;Andrea Pellegrino;104;Clay;ATP;12;3,913;8,7356;3,0435;6,7153;2024-10-06;2026-10-04
ATP;Andrey Rublev;104;Clay;ATP;32;7,8877;6,0788;2,852;6,2507;2024-10-06;2026-10-04
ATP;Arthur Cazaux;104;Clay;ATP;11;11,274;7,9596;2,8185;6,1597;2024-10-06;2026-10-04
ATP;Arthur Fils;104;Clay;ATP;25;3,7789;5,5738;3,4405;6,3096;2024-10-06;2026-10-04
ATP;Arthur Gea;104;Clay;ATP;1;2,8571;9,8361;14,2857;7,0;2024-10-06;2026-10-04
ATP;Arthur Rinderknech;104;Clay;ATP;24;12,246;5,5202;3,9503;6,2175;2024-10-06;2026-10-04
ATP;Ben Shelton;104;Clay;ATP;23;8,9277;4,423;3,6942;6,207;2024-10-06;2026-10-04
ATP;Benjamin Bonzi;104;Clay;ATP;6;4,059;9,2105;1,845;6,2299;2024-10-06;2026-10-04
ATP;Billy Harris;104;Clay;ATP;1;0,9804;6,0606;2,9412;6,8;2024-10-06;2026-10-04
ATP;Borna Gojo;104;Clay;ATP;4;8,4848;6,1972;2,1212;5,8929;2024-10-06;2026-10-04
ATP;Botic Van De Zandschulp;104;Clay;ATP;23;5,7239;4,3649;5,4433;6,4565;2024-10-06;2026-10-04
ATP;Brandon Nakashima;104;Clay;ATP;19;7,9063;6,9351;1,3909;6,2374;2024-10-06;2026-10-04
ATP;Bu Yunchaokete;104;Clay;ATP;7;6,4463;5,0633;2,314;6,5054;2024-10-06;2026-10-04
ATP;Cameron Norrie;104;Clay;ATP;24;3,5832;7,5758;3,0174;6,7548;2024-10-06;2026-10-04
ATP;Camilo Ugo Carabelli;104;Clay;ATP;46;4,0461;5,5477;3,2312;6,5907;2024-10-06;2026-10-04
ATP;Carlos Alcaraz;104;Clay;ATP;29;3,185;2,5641;3,2286;6,5299;2024-10-06;2026-10-04
ATP;Casper Ruud;104;Clay;ATP;38;5,2295;4,3578;3,1936;6,0801;2024-10-06;2026-10-04
ATP;Christopher Oconnell;104;Clay;ATP;9;5,5723;5,0459;2,7108;6,7071;2024-10-06;2026-10-04
ATP;Chun Hsin Tseng;104;Clay;ATP;9;4,2773;5,4896;2,9499;6,78;2024-10-06;2026-10-04
ATP;Clement Tabur;104;Clay;ATP;4;4,7619;8,1858;1,9481;6,8955;2024-10-06;2026-10-04
ATP;Coleman Wong;104;Clay;ATP;2;5,6;2,6316;1,6;6,9444;2024-10-06;2026-10-04
ATP;Colton Smith;104;Clay;ATP;4;5,5046;5,102;4,5872;6,2286;2024-10-06;2026-10-04
ATP;Corentin Moutet;104;Clay;ATP;21;2,7559;2,3508;3,2808;6,5128;2024-10-06;2026-10-04
ATP;Cristian Garin;104;Clay;ATP;14;3,8532;5,9948;3,3028;6,3743;2024-10-06;2026-10-04
ATP;Dalibor Svrcina;104;Clay;ATP;3;1,9704;1,5789;5,4187;6,7667;2024-10-06;2026-10-04
ATP;Damir Dzumhur;104;Clay;ATP;42;1,0821;3,0899;2,7053;6,6994;2024-10-06;2026-10-04
ATP;Daniel Altmaier;104;Clay;ATP;31;6,6612;4,5571;2,7549;6,573;2024-10-06;2026-10-04
ATP;Daniel Merida Aguilar;104;Clay;ATP;15;2,5168;2,7421;2,8523;6,5137;2024-10-06;2026-10-04
ATP;Daniil Medvedev;104;Clay;ATP;18;5,9985;2,7155;5,3402;6,1855;2024-10-06;2026-10-04
ATP;Denis Shapovalov;104;Clay;ATP;13;5,8378;2,6483;7,7838;6,25;2024-10-06;2026-10-04
ATP;Diego Dedura Palomero;104;Clay;ATP;5;0,6993;5,0336;2,4476;6,5;2024-10-06;2026-10-04
ATP;Dino Prizmic;104;Clay;ATP;17;5,2549;4,6166;3,8431;6,1893;2024-10-06;2026-10-04
ATP;Dominic Stricker;104;Clay;ATP;5;10,5882;8,0332;2,3529;6,0714;2024-10-06;2026-10-04
ATP;Dusan Lajovic;104;Clay;ATP;18;4,485;6,8571;1,495;6,5081;2024-10-06;2026-10-04
ATP;Edas Butvilas;104;Clay;ATP;2;5,7377;4,6296;0,8197;7,1765;2024-10-06;2026-10-04
ATP;Elias Ymer;104;Clay;ATP;3;3,7037;6,1033;3,7037;6,0968;2024-10-06;2026-10-04
ATP;Elmer Moller;104;Clay;ATP;11;2,9304;4,908;5,9829;6,825;2024-10-06;2026-10-04
ATP;Emilio Nava;104;Clay;ATP;12;8,674;5,2004;4,0877;7,014;2024-10-06;2026-10-04
ATP;Ethan Quinn;104;Clay;ATP;14;6,3352;6,2914;3,2879;6,7772;2024-10-06;2026-10-04
ATP;Fabian Marozsan;104;Clay;ATP;23;3,6585;6,1921;2,7294;6,5227;2024-10-06;2026-10-04
ATP;Facundo Diaz Acosta;104;Clay;ATP;7;6,5693;7,451;4,0146;6,2273;2024-10-06;2026-10-04
ATP;Federico Agustin Gomez;104;Clay;ATP;5;7,1429;4,9327;5,4113;6,507;2024-10-06;2026-10-04
ATP;Federico Cina;104;Clay;ATP;8;5,4726;9,7436;4,6434;6,4839;2024-10-06;2026-10-04
ATP;Felix Auger Aliassime;104;Clay;ATP;16;7,6271;3,4241;2,8814;6,3102;2024-10-06;2026-10-04
ATP;Filip Cristian Jianu;104;Clay;ATP;3;0,3584;0,4274;0,0;7,1538;2024-10-06;2026-10-04
ATP;Flavio Cobolli;104;Clay;ATP;34;3,9062;3,7798;3,9885;6,5553;2024-10-06;2026-10-04
ATP;Frances Tiafoe;104;Clay;ATP;25;6,4004;8,0861;2,3041;6,2197;2024-10-06;2026-10-04
ATP;Francesco Maestrelli;104;Clay;ATP;2;7,6923;3,0075;0,8547;6,5;2024-10-06;2026-10-04
ATP;Francesco Passaro;104;Clay;ATP;12;4,2399;5,2575;2,4819;6,2792;2024-10-06;2026-10-04
ATP;Francisco Cerundolo;104;Clay;ATP;52;4,3746;3,6672;3,7577;6,4954;2024-10-06;2026-10-04
ATP;Francisco Comesana;104;Clay;ATP;31;8,8941;4,3229;4,1322;6,3209;2024-10-06;2026-10-04
ATP;Frederico Ferreira Silva;104;Clay;ATP;1;2,6786;5,8252;1,7857;7,4667;2024-10-06;2026-10-04
ATP;Gabriel Diallo;104;Clay;ATP;15;6,5062;5,403;2,6738;6,1311;2024-10-06;2026-10-04
ATP;Gael Monfils;104;Clay;ATP;9;8,9024;3,6649;4,6341;6,7213;2024-10-06;2026-10-04
ATP;Gianluca Cadenasso;104;Clay;ATP;1;10,1266;9,5238;2,5316;5,6429;2024-10-06;2026-10-04
ATP;Giovanni Mpetshi Perricard;104;Clay;ATP;11;9,0531;4,9255;4,0583;6,6736;2024-10-06;2026-10-04
ATP;Gonzalo Bueno;104;Clay;ATP;2;0,6667;5,9259;4,6667;6,5217;2024-10-06;2026-10-04
ATP;Grigor Dimitrov;104;Clay;ATP;13;7,0499;4,8729;4,7722;6,1467;2024-10-06;2026-10-04
ATP;Gustavo Heide;104;Clay;ATP;4;7,5567;10,9244;6,801;7,4906;2024-10-06;2026-10-04
ATP;Hamad Medjedovic;104;Clay;ATP;16;6,5942;6,5123;3,6232;6,6346;2024-10-06;2026-10-04
ATP;Harold Mayot;104;Clay;ATP;2;0,8547;2,9703;1,7094;6,8824;2024-10-06;2026-10-04
ATP;Henrique Rocha;104;Clay;ATP;6;6,7257;4,5208;4,6018;6,4943;2024-10-06;2026-10-04
ATP;Holger Rune;104;Clay;ATP;14;2,9975;4,344;2,1649;6,6354;2024-10-06;2026-10-04
ATP;Hubert Hurkacz;104;Clay;ATP;17;13,0469;6,3444;1,9889;6,1019;2024-10-06;2026-10-04
ATP;Hugo Dellien;104;Clay;ATP;9;2,3677;9,2199;1,2535;6,5872;2024-10-06;2026-10-04
ATP;Hugo Gaston;104;Clay;ATP;19;2,1618;5,2053;3,2078;6,8942;2024-10-06;2026-10-04
ATP;Ignacio Buse;104;Clay;ATP;29;4,9064;4,6614;2,869;6,5353;2024-10-06;2026-10-04
ATP;Igor Ribeiro Marcondes;104;Clay;ATP;1;6,9767;2,6549;2,3256;5,375;2024-10-06;2026-10-04
ATP;Jack Draper;104;Clay;ATP;17;7,3294;4,482;4,2123;5,9055;2024-10-06;2026-10-04
ATP;Jack Pinnington Jones;104;Clay;ATP;1;7,1429;11,3636;7,1429;5,25;2024-10-06;2026-10-04
ATP;Jacob Fearnley;104;Clay;ATP;13;6,5022;6,4286;7,287;6,4638;2024-10-06;2026-10-04
ATP;Jaime Faria;104;Clay;ATP;18;8,6194;6,5018;5,4785;6,2511;2024-10-06;2026-10-04
ATP;Jakub Mensik;104;Clay;ATP;16;12,8308;8,5329;3,4483;5,9665;2024-10-06;2026-10-04
ATP;James Duckworth;104;Clay;ATP;3;5,2846;12,0;4,065;6,8333;2024-10-06;2026-10-04
ATP;Jan Choinski;104;Clay;ATP;2;5,8333;9,3333;0,8333;6,0;2024-10-06;2026-10-04
ATP;Jan Lennard Struff;104;Clay;ATP;17;8,3838;9,2577;3,1979;6,4637;2024-10-06;2026-10-04
ATP;Jannik Sinner;104;Clay;ATP;30;6,6298;4,0036;1,5068;5,9256;2024-10-06;2026-10-04
ATP;Jaume Munar;104;Clay;ATP;21;3,628;3,6316;4,0897;6,4786;2024-10-06;2026-10-04
ATP;Jenson Brooksby;104;Clay;ATP;11;2,069;3,9548;2,069;6,4925;2024-10-06;2026-10-04
ATP;Jerome Kym;104;Clay;ATP;5;9,505;7,3996;4,3564;6,3924;2024-10-06;2026-10-04
ATP;Jesper De Jong;104;Clay;ATP;22;8,7147;4,9877;3,8245;6,3043;2024-10-06;2026-10-04
ATP;Jiri Lehecka;104;Clay;ATP;19;8,4074;4,5144;1,9139;6,4449;2024-10-06;2026-10-04
ATP;Joao Fonseca;104;Clay;ATP;24;5,9733;6,1562;2,2933;6,3345;2024-10-06;2026-10-04
ATP;Joao Lucas Reis Da Silva;104;Clay;ATP;1;1,2658;8,6957;3,7975;7,1818;2024-10-06;2026-10-04
ATP;Joel Schwaerzler;104;Clay;ATP;3;6,8966;8,7629;1,9704;6,1515;2024-10-06;2026-10-04
ATP;Juan Carlos Prado Angelo;104;Clay;ATP;2;0,7576;1,3699;0,0;6,2857;2024-10-06;2026-10-04
ATP;Juan Manuel Cerundolo;104;Clay;ATP;32;5,4705;5,5705;3,8638;6,5025;2024-10-06;2026-10-04
ATP;Jurij Rodionov;104;Clay;ATP;3;7,7586;5,9113;3,8793;6,6286;2024-10-06;2026-10-04
ATP;Kamil Majchrzak;104;Clay;ATP;12;6,7478;8,3333;2,6549;6,1918;2024-10-06;2026-10-04
ATP;Karen Khachanov;104;Clay;ATP;25;5,4475;6,2324;2,2374;6,2875;2024-10-06;2026-10-04
ATP;Kilian Feldbausch;104;Clay;ATP;3;1,4354;3,2258;4,3062;6,1471;2024-10-06;2026-10-04
ATP;Kyrian Jacquet;104;Clay;ATP;4;4,7281;4,902;3,7825;6,8226;2024-10-06;2026-10-04
ATP;Laslo Djere;104;Clay;ATP;22;6,1473;4,7897;3,7127;6,3682;2024-10-06;2026-10-04
ATP;Lautaro Midon;104;Clay;ATP;3;8,5271;3,1008;1,1628;6,7895;2024-10-06;2026-10-04
ATP;Learner Tien;104;Clay;ATP;17;3,4268;4,7692;4,4393;6,3881;2024-10-06;2026-10-04
ATP;Liam Draxl;104;Clay;ATP;1;13,9241;4,3011;1,2658;6,0769;2024-10-06;2026-10-04
ATP;Lloyd Harris;104;Clay;ATP;1;11,4035;12,6214;3,5088;6,3333;2024-10-06;2026-10-04
ATP;Lorenzo Musetti;104;Clay;ATP;33;3,6452;2,6284;1,7416;6,3798;2024-10-06;2026-10-04
ATP;Lorenzo Sonego;104;Clay;ATP;13;4,4257;3,6959;3,5827;6,2848;2024-10-06;2026-10-04
ATP;Luca Nardi;104;Clay;ATP;5;2,5641;2,3121;4,6154;6,8421;2024-10-06;2026-10-04
ATP;Luca Van Assche;104;Clay;ATP;10;3,3449;5,7537;5,075;6,4701;2024-10-06;2026-10-04
ATP;Luciano Darderi;104;Clay;ATP;60;6,382;5,602;3,2614;6,3994;2024-10-06;2026-10-04
ATP;Lukas Neumayer;104;Clay;ATP;3;5,0633;12,9534;2,9536;7,6452;2024-10-06;2026-10-04
ATP;Mackenzie Mcdonald;104;Clay;ATP;5;4,7761;8,2019;2,0896;6,3208;2024-10-06;2026-10-04
ATP;Marc Andrea Huesler;104;Clay;ATP;1;3,8961;2,8169;2,5974;7,0;2024-10-06;2026-10-04
ATP;Marco Cecchinato;104;Clay;ATP;1;1,7544;2,2727;3,5088;6,3333;2024-10-06;2026-10-04
ATP;Marco Trungelliti;104;Clay;ATP;14;4,4287;7,6605;4,3401;7,1006;2024-10-06;2026-10-04
ATP;Marcos Giron;104;Clay;ATP;13;4,932;7,8598;2,1259;6,8772;2024-10-06;2026-10-04
ATP;Mariano Navone;104;Clay;ATP;48;1,6982;2,7936;2,7561;6,4721;2024-10-06;2026-10-04
ATP;Marin Cilic;104;Clay;ATP;8;6,654;7,1563;4,5627;6,4146;2024-10-06;2026-10-04
ATP;Martin Damm;104;Clay;ATP;3;13,9175;16,0428;9,2784;6,4667;2024-10-06;2026-10-04
ATP;Martin Krumich;104;Clay;ATP;1;1,7857;4,6875;3,5714;6,2222;2024-10-06;2026-10-04
ATP;Martin Landaluce;104;Clay;ATP;8;5,1325;5,5738;8,1126;6,7111;2024-10-06;2026-10-04
ATP;Marton Fucsovics;104;Clay;ATP;13;3,7844;4,0858;2,7523;5,8919;2024-10-06;2026-10-04
ATP;Matej Dodig;104;Clay;ATP;2;4,0984;1,5625;4,918;5,8095;2024-10-06;2026-10-04
ATP;Matias Soto;104;Clay;ATP;1;1,5385;8,6207;9,2308;8,125;2024-10-06;2026-10-04
ATP;Matteo Arnaldi;104;Clay;ATP;20;5,7405;3,7172;3,4443;6,5985;2024-10-06;2026-10-04
ATP;Matteo Berrettini;104;Clay;ATP;19;6,3795;4,4671;2,237;6,2865;2024-10-06;2026-10-04
ATP;Mattia Bellucci;104;Clay;ATP;12;7,4074;3,5419;4,5139;6,4;2024-10-06;2026-10-04
ATP;Max Schoenhaus;104;Clay;ATP;1;4,8544;7,6923;2,9126;6,4375;2024-10-06;2026-10-04
ATP;Michael Mmoh;104;Clay;ATP;1;8,1967;11,2676;6,5574;6,1;2024-10-06;2026-10-04
ATP;Mili Poljicak;104;Clay;ATP;1;1,9231;8,1633;1,9231;5,7778;2024-10-06;2026-10-04
ATP;Miomir Kecmanovic;104;Clay;ATP;16;3,3539;8,1045;1,9165;6,4933;2024-10-06;2026-10-04
ATP;Moise Kouame;104;Clay;ATP;2;5,6;5,8824;4,8;6,5789;2024-10-06;2026-10-04
ATP;Nicolai Budkov Kjaer;104;Clay;ATP;6;4,2781;2,8736;3,7433;6,1311;2024-10-06;2026-10-04
ATP;Nikoloz Basilashvili;104;Clay;ATP;13;7,0715;9,5973;6,1564;6,908;2024-10-06;2026-10-04
ATP;Nishesh Basavareddy;104;Clay;ATP;4;3,4364;7,6305;5,4983;6,6136;2024-10-06;2026-10-04
ATP;Novak Djokovic;104;Clay;ATP;13;5,9048;6,3406;2,0952;6,0;2024-10-06;2026-10-04
ATP;Nuno Borges;104;Clay;ATP;27;6,9179;5,6741;2,7195;6,5296;2024-10-06;2026-10-04
ATP;Otto Virtanen;104;Clay;ATP;6;5,383;2,5316;4,1408;6,9;2024-10-06;2026-10-04
ATP;Pablo Carreno Busta;104;Clay;ATP;14;3,7392;6,4546;2,1093;6,2083;2024-10-06;2026-10-04
ATP;Pablo Llamas Ruiz;104;Clay;ATP;7;1,0292;4,4326;1,2007;6,625;2024-10-06;2026-10-04
ATP;Patrick Kypson;104;Clay;ATP;3;8,2143;15,3846;1,7857;6,3636;2024-10-06;2026-10-04
ATP;Pavel Kotov;104;Clay;ATP;1;4,6875;16,0714;3,125;6,4;2024-10-06;2026-10-04
ATP;Pedro Martinez;104;Clay;ATP;27;0,9404;9,2887;3,605;6,669;2024-10-06;2026-10-04
ATP;Pierre Hugues Herbert;104;Clay;ATP;6;7,6792;5,0847;9,727;6,3696;2024-10-06;2026-10-04
ATP;Quentin Halys;104;Clay;ATP;16;12,9502;6,6617;4,9042;6,1268;2024-10-06;2026-10-04
ATP;Rafael Jodar;104;Clay;ATP;18;5,5556;3,6154;2,1559;6,3474;2024-10-06;2026-10-04
ATP;Raphael Collignon;104;Clay;ATP;13;8,3977;6,0461;6,1776;6,5157;2024-10-06;2026-10-04
ATP;Raul Brancaccio;104;Clay;ATP;1;2,9703;14,4578;2,9703;6,7333;2024-10-06;2026-10-04
ATP;Reilly Opelka;104;Clay;ATP;8;12,5203;4,485;5,8537;6,6848;2024-10-06;2026-10-04
ATP;Rinky Hijikata;104;Clay;ATP;7;2,7961;10,5354;2,7961;6,6087;2024-10-06;2026-10-04
ATP;Roberto Bautista Agut;104;Clay;ATP;19;1,6807;8,5052;2,6738;6,6111;2024-10-06;2026-10-04
ATP;Roberto Carballes Baena;104;Clay;ATP;11;2,6631;7,3806;3,4621;7,0849;2024-10-06;2026-10-04
ATP;Roman Andres Burruchaga;104;Clay;ATP;26;2,8191;3,4726;3,2804;6,5033;2024-10-06;2026-10-04
ATP;Roman Safiullin;104;Clay;ATP;3;9,8291;9,6916;2,5641;6,6857;2024-10-06;2026-10-04
ATP;Sebastian Baez;104;Clay;ATP;47;2,1795;4,8927;2,2942;6,5545;2024-10-06;2026-10-04
ATP;Sebastian Korda;104;Clay;ATP;10;6,9142;4,3069;2,4328;6,4016;2024-10-06;2026-10-04
ATP;Sebastian Ofner;104;Clay;ATP;20;8,7275;7,0312;2,9314;6,6123;2024-10-06;2026-10-04
ATP;Stan Wawrinka;104;Clay;ATP;14;6,8089;4,4813;2,5431;6,5892;2024-10-06;2026-10-04
ATP;Stefano Travaglia;104;Clay;ATP;3;7,5269;2,0942;2,6882;6,6429;2024-10-06;2026-10-04
ATP;Stefanos Sakellaridis;104;Clay;ATP;2;10,3704;2,381;1,4815;6,1364;2024-10-06;2026-10-04
ATP;Stefanos Tsitsipas;104;Clay;ATP;26;6,6733;5,6057;3,3613;6,2826;2024-10-06;2026-10-04
ATP;Sumit Nagal;104;Clay;ATP;2;0,7692;4,6512;3,0769;7,2222;2024-10-06;2026-10-04
ATP;Tallon Griekspoor;104;Clay;ATP;24;8,1733;6,7873;3,8405;6,3469;2024-10-06;2026-10-04
ATP;Taro Daniel;104;Clay;ATP;2;2,963;14,9254;1,4815;6,4286;2024-10-06;2026-10-04
ATP;Taylor Fritz;104;Clay;ATP;8;10,4895;6,6202;1,049;6,1505;2024-10-06;2026-10-04
ATP;Terence Atmane;104;Clay;ATP;13;8,2136;5,9819;4,0041;6,4503;2024-10-06;2026-10-04
ATP;Thiago Agustin Tirante;104;Clay;ATP;22;8,6583;6,6454;3,2386;6,1755;2024-10-06;2026-10-04
ATP;Thiago Monteiro;104;Clay;ATP;7;5,6474;8,4388;3,719;6,4821;2024-10-06;2026-10-04
ATP;Thiago Seyboth Wild;104;Clay;ATP;11;5,2248;6,6242;2,6731;6,5317;2024-10-06;2026-10-04
ATP;Timofey Skatov;104;Clay;ATP;5;2,5918;11,879;2,5918;6,8088;2024-10-06;2026-10-04
ATP;Titouan Droguet;104;Clay;ATP;12;6,5338;2,1144;2,99;6,5912;2024-10-06;2026-10-04
ATP;Tomas Barrios Vera;104;Clay;ATP;9;2,5641;8,3779;1,7628;6,7826;2024-10-06;2026-10-04
ATP;Tomas Machac;104;Clay;ATP;16;4,8031;6,4082;4,0945;6,3819;2024-10-06;2026-10-04
ATP;Tomas Martin Etcheverry;104;Clay;ATP;47;6,3644;5,8075;2,3937;6,3073;2024-10-06;2026-10-04
ATP;Tommy Paul;104;Clay;ATP;28;4,2451;3,2218;2,2827;6,6765;2024-10-06;2026-10-04
ATP;Tristan Boyer;104;Clay;ATP;3;4,0;3,7559;2,0;6,0606;2024-10-06;2026-10-04
ATP;Tristan Schoolkate;104;Clay;ATP;1;4,9505;1,3514;3,9604;7,7692;2024-10-06;2026-10-04
ATP;Ugo Humbert;104;Clay;ATP;15;6,3056;5,7858;3,9612;6,7596;2024-10-06;2026-10-04
ATP;Valentin Royer;104;Clay;ATP;5;6,0948;7,2368;3,1603;6,3286;2024-10-06;2026-10-04
ATP;Valentin Vacherot;104;Clay;ATP;12;6,6459;8,0808;3,3229;6,3775;2024-10-06;2026-10-04
ATP;Vilius Gaubas;104;Clay;ATP;13;2,529;5,9867;2,1075;6,6364;2024-10-06;2026-10-04
ATP;Vit Kopriva;104;Clay;ATP;35;4,4708;5,9621;4,0122;6,6253;2024-10-06;2026-10-04
ATP;Vitaliy Sachko;104;Clay;ATP;2;1,9868;5,0314;2,649;7,1905;2024-10-06;2026-10-04
ATP;Yannick Hanfmann;104;Clay;ATP;31;8,1081;7,6706;2,2308;6,283;2024-10-06;2026-10-04
ATP;Yibing Wu;104;Clay;ATP;1;8,7719;7,2464;5,2632;5,7;2024-10-06;2026-10-04
ATP;Yoshihito Nishioka;104;Clay;ATP;2;1,4493;12,1951;3,6232;6,2727;2024-10-06;2026-10-04
ATP;Zachary Svajda;104;Clay;ATP;3;3,7037;10,4972;2,1164;6,3;2024-10-06;2026-10-04
ATP;Zdenek Kolar;104;Clay;ATP;1;5,618;12,0879;3,3708;6,3571;2024-10-06;2026-10-04
ATP;Zhizhen Zhang;104;Clay;ATP;5;10,0;13,3144;2,973;6,4912;2024-10-06;2026-10-04
ATP;Zizou Bergs;104;Clay;ATP;13;6,5996;7,3634;6,0403;6,4317;2024-10-06;2026-10-04
ATP;Adam Walton;104;Clay;ALL;7;6,3973;7,457;2,1886;6,8276;2024-10-06;2026-10-04
ATP;Adolfo Daniel Vallejo;104;Clay;ALL;102;3,4101;3,6049;4,4156;6,4858;2024-10-06;2026-10-04
ATP;Adrian Mannarino;104;Clay;ALL;16;1,9884;7,8947;3,0655;6,6685;2024-10-06;2026-10-04
ATP;Alejandro Davidovich Fokina;104;Clay;ALL;23;2,593;5,3561;1,8038;6,7452;2024-10-06;2026-10-04
ATP;Alejandro Moro Canas;104;Clay;ALL;60;3,5607;3,337;3,1676;6,494;2024-10-06;2026-10-04
ATP;Alejandro Tabilo;104;Clay;ALL;46;5,3749;7,7283;2,4531;6,3649;2024-10-06;2026-10-04
ATP;Aleksandar Kovacevic;104;Clay;ALL;19;6,4196;7,7802;5,2283;6,4298;2024-10-06;2026-10-04
ATP;Aleksandar Vukic;104;Clay;ALL;15;7,0299;5,4054;2,1968;6,655;2024-10-06;2026-10-04
ATP;Alex Barrena;104;Clay;ALL;113;3,1376;2,7495;3,0169;6,5709;2024-10-06;2026-10-04
ATP;Alex Bolt;104;Clay;ALL;2;6,7114;6,6176;3,3557;6,4783;2024-10-06;2026-10-04
ATP;Alex De Minaur;104;Clay;ALL;26;2,8272;3,241;3,7173;6,431;2024-10-06;2026-10-04
ATP;Alex Michelsen;104;Clay;ALL;21;5,11;5,6088;3,6196;6,3184;2024-10-06;2026-10-04
ATP;Alex Molcan;104;Clay;ALL;59;4,3019;4,9466;2,7056;6,2964;2024-10-06;2026-10-04
ATP;Alexander Blockx;104;Clay;ALL;26;6,6285;3,4975;3,5289;6,4325;2024-10-06;2026-10-04
ATP;Alexander Bublik;104;Clay;ALL;41;11,4;7,9354;5,8667;6,2241;2024-10-06;2026-10-04
ATP;Alexander Shevchenko;104;Clay;ALL;49;6,2897;5,3296;3,3103;6,6271;2024-10-06;2026-10-04
ATP;Alexander Zverev;104;Clay;ALL;42;7,3596;3,4995;3,0694;5,9358;2024-10-06;2026-10-04
ATP;Alexandre Muller;104;Clay;ALL;38;3,7761;7,325;2,7161;6,7238;2024-10-06;2026-10-04
ATP;Alexei Popyrin;104;Clay;ALL;26;9,4905;4,845;3,4466;6,3758;2024-10-06;2026-10-04
ATP;Alexis Galarneau;104;Clay;ALL;3;4,1841;0,995;4,6025;7,7097;2024-10-06;2026-10-04
ATP;Andrea Guerrieri;104;Clay;ALL;42;1,7809;4,0637;5,1411;6,6876;2024-10-06;2026-10-04
ATP;Andrea Pellegrino;104;Clay;ALL;75;3,5303;6,2603;3,3839;6,4929;2024-10-06;2026-10-04
ATP;Andrej Nedic;104;Clay;ALL;114;2,4588;2,4638;3,311;6,4371;2024-10-06;2026-10-04
ATP;Andres Andrade;104;Clay;ALL;39;3,1461;3,3872;5,3184;6,7254;2024-10-06;2026-10-04
ATP;Andrey Rublev;104;Clay;ALL;32;7,8877;6,0788;2,852;6,2507;2024-10-06;2026-10-04
ATP;Arthur Cazaux;104;Clay;ALL;13;10,3516;7,3705;2,832;6,321;2024-10-06;2026-10-04
ATP;Arthur Fery;104;Clay;ALL;8;3,103;4,2274;2,1157;7,09;2024-10-06;2026-10-04
ATP;Arthur Fils;104;Clay;ALL;25;3,7789;5,5738;3,4405;6,3096;2024-10-06;2026-10-04
ATP;Arthur Gea;104;Clay;ALL;43;4,1509;3,1375;5,0629;6,7089;2024-10-06;2026-10-04
ATP;Arthur Rinderknech;104;Clay;ALL;27;12,3777;5,3638;4,0117;6,3282;2024-10-06;2026-10-04
ATP;August Holmgren;104;Clay;ALL;13;6,2196;3,9511;4,4704;6,6387;2024-10-06;2026-10-04
ATP;Ben Shelton;104;Clay;ALL;23;8,9277;4,423;3,6942;6,207;2024-10-06;2026-10-04
ATP;Benjamin Bonzi;104;Clay;ALL;8;3,9531;7,9699;1,757;6,2661;2024-10-06;2026-10-04
ATP;Bernard Tomic;104;Clay;ALL;13;5,4765;6,5984;3,1763;6,6642;2024-10-06;2026-10-04
ATP;Billy Harris;104;Clay;ALL;11;4,065;6,6829;3,0197;6,4254;2024-10-06;2026-10-04
ATP;Borna Gojo;104;Clay;ALL;9;8,8323;6,5053;2,0958;6,1852;2024-10-06;2026-10-04
ATP;Botic Van De Zandschulp;104;Clay;ALL;30;6,1717;3,8874;5,4756;6,3947;2024-10-06;2026-10-04
ATP;Braden Shick;104;Clay;ALL;5;5,3731;3,9755;5,0746;6,8367;2024-10-06;2026-10-04
ATP;Brandon Nakashima;104;Clay;ALL;21;8,0848;7,2054;1,3917;6,1844;2024-10-06;2026-10-04
ATP;Bu Yunchaokete;104;Clay;ALL;12;7,8889;5,298;2,0;6,5693;2024-10-06;2026-10-04
ATP;Buvaysar Gadamauri;104;Clay;ALL;36;3,0515;3,3118;3,4926;6,817;2024-10-06;2026-10-04
ATP;Cameron Norrie;104;Clay;ALL;24;3,5832;7,5758;3,0174;6,7548;2024-10-06;2026-10-04
ATP;Camilo Ugo Carabelli;104;Clay;ALL;81;3,7631;4,5183;3,3412;6,5408;2024-10-06;2026-10-04
ATP;Carl Emil Overbeck;104;Clay;ALL;25;6,3991;3,1285;3,7231;6,5114;2024-10-06;2026-10-04
ATP;Carlos Alcaraz;104;Clay;ALL;29;3,185;2,5641;3,2286;6,5299;2024-10-06;2026-10-04
ATP;Casper Ruud;104;Clay;ALL;38;5,2295;4,3578;3,1936;6,0801;2024-10-06;2026-10-04
ATP;Cezar Cretu;104;Clay;ALL;75;2,9965;2,6763;3,2445;6,3839;2024-10-06;2026-10-04
ATP;Chris Rodesch;104;Clay;ALL;20;4,4724;3,4091;4,3326;6,2763;2024-10-06;2026-10-04
ATP;Christopher Oconnell;104;Clay;ALL;11;5,8747;5,4521;2,4804;6,547;2024-10-06;2026-10-04
ATP;Chun Hsin Tseng;104;Clay;ALL;59;3,1467;3,4517;2,0565;6,5202;2024-10-06;2026-10-04
ATP;Clement Chidekh;104;Clay;ALL;5;1,0135;5,3731;7,0946;6,0408;2024-10-06;2026-10-04
ATP;Clement Tabur;104;Clay;ALL;54;3,4724;4,6738;3,6722;6,7391;2024-10-06;2026-10-04
ATP;Coleman Wong;104;Clay;ALL;6;4,3011;2,2883;3,2258;6,8382;2024-10-06;2026-10-04
ATP;Colton Smith;104;Clay;ALL;10;5,4908;2,5045;4,1597;6,5326;2024-10-06;2026-10-04
ATP;Corentin Moutet;104;Clay;ALL;23;2,8621;2,6747;3,2126;6,5095;2024-10-06;2026-10-04
ATP;Cristian Garin;104;Clay;ALL;59;4,2942;3,8531;3,609;6,5835;2024-10-06;2026-10-04
ATP;Dalibor Svrcina;104;Clay;ALL;46;1,6672;2,6357;4,5297;6,6646;2024-10-06;2026-10-04
ATP;Damir Dzumhur;104;Clay;ALL;65;1,1628;2,8435;2,4947;6,6061;2024-10-06;2026-10-04
ATP;Daniel Altmaier;104;Clay;ALL;42;7,4341;4,1868;2,6662;6,5462;2024-10-06;2026-10-04
ATP;Daniel Merida Aguilar;104;Clay;ALL;70;2,3377;2,2543;4,3083;6,6615;2024-10-06;2026-10-04
ATP;Daniel Michalski;104;Clay;ALL;88;2,301;2,9184;2,4896;6,2894;2024-10-06;2026-10-04
ATP;Daniel Rincon;104;Clay;ALL;72;4,0581;2,4218;3,2088;6,6725;2024-10-06;2026-10-04
ATP;Daniil Glinka;104;Clay;ALL;11;4,5994;2,0492;4,3027;6,3585;2024-10-06;2026-10-04
ATP;Daniil Medvedev;104;Clay;ALL;18;5,9985;2,7155;5,3402;6,1855;2024-10-06;2026-10-04
ATP;Darwin Blanch;104;Clay;ALL;15;5,4913;3,17;6,262;6,3681;2024-10-06;2026-10-04
ATP;David Jorda Sanchis;104;Clay;ALL;64;4,8175;2,2076;3,9625;6,4973;2024-10-06;2026-10-04
ATP;Denis Shapovalov;104;Clay;ALL;13;5,8378;2,6483;7,7838;6,25;2024-10-06;2026-10-04
ATP;Diego Dedura Palomero;104;Clay;ALL;81;0,977;3,1337;1,8802;6,5361;2024-10-06;2026-10-04
ATP;Dino Prizmic;104;Clay;ALL;45;5,2508;3,8868;4,3478;6,2552;2024-10-06;2026-10-04
ATP;Dominic Stricker;104;Clay;ALL;41;7,3596;6,1715;3,0728;6,3671;2024-10-06;2026-10-04
ATP;Dusan Lajovic;104;Clay;ALL;67;4,128;5,0345;1,9017;6,3505;2024-10-06;2026-10-04
ATP;Edas Butvilas;104;Clay;ALL;28;5,2686;1,8897;2,8926;6,5185;2024-10-06;2026-10-04
ATP;Elias Ymer;104;Clay;ALL;27;3,6453;4,1517;4,1379;6,7219;2024-10-06;2026-10-04
ATP;Eliot Spizzirri;104;Clay;ALL;10;1,2658;4,0238;3,3755;6,8365;2024-10-06;2026-10-04
ATP;Elmer Moller;104;Clay;ALL;78;2,7997;3,5683;6,1917;6,7868;2024-10-06;2026-10-04
ATP;Emilio Nava;104;Clay;ALL;87;9,0612;2,748;4,3016;6,4088;2024-10-06;2026-10-04
ATP;Ethan Quinn;104;Clay;ALL;18;6,303;5,9449;3,1515;6,7347;2024-10-06;2026-10-04
ATP;Fabian Marozsan;104;Clay;ALL;23;3,6585;6,1921;2,7294;6,5227;2024-10-06;2026-10-04
ATP;Facundo Diaz Acosta;104;Clay;ALL;89;4,0938;3,8162;2,9444;6,2881;2024-10-06;2026-10-04
ATP;Facundo Mena;104;Clay;ALL;86;8,1605;4,0816;4,0634;6,5248;2024-10-06;2026-10-04
ATP;Federico Agustin Gomez;104;Clay;ALL;61;5,5505;3,5247;5,414;6,5612;2024-10-06;2026-10-04
ATP;Federico Cina;104;Clay;ALL;38;3,6307;5,9128;3,4924;6,71;2024-10-06;2026-10-04
ATP;Felix Auger Aliassime;104;Clay;ALL;17;7,9518;3,3724;3,1325;6,2879;2024-10-06;2026-10-04
ATP;Felix Balshaw;104;Clay;ALL;52;6,6522;1,9749;3,8985;6,3497;2024-10-06;2026-10-04
ATP;Felix Gill;104;Clay;ALL;73;2,7872;3,3832;2,7027;6,4877;2024-10-06;2026-10-04
ATP;Filip Cristian Jianu;104;Clay;ALL;128;2,2906;4,6863;1,7611;6,419;2024-10-06;2026-10-04
ATP;Flavio Cobolli;104;Clay;ALL;36;4,2001;3,8772;3,9328;6,6641;2024-10-06;2026-10-04
ATP;Florent Bax;104;Clay;ALL;60;7,6594;3,4442;3,3762;6,0228;2024-10-06;2026-10-04
ATP;Frances Tiafoe;104;Clay;ALL;25;6,4004;8,0861;2,3041;6,2197;2024-10-06;2026-10-04
ATP;Francesco Maestrelli;104;Clay;ALL;48;7,4953;3,3395;4,7452;6,7071;2024-10-06;2026-10-04
ATP;Francesco Passaro;104;Clay;ALL;58;4,6362;4,2032;3,4237;6,2404;2024-10-06;2026-10-04
ATP;Francisco Cerundolo;104;Clay;ALL;52;4,3746;3,6672;3,7577;6,4954;2024-10-06;2026-10-04
ATP;Francisco Comesana;104;Clay;ALL;58;7,3345;3,1088;3,981;6,4916;2024-10-06;2026-10-04
ATP;Franco Roncadelli;104;Clay;ALL;89;0,7976;2,8534;1,6451;6,4919;2024-10-06;2026-10-04
ATP;Frederico Ferreira Silva;104;Clay;ALL;53;2,4469;5,902;2,8464;6,6861;2024-10-06;2026-10-04
ATP;Gabriel Diallo;104;Clay;ALL;15;6,5062;5,403;2,6738;6,1311;2024-10-06;2026-10-04
ATP;Gael Monfils;104;Clay;ALL;9;8,9024;3,6649;4,6341;6,7213;2024-10-06;2026-10-04
ATP;Gauthier Onclin;104;Clay;ALL;37;1,7072;4,9581;4,0683;6,6178;2024-10-06;2026-10-04
ATP;Genaro Alberto Olivieri;104;Clay;ALL;97;1,1704;2,3179;1,4882;6,6166;2024-10-06;2026-10-04
ATP;Gianluca Cadenasso;104;Clay;ALL;71;2,7163;2,018;3,8554;6,3846;2024-10-06;2026-10-04
ATP;Giovanni Mpetshi Perricard;104;Clay;ALL;18;11,2686;5,2338;4,8583;6,5;2024-10-06;2026-10-04
ATP;Gonzalo Bueno;104;Clay;ALL;116;1,3751;3,3421;3,7537;6,6273;2024-10-06;2026-10-04
ATP;Grigor Dimitrov;104;Clay;ALL;15;6,9392;5,5963;5,4183;6,1163;2024-10-06;2026-10-04
ATP;Guido Ivan Justo;104;Clay;ALL;114;1,9608;2,4984;2,3029;6,4235;2024-10-06;2026-10-04
ATP;Gustavo Heide;104;Clay;ALL;82;5,8286;4,2198;6,1575;6,3492;2024-10-06;2026-10-04
ATP;Hamad Medjedovic;104;Clay;ALL;21;6,8327;6,3626;3,7638;6,5417;2024-10-06;2026-10-04
ATP;Harold Mayot;104;Clay;ALL;28;5,482;4,7433;3,5444;6,5511;2024-10-06;2026-10-04
ATP;Harry Wendelken;104;Clay;ALL;4;4,0179;5,53;4,0179;6,2222;2024-10-06;2026-10-04
ATP;Hayato Matsuoka;104;Clay;ALL;11;2,0725;2,906;4,8359;6,5056;2024-10-06;2026-10-04
ATP;Henri Squire;104;Clay;ALL;69;6,1099;4,917;7,159;6,5957;2024-10-06;2026-10-04
ATP;Henrique Rocha;104;Clay;ALL;68;3,3567;2,6047;5,4366;6,4318;2024-10-06;2026-10-04
ATP;Holger Rune;104;Clay;ALL;14;2,9975;4,344;2,1649;6,6354;2024-10-06;2026-10-04
ATP;Hubert Hurkacz;104;Clay;ALL;22;12,7843;5,4932;2,0283;6,1396;2024-10-06;2026-10-04
ATP;Hugo Dellien;104;Clay;ALL;103;3,3821;4,5804;1,8924;6,4791;2024-10-06;2026-10-04
ATP;Hugo Gaston;104;Clay;ALL;34;2,553;4,7715;3,1815;6,7893;2024-10-06;2026-10-04
ATP;Hugo Grenier;104;Clay;ALL;3;3,2258;3,4286;4,3011;7,44;2024-10-06;2026-10-04
ATP;Hynek Barton;104;Clay;ALL;68;6,7831;1,9178;3,1908;6,3559;2024-10-06;2026-10-04
ATP;Ignacio Buse;104;Clay;ALL;82;4,2095;3,2598;2,403;6,4191;2024-10-06;2026-10-04
ATP;Igor Ribeiro Marcondes;104;Clay;ALL;36;4,4051;4,7238;2,7583;6,409;2024-10-06;2026-10-04
ATP;Ilia Simakin;104;Clay;ALL;8;6,1728;3,9886;3,5494;6,1132;2024-10-06;2026-10-04
ATP;Ilya Ivashka;104;Clay;ALL;1;2,7397;3,3898;4,1096;8,1111;2024-10-06;2026-10-04
ATP;Inaki Montes De La Torre;104;Clay;ALL;44;2,0636;2,7142;7,1719;6,4401;2024-10-06;2026-10-04
ATP;J J Wolf;104;Clay;ALL;11;7,2197;3,3921;4,1475;6,2596;2024-10-06;2026-10-04
ATP;Jack Draper;104;Clay;ALL;17;7,3294;4,482;4,2123;5,9055;2024-10-06;2026-10-04
ATP;Jack Pinnington Jones;104;Clay;ALL;7;3,6965;5,5028;6,0311;6,5063;2024-10-06;2026-10-04
ATP;Jacob Fearnley;104;Clay;ALL;14;6,4386;6,2678;7,1429;6,5395;2024-10-06;2026-10-04
ATP;Jaime Faria;104;Clay;ALL;60;7,7089;4,3794;6,7399;6,4232;2024-10-06;2026-10-04
ATP;Jakub Mensik;104;Clay;ALL;17;13,0695;8,2336;3,6594;5,9777;2024-10-06;2026-10-04
ATP;James Duckworth;104;Clay;ALL;20;8,3569;9,2407;4,3201;6,4475;2024-10-06;2026-10-04
ATP;James Mccabe;104;Clay;ALL;1;4,0;0,0;1,3333;8,3333;2024-10-06;2026-10-04
ATP;Jan Choinski;104;Clay;ALL;78;6,3553;5,5337;2,177;6,4362;2024-10-06;2026-10-04
ATP;Jan Kumstat;104;Clay;ALL;54;9,2821;4,9333;3,3651;6,2561;2024-10-06;2026-10-04
ATP;Jan Lennard Struff;104;Clay;ALL;19;7,9131;9,1586;3,2583;6,4129;2024-10-06;2026-10-04
ATP;Jannik Sinner;104;Clay;ALL;30;6,6298;4,0036;1,5068;5,9256;2024-10-06;2026-10-04
ATP;Jaume Munar;104;Clay;ALL;27;3,3923;3,4934;4,2281;6,5613;2024-10-06;2026-10-04
ATP;Jay Clarke;104;Clay;ALL;67;3,1282;3,5901;3,0039;6,6949;2024-10-06;2026-10-04
ATP;Jay Dylan Hara Friend;104;Clay;ALL;11;4,0456;4,5307;4,1494;6,7887;2024-10-06;2026-10-04
ATP;Jenson Brooksby;104;Clay;ALL;14;2,0503;4,0;1,9571;6,5828;2024-10-06;2026-10-04
ATP;Jerome Kym;104;Clay;ALL;42;10,033;5,7723;4,0264;6,2733;2024-10-06;2026-10-04
ATP;Jesper De Jong;104;Clay;ALL;54;7,8446;4,2159;4,5113;6,2835;2024-10-06;2026-10-04
ATP;Jiri Lehecka;104;Clay;ALL;19;8,4074;4,5144;1,9139;6,4449;2024-10-06;2026-10-04
ATP;Joao Fonseca;104;Clay;ALL;25;5,8519;6,1019;2,2268;6,3105;2024-10-06;2026-10-04
ATP;Joao Lucas Reis Da Silva;104;Clay;ALL;105;3,0907;5,3584;2,706;6,4028;2024-10-06;2026-10-04
ATP;Joel Schwaerzler;104;Clay;ALL;71;5,3737;5,7742;3,3491;6,5652;2024-10-06;2026-10-04
ATP;Juan Bautista Torres;104;Clay;ALL;104;1,3169;2,8274;2,5396;6,6446;2024-10-06;2026-10-04
ATP;Juan Carlos Prado Angelo;104;Clay;ALL;91;2,6551;3,5984;3,1313;6,6827;2024-10-06;2026-10-04
ATP;Juan Manuel Cerundolo;104;Clay;ALL;84;4,9804;3,7946;3,7394;6,4531;2024-10-06;2026-10-04
ATP;Juan Manuel La Serna;104;Clay;ALL;83;2,0091;2,077;3,765;6,6401;2024-10-06;2026-10-04
ATP;Juan Pablo Varillas;104;Clay;ALL;100;4,8976;4,8537;2,5733;6,5294;2024-10-06;2026-10-04
ATP;Jurij Rodionov;104;Clay;ALL;34;6,6964;3,9872;4,5455;6,4167;2024-10-06;2026-10-04
ATP;Kamil Majchrzak;104;Clay;ALL;17;7,0465;8,4538;2,3238;6,3524;2024-10-06;2026-10-04
ATP;Karen Khachanov;104;Clay;ALL;25;5,4475;6,2324;2,2374;6,2875;2024-10-06;2026-10-04
ATP;Keegan Smith;104;Clay;ALL;6;6,9479;2,7027;0,7444;6,2969;2024-10-06;2026-10-04
ATP;Kilian Feldbausch;104;Clay;ALL;70;1,1172;2,0821;4,5953;6,6072;2024-10-06;2026-10-04
ATP;Kimmer Coppejans;104;Clay;ALL;76;3,9765;3,7083;4,5446;6,5826;2024-10-06;2026-10-04
ATP;Kyrian Jacquet;104;Clay;ALL;20;4,534;4,5257;3,9673;6,8745;2024-10-06;2026-10-04
ATP;Laslo Djere;104;Clay;ALL;47;5,2678;3,7293;3,7964;6,3043;2024-10-06;2026-10-04
ATP;Lautaro Midon;104;Clay;ALL;111;3,5846;1,9692;2,3693;6,5906;2024-10-06;2026-10-04
ATP;Leandro Riedi;104;Clay;ALL;3;3,5714;2,1053;3,0612;6,5333;2024-10-06;2026-10-04
ATP;Learner Tien;104;Clay;ALL;18;3,2304;4,7312;4,5944;6,3899;2024-10-06;2026-10-04
ATP;Liam Broady;104;Clay;ALL;18;1,8617;3,4884;3,3688;6,4457;2024-10-06;2026-10-04
ATP;Liam Draxl;104;Clay;ALL;19;4,1141;4,1777;5,3749;6,8813;2024-10-06;2026-10-04
ATP;Lloyd Harris;104;Clay;ALL;4;9,3496;6,1303;4,4715;6,4737;2024-10-06;2026-10-04
ATP;Lorenzo Giustino;104;Clay;ALL;85;4,6066;3,3299;4,8083;6,5219;2024-10-06;2026-10-04
ATP;Lorenzo Musetti;104;Clay;ALL;33;3,6452;2,6284;1,7416;6,3798;2024-10-06;2026-10-04
ATP;Lorenzo Sonego;104;Clay;ALL;15;4,5013;3,4296;3,3539;6,2944;2024-10-06;2026-10-04
ATP;Luca Nardi;104;Clay;ALL;21;3,4393;3,1486;4,1531;6,6137;2024-10-06;2026-10-04
ATP;Luca Van Assche;104;Clay;ALL;43;2,9865;4,4178;5,0613;6,5588;2024-10-06;2026-10-04
ATP;Luciano Darderi;104;Clay;ALL;72;6,3642;5,3582;3,3196;6,4443;2024-10-06;2026-10-04
ATP;Luka Mikrut;104;Clay;ALL;76;6,2326;3,3162;2,2501;6,3011;2024-10-06;2026-10-04
ATP;Luka Pavlovic;104;Clay;ALL;60;12,1521;3,2349;5,8837;6,6153;2024-10-06;2026-10-04
ATP;Lukas Neumayer;104;Clay;ALL;86;3,2655;5,3577;2,8553;6,5689;2024-10-06;2026-10-04
ATP;Mackenzie Mcdonald;104;Clay;ALL;7;3,9301;7,4592;2,4017;6,5429;2024-10-06;2026-10-04
ATP;Maks Kasnikowski;104;Clay;ALL;36;4,522;4,2656;1,7657;5,9538;2024-10-06;2026-10-04
ATP;Marat Sharipov;104;Clay;ALL;40;8,8291;3,0393;5,1914;6,3744;2024-10-06;2026-10-04
ATP;Marc Andrea Huesler;104;Clay;ALL;16;9,471;6,7953;4,3515;6,4751;2024-10-06;2026-10-04
ATP;Marco Cecchinato;104;Clay;ALL;102;3,4497;4,388;3,4633;6,3694;2024-10-06;2026-10-04
ATP;Marco Trungelliti;104;Clay;ALL;88;4,4094;4,6061;4,2793;6,6446;2024-10-06;2026-10-04
ATP;Marcos Giron;104;Clay;ALL;17;4,6433;6,8663;2,288;6,7854;2024-10-06;2026-10-04
ATP;Mariano Navone;104;Clay;ALL;70;1,7925;2,3745;2,6887;6,4289;2024-10-06;2026-10-04
ATP;Marin Cilic;104;Clay;ALL;21;7,9031;6,0952;3,6966;6,5924;2024-10-06;2026-10-04
ATP;Mark Lajal;104;Clay;ALL;7;3,7582;3,2368;5,5556;6,8764;2024-10-06;2026-10-04
ATP;Martin Damm;104;Clay;ALL;8;11,8314;12,9663;6,8071;6,7802;2024-10-06;2026-10-04
ATP;Martin Krumich;104;Clay;ALL;82;4,4837;3,1648;3,3762;6,4271;2024-10-06;2026-10-04
ATP;Martin Landaluce;104;Clay;ALL;24;3,6131;3,8064;6,8927;6,614;2024-10-06;2026-10-04
ATP;Marton Fucsovics;104;Clay;ALL;20;3,5835;4,0244;2,8398;6,1116;2024-10-06;2026-10-04
ATP;Marvin Moeller;104;Clay;ALL;76;2,8796;3,7582;3,1676;6,4229;2024-10-06;2026-10-04
ATP;Matej Dodig;104;Clay;ALL;69;6,0491;4,1199;3,1091;6,3124;2024-10-06;2026-10-04
ATP;Matheus Pucinelli De Almeida;104;Clay;ALL;101;2,4828;3,0172;4,3862;6,5849;2024-10-06;2026-10-04
ATP;Matias Soto;104;Clay;ALL;90;5,3589;6,8535;5,3102;6,558;2024-10-06;2026-10-04
ATP;Matteo Arnaldi;104;Clay;ALL;25;5,2705;3,5802;3,6847;6,5969;2024-10-06;2026-10-04
ATP;Matteo Berrettini;104;Clay;ALL;24;6,801;4,4162;2,33;6,252;2024-10-06;2026-10-04
ATP;Matteo Martineau;104;Clay;ALL;29;5,0231;2,0062;6,1507;6,4178;2024-10-06;2026-10-04
ATP;Matthew Dellavedova;104;Clay;ALL;14;1,6949;2,6826;1,6949;6,2404;2024-10-06;2026-10-04
ATP;Mattia Bellucci;104;Clay;ALL;20;6,4448;4,2523;4,1785;6,4182;2024-10-06;2026-10-04
ATP;Max Alcala Gurri;104;Clay;ALL;124;1,0243;2,2921;5,7031;6,4555;2024-10-06;2026-10-04
ATP;Max Hans Rehberg;104;Clay;ALL;34;3,8155;3,7888;2,3899;6,2598;2024-10-06;2026-10-04
ATP;Max Houkes;104;Clay;ALL;88;4,7532;3,8086;4,6207;6,4716;2024-10-06;2026-10-04
ATP;Max Schoenhaus;104;Clay;ALL;43;6,3096;4,5812;5,3566;6,3795;2024-10-06;2026-10-04
ATP;Maxim Mrva;104;Clay;ALL;70;3,7757;2,9063;5,3615;6,6462;2024-10-06;2026-10-04
ATP;Michael Mmoh;104;Clay;ALL;12;7,4742;4,8721;7,0876;6,3089;2024-10-06;2026-10-04
ATP;Michael Zheng;104;Clay;ALL;1;1,2987;3,4483;3,8961;7,7;2024-10-06;2026-10-04
ATP;Michele Ribecai;104;Clay;ALL;57;1,3228;2,6758;3,1217;6,4286;2024-10-06;2026-10-04
ATP;Mika Brunold;104;Clay;ALL;44;2,5892;3,3262;4,2311;6,5705;2024-10-06;2026-10-04
ATP;Mili Poljicak;104;Clay;ALL;73;6,7729;2,0995;2,5043;6,4124;2024-10-06;2026-10-04
ATP;Miomir Kecmanovic;104;Clay;ALL;25;3,3915;7,2136;1,9864;6,4299;2024-10-06;2026-10-04
ATP;Moise Kouame;104;Clay;ALL;22;4,3866;3,1013;5,963;6,6927;2024-10-06;2026-10-04
ATP;Murphy Cassone;104;Clay;ALL;5;6,7416;5,3571;3,6517;7,12;2024-10-06;2026-10-04
ATP;Nick Hardt;104;Clay;ALL;70;2,1046;3,2838;5,2094;6,6193;2024-10-06;2026-10-04
ATP;Nicolai Budkov Kjaer;104;Clay;ALL;34;2,9583;2,2139;3,625;6,6482;2024-10-06;2026-10-04
ATP;Nicolas Mejia;104;Clay;ALL;36;6,9549;4,9548;3,4586;6,5196;2024-10-06;2026-10-04
ATP;Nikolas Sanchez Izquierdo;104;Clay;ALL;117;2,0841;3,1369;3,3549;6,3409;2024-10-06;2026-10-04
ATP;Nikoloz Basilashvili;104;Clay;ALL;27;7,3118;10,5601;6,9677;6,7982;2024-10-06;2026-10-04
ATP;Nishesh Basavareddy;104;Clay;ALL;21;3,4483;4,3776;6,5062;6,5966;2024-10-06;2026-10-04
ATP;Novak Djokovic;104;Clay;ALL;13;5,9048;6,3406;2,0952;6,0;2024-10-06;2026-10-04
ATP;Nuno Borges;104;Clay;ALL;31;6,7863;5,4987;2,8861;6,6945;2024-10-06;2026-10-04
ATP;Oliver Crawford;104;Clay;ALL;20;2,0173;4,157;3,2421;6,5164;2024-10-06;2026-10-04
ATP;Otto Virtanen;104;Clay;ALL;17;7,3307;2,7153;4,5418;6,5707;2024-10-06;2026-10-04
ATP;Pablo Carreno Busta;104;Clay;ALL;45;3,4618;4,6399;2,4985;6,3397;2024-10-06;2026-10-04
ATP;Pablo Llamas Ruiz;104;Clay;ALL;46;2,2025;3,6913;1,866;6,6174;2024-10-06;2026-10-04
ATP;Patrick Kypson;104;Clay;ALL;10;9,3859;10,9771;3,4762;6,6385;2024-10-06;2026-10-04
ATP;Pavel Kotov;104;Clay;ALL;13;3,9385;3,9423;2,7858;6,6306;2024-10-06;2026-10-04
ATP;Pedro Boscardin Dias;104;Clay;ALL;105;3,8208;2,7197;4,063;6,5779;2024-10-06;2026-10-04
ATP;Pedro Martinez;104;Clay;ALL;57;1,1153;6,9698;3,0925;6,608;2024-10-06;2026-10-04
ATP;Petr Bar Biryukov;104;Clay;ALL;12;11,7944;4,6088;7,8629;6,6577;2024-10-06;2026-10-04
ATP;Philip Henning;104;Clay;ALL;21;4,2582;5,463;2,7944;6,8009;2024-10-06;2026-10-04
ATP;Pierre Hugues Herbert;104;Clay;ALL;17;8,1824;4,6477;9,3226;6,8394;2024-10-06;2026-10-04
ATP;Pol Martin Tiffon;104;Clay;ALL;53;3,8238;4,0885;4,4568;6,6063;2024-10-06;2026-10-04
ATP;Quentin Halys;104;Clay;ALL;23;11,9885;6,7876;4,3228;6,241;2024-10-06;2026-10-04
ATP;Rafael Jodar;104;Clay;ALL;22;4,9425;3,4233;2,3697;6,2585;2024-10-06;2026-10-04
ATP;Raphael Collignon;104;Clay;ALL;39;7,109;3,8694;6,2341;6,3939;2024-10-06;2026-10-04
ATP;Raphael Perot;104;Clay;ALL;43;2,1396;3,5094;3,1919;6,4212;2024-10-06;2026-10-04
ATP;Raul Brancaccio;104;Clay;ALL;74;3,5708;3,7106;3,7743;6,6976;2024-10-06;2026-10-04
ATP;Rei Sakamoto;104;Clay;ALL;9;7,425;3,2812;2,2117;6,734;2024-10-06;2026-10-04
ATP;Reilly Opelka;104;Clay;ALL;11;12,4239;4,2945;5,1157;6,4646;2024-10-06;2026-10-04
ATP;Remy Bertola;104;Clay;ALL;36;4,5524;3,795;5,7663;6,7417;2024-10-06;2026-10-04
ATP;Rinky Hijikata;104;Clay;ALL;15;3,3384;8,5278;2,8832;6,829;2024-10-06;2026-10-04
ATP;Roberto Bautista Agut;104;Clay;ALL;24;1,7483;7,9743;2,6807;6,5496;2024-10-06;2026-10-04
ATP;Roberto Carballes Baena;104;Clay;ALL;48;2,9439;5,0725;2,8528;6,5248;2024-10-06;2026-10-04
ATP;Rodrigo Pacheco Mendez;104;Clay;ALL;46;5,3555;8,0312;4,5099;6,3228;2024-10-06;2026-10-04
ATP;Roman Andres Burruchaga;104;Clay;ALL;113;2,9186;3,0958;4,6421;6,4105;2024-10-06;2026-10-04
ATP;Roman Safiullin;104;Clay;ALL;25;5,5731;4,9919;2,9443;6,5361;2024-10-06;2026-10-04
ATP;Sascha Gueymard Wayenburg;104;Clay;ALL;36;5,5965;3,3853;6,4801;6,6083;2024-10-06;2026-10-04
ATP;Sebastian Baez;104;Clay;ALL;60;2,3166;4,3035;2,2939;6,5326;2024-10-06;2026-10-04
ATP;Sebastian Korda;104;Clay;ALL;10;6,9142;4,3069;2,4328;6,4016;2024-10-06;2026-10-04
ATP;Sebastian Ofner;104;Clay;ALL;49;7,7507;5,1417;4,0108;6,6367;2024-10-06;2026-10-04
ATP;Sergey Fomin;104;Clay;ALL;45;4,1259;3,1915;3,6369;6,5703;2024-10-06;2026-10-04
ATP;Shintaro Mochizuki;104;Clay;ALL;7;1,9048;2,686;7,0476;7,0;2024-10-06;2026-10-04
ATP;Sho Shimabukuro;104;Clay;ALL;1;0,0;4,3478;4,0;5,5556;2024-10-06;2026-10-04
ATP;Stan Wawrinka;104;Clay;ALL;31;6,8482;4,9423;2,6403;6,5161;2024-10-06;2026-10-04
ATP;Stefan Kozlov;104;Clay;ALL;12;2,8112;2,9869;3,8822;6,3305;2024-10-06;2026-10-04
ATP;Stefano Napolitano;104;Clay;ALL;35;5,8903;8,6526;2,518;6,2825;2024-10-06;2026-10-04
ATP;Stefano Travaglia;104;Clay;ALL;65;5,8149;3,4802;2,8438;6,4993;2024-10-06;2026-10-04
ATP;Stefanos Sakellaridis;104;Clay;ALL;30;7,8992;3,6472;2,9462;6,3469;2024-10-06;2026-10-04
ATP;Stefanos Tsitsipas;104;Clay;ALL;26;6,6733;5,6057;3,3613;6,2826;2024-10-06;2026-10-04
ATP;Sumit Nagal;104;Clay;ALL;62;1,5103;4,588;3,4554;6,5419;2024-10-06;2026-10-04
ATP;Tallon Griekspoor;104;Clay;ALL;30;8,4513;6,6038;3,7052;6,2715;2024-10-06;2026-10-04
ATP;Taro Daniel;104;Clay;ALL;22;3,4233;7,6073;1,8433;6,4915;2024-10-06;2026-10-04
ATP;Taylor Fritz;104;Clay;ALL;8;10,4895;6,6202;1,049;6,1505;2024-10-06;2026-10-04
ATP;Terence Atmane;104;Clay;ALL;17;7,8757;5,5466;3,9017;6,622;2024-10-06;2026-10-04
ATP;Thiago Agustin Tirante;104;Clay;ALL;68;7,4319;4,703;3,1303;6,253;2024-10-06;2026-10-04
ATP;Thiago Monteiro;104;Clay;ALL;79;5,2021;6,1637;2,9848;6,3179;2024-10-06;2026-10-04
ATP;Thiago Seyboth Wild;104;Clay;ALL;63;6,9624;6,0;3,1188;6,4037;2024-10-06;2026-10-04
ATP;Timofey Skatov;104;Clay;ALL;59;2,6667;6,6697;4,2759;6,682;2024-10-06;2026-10-04
ATP;Titouan Droguet;104;Clay;ALL;41;5,8399;2,1205;3,6089;6,5832;2024-10-06;2026-10-04
ATP;Toby Samuel;104;Clay;ALL;9;2,6634;4,6332;3,0266;6,608;2024-10-06;2026-10-04
ATP;Tom Gentzsch;104;Clay;ALL;70;6,9118;3,7946;5,063;6,4586;2024-10-06;2026-10-04
ATP;Tomas Barrios Vera;104;Clay;ALL;92;2,9416;4,8331;2,5301;6,5154;2024-10-06;2026-10-04
ATP;Tomas Machac;104;Clay;ALL;16;4,8031;6,4082;4,0945;6,3819;2024-10-06;2026-10-04
ATP;Tomas Martin Etcheverry;104;Clay;ALL;50;6,6349;6,0309;2,3791;6,3155;2024-10-06;2026-10-04
ATP;Tommy Paul;104;Clay;ALL;28;4,2451;3,2218;2,2827;6,6765;2024-10-06;2026-10-04
ATP;Tristan Boyer;104;Clay;ALL;45;3,2165;2,4024;2,9868;6,5947;2024-10-06;2026-10-04
ATP;Tristan Schoolkate;104;Clay;ALL;8;6,5693;7,9563;5,5474;6,6505;2024-10-06;2026-10-04
ATP;Ugo Humbert;104;Clay;ALL;15;6,3056;5,7858;3,9612;6,7596;2024-10-06;2026-10-04
ATP;Valentin Royer;104;Clay;ALL;60;5,7846;5,8942;2,5931;6,3819;2024-10-06;2026-10-04
ATP;Valentin Vacherot;104;Clay;ALL;34;6,4708;6,1295;3,0568;6,3934;2024-10-06;2026-10-04
ATP;Vilius Gaubas;104;Clay;ALL;81;3,4381;3,7551;2,5399;6,562;2024-10-06;2026-10-04
ATP;Vit Kopriva;104;Clay;ALL;68;3,7376;4,5344;3,8188;6,5119;2024-10-06;2026-10-04
ATP;Vitaliy Sachko;104;Clay;ALL;58;4,2324;4,9202;3,752;6,4564;2024-10-06;2026-10-04
ATP;Yannick Hanfmann;104;Clay;ALL;40;8,1072;6,7664;2,2049;6,2326;2024-10-06;2026-10-04
ATP;Yi Zhou;104;Clay;ALL;1;0,9901;1,1111;3,9604;6,7333;2024-10-06;2026-10-04
ATP;Yibing Wu;104;Clay;ALL;12;3,9953;4,1575;3,6428;5,993;2024-10-06;2026-10-04
ATP;Yoshihito Nishioka;104;Clay;ALL;2;1,4493;12,1951;3,6232;6,2727;2024-10-06;2026-10-04
ATP;Yu Hsiou Hsu;104;Clay;ALL;12;1,5495;3,9711;2,6222;6,5547;2024-10-06;2026-10-04
ATP;Zachary Svajda;104;Clay;ALL;5;2,3102;13,1757;2,3102;6,3125;2024-10-06;2026-10-04
ATP;Zdenek Kolar;104;Clay;ALL;116;2,5382;4,3318;4,9435;6,3988;2024-10-06;2026-10-04
ATP;Zhizhen Zhang;104;Clay;ALL;6;8,5779;11,6223;2,9345;6,6119;2024-10-06;2026-10-04
ATP;Zizou Bergs;104;Clay;ALL;19;7,4906;5,5933;5,9925;6,327;2024-10-06;2026-10-04
ATP;Zsombor Piros;104;Clay;ALL;64;4,7157;4,8456;3,2825;6,3805;2024-10-06;2026-10-04
ATP;Adam Walton;104;Grass;ATP;5;7,1856;12,2153;1,5968;6,5065;2024-10-06;2026-10-04
ATP;Adolfo Daniel Vallejo;104;Grass;ATP;2;3,7975;7,7982;5,0633;6,9706;2024-10-06;2026-10-04
ATP;Adrian Mannarino;104;Grass;ATP;14;5,9609;9,8639;2,3132;6,3146;2024-10-06;2026-10-04
ATP;Alejandro Davidovich Fokina;104;Grass;ATP;19;6,2657;9,7391;2,5063;6,1622;2024-10-06;2026-10-04
ATP;Alejandro Tabilo;104;Grass;ATP;3;6,278;14,5729;4,0359;6,5588;2024-10-06;2026-10-04
ATP;Aleksandar Kovacevic;104;Grass;ATP;6;11,0919;16,4286;3,4662;6,4111;2024-10-06;2026-10-04
ATP;Aleksandar Vukic;104;Grass;ATP;7;7,7176;11,7739;2,7915;6,4105;2024-10-06;2026-10-04
ATP;Alex Bolt;104;Grass;ATP;2;6,6667;13,3758;4,2424;6,3462;2024-10-06;2026-10-04
ATP;Alex De Minaur;104;Grass;ATP;16;4,8018;6,0628;3,5823;6,3382;2024-10-06;2026-10-04
ATP;Alex Michelsen;104;Grass;ATP;10;8,0796;7,7966;4,2155;6,1439;2024-10-06;2026-10-04
ATP;Alex Molcan;104;Grass;ATP;3;5,8462;14,6409;2,7692;6,7708;2024-10-06;2026-10-04
ATP;Alexander Blockx;104;Grass;ATP;2;7,9498;10,0;3,7657;6,4595;2024-10-06;2026-10-04
ATP;Alexander Bublik;104;Grass;ATP;14;19,0255;13,0182;4,331;5,9861;2024-10-06;2026-10-04
ATP;Alexander Shevchenko;104;Grass;ATP;2;7,3864;19,3182;4,5455;6,069;2024-10-06;2026-10-04
ATP;Alexander Zverev;104;Grass;ATP;20;13,7988;11,0439;2,254;6,0836;2024-10-06;2026-10-04
ATP;Alexandre Muller;104;Grass;ATP;4;5,1282;18,6441;3,8462;7,6471;2024-10-06;2026-10-04
ATP;Alexei Popyrin;104;Grass;ATP;7;11,6031;9,6423;4,4275;6,4851;2024-10-06;2026-10-04
ATP;Alexis Galarneau;104;Grass;ATP;1;14,1176;12,766;4,7059;6,0714;2024-10-06;2026-10-04
ATP;Andrey Rublev;104;Grass;ATP;8;10,6195;13,0227;4,9779;6,5036;2024-10-06;2026-10-04
ATP;Arthur Cazaux;104;Grass;ATP;2;12,3675;5,1282;4,2403;6,7381;2024-10-06;2026-10-04
ATP;Arthur Fery;104;Grass;ATP;13;4,8762;7,9799;2,0255;6,378;2024-10-06;2026-10-04
ATP;Arthur Fils;104;Grass;ATP;2;9,6939;11,4833;2,0408;5,7647;2024-10-06;2026-10-04
ATP;Arthur Rinderknech;104;Grass;ATP;15;15,5208;11,2797;3,8121;6,1723;2024-10-06;2026-10-04
ATP;August Holmgren;104;Grass;ATP;3;14,4893;10,3175;5,4632;6,9016;2024-10-06;2026-10-04
ATP;Ben Shelton;104;Grass;ATP;18;13,7892;10,8333;4,2165;6,3818;2024-10-06;2026-10-04
ATP;Benjamin Bonzi;104;Grass;ATP;9;6,7456;11,5802;1,3018;6,2593;2024-10-06;2026-10-04
ATP;Bernard Tomic;104;Grass;ATP;2;10,6383;5,303;3,5461;6,1304;2024-10-06;2026-10-04
ATP;Billy Harris;104;Grass;ATP;7;6,8562;8,1374;1,8395;6,5714;2024-10-06;2026-10-04
ATP;Botic Van De Zandschulp;104;Grass;ATP;7;8,3855;6,146;4,2553;6,9478;2024-10-06;2026-10-04
ATP;Brandon Nakashima;104;Grass;ATP;15;11,347;11,8719;1,3935;6,2792;2024-10-06;2026-10-04
ATP;Bu Yunchaokete;104;Grass;ATP;2;8,4507;15,544;3,7559;6,871;2024-10-06;2026-10-04
ATP;Cameron Norrie;104;Grass;ATP;9;6,4985;13,9512;3,4918;6,609;2024-10-06;2026-10-04
ATP;Camilo Ugo Carabelli;104;Grass;ATP;4;4,5455;15,5063;4,8295;7,04;2024-10-06;2026-10-04
ATP;Carlos Alcaraz;104;Grass;ATP;12;12,4172;6,9489;4,3046;6,101;2024-10-06;2026-10-04
ATP;Casper Ruud;104;Grass;ATP;1;9,901;16,3043;5,9406;6,7333;2024-10-06;2026-10-04
ATP;Chris Rodesch;104;Grass;ATP;1;6,7308;6,25;4,8077;6,5;2024-10-06;2026-10-04
ATP;Christopher Oconnell;104;Grass;ATP;3;4,0541;4,712;2,2523;7,1613;2024-10-06;2026-10-04
ATP;Chun Hsin Tseng;104;Grass;ATP;2;6,7265;6,9892;5,8296;7,4333;2024-10-06;2026-10-04
ATP;Corentin Moutet;104;Grass;ATP;16;4,6709;5,3495;3,397;6,4521;2024-10-06;2026-10-04
ATP;Cristian Garin;104;Grass;ATP;2;6,4;7,9848;1,2;6,25;2024-10-06;2026-10-04
ATP;Dalibor Svrcina;104;Grass;ATP;1;4,065;6,7485;4,065;6,8333;2024-10-06;2026-10-04
ATP;Damir Dzumhur;104;Grass;ATP;5;3,5897;9,1153;4,359;6,5;2024-10-06;2026-10-04
ATP;Dane Sweeny;104;Grass;ATP;1;3,6036;25,2747;4,5045;6,5294;2024-10-06;2026-10-04
ATP;Daniel Altmaier;104;Grass;ATP;12;12,0247;8,1433;4,4193;6,4437;2024-10-06;2026-10-04
ATP;Daniel Merida Aguilar;104;Grass;ATP;2;7,2464;7,4074;2,8986;6,0882;2024-10-06;2026-10-04
ATP;Daniil Medvedev;104;Grass;ATP;17;11,7143;7,1141;5,5;6,3063;2024-10-06;2026-10-04
ATP;Denis Shapovalov;104;Grass;ATP;8;8,9261;4,3185;7,9498;6,2348;2024-10-06;2026-10-04
ATP;Diego Dedura Palomero;104;Grass;ATP;1;0,0;12,7273;3,2787;6,7778;2024-10-06;2026-10-04
ATP;Dino Prizmic;104;Grass;ATP;2;5,1724;8,7963;2,5862;6,4444;2024-10-06;2026-10-04
ATP;Dusan Lajovic;104;Grass;ATP;2;3,7037;13,253;3,0864;6,0;2024-10-06;2026-10-04
ATP;Elias Ymer;104;Grass;ATP;1;8,0;13,0435;0,0;5,5556;2024-10-06;2026-10-04
ATP;Elmer Moller;104;Grass;ATP;1;2,439;8,9744;15,8537;6,3077;2024-10-06;2026-10-04
ATP;Emilio Nava;104;Grass;ATP;1;8,7302;0,8696;3,1746;6,3;2024-10-06;2026-10-04
ATP;Ethan Quinn;104;Grass;ATP;13;11,5859;8,1362;6,0779;6,0517;2024-10-06;2026-10-04
ATP;Fabian Marozsan;104;Grass;ATP;14;7,0347;7,8182;2,9386;6,5291;2024-10-06;2026-10-04
ATP;Felix Auger Aliassime;104;Grass;ATP;20;16,5476;6,2073;3,6284;6,0432;2024-10-06;2026-10-04
ATP;Felix Gill;104;Grass;ATP;2;9,8039;12,6582;1,4706;6,8;2024-10-06;2026-10-04
ATP;Flavio Cobolli;104;Grass;ATP;15;7,6923;8,5161;2,6045;6,8223;2024-10-06;2026-10-04
ATP;Frances Tiafoe;104;Grass;ATP;14;8,5803;14,1261;3,1201;6,41;2024-10-06;2026-10-04
ATP;Francisco Cerundolo;104;Grass;ATP;8;4,7315;6,1995;4,3478;6,7414;2024-10-06;2026-10-04
ATP;Francisco Comesana;104;Grass;ATP;2;8,1395;5,1613;8,1395;6,88;2024-10-06;2026-10-04
ATP;Gabriel Diallo;104;Grass;ATP;19;11,9325;8,6629;2,8522;6,4345;2024-10-06;2026-10-04
ATP;Gael Monfils;104;Grass;ATP;4;10,5263;3,7344;6,9474;6,4189;2024-10-06;2026-10-04
ATP;Gauthier Onclin;104;Grass;ATP;2;3,0303;23,3577;5,303;6,2857;2024-10-06;2026-10-04
ATP;Giovanni Mpetshi Perricard;104;Grass;ATP;9;20,4637;11,1361;3,8306;6,6577;2024-10-06;2026-10-04
ATP;Grigor Dimitrov;104;Grass;ATP;11;13,7327;8,5515;4,8848;5,8967;2024-10-06;2026-10-04
ATP;Hamad Medjedovic;104;Grass;ATP;7;10,1562;16,1074;5,0;6,8085;2024-10-06;2026-10-04
ATP;Harry Wendelken;104;Grass;ATP;2;3,5533;8,7629;3,5533;6,7931;2024-10-06;2026-10-04
ATP;Henry Searle;104;Grass;ATP;1;5,8333;10,4839;5,0;6,3158;2024-10-06;2026-10-04
ATP;Holger Rune;104;Grass;ATP;4;8,4158;12,3919;5,4455;6,5161;2024-10-06;2026-10-04
ATP;Hubert Hurkacz;104;Grass;ATP;8;17,4603;8,1928;3,1746;6,3;2024-10-06;2026-10-04
ATP;Hugo Dellien;104;Grass;ATP;1;5,2632;21,5686;1,7544;6,0;2024-10-06;2026-10-04
ATP;Hugo Gaston;104;Grass;ATP;2;5,7895;17,8344;1,5789;6,7857;2024-10-06;2026-10-04
ATP;Ignacio Buse;104;Grass;ATP;6;3,3264;7,7244;2,4948;6,2468;2024-10-06;2026-10-04
ATP;Jack Draper;104;Grass;ATP;10;12,894;9,9371;2,4355;5,7213;2024-10-06;2026-10-04
ATP;Jack Pinnington Jones;104;Grass;ATP;7;5,8577;6,2883;6,1367;6,8286;2024-10-06;2026-10-04
ATP;Jacob Fearnley;104;Grass;ATP;9;5,472;9,2308;8,4815;6,3565;2024-10-06;2026-10-04
ATP;Jaime Faria;104;Grass;ATP;3;7,9772;13,9881;6,8376;6,5;2024-10-06;2026-10-04
ATP;Jakub Mensik;104;Grass;ATP;10;16,29;5,4614;4,049;6,4756;2024-10-06;2026-10-04
ATP;James Duckworth;104;Grass;ATP;8;9,6288;12,5436;3,1323;6,2464;2024-10-06;2026-10-04
ATP;James Mccabe;104;Grass;ATP;3;5,9524;8,2192;2,7778;7,0;2024-10-06;2026-10-04
ATP;Jan Choinski;104;Grass;ATP;5;12,3543;11,9101;2,331;6,2174;2024-10-06;2026-10-04
ATP;Jan Lennard Struff;104;Grass;ATP;15;13,366;13,3374;4,5371;6,4722;2024-10-06;2026-10-04
ATP;Jannik Sinner;104;Grass;ATP;16;14,3754;8,1569;2,3726;5,8016;2024-10-06;2026-10-04
ATP;Jaume Munar;104;Grass;ATP;11;8,0709;9,6008;4,7244;6,4304;2024-10-06;2026-10-04
ATP;Jay Clarke;104;Grass;ATP;1;7,3171;7,3171;7,3171;6,3077;2024-10-06;2026-10-04
ATP;Jenson Brooksby;104;Grass;ATP;16;4,9669;8,1124;1,904;6,2917;2024-10-06;2026-10-04
ATP;Jesper De Jong;104;Grass;ATP;6;11,3665;9,8667;5,6194;6,8087;2024-10-06;2026-10-04
ATP;Jiri Lehecka;104;Grass;ATP;19;14,2593;9,9408;2,5309;6,0;2024-10-06;2026-10-04
ATP;Joao Fonseca;104;Grass;ATP;10;7,6999;9,3333;1,9743;6,5355;2024-10-06;2026-10-04
ATP;Johannus Monday;104;Grass;ATP;1;8,5366;12,5;2,439;5,8571;2024-10-06;2026-10-04
ATP;Juan Manuel Cerundolo;104;Grass;ATP;4;8,5546;4,9383;5,3097;6,6471;2024-10-06;2026-10-04
ATP;Kamil Majchrzak;104;Grass;ATP;12;7,1685;11,3242;1,1649;6,1657;2024-10-06;2026-10-04
ATP;Karen Khachanov;104;Grass;ATP;15;8,9356;9,2268;2,2339;6,1619;2024-10-06;2026-10-04
ATP;Kyrian Jacquet;104;Grass;ATP;2;8,5561;10,3448;5,3476;6,0323;2024-10-06;2026-10-04
ATP;Laslo Djere;104;Grass;ATP;5;7,5;10,7226;4,5455;6,6667;2024-10-06;2026-10-04
ATP;Leandro Riedi;104;Grass;ATP;1;3,1579;8,9744;5,2632;6,3333;2024-10-06;2026-10-04
ATP;Learner Tien;104;Grass;ATP;11;6,9336;7,7249;5,1758;6,8725;2024-10-06;2026-10-04
ATP;Lloyd Harris;104;Grass;ATP;2;15,8416;7,4468;1,3201;7,0465;2024-10-06;2026-10-04
ATP;Lorenzo Musetti;104;Grass;ATP;1;5,6075;13,5135;4,6729;5,9444;2024-10-06;2026-10-04
ATP;Lorenzo Sonego;104;Grass;ATP;15;8,458;7,1929;1,5615;6,0751;2024-10-06;2026-10-04
ATP;Luca Nardi;104;Grass;ATP;1;3,4091;13,8462;5,6818;7,3333;2024-10-06;2026-10-04
ATP;Luca Van Assche;104;Grass;ATP;1;4,7619;2,6316;4,7619;6,0;2024-10-06;2026-10-04
ATP;Luciano Darderi;104;Grass;ATP;9;7,1429;12,2905;2,9851;6,7482;2024-10-06;2026-10-04
ATP;Mackenzie Mcdonald;104;Grass;ATP;6;4,8825;12,549;3,0741;6,4302;2024-10-06;2026-10-04
ATP;Marco Trungelliti;104;Grass;ATP;2;4,6931;11,7845;5,7762;6,925;2024-10-06;2026-10-04
ATP;Marcos Giron;104;Grass;ATP;13;6,0289;9,9321;2,2508;6,5474;2024-10-06;2026-10-04
ATP;Mariano Navone;104;Grass;ATP;4;2,8889;4,9383;2,8889;6,25;2024-10-06;2026-10-04
ATP;Marin Cilic;104;Grass;ATP;9;11,3611;12,3501;2,4747;6,35;2024-10-06;2026-10-04
ATP;Mark Lajal;104;Grass;ATP;2;5,9603;7,2848;3,9735;7,1905;2024-10-06;2026-10-04
ATP;Martin Damm;104;Grass;ATP;5;12,8;11,8026;3,4;6,6667;2024-10-06;2026-10-04
ATP;Martin Landaluce;104;Grass;ATP;5;11,7886;13,9583;5,4878;6,3896;2024-10-06;2026-10-04
ATP;Marton Fucsovics;104;Grass;ATP;12;6,4685;7,1363;4,6329;6,6901;2024-10-06;2026-10-04
ATP;Matteo Arnaldi;104;Grass;ATP;4;6,9409;9,2219;4,8843;7,2037;2024-10-06;2026-10-04
ATP;Matteo Berrettini;104;Grass;ATP;4;16,2872;8,5258;2,9772;6,2065;2024-10-06;2026-10-04
ATP;Mattia Bellucci;104;Grass;ATP;12;10,5413;7,428;4,6534;6,0867;2024-10-06;2026-10-04
ATP;Max Basing;104;Grass;ATP;1;0,0;4,5455;3,5714;7,6364;2024-10-06;2026-10-04
ATP;Max Schoenhaus;104;Grass;ATP;1;10,6061;12,0;7,5758;7,3333;2024-10-06;2026-10-04
ATP;Michael Zheng;104;Grass;ATP;3;10,8173;5,3165;1,9231;6,8197;2024-10-06;2026-10-04
ATP;Miomir Kecmanovic;104;Grass;ATP;10;4,7572;12,586;2,8741;6,3861;2024-10-06;2026-10-04
ATP;Murphy Cassone;104;Grass;ATP;1;6,0241;20,0;1,2048;5,9286;2024-10-06;2026-10-04
ATP;Nicolas Mejia;104;Grass;ATP;2;6,5217;7,5658;1,8116;6,4186;2024-10-06;2026-10-04
ATP;Nikoloz Basilashvili;104;Grass;ATP;3;8,7097;10,1399;5,8065;6,2;2024-10-06;2026-10-04
ATP;Nishesh Basavareddy;104;Grass;ATP;3;3,271;16,2304;5,1402;6,6875;2024-10-06;2026-10-04
ATP;Novak Djokovic;104;Grass;ATP;12;11,9195;10,6831;2,322;6,0657;2024-10-06;2026-10-04
ATP;Nuno Borges;104;Grass;ATP;17;9,2827;8,7103;1,4768;6,2368;2024-10-06;2026-10-04
ATP;Oliver Crawford;104;Grass;ATP;1;3,8168;19,0909;2,2901;6,55;2024-10-06;2026-10-04
ATP;Otto Virtanen;104;Grass;ATP;4;10,2823;7,1834;3,629;6,6133;2024-10-06;2026-10-04
ATP;Pablo Carreno Busta;104;Grass;ATP;2;4,0323;8,658;2,4194;7,5152;2024-10-06;2026-10-04
ATP;Pablo Llamas Ruiz;104;Grass;ATP;1;2,2727;9,0909;1,1364;7,3333;2024-10-06;2026-10-04
ATP;Patrick Kypson;104;Grass;ATP;2;8,7963;13,3663;4,6296;6,75;2024-10-06;2026-10-04
ATP;Pedro Martinez;104;Grass;ATP;5;0,2222;10,9223;4,4444;6,8182;2024-10-06;2026-10-04
ATP;Pierre Hugues Herbert;104;Grass;ATP;3;13,3333;8,0569;10,9524;6,1765;2024-10-06;2026-10-04
ATP;Quentin Halys;104;Grass;ATP;11;13,5678;9,5238;5,7789;5,985;2024-10-06;2026-10-04
ATP;Rafael Jodar;104;Grass;ATP;3;7,027;4,7493;3,5135;6,4912;2024-10-06;2026-10-04
ATP;Raphael Collignon;104;Grass;ATP;6;11,5152;12,035;7,0707;6,1875;2024-10-06;2026-10-04
ATP;Reilly Opelka;104;Grass;ATP;10;18,9032;10,6538;3,9673;6,4436;2024-10-06;2026-10-04
ATP;Rinky Hijikata;104;Grass;ATP;10;5,9685;11,2994;2,7027;6,2535;2024-10-06;2026-10-04
ATP;Roberto Bautista Agut;104;Grass;ATP;11;5,0273;13,9328;1,3115;6,0596;2024-10-06;2026-10-04
ATP;Roberto Carballes Baena;104;Grass;ATP;1;4,2105;9,0909;4,2105;6,7857;2024-10-06;2026-10-04
ATP;Roman Andres Burruchaga;104;Grass;ATP;2;3,8043;4,1176;5,4348;6,8148;2024-10-06;2026-10-04
ATP;Roman Safiullin;104;Grass;ATP;9;8,4112;11,3274;2,9907;6,369;2024-10-06;2026-10-04
ATP;Sebastian Baez;104;Grass;ATP;2;2,4272;15,1515;2,4272;6,0588;2024-10-06;2026-10-04
ATP;Sebastian Ofner;104;Grass;ATP;6;12,8696;11,1675;3,6522;6,3187;2024-10-06;2026-10-04
ATP;Shintaro Mochizuki;104;Grass;ATP;6;3,3875;9,7959;2,3035;6,7706;2024-10-06;2026-10-04
ATP;Sho Shimabukuro;104;Grass;ATP;6;10,5675;14,7601;4,501;6,0833;2024-10-06;2026-10-04
ATP;Soon Woo Kwon;104;Grass;ATP;2;8,1081;13,3333;5,4054;6,6071;2024-10-06;2026-10-04
ATP;Stan Wawrinka;104;Grass;ATP;1;10,0;17,4699;3,8889;7,5;2024-10-06;2026-10-04
ATP;Stefanos Tsitsipas;104;Grass;ATP;6;13,4396;10,6095;4,5558;6,1831;2024-10-06;2026-10-04
ATP;Tallon Griekspoor;104;Grass;ATP;9;9,8214;11,8056;3,9541;6,5882;2024-10-06;2026-10-04
ATP;Taylor Fritz;104;Grass;ATP;29;18,0093;10,2941;2,0139;5,8022;2024-10-06;2026-10-04
ATP;Terence Atmane;104;Grass;ATP;5;10,9813;9,4563;2,3364;6,0282;2024-10-06;2026-10-04
ATP;Thiago Agustin Tirante;104;Grass;ATP;3;9,5833;8,5308;6,25;7,0588;2024-10-06;2026-10-04
ATP;Titouan Droguet;104;Grass;ATP;1;12,8205;3,2787;0,0;6,0;2024-10-06;2026-10-04
ATP;Toby Samuel;104;Grass;ATP;5;5,8957;8,5919;2,7211;6,4853;2024-10-06;2026-10-04
ATP;Tom Gentzsch;104;Grass;ATP;1;23,1481;4,4643;0,9259;6,75;2024-10-06;2026-10-04
ATP;Tomas Machac;104;Grass;ATP;5;9,5436;13,4809;3,3195;6,1795;2024-10-06;2026-10-04
ATP;Tomas Martin Etcheverry;104;Grass;ATP;9;9,1613;10,0765;2,0645;6,5126;2024-10-06;2026-10-04
ATP;Tommy Paul;104;Grass;ATP;11;10,2481;5,7;2,9126;6,1391;2024-10-06;2026-10-04
ATP;Tristan Boyer;104;Grass;ATP;1;8,2569;8,4112;7,3394;6,8125;2024-10-06;2026-10-04
ATP;Ugo Humbert;104;Grass;ATP;20;8,7119;7,7889;3,9826;6,1808;2024-10-06;2026-10-04
ATP;Valentin Royer;104;Grass;ATP;5;7,7088;11,007;2,9979;6,3108;2024-10-06;2026-10-04
ATP;Vilius Gaubas;104;Grass;ATP;1;5,5556;8,6957;2,7778;7,2;2024-10-06;2026-10-04
ATP;Vit Kopriva;104;Grass;ATP;6;9,3578;14,902;5,6881;6,4118;2024-10-06;2026-10-04
ATP;Yannick Hanfmann;104;Grass;ATP;10;12,3847;13,5934;3,0303;6,1707;2024-10-06;2026-10-04
ATP;Yibing Wu;104;Grass;ATP;2;9,901;11,6592;1,9802;5,9412;2024-10-06;2026-10-04
ATP;Yoshihito Nishioka;104;Grass;ATP;2;1,8293;23,8095;2,439;6,56;2024-10-06;2026-10-04
ATP;Zachary Svajda;104;Grass;ATP;4;7,3048;9,5477;3,0227;6,1077;2024-10-06;2026-10-04
ATP;Zhizhen Zhang;104;Grass;ATP;3;12,5;8,1197;1,25;6,4865;2024-10-06;2026-10-04
ATP;Zizou Bergs;104;Grass;ATP;18;8,9494;6,5145;6,7815;6,7887;2024-10-06;2026-10-04
ATP;Adam Walton;104;Grass;ALL;10;7,4371;9,1329;2,2883;6,3796;2024-10-06;2026-10-04
ATP;Adolfo Daniel Vallejo;104;Grass;ALL;2;3,7975;7,7982;5,0633;6,9706;2024-10-06;2026-10-04
ATP;Adrian Mannarino;104;Grass;ALL;26;6,5486;8,9604;2,5228;6,0684;2024-10-06;2026-10-04
ATP;Alastair Gray;104;Grass;ALL;7;11,0664;5,8288;4,829;6,1358;2024-10-06;2026-10-04
ATP;Alejandro Davidovich Fokina;104;Grass;ALL;19;6,2657;9,7391;2,5063;6,1622;2024-10-06;2026-10-04
ATP;Alejandro Tabilo;104;Grass;ALL;3;6,278;14,5729;4,0359;6,5588;2024-10-06;2026-10-04
ATP;Aleksandar Kovacevic;104;Grass;ALL;6;11,0919;16,4286;3,4662;6,4111;2024-10-06;2026-10-04
ATP;Aleksandar Vukic;104;Grass;ALL;10;7,0766;12,4253;2,6682;6,6308;2024-10-06;2026-10-04
ATP;Alex Bolt;104;Grass;ALL;10;10,9649;11,5438;3,5088;6,2182;2024-10-06;2026-10-04
ATP;Alex De Minaur;104;Grass;ALL;16;4,8018;6,0628;3,5823;6,3382;2024-10-06;2026-10-04
ATP;Alex Michelsen;104;Grass;ALL;14;7,4545;6,5331;4,6364;6,1798;2024-10-06;2026-10-04
ATP;Alex Molcan;104;Grass;ALL;3;5,8462;14,6409;2,7692;6,7708;2024-10-06;2026-10-04
ATP;Alexander Blockx;104;Grass;ALL;4;7,4866;8,6294;4,2781;6,8;2024-10-06;2026-10-04
ATP;Alexander Bublik;104;Grass;ALL;14;19,0255;13,0182;4,331;5,9861;2024-10-06;2026-10-04
ATP;Alexander Shevchenko;104;Grass;ALL;2;7,3864;19,3182;4,5455;6,069;2024-10-06;2026-10-04
ATP;Alexander Zverev;104;Grass;ALL;20;13,7988;11,0439;2,254;6,0836;2024-10-06;2026-10-04
ATP;Alexandre Muller;104;Grass;ALL;4;5,1282;18,6441;3,8462;7,6471;2024-10-06;2026-10-04
ATP;Alexei Popyrin;104;Grass;ALL;7;11,6031;9,6423;4,4275;6,4851;2024-10-06;2026-10-04
ATP;Alexis Galarneau;104;Grass;ALL;8;5,942;7,1629;5,2174;6,3889;2024-10-06;2026-10-04
ATP;Andre Ilagan;104;Grass;ALL;2;2,7624;2,994;2,2099;6,9615;2024-10-06;2026-10-04
ATP;Andrey Rublev;104;Grass;ALL;8;10,6195;13,0227;4,9779;6,5036;2024-10-06;2026-10-04
ATP;Arthur Cazaux;104;Grass;ALL;3;12,1127;4,9844;4,507;6,8269;2024-10-06;2026-10-04
ATP;Arthur Fery;104;Grass;ALL;19;5,6039;7,7854;1,8498;6,3599;2024-10-06;2026-10-04
ATP;Arthur Fils;104;Grass;ALL;2;9,6939;11,4833;2,0408;5,7647;2024-10-06;2026-10-04
ATP;Arthur Gea;104;Grass;ALL;6;9,9515;4,7368;6,3107;6,6452;2024-10-06;2026-10-04
ATP;Arthur Rinderknech;104;Grass;ALL;15;15,5208;11,2797;3,8121;6,1723;2024-10-06;2026-10-04
ATP;August Holmgren;104;Grass;ALL;7;13,1122;9,3443;4,8973;6,734;2024-10-06;2026-10-04
ATP;Ben Shelton;104;Grass;ALL;18;13,7892;10,8333;4,2165;6,3818;2024-10-06;2026-10-04
ATP;Benjamin Bonzi;104;Grass;ALL;12;6,6155;11,2086;1,1505;6,2083;2024-10-06;2026-10-04
ATP;Bernard Tomic;104;Grass;ALL;8;7,3298;11,1111;2,9668;6,0957;2024-10-06;2026-10-04
ATP;Billy Harris;104;Grass;ALL;16;7,9968;11,0759;2,7712;6,4439;2024-10-06;2026-10-04
ATP;Borna Gojo;104;Grass;ALL;1;8,1633;12,766;6,1224;5,4444;2024-10-06;2026-10-04
ATP;Botic Van De Zandschulp;104;Grass;ALL;7;8,3855;6,146;4,2553;6,9478;2024-10-06;2026-10-04
ATP;Braden Shick;104;Grass;ALL;1;13,7931;2,2222;5,1724;6,4444;2024-10-06;2026-10-04
ATP;Brandon Nakashima;104;Grass;ALL;15;11,347;11,8719;1,3935;6,2792;2024-10-06;2026-10-04
ATP;Bu Yunchaokete;104;Grass;ALL;10;9,0909;15,6958;3,0769;6,5;2024-10-06;2026-10-04
ATP;Cameron Norrie;104;Grass;ALL;9;6,4985;13,9512;3,4918;6,609;2024-10-06;2026-10-04
ATP;Camilo Ugo Carabelli;104;Grass;ALL;4;4,5455;15,5063;4,8295;7,04;2024-10-06;2026-10-04
ATP;Carlos Alcaraz;104;Grass;ALL;12;12,4172;6,9489;4,3046;6,101;2024-10-06;2026-10-04
ATP;Casper Ruud;104;Grass;ALL;1;9,901;16,3043;5,9406;6,7333;2024-10-06;2026-10-04
ATP;Charles Broom;104;Grass;ALL;2;2,0408;13,8889;7,483;6,3913;2024-10-06;2026-10-04
ATP;Chris Rodesch;104;Grass;ALL;4;7,2464;8,7179;3,3816;6,2727;2024-10-06;2026-10-04
ATP;Christopher Oconnell;104;Grass;ALL;11;10,0817;8,2133;2,3161;6,6727;2024-10-06;2026-10-04
ATP;Chun Hsin Tseng;104;Grass;ALL;2;6,7265;6,9892;5,8296;7,4333;2024-10-06;2026-10-04
ATP;Clement Chidekh;104;Grass;ALL;8;2,9289;7,2056;5,6485;5,975;2024-10-06;2026-10-04
ATP;Clement Tabur;104;Grass;ALL;2;4,8193;3,1447;4,2169;7,2174;2024-10-06;2026-10-04
ATP;Coleman Wong;104;Grass;ALL;7;11,9048;8,6705;4,1667;6,0;2024-10-06;2026-10-04
ATP;Colton Smith;104;Grass;ALL;12;7,0565;6,8277;2,3185;6,7483;2024-10-06;2026-10-04
ATP;Corentin Moutet;104;Grass;ALL;16;4,6709;5,3495;3,397;6,4521;2024-10-06;2026-10-04
ATP;Cristian Garin;104;Grass;ALL;2;6,4;7,9848;1,2;6,25;2024-10-06;2026-10-04
ATP;Dalibor Svrcina;104;Grass;ALL;1;4,065;6,7485;4,065;6,8333;2024-10-06;2026-10-04
ATP;Damir Dzumhur;104;Grass;ALL;5;3,5897;9,1153;4,359;6,5;2024-10-06;2026-10-04
ATP;Dane Sweeny;104;Grass;ALL;12;5,8639;9,6373;3,2461;6,6783;2024-10-06;2026-10-04
ATP;Daniel Altmaier;104;Grass;ALL;12;12,0247;8,1433;4,4193;6,4437;2024-10-06;2026-10-04
ATP;Daniel Merida Aguilar;104;Grass;ALL;2;7,2464;7,4074;2,8986;6,0882;2024-10-06;2026-10-04
ATP;Daniil Glinka;104;Grass;ALL;2;12,6582;4,142;3,1646;6,0769;2024-10-06;2026-10-04
ATP;Daniil Medvedev;104;Grass;ALL;17;11,7143;7,1141;5,5;6,3063;2024-10-06;2026-10-04
ATP;Darwin Blanch;104;Grass;ALL;4;7,6246;4,7761;4,3988;6,434;2024-10-06;2026-10-04
ATP;Denis Shapovalov;104;Grass;ALL;8;8,9261;4,3185;7,9498;6,2348;2024-10-06;2026-10-04
ATP;Diego Dedura Palomero;104;Grass;ALL;1;0,0;12,7273;3,2787;6,7778;2024-10-06;2026-10-04
ATP;Dino Prizmic;104;Grass;ALL;2;5,1724;8,7963;2,5862;6,4444;2024-10-06;2026-10-04
ATP;Dusan Lajovic;104;Grass;ALL;2;3,7037;13,253;3,0864;6,0;2024-10-06;2026-10-04
ATP;Elias Ymer;104;Grass;ALL;4;5,3435;10,757;3,4351;6,3902;2024-10-06;2026-10-04
ATP;Eliot Spizzirri;104;Grass;ALL;6;9,4763;8,3527;2,2444;5,8116;2024-10-06;2026-10-04
ATP;Elmer Moller;104;Grass;ALL;1;2,439;8,9744;15,8537;6,3077;2024-10-06;2026-10-04
ATP;Emilio Nava;104;Grass;ALL;4;14,7783;3,3898;3,4483;6,4444;2024-10-06;2026-10-04
ATP;Ethan Quinn;104;Grass;ALL;13;11,5859;8,1362;6,0779;6,0517;2024-10-06;2026-10-04
ATP;Fabian Marozsan;104;Grass;ALL;14;7,0347;7,8182;2,9386;6,5291;2024-10-06;2026-10-04
ATP;Felix Auger Aliassime;104;Grass;ALL;20;16,5476;6,2073;3,6284;6,0432;2024-10-06;2026-10-04
ATP;Felix Gill;104;Grass;ALL;9;7,1429;10,3038;1,2531;6,7059;2024-10-06;2026-10-04
ATP;Flavio Cobolli;104;Grass;ALL;15;7,6923;8,5161;2,6045;6,8223;2024-10-06;2026-10-04
ATP;Frances Tiafoe;104;Grass;ALL;14;8,5803;14,1261;3,1201;6,41;2024-10-06;2026-10-04
ATP;Francesco Maestrelli;104;Grass;ALL;2;7,5;5,102;1,25;6,6667;2024-10-06;2026-10-04
ATP;Francisco Cerundolo;104;Grass;ALL;8;4,7315;6,1995;4,3478;6,7414;2024-10-06;2026-10-04
ATP;Francisco Comesana;104;Grass;ALL;2;8,1395;5,1613;8,1395;6,88;2024-10-06;2026-10-04
ATP;Gabriel Diallo;104;Grass;ALL;19;11,9325;8,6629;2,8522;6,4345;2024-10-06;2026-10-04
ATP;Gael Monfils;104;Grass;ALL;4;10,5263;3,7344;6,9474;6,4189;2024-10-06;2026-10-04
ATP;Gauthier Onclin;104;Grass;ALL;3;2,2321;18,018;4,4643;6,7879;2024-10-06;2026-10-04
ATP;Giovanni Mpetshi Perricard;104;Grass;ALL;9;20,4637;11,1361;3,8306;6,6577;2024-10-06;2026-10-04
ATP;Grigor Dimitrov;104;Grass;ALL;14;13,0229;8,5283;5,2881;5,9206;2024-10-06;2026-10-04
ATP;Hamad Medjedovic;104;Grass;ALL;7;10,1562;16,1074;5,0;6,8085;2024-10-06;2026-10-04
ATP;Harold Mayot;104;Grass;ALL;2;6,5868;11,3772;4,1916;5,9643;2024-10-06;2026-10-04
ATP;Harry Wendelken;104;Grass;ALL;6;3,5573;11,6732;4,5455;6,6579;2024-10-06;2026-10-04
ATP;Hayato Matsuoka;104;Grass;ALL;1;1,7544;3,6364;5,2632;7,125;2024-10-06;2026-10-04
ATP;Henrique Rocha;104;Grass;ALL;2;3,125;9,0909;1,5625;7,1111;2024-10-06;2026-10-04
ATP;Henry Searle;104;Grass;ALL;15;9,0498;4,6573;3,1674;6,3506;2024-10-06;2026-10-04
ATP;Holger Rune;104;Grass;ALL;4;8,4158;12,3919;5,4455;6,5161;2024-10-06;2026-10-04
ATP;Hubert Hurkacz;104;Grass;ALL;8;17,4603;8,1928;3,1746;6,3;2024-10-06;2026-10-04
ATP;Hugo Dellien;104;Grass;ALL;1;5,2632;21,5686;1,7544;6,0;2024-10-06;2026-10-04
ATP;Hugo Gaston;104;Grass;ALL;3;5,3691;12,3596;1,0067;6,7727;2024-10-06;2026-10-04
ATP;Hugo Grenier;104;Grass;ALL;2;8,3333;10,4348;3,0303;6,9474;2024-10-06;2026-10-04
ATP;Ignacio Buse;104;Grass;ALL;6;3,3264;7,7244;2,4948;6,2468;2024-10-06;2026-10-04
ATP;Igor Ribeiro Marcondes;104;Grass;ALL;1;5,3333;23,1884;1,3333;7,5;2024-10-06;2026-10-04
ATP;Ilya Ivashka;104;Grass;ALL;2;3,3333;9,396;2,0;6,5217;2024-10-06;2026-10-04
ATP;Jack Draper;104;Grass;ALL;10;12,894;9,9371;2,4355;5,7213;2024-10-06;2026-10-04
ATP;Jack Pinnington Jones;104;Grass;ALL;20;6,1259;6,7961;5,9558;6,9409;2024-10-06;2026-10-04
ATP;Jacob Fearnley;104;Grass;ALL;18;5,5474;6,4815;8,1752;6,3426;2024-10-06;2026-10-04
ATP;Jaime Faria;104;Grass;ALL;8;10,6084;11,1667;5,4602;6,2233;2024-10-06;2026-10-04
ATP;Jakub Mensik;104;Grass;ALL;10;16,29;5,4614;4,049;6,4756;2024-10-06;2026-10-04
ATP;James Duckworth;104;Grass;ALL;10;9,5477;12,024;3,7186;6,2975;2024-10-06;2026-10-04
ATP;James Mccabe;104;Grass;ALL;13;10,2304;8,61;3,871;6,9551;2024-10-06;2026-10-04
ATP;Jan Choinski;104;Grass;ALL;7;10,7325;10,3853;2,5554;6,1789;2024-10-06;2026-10-04
ATP;Jan Lennard Struff;104;Grass;ALL;15;13,366;13,3374;4,5371;6,4722;2024-10-06;2026-10-04
ATP;Jannik Sinner;104;Grass;ALL;16;14,3754;8,1569;2,3726;5,8016;2024-10-06;2026-10-04
ATP;Jaume Munar;104;Grass;ALL;11;8,0709;9,6008;4,7244;6,4304;2024-10-06;2026-10-04
ATP;Jay Clarke;104;Grass;ALL;5;8,1365;9,5718;5,2493;6,0476;2024-10-06;2026-10-04
ATP;Jenson Brooksby;104;Grass;ALL;18;5,081;7,6648;1,9146;6,3756;2024-10-06;2026-10-04
ATP;Jerome Kym;104;Grass;ALL;2;6,1321;11,6022;4,2453;7,0667;2024-10-06;2026-10-04
ATP;Jesper De Jong;104;Grass;ALL;6;11,3665;9,8667;5,6194;6,8087;2024-10-06;2026-10-04
ATP;Jiri Lehecka;104;Grass;ALL;19;14,2593;9,9408;2,5309;6,0;2024-10-06;2026-10-04
ATP;Joao Fonseca;104;Grass;ALL;10;7,6999;9,3333;1,9743;6,5355;2024-10-06;2026-10-04
ATP;Johannus Monday;104;Grass;ALL;8;8,402;9,7054;4,2834;6,2577;2024-10-06;2026-10-04
ATP;Juan Manuel Cerundolo;104;Grass;ALL;4;8,5546;4,9383;5,3097;6,6471;2024-10-06;2026-10-04
ATP;Jurij Rodionov;104;Grass;ALL;5;8,0;6,006;4,3333;6,25;2024-10-06;2026-10-04
ATP;Kamil Majchrzak;104;Grass;ALL;18;7,5111;11,412;1,2731;6,284;2024-10-06;2026-10-04
ATP;Karen Khachanov;104;Grass;ALL;15;8,9356;9,2268;2,2339;6,1619;2024-10-06;2026-10-04
ATP;Kyrian Jacquet;104;Grass;ALL;7;8,5973;7,943;3,6199;6,1389;2024-10-06;2026-10-04
ATP;Laslo Djere;104;Grass;ALL;5;7,5;10,7226;4,5455;6,6667;2024-10-06;2026-10-04
ATP;Leandro Riedi;104;Grass;ALL;6;8,9239;11,6618;6,0367;6,2459;2024-10-06;2026-10-04
ATP;Learner Tien;104;Grass;ALL;11;6,9336;7,7249;5,1758;6,8725;2024-10-06;2026-10-04
ATP;Liam Broady;104;Grass;ALL;5;5,5394;6,7797;2,0408;6,7255;2024-10-06;2026-10-04
ATP;Lloyd Harris;104;Grass;ALL;10;19,1358;7,1926;2,716;6,1832;2024-10-06;2026-10-04
ATP;Lorenzo Musetti;104;Grass;ALL;1;5,6075;13,5135;4,6729;5,9444;2024-10-06;2026-10-04
ATP;Lorenzo Sonego;104;Grass;ALL;15;8,458;7,1929;1,5615;6,0751;2024-10-06;2026-10-04
ATP;Luca Nardi;104;Grass;ALL;3;5,5838;8,6022;4,0609;7,0357;2024-10-06;2026-10-04
ATP;Luca Van Assche;104;Grass;ALL;1;4,7619;2,6316;4,7619;6,0;2024-10-06;2026-10-04
ATP;Luciano Darderi;104;Grass;ALL;9;7,1429;12,2905;2,9851;6,7482;2024-10-06;2026-10-04
ATP;Mackenzie Mcdonald;104;Grass;ALL;12;4,8;11,5178;2,8;6,6667;2024-10-06;2026-10-04
ATP;Marc Andrea Huesler;104;Grass;ALL;2;8,4967;12,8205;2,6144;6,375;2024-10-06;2026-10-04
ATP;Marco Trungelliti;104;Grass;ALL;3;4,6196;10,9694;5,9783;6,9434;2024-10-06;2026-10-04
ATP;Marcos Giron;104;Grass;ALL;13;6,0289;9,9321;2,2508;6,5474;2024-10-06;2026-10-04
ATP;Mariano Navone;104;Grass;ALL;4;2,8889;4,9383;2,8889;6,25;2024-10-06;2026-10-04
ATP;Marin Cilic;104;Grass;ALL;16;13,3232;11,9392;3,2551;6,1729;2024-10-06;2026-10-04
ATP;Mark Lajal;104;Grass;ALL;8;8,5062;7,6253;4,3568;6,6027;2024-10-06;2026-10-04
ATP;Martin Damm;104;Grass;ALL;6;12,459;11,5789;3,9344;6,7033;2024-10-06;2026-10-04
ATP;Martin Landaluce;104;Grass;ALL;14;8,4891;14,0164;5,9969;6,551;2024-10-06;2026-10-04
ATP;Marton Fucsovics;104;Grass;ALL;12;6,4685;7,1363;4,6329;6,6901;2024-10-06;2026-10-04
ATP;Matteo Arnaldi;104;Grass;ALL;4;6,9409;9,2219;4,8843;7,2037;2024-10-06;2026-10-04
ATP;Matteo Berrettini;104;Grass;ALL;4;16,2872;8,5258;2,9772;6,2065;2024-10-06;2026-10-04
ATP;Matteo Martineau;104;Grass;ALL;1;7,3171;6,0;1,2195;6,8333;2024-10-06;2026-10-04
ATP;Mattia Bellucci;104;Grass;ALL;14;9,5588;7,9208;4,7386;6,2449;2024-10-06;2026-10-04
ATP;Max Basing;104;Grass;ALL;5;1,3245;6,0465;3,7528;6,8636;2024-10-06;2026-10-04
ATP;Max Schoenhaus;104;Grass;ALL;1;10,6061;12,0;7,5758;7,3333;2024-10-06;2026-10-04
ATP;Michael Zheng;104;Grass;ALL;6;11,6608;6,1818;2,2968;6,5057;2024-10-06;2026-10-04
ATP;Miomir Kecmanovic;104;Grass;ALL;10;4,7572;12,586;2,8741;6,3861;2024-10-06;2026-10-04
ATP;Murphy Cassone;104;Grass;ALL;7;4,8485;11,7202;3,2323;6,4286;2024-10-06;2026-10-04
ATP;Nicolai Budkov Kjaer;104;Grass;ALL;5;7,483;4,5296;6,1224;6,5333;2024-10-06;2026-10-04
ATP;Nicolas Mejia;104;Grass;ALL;4;6,6519;6,1602;2,6608;6,6324;2024-10-06;2026-10-04
ATP;Nikoloz Basilashvili;104;Grass;ALL;3;8,7097;10,1399;5,8065;6,2;2024-10-06;2026-10-04
ATP;Nishesh Basavareddy;104;Grass;ALL;3;3,271;16,2304;5,1402;6,6875;2024-10-06;2026-10-04
ATP;Novak Djokovic;104;Grass;ALL;12;11,9195;10,6831;2,322;6,0657;2024-10-06;2026-10-04
ATP;Nuno Borges;104;Grass;ALL;17;9,2827;8,7103;1,4768;6,2368;2024-10-06;2026-10-04
ATP;Oliver Crawford;104;Grass;ALL;10;4,7897;11,1111;3,3879;6,5344;2024-10-06;2026-10-04
ATP;Otto Virtanen;104;Grass;ALL;18;17,1182;7,6651;3,6946;6,5484;2024-10-06;2026-10-04
ATP;Pablo Carreno Busta;104;Grass;ALL;2;4,0323;8,658;2,4194;7,5152;2024-10-06;2026-10-04
ATP;Pablo Llamas Ruiz;104;Grass;ALL;1;2,2727;9,0909;1,1364;7,3333;2024-10-06;2026-10-04
ATP;Patrick Kypson;104;Grass;ALL;3;8,7248;10,8392;4,0268;6,7727;2024-10-06;2026-10-04
ATP;Pedro Martinez;104;Grass;ALL;5;0,2222;10,9223;4,4444;6,8182;2024-10-06;2026-10-04
ATP;Pierre Hugues Herbert;104;Grass;ALL;4;12,6354;6,3604;10,1083;6,1556;2024-10-06;2026-10-04
ATP;Quentin Halys;104;Grass;ALL;11;13,5678;9,5238;5,7789;5,985;2024-10-06;2026-10-04
ATP;Rafael Jodar;104;Grass;ALL;3;7,027;4,7493;3,5135;6,4912;2024-10-06;2026-10-04
ATP;Raphael Collignon;104;Grass;ALL;6;11,5152;12,035;7,0707;6,1875;2024-10-06;2026-10-04
ATP;Rei Sakamoto;104;Grass;ALL;1;7,8431;8,4507;1,9608;5,6667;2024-10-06;2026-10-04
ATP;Reilly Opelka;104;Grass;ALL;10;18,9032;10,6538;3,9673;6,4436;2024-10-06;2026-10-04
ATP;Remy Bertola;104;Grass;ALL;5;10,1124;8,2019;6,4607;6,4727;2024-10-06;2026-10-04
ATP;Rinky Hijikata;104;Grass;ALL;17;6,0806;10,3526;2,7839;6,3785;2024-10-06;2026-10-04
ATP;Rio Noguchi;104;Grass;ALL;2;1,2658;4,3716;2,5316;6,32;2024-10-06;2026-10-04
ATP;Roberto Bautista Agut;104;Grass;ALL;11;5,0273;13,9328;1,3115;6,0596;2024-10-06;2026-10-04
ATP;Roberto Carballes Baena;104;Grass;ALL;1;4,2105;9,0909;4,2105;6,7857;2024-10-06;2026-10-04
ATP;Roman Andres Burruchaga;104;Grass;ALL;2;3,8043;4,1176;5,4348;6,8148;2024-10-06;2026-10-04
ATP;Roman Safiullin;104;Grass;ALL;12;9,4729;11,2409;3,1322;6,3237;2024-10-06;2026-10-04
ATP;Sebastian Baez;104;Grass;ALL;2;2,4272;15,1515;2,4272;6,0588;2024-10-06;2026-10-04
ATP;Sebastian Ofner;104;Grass;ALL;6;12,8696;11,1675;3,6522;6,3187;2024-10-06;2026-10-04
ATP;Shintaro Mochizuki;104;Grass;ALL;19;4,3902;8,921;3,3537;6,6129;2024-10-06;2026-10-04
ATP;Sho Shimabukuro;104;Grass;ALL;12;11,1449;12,6804;4,3566;6,4091;2024-10-06;2026-10-04
ATP;Soon Woo Kwon;104;Grass;ALL;3;7,5697;15,8333;5,1793;6,6053;2024-10-06;2026-10-04
ATP;Stan Wawrinka;104;Grass;ALL;1;10,0;17,4699;3,8889;7,5;2024-10-06;2026-10-04
ATP;Stefan Kozlov;104;Grass;ALL;3;2,0408;3,8462;3,2653;6,4474;2024-10-06;2026-10-04
ATP;Stefanos Sakellaridis;104;Grass;ALL;3;4,6729;4,4248;4,2056;6,1143;2024-10-06;2026-10-04
ATP;Stefanos Tsitsipas;104;Grass;ALL;6;13,4396;10,6095;4,5558;6,1831;2024-10-06;2026-10-04
ATP;Tallon Griekspoor;104;Grass;ALL;9;9,8214;11,8056;3,9541;6,5882;2024-10-06;2026-10-04
ATP;Taylor Fritz;104;Grass;ALL;29;18,0093;10,2941;2,0139;5,8022;2024-10-06;2026-10-04
ATP;Terence Atmane;104;Grass;ALL;9;11,5136;7,9739;3,7516;6,0866;2024-10-06;2026-10-04
ATP;Thiago Agustin Tirante;104;Grass;ALL;3;9,5833;8,5308;6,25;7,0588;2024-10-06;2026-10-04
ATP;Titouan Droguet;104;Grass;ALL;5;11,7962;5,0847;1,3405;6,322;2024-10-06;2026-10-04
ATP;Toby Samuel;104;Grass;ALL;6;5,8957;8,5919;2,7211;6,4853;2024-10-06;2026-10-04
ATP;Tom Gentzsch;104;Grass;ALL;1;23,1481;4,4643;0,9259;6,75;2024-10-06;2026-10-04
ATP;Tomas Barrios Vera;104;Grass;ALL;4;4,9383;9,7378;2,4691;6,075;2024-10-06;2026-10-04
ATP;Tomas Machac;104;Grass;ALL;5;9,5436;13,4809;3,3195;6,1795;2024-10-06;2026-10-04
ATP;Tomas Martin Etcheverry;104;Grass;ALL;9;9,1613;10,0765;2,0645;6,5126;2024-10-06;2026-10-04
ATP;Tommy Paul;104;Grass;ALL;11;10,2481;5,7;2,9126;6,1391;2024-10-06;2026-10-04
ATP;Tristan Boyer;104;Grass;ALL;4;5,9006;7,1429;5,5901;7,1556;2024-10-06;2026-10-04
ATP;Tristan Schoolkate;104;Grass;ALL;15;11,5657;7,1483;6,4516;6,5855;2024-10-06;2026-10-04
ATP;Ugo Humbert;104;Grass;ALL;20;8,7119;7,7889;3,9826;6,1808;2024-10-06;2026-10-04
ATP;Valentin Royer;104;Grass;ALL;6;7,0632;13,0081;2,7881;6,4048;2024-10-06;2026-10-04
ATP;Vilius Gaubas;104;Grass;ALL;1;5,5556;8,6957;2,7778;7,2;2024-10-06;2026-10-04
ATP;Vit Kopriva;104;Grass;ALL;6;9,3578;14,902;5,6881;6,4118;2024-10-06;2026-10-04
ATP;Yannick Hanfmann;104;Grass;ALL;10;12,3847;13,5934;3,0303;6,1707;2024-10-06;2026-10-04
ATP;Yi Zhou;104;Grass;ALL;6;6,639;7,5294;3,527;7,303;2024-10-06;2026-10-04
ATP;Yibing Wu;104;Grass;ALL;5;7,2893;10,1896;3,1891;6,5522;2024-10-06;2026-10-04
ATP;Yoshihito Nishioka;104;Grass;ALL;3;5,0;21,5;2,2727;6,4706;2024-10-06;2026-10-04
ATP;Yu Hsiou Hsu;104;Grass;ALL;2;1,5625;9,7561;2,3438;6,4;2024-10-06;2026-10-04
ATP;Zachary Svajda;104;Grass;ALL;15;10,5437;9,8039;2,2241;6,1624;2024-10-06;2026-10-04
ATP;Zhizhen Zhang;104;Grass;ALL;8;13,2267;13,1507;1,8895;6,5524;2024-10-06;2026-10-04
ATP;Zizou Bergs;104;Grass;ALL;18;8,9494;6,5145;6,7815;6,7887;2024-10-06;2026-10-04
WTA;Ajla Tomljanovic;26;All;WTA;3;1,2245;2,8807;9,3878;7,0;2026-04-05;2026-10-04
WTA;Alevtina Ibragimova;26;All;WTA;2;2,3474;2,4752;1,4085;7,1;2026-04-05;2026-10-04
WTA;Alexandra Eala;26;All;WTA;34;2,2831;5,9322;3,7775;6,6;2026-04-05;2026-10-04
WTA;Alexandra Shubladze;26;All;WTA;4;1,0204;0,7194;6,4626;6,6818;2026-04-05;2026-10-04
WTA;Aliaksandra Sasnovich;26;All;WTA;6;3,7152;9,2219;4,644;6,2115;2026-04-05;2026-10-04
WTA;Alicia Dudeney;26;All;WTA;1;0,0;3,2787;7,0175;6,3333;2026-04-05;2026-10-04
WTA;Alina Charaeva;26;All;WTA;4;4,893;4,5822;6,7278;6,1698;2026-04-05;2026-10-04
WTA;Alina Korneeva;26;All;WTA;7;3,066;2,7638;3,5377;6,9508;2026-04-05;2026-10-04
WTA;Aliona Falei;26;All;WTA;4;3,3003;4,0678;4,9505;7,0465;2026-04-05;2026-10-04
WTA;Alycia Parks;26;All;WTA;19;8,1448;3,3305;10,181;6,7653;2026-04-05;2026-10-04
WTA;Amanda Anisimova;26;All;WTA;14;6,087;3,2385;6,6667;6,5506;2026-04-05;2026-10-04
WTA;Anastasia Gasanova;26;All;WTA;3;1,4706;10,8108;10,2941;7,1579;2026-04-05;2026-10-04
WTA;Anastasia Potapova;26;All;WTA;26;4,4886;2,8518;6,0795;6,9291;2026-04-05;2026-10-04
WTA;Anastasia Tikhonova;26;All;WTA;1;4,8544;2,9703;10,6796;6,4375;2026-04-05;2026-10-04
WTA;Anastasia Zakharova;26;All;WTA;7;1,0417;8,3135;5,625;6,9565;2026-04-05;2026-10-04
WTA;Andrea Lazaro Garcia;26;All;WTA;1;3,2787;2,2222;6,5574;6,7778;2026-04-05;2026-10-04
WTA;Anhelina Kalinina;26;All;WTA;11;2,521;5,9441;5,8824;6,4077;2026-04-05;2026-10-04
WTA;Ann Li;26;All;WTA;24;5,9146;3,957;4,4907;6,7881;2026-04-05;2026-10-04
WTA;Anna Blinkova;26;All;WTA;11;1,5421;4,9351;5,5753;7,3947;2026-04-05;2026-10-04
WTA;Anna Bondar;26;All;WTA;13;3,9604;4,3478;4,0504;7,0316;2026-04-05;2026-10-04
WTA;Anna Kalinskaya;26;All;WTA;22;4,2146;7,0102;8,6845;6,3401;2026-04-05;2026-10-04
WTA;Anna Lena Friedsam;26;All;WTA;1;3,0;4,4944;3,0;6,6667;2026-04-05;2026-10-04
WTA;Anna Siskova;26;All;WTA;1;2,7778;3,75;1,3889;7,2;2026-04-05;2026-10-04
WTA;Anouk Koevermans;26;All;WTA;1;2,0;0,0;6,0;5,5556;2026-04-05;2026-10-04
WTA;Antonia Ruzic;26;All;WTA;16;1,0476;5,7449;4,2857;6,3253;2026-04-05;2026-10-04
WTA;Arantxa Rus;26;All;WTA;1;1,5625;4,2857;6,25;6,4;2026-04-05;2026-10-04
WTA;Aryna Sabalenka;26;All;WTA;27;8,2148;6,9965;4,476;6,3939;2026-04-05;2026-10-04
WTA;Ashlyn Krueger;26;All;WTA;11;6,7529;3,3283;8,3333;6,6286;2026-04-05;2026-10-04
WTA;Ayla Aksu;26;All;WTA;1;1,6949;6,8966;15,2542;6,5556;2026-04-05;2026-10-04
WTA;Barbora Krejcikova;26;All;WTA;10;4,9751;4,3081;6,3433;7,0526;2026-04-05;2026-10-04
WTA;Belinda Bencic;26;All;WTA;15;3,6967;5,0353;5,4976;6,6772;2026-04-05;2026-10-04
WTA;Berfu Cengiz;26;All;WTA;1;0,0;0,0;14,2857;11,6667;2026-04-05;2026-10-04
WTA;Bianca Andreescu;26;All;WTA;5;5,1351;4,644;5,6757;6,9811;2026-04-05;2026-10-04
WTA;Cadence Brace;26;All;WTA;1;0,0;11,3208;4,5455;7,3333;2026-04-05;2026-10-04
WTA;Camila Osorio;26;All;WTA;11;1,6461;5,829;7,6818;6,4513;2026-04-05;2026-10-04
WTA;Carol Young Suh Lee;26;All;WTA;1;7,2072;0,0;2,7027;8,5385;2026-04-05;2026-10-04
WTA;Carole Monnet;26;All;WTA;2;0,995;0,5291;7,9602;8,04;2026-04-05;2026-10-04
WTA;Caroline Dolehide;26;All;WTA;3;0,9091;4,0609;7,7273;6,4706;2026-04-05;2026-10-04
WTA;Caty Mcnally;26;All;WTA;16;1,2438;2,6701;5,3068;7,2216;2026-04-05;2026-10-04
WTA;Claire Liu;26;All;WTA;3;1,1236;2,0833;4,1199;6,5122;2026-04-05;2026-10-04
WTA;Clara Tauson;26;All;WTA;16;9,0317;6,8369;6,0212;6,7158;2026-04-05;2026-10-04
WTA;Coco Gauff;26;All;WTA;35;5,2154;2,5501;6,2736;6,3759;2026-04-05;2026-10-04
WTA;Cristina Bucsa;26;All;WTA;17;1,7872;3,566;4,6304;6,445;2026-04-05;2026-10-04
WTA;Dalma Galfi;26;All;WTA;8;5,4674;2,3346;4,7619;7,0875;2026-04-05;2026-10-04
WTA;Daria Kasatkina;26;All;WTA;15;2,8391;3,786;7,4921;7,1236;2026-04-05;2026-10-04
WTA;Daria Khomutsianskaya;26;All;WTA;1;4,1667;2,7778;1,0417;6,4;2026-04-05;2026-10-04
WTA;Daria Snigur;26;All;WTA;10;1,3514;5,2151;4,1892;6,6667;2026-04-05;2026-10-04
WTA;Darja Semenistaja;26;All;WTA;2;2,4;7,6471;2,4;5,9524;2026-04-05;2026-10-04
WTA;Darja Vidmanova;26;All;WTA;8;4,9451;7,3214;3,1136;6,0667;2026-04-05;2026-10-04
WTA;Dayana Yastremska;26;All;WTA;11;2,6316;3,8153;6,2105;6,5972;2026-04-05;2026-10-04
WTA;Diana Shnaider;26;All;WTA;24;2,301;5,1713;4,602;6,5366;2026-04-05;2026-10-04
WTA;Diane Parry;26;All;WTA;20;5,9129;5,0754;5,1332;6,7797;2026-04-05;2026-10-04
WTA;Donna Vekic;26;All;WTA;17;5,4014;4,7829;5,7014;6,5024;2026-04-05;2026-10-04
WTA;Ekaterina Alexandrova;26;All;WTA;24;6,4712;5,6571;6,3053;6,797;2026-04-05;2026-10-04
WTA;Elena Gabriela Ruse;26;All;WTA;19;6,2798;3,5741;6,7568;6,6211;2026-04-05;2026-10-04
WTA;Elena Micic;26;All;WTA;1;3,7037;9,2593;11,1111;6,0;2026-04-05;2026-10-04
WTA;Elena Pridankina;26;All;WTA;3;2,5751;1,3453;6,867;6,4722;2026-04-05;2026-10-04
WTA;Elena Ruxandra Bertea;26;All;WTA;1;0,0;0,0;4,7059;6,5385;2026-04-05;2026-10-04
WTA;Elena Rybakina;26;All;WTA;35;8,8933;3,8099;5,0198;6,2469;2026-04-05;2026-10-04
WTA;Elina Svitolina;26;All;WTA;27;4,1831;3,1154;5,1673;6,8881;2026-04-05;2026-10-04
WTA;Elisabetta Cocciaretto;26;All;WTA;11;0,7342;6,044;5,8737;6,3645;2026-04-05;2026-10-04
WTA;Elise Mertens;26;All;WTA;28;6,6367;3,7351;6,8363;6,6139;2026-04-05;2026-10-04
WTA;Ella Seidel;26;All;WTA;3;2,2599;12,0253;6,7797;6,5556;2026-04-05;2026-10-04
WTA;Elsa Jacquemot;26;All;WTA;6;4,3796;3,7129;8,0292;6,9661;2026-04-05;2026-10-04
WTA;Elvina Kalieva;26;All;WTA;5;5,7592;5,2109;3,6649;7,64;2026-04-05;2026-10-04
WTA;Emerson Jones;26;All;WTA;5;2,346;4,1176;4,1056;6,6863;2026-04-05;2026-10-04
WTA;Emiliana Arango;26;All;WTA;8;3,5294;2,5316;4,0;6,4394;2026-04-05;2026-10-04
WTA;Emma Navarro;26;All;WTA;22;6,3305;4,3429;5,8263;6,813;2026-04-05;2026-10-04
WTA;Emma Raducanu;26;All;WTA;6;3,4667;2,8986;5,8667;6,6964;2026-04-05;2026-10-04
WTA;Erika Andreeva;26;All;WTA;4;2,7451;1,1194;2,7451;6,375;2026-04-05;2026-10-04
WTA;Eva Lys;26;All;WTA;14;1,8219;6,5875;7,3887;6,8611;2026-04-05;2026-10-04
WTA;Fangran Tian;26;All;WTA;1;0,0;0,0;4,2553;6,7143;2026-04-05;2026-10-04
WTA;Federica Urgesi;26;All;WTA;1;1,9231;2,381;3,8462;7,4286;2026-04-05;2026-10-04
WTA;Fiona Crawley;26;All;WTA;2;1,3514;1,3514;4,7297;6,4348;2026-04-05;2026-10-04
WTA;Fiona Ferro;26;All;WTA;3;1,2121;6,0;3,6364;6,3462;2026-04-05;2026-10-04
WTA;Francesca Jones;26;All;WTA;4;2,4648;9,9174;4,5775;6,9268;2026-04-05;2026-10-04
WTA;Gabriela Andrea Knutson;26;All;WTA;2;7,9208;6,6116;8,9109;5,9412;2026-04-05;2026-10-04
WTA;Hailey Baptiste;26;All;WTA;7;7,9208;2,7027;5,9406;7,3012;2026-04-05;2026-10-04
WTA;Han Shi;26;All;WTA;1;4,4248;2,1505;6,1947;7,5333;2026-04-05;2026-10-04
WTA;Hanne Vandewinkel;26;All;WTA;3;4,698;3,719;7,047;7,8421;2026-04-05;2026-10-04
WTA;Harriet Dart;26;All;WTA;8;3,8136;4,0431;5,791;6,8738;2026-04-05;2026-10-04
WTA;Haruka Kaji;26;All;WTA;1;0,0;3,3898;1,7241;6,4444;2026-04-05;2026-10-04
WTA;Hayu Kinoshita;26;All;WTA;1;0,0;0,0;1,4493;6,9;2026-04-05;2026-10-04
WTA;Himeno Sakatsume;26;All;WTA;2;2,809;0,5181;3,3708;6,5926;2026-04-05;2026-10-04
WTA;Iga Swiatek;26;All;WTA;29;2,328;2,6596;4,8677;6,5398;2026-04-05;2026-10-04
WTA;Iryna Shymanovich;26;All;WTA;2;1,6667;2,5;7,5;6,6667;2026-04-05;2026-10-04
WTA;Iva Jovic;26;All;WTA;27;3,3943;3,6401;3,5509;6,5136;2026-04-05;2026-10-04
WTA;Janice Tjen;26;All;WTA;17;7,3266;4,6363;4,6765;6,7173;2026-04-05;2026-10-04
WTA;Jaqueline Cristian;26;All;WTA;11;3,6364;2,9083;3,7576;6,5476;2026-04-05;2026-10-04
WTA;Jasmine Paolini;26;All;WTA;14;1,645;4,5287;2,9437;7,0;2026-04-05;2026-10-04
WTA;Jelena Ostapenko;26;All;WTA;17;5,8873;6,7397;11,6905;6,462;2026-04-05;2026-10-04
WTA;Jennifer Ruggeri;26;All;WTA;1;0,0;0,0;10,8434;6,3846;2026-04-05;2026-10-04
WTA;Jessica Bouzas Maneiro;26;All;WTA;16;1,4164;3,7964;5,288;6,4573;2026-04-05;2026-10-04
WTA;Jessica Pegula;26;All;WTA;34;5,7267;4,829;2,9501;6,3151;2026-04-05;2026-10-04
WTA;Joanna Garland;26;All;WTA;2;4,698;4,5455;4,698;5,96;2026-04-05;2026-10-04
WTA;Julia Grabher;26;All;WTA;4;3,2129;1,7065;7,2289;6,5526;2026-04-05;2026-10-04
WTA;Julia Riera;26;All;WTA;2;4,2254;1,5625;5,6338;7,4737;2026-04-05;2026-10-04
WTA;Julieta Pareja;26;All;WTA;1;2,6667;9,7561;8,0;7,5;2026-04-05;2026-10-04
WTA;Kaitlin Quevedo;26;All;WTA;3;1,6129;5,2356;3,7634;6,8889;2026-04-05;2026-10-04
WTA;Kamilla Rakhimova;26;All;WTA;16;2,3866;5,0961;6,3644;6,8689;2026-04-05;2026-10-04
WTA;Karolina Muchova;26;All;WTA;23;6,6393;4,6083;2,3272;6,1907;2026-04-05;2026-10-04
WTA;Karolina Pliskova;26;All;WTA;22;5,632;4,5854;8,5732;6,5761;2026-04-05;2026-10-04
WTA;Katarina Zavatska;26;All;WTA;1;0,0;4,6512;1,6949;8,4286;2026-04-05;2026-10-04
WTA;Katarzyna Kawa;26;All;WTA;1;5,2632;0,0;5,2632;6,3333;2026-04-05;2026-10-04
WTA;Katerina Siniakova;26;All;WTA;18;2,8676;3,9275;6,9853;7,0103;2026-04-05;2026-10-04
WTA;Katherine Sebov;26;All;WTA;2;0,0;5,5556;5,4688;6,7368;2026-04-05;2026-10-04
WTA;Katie Boulter;26;All;WTA;18;3,286;6,3861;9,41;6,695;2026-04-05;2026-10-04
WTA;Katie Swan;26;All;WTA;2;1,8349;6,25;8,2569;6,0556;2026-04-05;2026-10-04
WTA;Katie Volynets;26;All;WTA;6;0,5825;6,4516;2,1359;7,2535;2026-04-05;2026-10-04
WTA;Kayla Cross;26;All;WTA;2;9,0323;2,0134;6,4516;6,7391;2026-04-05;2026-10-04
WTA;Kayla Day;26;All;WTA;6;6,1433;3,4221;6,314;7,325;2026-04-05;2026-10-04
WTA;Kimberly Birrell;26;All;WTA;10;2,845;5,4598;8,3926;6,6321;2026-04-05;2026-10-04
WTA;Kristina Liutova;26;All;WTA;1;1,1111;12,8205;5,5556;6,9231;2026-04-05;2026-10-04
WTA;Lanlana Tararudee;26;All;WTA;6;5,1125;5,7426;5,317;6,7917;2026-04-05;2026-10-04
WTA;Laura Samson;26;All;WTA;3;4,9261;7,0;3,9409;6,7667;2026-04-05;2026-10-04
WTA;Laura Siegemund;26;All;WTA;10;1,8786;3,7258;3,0347;6,7184;2026-04-05;2026-10-04
WTA;Leolia Jeanjean;26;All;WTA;14;2,4259;1,5018;6,3792;6,5858;2026-04-05;2026-10-04
WTA;Leylah Fernandez;26;All;WTA;29;3,4435;3,6023;6,4279;6,6606;2026-04-05;2026-10-04
WTA;Lilli Tagger;26;All;WTA;10;5,3665;3,9541;3,7958;6,7018;2026-04-05;2026-10-04
WTA;Lin Zhu;26;All;WTA;2;0,8772;7,3333;0,8772;5,4286;2026-04-05;2026-10-04
WTA;Linda Fruhvirtova;26;All;WTA;3;2,6738;1,7316;10,1604;6,2333;2026-04-05;2026-10-04
WTA;Linda Noskova;26;All;WTA;32;9,8368;8,1286;7,1019;6,552;2026-04-05;2026-10-04
WTA;Lisa Pigato;26;All;WTA;1;0,0;2,5;10,5263;6,3333;2026-04-05;2026-10-04
WTA;Liudmila Samsonova;26;All;WTA;29;4,2024;4,5942;6,3894;6,8387;2026-04-05;2026-10-04
WTA;Lois Boisson;26;All;WTA;15;5,9104;3,6346;5,3384;6,5155;2026-04-05;2026-10-04
WTA;Lola Radivojevic;26;All;WTA;1;3,5088;3,7037;7,0175;7,125;2026-04-05;2026-10-04
WTA;Lucia Bronzetti;26;All;WTA;2;0,6579;1,9868;5,9211;6,6087;2026-04-05;2026-10-04
WTA;Lucie Havlickova;26;All;WTA;1;6,25;6,0606;9,375;7,1111;2026-04-05;2026-10-04
WTA;Lucrezia Stefanini;26;All;WTA;9;0,1618;1,8303;3,3981;6,5745;2026-04-05;2026-10-04
WTA;Maddison Inglis;26;All;WTA;3;0,8658;3,2653;1,7316;6,6;2026-04-05;2026-10-04
WTA;Madison Keys;26;All;WTA;19;6,774;2,5259;4,896;6,4826;2026-04-05;2026-10-04
WTA;Magda Linette;26;All;WTA;10;4,1322;4,3269;3,9669;5,9901;2026-04-05;2026-10-04
WTA;Magdalena Frech;26;All;WTA;20;3,8924;3,9216;3,1847;6,7933;2026-04-05;2026-10-04
WTA;Mai Hontama;26;All;WTA;1;3,125;5,9701;1,5625;6,4;2026-04-05;2026-10-04
WTA;Maja Chwalinska;26;All;WTA;11;1,1478;4,9774;3,2999;6,5755;2026-04-05;2026-10-04
WTA;Mananchaya Sawangkaew;26;All;WTA;6;2,6442;4,5662;6,9712;6,7097;2026-04-05;2026-10-04
WTA;Maria Sakkari;26;All;WTA;18;5,4183;3,8811;4,7809;6,5707;2026-04-05;2026-10-04
WTA;Maria Timofeeva;26;All;WTA;8;4,0084;1,1881;4,4304;6,32;2026-04-05;2026-10-04
WTA;Marie Bouzkova;26;All;WTA;19;2,3981;2,8655;4,6363;6,619;2026-04-05;2026-10-04
WTA;Marina Bassols Ribera;26;All;WTA;1;1,4085;7,1429;8,4507;6,4545;2026-04-05;2026-10-04
WTA;Marta Kostyuk;26;All;WTA;24;6,2236;0,7282;6,5861;6,4147;2026-04-05;2026-10-04
WTA;Martyna Kubka;26;All;WTA;2;0,6849;5,0725;2,0548;6,3478;2026-04-05;2026-10-04
WTA;Mary Stoiana;26;All;WTA;2;0,9009;2,5641;5,4054;6,5294;2026-04-05;2026-10-04
WTA;Maya Joint;26;All;WTA;12;2,468;4,1537;4,1133;7,3919;2026-04-05;2026-10-04
WTA;Mayar Sherif;26;All;WTA;2;1,4286;1,9048;5,0;8,2353;2026-04-05;2026-10-04
WTA;Mccartney Kessler;26;All;WTA;10;3,268;3,1507;4,183;7,217;2026-04-05;2026-10-04
WTA;Mei Yamaguchi;26;All;WTA;2;1,0638;7,2727;3,1915;5,5294;2026-04-05;2026-10-04
WTA;Mika Stojsavljevic;26;All;WTA;2;4,9505;3,8835;5,9406;6,7333;2026-04-05;2026-10-04
WTA;Mirra Andreeva;26;All;WTA;34;4,8173;3,363;5,191;6,5973;2026-04-05;2026-10-04
WTA;Moyuka Uchijima;26;All;WTA;3;6,3107;3,5176;6,3107;6,6452;2026-04-05;2026-10-04
WTA;Nadia Podoroska;26;All;WTA;3;3,1088;7,109;6,2176;6,2258;2026-04-05;2026-10-04
WTA;Nao Hibino;26;All;WTA;3;1,8018;6,8627;4,5045;6,9375;2026-04-05;2026-10-04
WTA;Naomi Osaka;26;All;WTA;28;8,9382;4,1503;4,117;6,4321;2026-04-05;2026-10-04
WTA;Nikola Bartunkova;26;All;WTA;22;6,6125;3,6848;5,8585;6,5551;2026-04-05;2026-10-04
WTA;Noemi Basiletti;26;All;WTA;2;0,0;1,25;0,8;6,5789;2026-04-05;2026-10-04
WTA;Noma Noha Akugue;26;All;WTA;2;1,8692;5,2083;2,8037;6,2941;2026-04-05;2026-10-04
WTA;Nuria Brancaccio;26;All;WTA;1;0,0;3,125;0,0;9,25;2026-04-05;2026-10-04
WTA;Oksana Selekhmeteva;26;All;WTA;6;0,4762;2,9056;10,7143;6,7742;2026-04-05;2026-10-04
WTA;Oleksandra Oliynykova;26;All;WTA;17;1,2685;1,9048;5,1797;6,7571;2026-04-05;2026-10-04
WTA;Panna Udvardy;26;All;WTA;15;4,8872;4,7389;3,6654;6,5679;2026-04-05;2026-10-04
WTA;Paula Badosa;26;All;WTA;11;5,0109;5,0733;8,9325;6,9545;2026-04-05;2026-10-04
WTA;Petra Marcinko;26;All;WTA;7;4,0741;4,4444;8,5185;6,5854;2026-04-05;2026-10-04
WTA;Peyton Stearns;26;All;WTA;17;4,9249;6,8016;5,9265;6,5109;2026-04-05;2026-10-04
WTA;Polina Iatcenko;26;All;WTA;3;0,4831;3,653;7,2464;6,4688;2026-04-05;2026-10-04
WTA;Polina Kudermetova;26;All;WTA;7;3,7255;6,3241;8,8235;6,5385;2026-04-05;2026-10-04
WTA;Qinwen Zheng;26;All;WTA;17;10,4816;4,426;6,5156;6,3604;2026-04-05;2026-10-04
WTA;Rebecca Sramkova;26;All;WTA;4;5,0209;2,6718;5,4393;6,1282;2026-04-05;2026-10-04
WTA;Rebeka Masarova;26;All;WTA;4;6,6202;1,4134;6,6202;6,2391;2026-04-05;2026-10-04
WTA;Reese Brantmeier;26;All;WTA;1;1,6393;0,0;3,2787;6,1;2026-04-05;2026-10-04
WTA;Renata Zarazua;26;All;WTA;10;0,4491;8,855;2,5449;6,68;2026-04-05;2026-10-04
WTA;Rina Saigo;26;All;WTA;1;0,0;0,0;0,0;6,9;2026-04-05;2026-10-04
WTA;Robin Montgomery;26;All;WTA;4;6,4067;3,352;5,0139;7,3265;2026-04-05;2026-10-04
WTA;Sara Bejlek;26;All;WTA;15;1,8;1,7164;4,1;6,25;2026-04-05;2026-10-04
WTA;Sara Saito;26;All;WTA;1;1,7857;4,0816;8,9286;6,2222;2026-04-05;2026-10-04
WTA;Sara Sorribes Tormo;26;All;WTA;5;1,173;1,9608;2,6393;6,3148;2026-04-05;2026-10-04
WTA;Shuai Zhang;26;All;WTA;19;2,2866;7,3302;3,2774;6,9053;2026-04-05;2026-10-04
WTA;Simona Waltert;26;All;WTA;10;3,0;3,1766;7,0;6,7797;2026-04-05;2026-10-04
WTA;Sinja Kraus;26;All;WTA;9;1,8868;3,3929;4,6312;6,8588;2026-04-05;2026-10-04
WTA;Sloane Stephens;26;All;WTA;12;1,3049;5,6901;2,9656;6,8537;2026-04-05;2026-10-04
WTA;Sofia Costoulas;26;All;WTA;3;4,0323;4,1152;4,0323;7,0857;2026-04-05;2026-10-04
WTA;Sofia Kenin;26;All;WTA;11;2,4;10,6481;6,0;6,0976;2026-04-05;2026-10-04
WTA;Sofya Lansere;26;All;WTA;3;4,7904;1,105;8,982;6,4231;2026-04-05;2026-10-04
WTA;Solana Sierra;26;All;WTA;12;2,9805;3,8857;7,5026;7,1022;2026-04-05;2026-10-04
WTA;Sonay Kartal;26;All;WTA;2;1,0;2,4;2,0;5,8824;2026-04-05;2026-10-04
WTA;Sorana Cirstea;26;All;WTA;23;5,5203;2,8977;3,8071;6,4856;2026-04-05;2026-10-04
WTA;Storm Hunter;26;All;WTA;4;3,0303;6,9672;4,329;6,2432;2026-04-05;2026-10-04
WTA;Suzan Lamens;26;All;WTA;2;2,2059;8,3333;12,5;6,4762;2026-04-05;2026-10-04
WTA;Talia Gibson;26;All;WTA;15;5,3275;5,3211;6,4629;6,7751;2026-04-05;2026-10-04
WTA;Tamara Korpatsch;26;All;WTA;10;2,6688;2,7732;5,6515;6,5;2026-04-05;2026-10-04
WTA;Tamara Zidansek;26;All;WTA;1;1,2821;3,1746;3,8462;7,8;2026-04-05;2026-10-04
WTA;Tatiana Prozorova;26;All;WTA;3;3,3537;2,1148;3,0488;6,8333;2026-04-05;2026-10-04
WTA;Tatjana Maria;26;All;WTA;14;6,1224;4,0777;4,4704;6,7255;2026-04-05;2026-10-04
WTA;Taylah Preston;26;All;WTA;4;3,5088;8,6957;7,4561;6,3333;2026-04-05;2026-10-04
WTA;Taylor Townsend;26;All;WTA;15;6,5455;3,6298;2,6364;6,5476;2026-04-05;2026-10-04
WTA;Teodora Kostovic;26;All;WTA;4;2,974;3,2847;6,3197;6,2558;2026-04-05;2026-10-04
WTA;Tereza Valentova;26;All;WTA;7;1,7857;2,4691;5,754;6,72;2026-04-05;2026-10-04
WTA;Tyra Caterina Grant;26;All;WTA;7;4,3478;4,7109;8,2609;6,3889;2026-04-05;2026-10-04
WTA;Varvara Lepchenko;26;All;WTA;1;1,3889;11,6279;9,7222;5,1429;2026-04-05;2026-10-04
WTA;Vendula Valdmannova;26;All;WTA;1;0,0;1,3158;7,6923;5,7778;2026-04-05;2026-10-04
WTA;Veronika Erjavec;26;All;WTA;2;2,3148;3,7234;1,3889;7,2;2026-04-05;2026-10-04
WTA;Victoria Jimenez Kasintseva;26;All;WTA;3;1,1834;4,9451;10,6509;6,2593;2026-04-05;2026-10-04
WTA;Victoria Mboko;26;All;WTA;6;4,8565;3,1026;6,181;7,0781;2026-04-05;2026-10-04
WTA;Viktoria Hruncakova;26;All;WTA;2;3,0303;2,8169;6,0606;6,0;2026-04-05;2026-10-04
WTA;Viktoria Morvayova;26;All;WTA;2;3,8674;4,7619;3,8674;7,24;2026-04-05;2026-10-04
WTA;Viktorija Golubic;26;All;WTA;14;1,0582;3,73;3,2804;6,3;2026-04-05;2026-10-04
WTA;Vivian Wolff;26;All;WTA;1;1,3158;3,3898;6,5789;7,6;2026-04-05;2026-10-04
WTA;Xin Yu Wang;26;All;WTA;21;4,7721;3,6313;5,4131;6,411;2026-04-05;2026-10-04
WTA;Xinyu Gao;26;All;WTA;2;0,9259;5,4348;2,7778;6,0;2026-04-05;2026-10-04
WTA;Xiyu Wang;26;All;WTA;5;1,4164;2,2951;3,1161;6,9216;2026-04-05;2026-10-04
WTA;Ye Xin Ma;26;All;WTA;1;3,2967;1,9417;1,0989;6,5;2026-04-05;2026-10-04
WTA;Yue Yuan;26;All;WTA;2;1,4599;4,878;2,1898;6,85;2026-04-05;2026-10-04
WTA;Yulia Putintseva;26;All;WTA;8;2,4958;3,5503;2,995;6,3263;2026-04-05;2026-10-04
WTA;Yuliia Starodubtseva;26;All;WTA;13;1,9355;4,0;3,2258;7,0455;2026-04-05;2026-10-04
WTA;Zeynep Sonmez;26;All;WTA;17;1,2097;4,7502;4,1129;6,8132;2026-04-05;2026-10-04
WTA;Zhuoxuan Bai;26;All;WTA;1;0,0;5,7692;3,5714;7,0;2026-04-05;2026-10-04
WTA;Ajla Tomljanovic;26;All;ALL;12;1,8888;4,6778;7,9748;6,7113;2026-04-05;2026-10-04
WTA;Akasha Urhobo;26;All;ALL;21;3,9886;0,9132;6,2678;6,5607;2026-04-05;2026-10-04
WTA;Alevtina Ibragimova;26;All;ALL;34;2,011;1,9015;4,8107;6,7807;2026-04-05;2026-10-04
WTA;Alexandra Eala;26;All;ALL;39;2,2022;5,817;3,7545;6,564;2026-04-05;2026-10-04
WTA;Alexandra Shubladze;26;All;ALL;32;0,5967;1,4299;4,724;6,3438;2026-04-05;2026-10-04
WTA;Aliaksandra Sasnovich;26;All;ALL;12;2,4357;6,4011;4,7361;6,7182;2026-04-05;2026-10-04
WTA;Alice Rame;26;All;ALL;17;1,2808;1,8744;4,335;6,5064;2026-04-05;2026-10-04
WTA;Alice Tubello;26;All;ALL;32;1,6236;0,8835;3,0808;6,6908;2026-04-05;2026-10-04
WTA;Alicia Dudeney;26;All;ALL;33;3,5151;2,3047;7,9315;6,3219;2026-04-05;2026-10-04
WTA;Alicia Herrero Linana;26;All;ALL;42;0,3027;1,8886;2,1191;6,4913;2026-04-05;2026-10-04
WTA;Alina Charaeva;26;All;ALL;28;4,5025;2,2477;7,1589;6,5905;2026-04-05;2026-10-04
WTA;Alina Korneeva;26;All;ALL;20;3,0859;1,7828;4,9208;6,5163;2026-04-05;2026-10-04
WTA;Aliona Falei;26;All;ALL;22;2,7743;2,0484;6,4313;6,636;2026-04-05;2026-10-04
WTA;Alycia Parks;26;All;ALL;27;7,6728;2,6735;9,9593;6,8571;2026-04-05;2026-10-04
WTA;Amanda Anisimova;26;All;ALL;14;6,087;3,2385;6,6667;6,5506;2026-04-05;2026-10-04
WTA;Anastasia Gasanova;26;All;ALL;16;1,3274;2,7878;7,9646;6,8902;2026-04-05;2026-10-04
WTA;Anastasia Potapova;26;All;ALL;28;4,309;2,8736;5,938;6,92;2026-04-05;2026-10-04
WTA;Anastasia Tikhonova;26;All;ALL;27;4,5932;2,381;8,0243;6,5471;2026-04-05;2026-10-04
WTA;Anastasia Zakharova;26;All;ALL;28;1,113;4,9369;4,5075;6,5109;2026-04-05;2026-10-04
WTA;Anastasia Zolotareva;26;All;ALL;27;1,4902;1,3521;5,6526;6,8042;2026-04-05;2026-10-04
WTA;Anastasiya Soboleva;26;All;ALL;43;1,9958;1,4265;3,8866;6,8654;2026-04-05;2026-10-04
WTA;Andrea Lazaro Garcia;26;All;ALL;26;0,959;2,1253;6,2334;7,03;2026-04-05;2026-10-04
WTA;Ane Mintegi Del Olmo;26;All;ALL;27;0,3966;2,1462;5,6091;6,711;2026-04-05;2026-10-04
WTA;Angela Fita Boluda;26;All;ALL;31;2,5383;2,1347;4,023;6,4444;2026-04-05;2026-10-04
WTA;Anhelina Kalinina;26;All;ALL;22;1,9582;4,3423;6,3969;6,547;2026-04-05;2026-10-04
WTA;Ann Li;26;All;ALL;32;6,4118;3,604;4,2214;6,8234;2026-04-05;2026-10-04
WTA;Anna Blinkova;26;All;ALL;34;1,8765;2,8515;5,1212;7,1056;2026-04-05;2026-10-04
WTA;Anna Bondar;26;All;ALL;30;3,7564;3,1263;3,3215;7,084;2026-04-05;2026-10-04
WTA;Anna Kalinskaya;26;All;ALL;22;4,2146;7,0102;8,6845;6,3401;2026-04-05;2026-10-04
WTA;Anna Lena Friedsam;26;All;ALL;15;2,9333;1,5568;6,8444;6,7365;2026-04-05;2026-10-04
WTA;Anna Siskova;26;All;ALL;24;1,3939;1,0204;4,0606;6,5737;2026-04-05;2026-10-04
WTA;Anouk Koevermans;26;All;ALL;12;3,9846;1,476;6,1697;6,377;2026-04-05;2026-10-04
WTA;Antonia Ruzic;26;All;ALL;21;0,8953;5,0279;4,6832;6,4821;2026-04-05;2026-10-04
WTA;Arantxa Rus;26;All;ALL;23;1,7182;2,0299;4,0092;6,7154;2026-04-05;2026-10-04
WTA;Aryna Sabalenka;26;All;ALL;27;8,2148;6,9965;4,476;6,3939;2026-04-05;2026-10-04
WTA;Ashlyn Krueger;26;All;ALL;24;6,6295;2,6503;6,8773;6,5878;2026-04-05;2026-10-04
WTA;Aurora Zantedeschi;26;All;ALL;35;2,2374;1,4518;3,1963;6,5179;2026-04-05;2026-10-04
WTA;Ayana Akli;26;All;ALL;28;1,2295;1,5207;4,7643;6,5284;2026-04-05;2026-10-04
WTA;Ayla Aksu;26;All;ALL;24;1,4322;2,8587;5,5754;7,0072;2026-04-05;2026-10-04
WTA;Barbora Krejcikova;26;All;ALL;29;5,585;4,1878;6,0183;6,6358;2026-04-05;2026-10-04
WTA;Barbora Palicova;26;All;ALL;32;1,2048;1,9231;5,484;6,8381;2026-04-05;2026-10-04
WTA;Belinda Bencic;26;All;ALL;15;3,6967;5,0353;5,4976;6,6772;2026-04-05;2026-10-04
WTA;Berfu Cengiz;26;All;ALL;30;1,7189;3,3219;4,4489;6,4852;2026-04-05;2026-10-04
WTA;Bianca Andreescu;26;All;ALL;9;4,4843;3,3981;5,3812;6,9688;2026-04-05;2026-10-04
WTA;Cadence Brace;26;All;ALL;16;1,0397;3,2028;4,6314;6,4512;2026-04-05;2026-10-04
WTA;Caijsa Wilda Hennemann;26;All;ALL;22;0,7087;1,3333;3,4018;6,6557;2026-04-05;2026-10-04
WTA;Camila Osorio;26;All;ALL;20;2,3273;3,7966;7,0545;6,5789;2026-04-05;2026-10-04
WTA;Carol Young Suh Lee;26;All;ALL;32;4,2851;3,7642;3,8791;6,6377;2026-04-05;2026-10-04
WTA;Carole Monnet;26;All;ALL;18;1,6999;1,2158;8,4996;7,1587;2026-04-05;2026-10-04
WTA;Caroline Dolehide;26;All;ALL;13;2,8571;2,2678;4,4898;6,7586;2026-04-05;2026-10-04
WTA;Caroline Uebelhoer;26;All;ALL;20;1,8222;2,4115;3,5714;6,8259;2026-04-05;2026-10-04
WTA;Carolyn Ansari;26;All;ALL;32;1,1861;1,9093;5,2007;6,6626;2026-04-05;2026-10-04
WTA;Caty Mcnally;26;All;ALL;29;1,7487;2,5919;5,5683;6,9871;2026-04-05;2026-10-04
WTA;Celine Naef;26;All;ALL;12;4,1916;2,8743;2,8743;6,4231;2026-04-05;2026-10-04
WTA;Claire Liu;26;All;ALL;25;2,4416;1,1765;4,087;6,7527;2026-04-05;2026-10-04
WTA;Clara Burel;26;All;ALL;24;1,6241;0,8586;4,1763;6,7608;2026-04-05;2026-10-04
WTA;Clara Tauson;26;All;ALL;21;7,9195;6,5385;5,9711;6,8283;2026-04-05;2026-10-04
WTA;Coco Gauff;26;All;ALL;35;5,2154;2,5501;6,2736;6,3759;2026-04-05;2026-10-04
WTA;Cristina Bucsa;26;All;ALL;17;1,7872;3,566;4,6304;6,445;2026-04-05;2026-10-04
WTA;Dalma Galfi;26;All;ALL;20;5,1227;1,7126;4,8341;6,8276;2026-04-05;2026-10-04
WTA;Daria Kasatkina;26;All;ALL;23;2,5547;3,9746;7,7164;7,0;2026-04-05;2026-10-04
WTA;Daria Khomutsianskaya;26;All;ALL;19;4,3636;2,0086;6,2545;6,5476;2026-04-05;2026-10-04
WTA;Daria Snigur;26;All;ALL;21;2,2712;6,5824;4,5423;6,6651;2026-04-05;2026-10-04
WTA;Darja Semenistaja;26;All;ALL;26;1,6352;2,6316;1,4308;6,5892;2026-04-05;2026-10-04
WTA;Darja Vidmanova;26;All;ALL;33;5,336;2,7603;3,1621;6,4377;2026-04-05;2026-10-04
WTA;Darya Astakhova;26;All;ALL;33;1,5145;2,134;4,0535;6,4884;2026-04-05;2026-10-04
WTA;Dayana Yastremska;26;All;ALL;20;2,4375;3,3569;5,3125;6,5844;2026-04-05;2026-10-04
WTA;Dayeon Back;26;All;ALL;43;0,9441;0,6554;2,9898;6,3392;2026-04-05;2026-10-04
WTA;Despina Papamichail;26;All;ALL;22;0,5474;0,5549;2,1898;6,7377;2026-04-05;2026-10-04
WTA;Diana Shnaider;26;All;ALL;24;2,301;5,1713;4,602;6,5366;2026-04-05;2026-10-04
WTA;Diane Parry;26;All;ALL;27;5,5948;4,5805;4,9899;6,7027;2026-04-05;2026-10-04
WTA;Dominika Salkova;26;All;ALL;22;2,0473;2,8436;5,4383;6,9159;2026-04-05;2026-10-04
WTA;Donna Vekic;26;All;ALL;22;5,0;4,4162;5,4268;6,4567;2026-04-05;2026-10-04
WTA;Ekaterina Alexandrova;26;All;ALL;26;6,4691;5,4082;6,6667;6,9113;2026-04-05;2026-10-04
WTA;Ekaterine Gorgodze;26;All;ALL;29;0,8941;3,4916;1,4118;6,6824;2026-04-05;2026-10-04
WTA;Elena Gabriela Ruse;26;All;ALL;25;5,8354;3,3978;7,0639;6,5911;2026-04-05;2026-10-04
WTA;Elena Malygina;26;All;ALL;14;1,7301;2,1295;4,4118;6,881;2026-04-05;2026-10-04
WTA;Elena Micic;26;All;ALL;28;3,2885;4,7524;7,9223;6,7124;2026-04-05;2026-10-04
WTA;Elena Pridankina;26;All;ALL;16;1,6543;1,7674;9,2639;6,9086;2026-04-05;2026-10-04
WTA;Elena Ruxandra Bertea;26;All;ALL;36;2,8908;1,4615;6,8087;6,741;2026-04-05;2026-10-04
WTA;Elena Rybakina;26;All;ALL;35;8,8933;3,8099;5,0198;6,2469;2026-04-05;2026-10-04
WTA;Elina Avanesyan;26;All;ALL;21;0,3404;1,4438;5,1736;6,6171;2026-04-05;2026-10-04
WTA;Elina Svitolina;26;All;ALL;27;4,1831;3,1154;5,1673;6,8881;2026-04-05;2026-10-04
WTA;Elisabetta Cocciaretto;26;All;ALL;14;1,2085;5,2427;5,9416;6,5329;2026-04-05;2026-10-04
WTA;Elise Mertens;26;All;ALL;30;6,4639;3,7405;6,749;6,575;2026-04-05;2026-10-04
WTA;Elizabeth Mandlik;26;All;ALL;24;2,2778;3,2881;6,5;6,4057;2026-04-05;2026-10-04
WTA;Elizara Yaneva;26;All;ALL;20;2,2989;1,7747;5,1086;6,9911;2026-04-05;2026-10-04
WTA;Ella Seidel;26;All;ALL;15;2,9053;5,2268;8,06;6,8839;2026-04-05;2026-10-04
WTA;Elsa Jacquemot;26;All;ALL;18;5,1038;2,8926;7,3529;6,8;2026-04-05;2026-10-04
WTA;Elvina Kalieva;26;All;ALL;27;4,711;3,985;6,0709;6,8633;2026-04-05;2026-10-04
WTA;Emerson Jones;26;All;ALL;18;1,6812;3,7482;7,1957;6,9812;2026-04-05;2026-10-04
WTA;Emiliana Arango;26;All;ALL;18;2,7217;1,8714;4,741;6,5838;2026-04-05;2026-10-04
WTA;Emma Navarro;26;All;ALL;30;5,9111;4,018;4,9327;6,8139;2026-04-05;2026-10-04
WTA;Emma Raducanu;26;All;ALL;6;3,4667;2,8986;5,8667;6,6964;2026-04-05;2026-10-04
WTA;Erika Andreeva;26;All;ALL;30;2,7077;2,113;2,3864;6,684;2026-04-05;2026-10-04
WTA;Eva Bennemann;26;All;ALL;27;0,3521;0,6927;3,8229;6,7162;2026-04-05;2026-10-04
WTA;Eva Lys;26;All;ALL;17;1,5126;5,7242;8,4874;6,7232;2026-04-05;2026-10-04
WTA;Eva Vedder;26;All;ALL;41;2,3127;1,7913;3,2793;6,706;2026-04-05;2026-10-04
WTA;Fangran Tian;26;All;ALL;20;1,0046;3,3832;3,4003;6,5354;2026-04-05;2026-10-04
WTA;Federica Urgesi;26;All;ALL;21;2,9449;0,7389;4,5113;6,9391;2026-04-05;2026-10-04
WTA;Fiona Crawley;26;All;ALL;16;1,0788;1,0467;5,8921;6,6944;2026-04-05;2026-10-04
WTA;Fiona Ferro;26;All;ALL;31;1,182;2,2191;2,2222;6,6094;2026-04-05;2026-10-04
WTA;Francesca Curmi;26;All;ALL;42;0,4701;1,6252;2,2163;7,0236;2026-04-05;2026-10-04
WTA;Francesca Jones;26;All;ALL;37;2,1314;3,6913;5,2931;6,8659;2026-04-05;2026-10-04
WTA;Francesca Pace;26;All;ALL;16;2,8969;2,5756;7,0684;6,3456;2026-04-05;2026-10-04
WTA;Francisca Jorge;26;All;ALL;24;2,11;1,7835;3,7084;6,5167;2026-04-05;2026-10-04
WTA;Gabriela Andrea Knutson;26;All;ALL;31;4,8425;2,9057;6,7231;6,465;2026-04-05;2026-10-04
WTA;Georgia Pedone;26;All;ALL;39;0,0404;0,9909;1,0097;6,8022;2026-04-05;2026-10-04
WTA;Greet Minnen;26;All;ALL;13;2,5221;3,4642;4,5397;6,1473;2026-04-05;2026-10-04
WTA;Guiomar Maristany Zuleta De Reales;26;All;ALL;24;1,4484;1,5547;5,3108;6,6546;2026-04-05;2026-10-04
WTA;Hailey Baptiste;26;All;ALL;9;7,6046;2,5066;5,3232;7,0446;2026-04-05;2026-10-04
WTA;Han Shi;26;All;ALL;38;3,708;0,952;5,8938;6,6202;2026-04-05;2026-10-04
WTA;Hanna Chang;26;All;ALL;35;1,93;1,0314;6,5081;6,5146;2026-04-05;2026-10-04
WTA;Hanne Vandewinkel;26;All;ALL;23;4,1844;3,228;6,1249;7,1696;2026-04-05;2026-10-04
WTA;Hanyu Guo;26;All;ALL;5;2,5641;0,9202;2,8846;6,6383;2026-04-05;2026-10-04
WTA;Harmony Tan;26;All;ALL;13;5,0761;2,6455;3,6548;6,8881;2026-04-05;2026-10-04
WTA;Harriet Dart;26;All;ALL;21;2,9465;3,4442;5,472;6,9292;2026-04-05;2026-10-04
WTA;Haruka Kaji;26;All;ALL;31;1,6232;1,7664;3,1481;6,6006;2026-04-05;2026-10-04
WTA;Hayu Kinoshita;26;All;ALL;28;1,8334;3,0071;3,1954;6,7936;2026-04-05;2026-10-04
WTA;Himeno Sakatsume;26;All;ALL;19;1,6583;3,221;2,7397;6,6683;2026-04-05;2026-10-04
WTA;Hiromi Abe;26;All;ALL;23;1,6518;0,6579;6,0564;6,4578;2026-04-05;2026-10-04
WTA;Iga Swiatek;26;All;ALL;29;2,328;2,6596;4,8677;6,5398;2026-04-05;2026-10-04
WTA;Irene Burillo Escorihuela;26;All;ALL;31;0,9656;1,2594;3,5264;6,8252;2026-04-05;2026-10-04
WTA;Iryna Shymanovich;26;All;ALL;12;0,6912;5,1374;5,4147;6,7287;2026-04-05;2026-10-04
WTA;Iva Jovic;26;All;ALL;27;3,3943;3,6401;3,5509;6,5136;2026-04-05;2026-10-04
WTA;Janice Tjen;26;All;ALL;24;6,0369;4,6734;4,6395;6,7004;2026-04-05;2026-10-04
WTA;Jaqueline Cristian;26;All;ALL;13;3,568;3,1847;3,7608;6,6474;2026-04-05;2026-10-04
WTA;Jasmine Paolini;26;All;ALL;15;1,5385;5,0577;2,996;7,0571;2026-04-05;2026-10-04
WTA;Jazmin Ortenzi;26;All;ALL;15;0,5687;1,1029;5,3081;6,8065;2026-04-05;2026-10-04
WTA;Jelena Ostapenko;26;All;ALL;23;6,8365;6,3732;11,9303;6,4034;2026-04-05;2026-10-04
WTA;Jeline Vandromme;26;All;ALL;27;1,0384;1,9547;4,1537;6,6644;2026-04-05;2026-10-04
WTA;Jennifer Ruggeri;26;All;ALL;22;1,337;2,1332;9,1365;6,4568;2026-04-05;2026-10-04
WTA;Jessica Bouzas Maneiro;26;All;ALL;35;1,534;2,8321;4,4776;6,7563;2026-04-05;2026-10-04
WTA;Jessica Pegula;26;All;ALL;34;5,7267;4,829;2,9501;6,3151;2026-04-05;2026-10-04
WTA;Jil Teichmann;26;All;ALL;10;0,5148;2,6582;5,0193;7,1284;2026-04-05;2026-10-04
WTA;Joanna Garland;26;All;ALL;6;5,7447;5,9091;6,383;7,0149;2026-04-05;2026-10-04
WTA;Joelle Lilly Sophie Steur;26;All;ALL;37;0,6263;0,9788;1,9207;6,5978;2026-04-05;2026-10-04
WTA;Julia Avdeeva;26;All;ALL;16;6,2749;2,0448;9,6614;6,649;2026-04-05;2026-10-04
WTA;Julia Grabher;26;All;ALL;32;1,7176;1,2614;6,8705;6,939;2026-04-05;2026-10-04
WTA;Julia Riera;26;All;ALL;37;3,3495;1,4394;5,0242;6,6346;2026-04-05;2026-10-04
WTA;Julie Struplova;26;All;ALL;32;0,9857;1,0295;4,5251;6,7229;2026-04-05;2026-10-04
WTA;Julieta Pareja;26;All;ALL;10;1,0574;2,4032;4,6828;6,4272;2026-04-05;2026-10-04
WTA;Justina Mikulskyte;26;All;ALL;29;2,1619;2,4365;5,8204;6,3077;2026-04-05;2026-10-04
WTA;Kaitlin Quevedo;26;All;ALL;34;2,7027;2,308;5,0728;6,6992;2026-04-05;2026-10-04
WTA;Kaja Juvan;26;All;ALL;2;1,1236;1,2903;5,0562;6,5926;2026-04-05;2026-10-04
WTA;Kajsa Rinaldo Persson;26;All;ALL;29;0,8795;1,2036;3,8282;6,5973;2026-04-05;2026-10-04
WTA;Kamilla Rakhimova;26;All;ALL;21;2,303;5,0125;7,0909;6,8182;2026-04-05;2026-10-04
WTA;Karolina Muchova;26;All;ALL;23;6,6393;4,6083;2,3272;6,1907;2026-04-05;2026-10-04
WTA;Karolina Pliskova;26;All;ALL;26;5,4054;4,8174;8,5321;6,5749;2026-04-05;2026-10-04
WTA;Katarina Kuzmova;26;All;ALL;29;4,4097;4,9662;6,7065;6,8245;2026-04-05;2026-10-04
WTA;Katarina Zavatska;26;All;ALL;17;1,0824;0,3828;1,9983;6,5272;2026-04-05;2026-10-04
WTA;Katarzyna Kawa;26;All;ALL;21;2,714;2,2088;5,7063;6,5616;2026-04-05;2026-10-04
WTA;Katerina Siniakova;26;All;ALL;18;2,8676;3,9275;6,9853;7,0103;2026-04-05;2026-10-04
WTA;Katherine Sebov;26;All;ALL;18;0,4621;3,5897;3,4196;6,5181;2026-04-05;2026-10-04
WTA;Katie Boulter;26;All;ALL;23;3,8614;5,8319;8,4611;6,8256;2026-04-05;2026-10-04
WTA;Katie Swan;26;All;ALL;24;4,4313;3,0282;5,5391;6,211;2026-04-05;2026-10-04
WTA;Katie Volynets;26;All;ALL;28;1,5792;2,8661;1,8849;6,6997;2026-04-05;2026-10-04
WTA;Katrina Scott;26;All;ALL;16;2,7723;4,772;3,4653;6,7785;2026-04-05;2026-10-04
WTA;Kayla Cross;26;All;ALL;15;4,2644;1,594;7,2495;6,469;2026-04-05;2026-10-04
WTA;Kayla Day;26;All;ALL;28;4,2208;1,8657;4,6846;6,8228;2026-04-05;2026-10-04
WTA;Kimberly Birrell;26;All;ALL;18;2,7778;7,3708;7,9475;6,6462;2026-04-05;2026-10-04
WTA;Kristina Liutova;26;All;ALL;21;0,8333;2,5222;3,8194;6,6055;2026-04-05;2026-10-04
WTA;Lanlana Tararudee;26;All;ALL;29;5,4343;3,6591;4,5982;6,4655;2026-04-05;2026-10-04
WTA;Laura Pigossi;26;All;ALL;28;1,3602;1,1458;3,6776;6,8924;2026-04-05;2026-10-04
WTA;Laura Samson;26;All;ALL;29;3,0982;2,0065;6,959;6,8562;2026-04-05;2026-10-04
WTA;Laura Siegemund;26;All;ALL;11;1,6169;3,4134;2,9851;6,7563;2026-04-05;2026-10-04
WTA;Lea Ma;26;All;ALL;29;5,6317;3,4555;4,2618;6,7041;2026-04-05;2026-10-04
WTA;Leolia Jeanjean;26;All;ALL;26;2,5035;2,4594;5,9991;6,6156;2026-04-05;2026-10-04
WTA;Leylah Fernandez;26;All;ALL;31;3,5897;3,6854;6,453;6,7049;2026-04-05;2026-10-04
WTA;Leyre Romero Gormaz;26;All;ALL;32;2,7887;1,4184;5,7345;6,9373;2026-04-05;2026-10-04
WTA;Lilli Tagger;26;All;ALL;23;5,7705;2,9149;3,7413;6,4631;2026-04-05;2026-10-04
WTA;Lin Zhu;26;All;ALL;6;1,9851;5,7357;2,4814;6,3968;2026-04-05;2026-10-04
WTA;Linda Fruhvirtova;26;All;ALL;12;3,0371;2,6759;7,874;6,4891;2026-04-05;2026-10-04
WTA;Linda Klimovicova;26;All;ALL;13;3,2181;2,1277;7,2706;6,7661;2026-04-05;2026-10-04
WTA;Linda Noskova;26;All;ALL;32;9,8368;8,1286;7,1019;6,552;2026-04-05;2026-10-04
WTA;Lisa Pigato;26;All;ALL;26;1,2856;3,0079;4,8631;6,6754;2026-04-05;2026-10-04
WTA;Lisa Zaar;26;All;ALL;27;0,1406;1,4988;2,8598;6,8806;2026-04-05;2026-10-04
WTA;Liudmila Samsonova;26;All;ALL;29;4,2024;4,5942;6,3894;6,8387;2026-04-05;2026-10-04
WTA;Lois Boisson;26;All;ALL;18;5,4859;3,5801;5,6426;6,5773;2026-04-05;2026-10-04
WTA;Lola Radivojevic;26;All;ALL;21;4,1257;2,521;4,4532;6,817;2026-04-05;2026-10-04
WTA;Lucia Bronzetti;26;All;ALL;34;1,6243;2,5869;3,8734;6,7634;2026-04-05;2026-10-04
WTA;Lucie Havlickova;26;All;ALL;21;3,8323;3,3686;7,6048;7,4222;2026-04-05;2026-10-04
WTA;Lucrezia Stefanini;26;All;ALL;27;0,1749;1,1841;3,8484;6,6473;2026-04-05;2026-10-04
WTA;Luisina Giovannini;26;All;ALL;16;2,5046;1,0795;4,0816;6,494;2026-04-05;2026-10-04
WTA;Lulu Sun;26;All;ALL;4;5,1205;2,071;4,2169;6,9167;2026-04-05;2026-10-04
WTA;Maddison Inglis;26;All;ALL;13;3,0552;3,5955;4,2303;6,3985;2026-04-05;2026-10-04
WTA;Madison Brengle;26;All;ALL;37;0,038;0,9698;3,6081;6,7686;2026-04-05;2026-10-04
WTA;Madison Keys;26;All;ALL;29;6,5119;2,3127;4,3412;6,3291;2026-04-05;2026-10-04
WTA;Magda Linette;26;All;ALL;16;5,4581;3,6449;3,7037;6,2182;2026-04-05;2026-10-04
WTA;Magdalena Frech;26;All;ALL;20;3,8924;3,9216;3,1847;6,7933;2026-04-05;2026-10-04
WTA;Mai Hontama;26;All;ALL;28;0,5652;3,1371;6,0763;6,7827;2026-04-05;2026-10-04
WTA;Maja Chwalinska;26;All;ALL;20;1,479;4,2518;3,1224;6,4392;2026-04-05;2026-10-04
WTA;Mananchaya Sawangkaew;26;All;ALL;34;2,9575;2,7997;6,6543;6,479;2026-04-05;2026-10-04
WTA;Maria Lourdes Carle;26;All;ALL;25;1,0096;0,7784;7,5983;6,9191;2026-04-05;2026-10-04
WTA;Maria Sakkari;26;All;ALL;24;5,4254;4,0958;4,1924;6,4111;2026-04-05;2026-10-04
WTA;Maria Timofeeva;26;All;ALL;33;2,8489;0,8303;4,394;6,5746;2026-04-05;2026-10-04
WTA;Marie Bouzkova;26;All;ALL;27;2,7192;3,0592;4,384;6,4588;2026-04-05;2026-10-04
WTA;Marina Bassols Ribera;26;All;ALL;24;0,6659;2,3256;5,6295;6,9121;2026-04-05;2026-10-04
WTA;Marta Kostyuk;26;All;ALL;29;5,995;0,7553;6,2972;6,4239;2026-04-05;2026-10-04
WTA;Martha Matoula;26;All;ALL;27;1,0526;1,2834;4,0526;6,7138;2026-04-05;2026-10-04
WTA;Martina Capurro Taborda;26;All;ALL;28;0,8506;0,8023;5,7948;6,4198;2026-04-05;2026-10-04
WTA;Martyna Kubka;26;All;ALL;37;7,0707;4,5455;2,2837;6,1046;2026-04-05;2026-10-04
WTA;Mary Stoiana;26;All;ALL;34;1,8375;3,0503;4,0016;6,5481;2026-04-05;2026-10-04
WTA;Matilde Jorge;26;All;ALL;29;2,6727;1,54;7,413;6,7679;2026-04-05;2026-10-04
WTA;Maya Joint;26;All;ALL;23;2,4685;3,0134;4,4332;7,1147;2026-04-05;2026-10-04
WTA;Mayar Sherif;26;All;ALL;29;0,8889;1,3692;3,1605;6,6612;2026-04-05;2026-10-04
WTA;Mccartney Kessler;26;All;ALL;16;3,2889;2,8156;4,5333;7,0755;2026-04-05;2026-10-04
WTA;Mei Yamaguchi;26;All;ALL;23;1,603;4,1042;3,3292;6,6749;2026-04-05;2026-10-04
WTA;Mia Pohankova;26;All;ALL;20;4,7747;1,117;3,9677;6,7285;2026-04-05;2026-10-04
WTA;Mia Ristic;26;All;ALL;35;2,4291;2,1092;1,1336;6,5344;2026-04-05;2026-10-04
WTA;Mika Stojsavljevic;26;All;ALL;9;6,7493;3,6785;8,2645;6,6;2026-04-05;2026-10-04
WTA;Mina Hodzic;26;All;ALL;25;2,4718;2,7041;4,6212;6,6464;2026-04-05;2026-10-04
WTA;Mirra Andreeva;26;All;ALL;34;4,8173;3,363;5,191;6,5973;2026-04-05;2026-10-04
WTA;Mona Barthel;26;All;ALL;19;3,7654;2,6316;9,8479;6,6394;2026-04-05;2026-10-04
WTA;Moyuka Uchijima;26;All;ALL;19;3,0976;2,5657;6,1953;6,5419;2026-04-05;2026-10-04
WTA;Nadia Podoroska;26;All;ALL;32;2,0851;1,6341;7,4283;6,634;2026-04-05;2026-10-04
WTA;Nao Hibino;26;All;ALL;18;3,8786;4,6193;5,2277;6,5165;2026-04-05;2026-10-04
WTA;Naomi Osaka;26;All;ALL;28;8,9382;4,1503;4,117;6,4321;2026-04-05;2026-10-04
WTA;Nikola Bartunkova;26;All;ALL;32;6,2406;3,5727;5,6767;6,6005;2026-04-05;2026-10-04
WTA;Noemi Basiletti;26;All;ALL;32;0,3282;1,2189;2,5785;6,6037;2026-04-05;2026-10-04
WTA;Noma Noha Akugue;26;All;ALL;28;2,5118;1,1892;4,0284;6,7846;2026-04-05;2026-10-04
WTA;Nuria Brancaccio;26;All;ALL;28;2,0649;0,9862;3,884;6,6471;2026-04-05;2026-10-04
WTA;Oksana Selekhmeteva;26;All;ALL;21;1,4634;1,6918;11,8293;6,9787;2026-04-05;2026-10-04
WTA;Oleksandra Oliynykova;26;All;ALL;26;0,8701;1,6657;4,6984;6,896;2026-04-05;2026-10-04
WTA;Olivia Gadecki;26;All;ALL;2;1,8349;1,9608;7,3394;6,0556;2026-04-05;2026-10-04
WTA;Panna Udvardy;26;All;ALL;28;4,6381;4,9093;3,9246;6,4967;2026-04-05;2026-10-04
WTA;Paula Badosa;26;All;ALL;29;4,5855;2,8461;8,8467;6,6227;2026-04-05;2026-10-04
WTA;Petra Marcinko;26;All;ALL;26;3,4068;2,3244;7,9158;6,698;2026-04-05;2026-10-04
WTA;Peyton Stearns;26;All;ALL;21;4,5278;6,169;5,9508;6,6068;2026-04-05;2026-10-04
WTA;Polina Iatcenko;26;All;ALL;23;4,3754;5,036;5,6436;6,3333;2026-04-05;2026-10-04
WTA;Polina Kudermetova;26;All;ALL;21;3,1915;3,5316;7,6971;6,6033;2026-04-05;2026-10-04
WTA;Polona Hercog;26;All;ALL;21;3,2234;0,7628;3,5165;6,7574;2026-04-05;2026-10-04
WTA;Priscilla Hon;26;All;ALL;9;3,1034;3,5782;3,7931;6,5909;2026-04-05;2026-10-04
WTA;Qinwen Zheng;26;All;ALL;22;11,0364;4,2553;6,2745;6,4674;2026-04-05;2026-10-04
WTA;Rebecca Sramkova;26;All;ALL;11;3,2902;2,8812;3,6428;6,8629;2026-04-05;2026-10-04
WTA;Rebeka Masarova;26;All;ALL;21;6,9767;0,6336;7,6499;6,4078;2026-04-05;2026-10-04
WTA;Reese Brantmeier;26;All;ALL;23;5,2738;1,0239;3,313;6,6323;2026-04-05;2026-10-04
WTA;Renata Zarazua;26;All;ALL;27;0,5423;5,2603;2,3319;6,493;2026-04-05;2026-10-04
WTA;Rina Saigo;26;All;ALL;31;1,7383;2,9229;3,0192;6,7469;2026-04-05;2026-10-04
WTA;Robin Montgomery;26;All;ALL;17;5,8289;2,193;7,0401;6,5074;2026-04-05;2026-10-04
WTA;Rositsa Dencheva;26;All;ALL;25;0,4843;0,9163;3,2082;6,5296;2026-04-05;2026-10-04
WTA;Samira De Stefano;26;All;ALL;24;0,6001;2,1452;3,6007;6,8652;2026-04-05;2026-10-04
WTA;Sara Bejlek;26;All;ALL;25;1,6317;1,6593;3,7879;6,5247;2026-04-05;2026-10-04
WTA;Sara Saito;26;All;ALL;25;0,9387;2,3193;11,1541;6,8083;2026-04-05;2026-10-04
WTA;Sara Sorribes Tormo;26;All;ALL;24;0,5048;1,0881;3,0847;6,5311;2026-04-05;2026-10-04
WTA;Selena Janicijevic;26;All;ALL;21;1,6349;1,1536;3,5422;6,765;2026-04-05;2026-10-04
WTA;Shuai Zhang;26;All;ALL;21;2,0747;6,9571;3,4578;6,8857;2026-04-05;2026-10-04
WTA;Simona Waltert;26;All;ALL;30;2,0769;2,6291;6,3632;6,8369;2026-04-05;2026-10-04
WTA;Sinja Kraus;26;All;ALL;33;1,0943;2,4529;4,3771;6,9271;2026-04-05;2026-10-04
WTA;Sloane Stephens;26;All;ALL;20;1,5089;4,3948;2,9492;6,8451;2026-04-05;2026-10-04
WTA;Sofia Costoulas;26;All;ALL;23;4,2225;2,7653;5,0268;6,5727;2026-04-05;2026-10-04
WTA;Sofia Kenin;26;All;ALL;13;2,1097;10,1983;6,0127;6,2368;2026-04-05;2026-10-04
WTA;Sofya Lansere;26;All;ALL;31;1,7284;1,016;8,8889;6,8182;2026-04-05;2026-10-04
WTA;Solana Sierra;26;All;ALL;21;2,9359;3,0799;8,3283;7,1021;2026-04-05;2026-10-04
WTA;Sonay Kartal;26;All;ALL;2;1,0;2,4;2,0;5,8824;2026-04-05;2026-10-04
WTA;Sorana Cirstea;26;All;ALL;26;5,5242;3,0238;3,4949;6,4509;2026-04-05;2026-10-04
WTA;Storm Hunter;26;All;ALL;9;2,3885;4,9844;7,0064;6,2178;2026-04-05;2026-10-04
WTA;Susan Bandecchi;26;All;ALL;29;2,646;3,6106;3,1478;6,6224;2026-04-05;2026-10-04
WTA;Suzan Lamens;26;All;ALL;12;1,3934;3,0534;9,5391;6,6643;2026-04-05;2026-10-04
WTA;Talia Gibson;26;All;ALL;24;5,3842;6,9565;7,5274;6,7837;2026-04-05;2026-10-04
WTA;Tamara Korpatsch;26;All;ALL;25;1,6477;1,7647;4,3182;6,692;2026-04-05;2026-10-04
WTA;Tamara Zidansek;26;All;ALL;13;1,7498;2,1316;5,2493;7,1438;2026-04-05;2026-10-04
WTA;Tatiana Prozorova;26;All;ALL;14;2,8459;1,9822;3,5329;6,5321;2026-04-05;2026-10-04
WTA;Tatjana Maria;26;All;ALL;37;7,1146;3,1753;3,5573;6,4872;2026-04-05;2026-10-04
WTA;Taylah Preston;26;All;ALL;30;2,7379;5,1914;5,8797;6,5917;2026-04-05;2026-10-04
WTA;Taylor Townsend;26;All;ALL;15;6,5455;3,6298;2,6364;6,5476;2026-04-05;2026-10-04
WTA;Teodora Kostovic;26;All;ALL;34;5,0528;2,3039;4,8691;6,3842;2026-04-05;2026-10-04
WTA;Tereza Valentova;26;All;ALL;28;2,1363;2,4201;6,2564;6,6644;2026-04-05;2026-10-04
WTA;Tyra Caterina Grant;26;All;ALL;27;2,9748;2,5881;6,5789;6,4741;2026-04-05;2026-10-04
WTA;Valentina Ryser;26;All;ALL;35;7,3942;2,4014;7,6169;6,5643;2026-04-05;2026-10-04
WTA;Varvara Lepchenko;26;All;ALL;15;3,5354;2,467;4,3771;6,8671;2026-04-05;2026-10-04
WTA;Vendula Valdmannova;26;All;ALL;31;2,7171;3,6685;7,1325;6,5016;2026-04-05;2026-10-04
WTA;Vera Zvonareva;26;All;ALL;5;4,8485;4,3344;6,3636;6,3462;2026-04-05;2026-10-04
WTA;Veronika Erjavec;26;All;ALL;18;1,1146;2,0096;2,0701;6,5417;2026-04-05;2026-10-04
WTA;Veronika Podrez;26;All;ALL;17;3,5874;2,9887;8,6099;6,6369;2026-04-05;2026-10-04
WTA;Victoria Jimenez Kasintseva;26;All;ALL;14;1,2034;3,1902;7,9422;6,4922;2026-04-05;2026-10-04
WTA;Victoria Mboko;26;All;ALL;6;4,8565;3,1026;6,181;7,0781;2026-04-05;2026-10-04
WTA;Viktoria Hruncakova;26;All;ALL;26;11,3842;5,6312;5,7568;6,2846;2026-04-05;2026-10-04
WTA;Viktoria Morvayova;26;All;ALL;22;3,8674;3,5785;3,5912;6,5225;2026-04-05;2026-10-04
WTA;Viktorija Golubic;26;All;ALL;27;1,5166;3,615;3,3175;6,7846;2026-04-05;2026-10-04
WTA;Vivian Wolff;26;All;ALL;28;1,5594;1,8777;5,1811;6,785;2026-04-05;2026-10-04
WTA;Weronika Falkowska;26;All;ALL;36;4,0961;1,476;5,3171;6,7347;2026-04-05;2026-10-04
WTA;Whitney Osuigwe;26;All;ALL;19;1,2232;0,8234;6,8807;6,7077;2026-04-05;2026-10-04
WTA;Xiaodi You;26;All;ALL;17;2,6512;1,8745;6,5452;6,8192;2026-04-05;2026-10-04
WTA;Xin Yu Wang;26;All;ALL;25;4,366;3,9953;5,1435;6,4308;2026-04-05;2026-10-04
WTA;Xinxin Yao;26;All;ALL;32;1,1525;1,1845;2,1277;7,05;2026-04-05;2026-10-04
WTA;Xinyu Gao;26;All;ALL;27;2,7598;2,331;3,1709;6,3309;2026-04-05;2026-10-04
WTA;Xiyu Wang;26;All;ALL;23;1,0451;1,5562;3,0699;6,7445;2026-04-05;2026-10-04
WTA;Yasmine Kabbaj;26;All;ALL;29;0,8034;2,3541;4,6786;6,6962;2026-04-05;2026-10-04
WTA;Ye Xin Ma;26;All;ALL;22;3,8924;1,6818;5,1663;6,4227;2026-04-05;2026-10-04
WTA;Yeon Woo Ku;26;All;ALL;28;2,1883;2,9245;5,1908;6,5719;2026-04-05;2026-10-04
WTA;Yue Yuan;26;All;ALL;16;2,0472;2,7006;2,5984;6,7553;2026-04-05;2026-10-04
WTA;Yufei Ren;26;All;ALL;25;1,2095;2,1488;3,9032;6,9163;2026-04-05;2026-10-04
WTA;Yuki Naito;26;All;ALL;28;3,9794;1,6896;6,882;6,8025;2026-04-05;2026-10-04
WTA;Yulia Putintseva;26;All;ALL;19;2,2677;2,8189;2,5604;6,801;2026-04-05;2026-10-04
WTA;Yuliia Starodubtseva;26;All;ALL;23;1,9102;3,3898;3,1492;6,9676;2026-04-05;2026-10-04
WTA;Zeynep Sonmez;26;All;ALL;26;1,5385;5,296;3,7436;6,7708;2026-04-05;2026-10-04
WTA;Zhuoxuan Bai;26;All;ALL;14;3,466;2,6961;3,466;6,438;2026-04-05;2026-10-04
WTA;Alevtina Ibragimova;26;Hard;WTA;2;2,3474;2,4752;1,4085;7,1;2026-04-05;2026-10-04
WTA;Alexandra Eala;26;Hard;WTA;14;1,6032;5,3537;4,7094;6,1988;2026-04-05;2026-10-04
WTA;Alexandra Shubladze;26;Hard;WTA;4;1,0204;0,7194;6,4626;6,6818;2026-04-05;2026-10-04
WTA;Aliaksandra Sasnovich;26;Hard;WTA;4;3,5533;3,8961;3,0457;5,9697;2026-04-05;2026-10-04
WTA;Alina Charaeva;26;Hard;WTA;3;4,7619;3,8217;4,7619;6,2045;2026-04-05;2026-10-04
WTA;Alina Korneeva;26;Hard;WTA;5;3,0418;3,4615;3,8023;6,575;2026-04-05;2026-10-04
WTA;Aliona Falei;26;Hard;WTA;4;3,3003;4,0678;4,9505;7,0465;2026-04-05;2026-10-04
WTA;Alycia Parks;26;Hard;WTA;12;9,507;2,6573;11,8545;6,7087;2026-04-05;2026-10-04
WTA;Amanda Anisimova;26;Hard;WTA;9;4,6875;4,0179;6,5625;6,4;2026-04-05;2026-10-04
WTA;Anastasia Gasanova;26;Hard;WTA;1;4,7619;10,0;14,2857;7,0;2026-04-05;2026-10-04
WTA;Anastasia Potapova;26;Hard;WTA;10;4,3548;2,1201;8,0645;6,8132;2026-04-05;2026-10-04
WTA;Anastasia Tikhonova;26;Hard;WTA;1;4,8544;2,9703;10,6796;6,4375;2026-04-05;2026-10-04
WTA;Anastasia Zakharova;26;Hard;WTA;3;2,2222;8,5227;5,3333;7,7586;2026-04-05;2026-10-04
WTA;Andrea Lazaro Garcia;26;Hard;WTA;1;3,2787;2,2222;6,5574;6,7778;2026-04-05;2026-10-04
WTA;Anhelina Kalinina;26;Hard;WTA;5;2,5126;9,6203;7,2864;6,4194;2026-04-05;2026-10-04
WTA;Ann Li;26;Hard;WTA;12;5,8361;4,9941;5,4994;6,9609;2026-04-05;2026-10-04
WTA;Anna Blinkova;26;Hard;WTA;7;1,7341;5,298;6,1657;7,4143;2026-04-05;2026-10-04
WTA;Anna Bondar;26;Hard;WTA;7;3,5959;4,0665;5,6507;7,0361;2026-04-05;2026-10-04
WTA;Anna Kalinskaya;26;Hard;WTA;12;4,1763;7,0234;10,3248;6,2464;2026-04-05;2026-10-04
WTA;Anna Lena Friedsam;26;Hard;WTA;1;3,0;4,4944;3,0;6,6667;2026-04-05;2026-10-04
WTA;Anna Siskova;26;Hard;WTA;1;2,7778;3,75;1,3889;7,2;2026-04-05;2026-10-04
WTA;Anouk Koevermans;26;Hard;WTA;1;2,0;0,0;6,0;5,5556;2026-04-05;2026-10-04
WTA;Antonia Ruzic;26;Hard;WTA;9;0,6441;5,124;4,6699;6,4688;2026-04-05;2026-10-04
WTA;Arantxa Rus;26;Hard;WTA;1;1,5625;4,2857;6,25;6,4;2026-04-05;2026-10-04
WTA;Aryna Sabalenka;26;Hard;WTA;14;9,4681;6,6598;4,5745;6,3514;2026-04-05;2026-10-04
WTA;Ashlyn Krueger;26;Hard;WTA;6;6,6667;2,9586;8,6957;6,5094;2026-04-05;2026-10-04
WTA;Ayla Aksu;26;Hard;WTA;1;1,6949;6,8966;15,2542;6,5556;2026-04-05;2026-10-04
WTA;Barbora Krejcikova;26;Hard;WTA;4;5,9441;2,7027;8,042;6,3556;2026-04-05;2026-10-04
WTA;Belinda Bencic;26;Hard;WTA;6;3,3019;5,8296;7,0755;6,8387;2026-04-05;2026-10-04
WTA;Berfu Cengiz;26;Hard;WTA;1;0,0;0,0;14,2857;11,6667;2026-04-05;2026-10-04
WTA;Bianca Andreescu;26;Hard;WTA;2;3,3113;7,377;3,9735;7,1905;2026-04-05;2026-10-04
WTA;Cadence Brace;26;Hard;WTA;1;0,0;11,3208;4,5455;7,3333;2026-04-05;2026-10-04
WTA;Camila Osorio;26;Hard;WTA;7;1,3807;5,9501;8,284;6,8514;2026-04-05;2026-10-04
WTA;Carol Young Suh Lee;26;Hard;WTA;1;7,2072;0,0;2,7027;8,5385;2026-04-05;2026-10-04
WTA;Carole Monnet;26;Hard;WTA;2;0,995;0,5291;7,9602;8,04;2026-04-05;2026-10-04
WTA;Caroline Dolehide;26;Hard;WTA;3;0,9091;4,0609;7,7273;6,4706;2026-04-05;2026-10-04
WTA;Caty Mcnally;26;Hard;WTA;8;1,6897;2,8476;5,9908;7,2333;2026-04-05;2026-10-04
WTA;Clara Tauson;26;Hard;WTA;9;9,3317;7,8512;6,8096;7,0177;2026-04-05;2026-10-04
WTA;Coco Gauff;26;Hard;WTA;17;5,756;2,579;7,0447;6,3956;2026-04-05;2026-10-04
WTA;Cristina Bucsa;26;Hard;WTA;14;1,8349;3,5225;4,893;6,4539;2026-04-05;2026-10-04
WTA;Dalma Galfi;26;Hard;WTA;2;5,3571;3,1646;4,1667;6,72;2026-04-05;2026-10-04
WTA;Daria Kasatkina;26;Hard;WTA;7;2,1886;4,5381;8,7542;6,8276;2026-04-05;2026-10-04
WTA;Daria Khomutsianskaya;26;Hard;WTA;1;4,1667;2,7778;1,0417;6,4;2026-04-05;2026-10-04
WTA;Daria Snigur;26;Hard;WTA;5;1,2136;5,8968;4,6117;6,6452;2026-04-05;2026-10-04
WTA;Darja Semenistaja;26;Hard;WTA;1;0,0;13,8889;4,0816;6,125;2026-04-05;2026-10-04
WTA;Darja Vidmanova;26;Hard;WTA;7;5,3388;7,3559;3,4908;6,1646;2026-04-05;2026-10-04
WTA;Dayana Yastremska;26;Hard;WTA;5;3,9877;4,6961;7,0552;6,2692;2026-04-05;2026-10-04
WTA;Diana Shnaider;26;Hard;WTA;14;2,907;4,9073;3,8372;6,2319;2026-04-05;2026-10-04
WTA;Diane Parry;26;Hard;WTA;14;5,53;5,0189;5,6221;6,6975;2026-04-05;2026-10-04
WTA;Donna Vekic;26;Hard;WTA;7;5,414;4,5455;7,1656;6,7527;2026-04-05;2026-10-04
WTA;Ekaterina Alexandrova;26;Hard;WTA;11;6,1043;4,2286;7,1032;6,7744;2026-04-05;2026-10-04
WTA;Elena Gabriela Ruse;26;Hard;WTA;7;4,1026;3,2663;5,3846;6,9643;2026-04-05;2026-10-04
WTA;Elena Micic;26;Hard;WTA;1;3,7037;9,2593;11,1111;6,0;2026-04-05;2026-10-04
WTA;Elena Pridankina;26;Hard;WTA;3;2,5751;1,3453;6,867;6,4722;2026-04-05;2026-10-04
WTA;Elena Ruxandra Bertea;26;Hard;WTA;1;0,0;0,0;4,7059;6,5385;2026-04-05;2026-10-04
WTA;Elena Rybakina;26;Hard;WTA;18;9,758;4,0831;5,6206;6,1884;2026-04-05;2026-10-04
WTA;Elina Svitolina;26;Hard;WTA;12;3,5677;2,4262;5,9811;6,8071;2026-04-05;2026-10-04
WTA;Elisabetta Cocciaretto;26;Hard;WTA;6;0,5089;7,7283;6,6158;6,2381;2026-04-05;2026-10-04
WTA;Elise Mertens;26;Hard;WTA;12;6,6441;4,1365;6,6441;6,4818;2026-04-05;2026-10-04
WTA;Ella Seidel;26;Hard;WTA;1;1,9608;9,8039;13,7255;6,375;2026-04-05;2026-10-04
WTA;Elsa Jacquemot;26;Hard;WTA;3;6,4935;1,8957;9,9567;6,7941;2026-04-05;2026-10-04
WTA;Elvina Kalieva;26;Hard;WTA;4;5,4545;6,213;3,3333;8,0488;2026-04-05;2026-10-04
WTA;Emerson Jones;26;Hard;WTA;5;2,346;4,1176;4,1056;6,6863;2026-04-05;2026-10-04
WTA;Emiliana Arango;26;Hard;WTA;5;3,321;2,3256;5,5351;6,4524;2026-04-05;2026-10-04
WTA;Emma Navarro;26;Hard;WTA;10;9,0802;4,9261;6,25;7,1261;2026-04-05;2026-10-04
WTA;Erika Andreeva;26;Hard;WTA;4;2,7451;1,1194;2,7451;6,375;2026-04-05;2026-10-04
WTA;Eva Lys;26;Hard;WTA;5;3,6066;4,0146;11,4754;6,7778;2026-04-05;2026-10-04
WTA;Fangran Tian;26;Hard;WTA;1;0,0;0,0;4,2553;6,7143;2026-04-05;2026-10-04
WTA;Fiona Crawley;26;Hard;WTA;2;1,3514;1,3514;4,7297;6,4348;2026-04-05;2026-10-04
WTA;Fiona Ferro;26;Hard;WTA;3;1,2121;6,0;3,6364;6,3462;2026-04-05;2026-10-04
WTA;Francesca Jones;26;Hard;WTA;2;2,6316;8,8889;4,6053;6,6087;2026-04-05;2026-10-04
WTA;Gabriela Andrea Knutson;26;Hard;WTA;1;7,6923;1,5385;5,7692;5,7778;2026-04-05;2026-10-04
WTA;Han Shi;26;Hard;WTA;1;4,4248;2,1505;6,1947;7,5333;2026-04-05;2026-10-04
WTA;Hanne Vandewinkel;26;Hard;WTA;2;4,6729;5,9211;9,3458;8,9167;2026-04-05;2026-10-04
WTA;Harriet Dart;26;Hard;WTA;5;3,5885;5,2133;5,7416;7,0847;2026-04-05;2026-10-04
WTA;Haruka Kaji;26;Hard;WTA;1;0,0;3,3898;1,7241;6,4444;2026-04-05;2026-10-04
WTA;Hayu Kinoshita;26;Hard;WTA;1;0,0;0,0;1,4493;6,9;2026-04-05;2026-10-04
WTA;Himeno Sakatsume;26;Hard;WTA;2;2,809;0,5181;3,3708;6,5926;2026-04-05;2026-10-04
WTA;Iga Swiatek;26;Hard;WTA;16;1,6346;2,3479;3,8462;6,8421;2026-04-05;2026-10-04
WTA;Iryna Shymanovich;26;Hard;WTA;1;0,0;2,0;13,5135;5,2857;2026-04-05;2026-10-04
WTA;Iva Jovic;26;Hard;WTA;13;4,0305;3,2731;3,159;6,6522;2026-04-05;2026-10-04
WTA;Janice Tjen;26;Hard;WTA;12;7,8109;4,6154;4,9332;6,9007;2026-04-05;2026-10-04
WTA;Jasmine Paolini;26;Hard;WTA;4;2,0067;4,1522;5,0167;6,5;2026-04-05;2026-10-04
WTA;Jelena Ostapenko;26;Hard;WTA;4;5,1181;7,377;18,1102;6,8649;2026-04-05;2026-10-04
WTA;Jessica Bouzas Maneiro;26;Hard;WTA;10;1,3867;4,4798;7,0878;6,6224;2026-04-05;2026-10-04
WTA;Jessica Pegula;26;Hard;WTA;19;5,8605;4,1963;3,5608;6,3585;2026-04-05;2026-10-04
WTA;Joanna Garland;26;Hard;WTA;2;4,698;4,5455;4,698;5,96;2026-04-05;2026-10-04
WTA;Julia Grabher;26;Hard;WTA;1;1,8868;5,1724;13,2075;7,5714;2026-04-05;2026-10-04
WTA;Julia Riera;26;Hard;WTA;2;4,2254;1,5625;5,6338;7,4737;2026-04-05;2026-10-04
WTA;Julieta Pareja;26;Hard;WTA;1;2,6667;9,7561;8,0;7,5;2026-04-05;2026-10-04
WTA;Kaitlin Quevedo;26;Hard;WTA;1;1,3158;9,8361;2,6316;7,6;2026-04-05;2026-10-04
WTA;Kamilla Rakhimova;26;Hard;WTA;10;2,6836;5,3492;6,6384;7,08;2026-04-05;2026-10-04
WTA;Karolina Muchova;26;Hard;WTA;4;5,7895;2,765;3,1579;5,5882;2026-04-05;2026-10-04
WTA;Karolina Pliskova;26;Hard;WTA;5;5,9701;3,9157;11,0448;6,9792;2026-04-05;2026-10-04
WTA;Katarina Zavatska;26;Hard;WTA;1;0,0;4,6512;1,6949;8,4286;2026-04-05;2026-10-04
WTA;Katarzyna Kawa;26;Hard;WTA;1;5,2632;0,0;5,2632;6,3333;2026-04-05;2026-10-04
WTA;Katerina Siniakova;26;Hard;WTA;7;3,0769;3,9062;9,2308;6,6667;2026-04-05;2026-10-04
WTA;Katherine Sebov;26;Hard;WTA;2;0,0;5,5556;5,4688;6,7368;2026-04-05;2026-10-04
WTA;Katie Boulter;26;Hard;WTA;8;1,5929;7,9365;10,7965;6,7262;2026-04-05;2026-10-04
WTA;Katie Volynets;26;Hard;WTA;4;0,8264;7,1225;1,9284;7,4082;2026-04-05;2026-10-04
WTA;Kayla Cross;26;Hard;WTA;2;9,0323;2,0134;6,4516;6,7391;2026-04-05;2026-10-04
WTA;Kayla Day;26;Hard;WTA;5;7,0664;3,5629;6,8522;7,2969;2026-04-05;2026-10-04
WTA;Kimberly Birrell;26;Hard;WTA;7;2,8112;5,3419;9,0361;6,8219;2026-04-05;2026-10-04
WTA;Kristina Liutova;26;Hard;WTA;1;1,1111;12,8205;5,5556;6,9231;2026-04-05;2026-10-04
WTA;Lanlana Tararudee;26;Hard;WTA;4;6,9079;4,4586;6,9079;7,0698;2026-04-05;2026-10-04
WTA;Leolia Jeanjean;26;Hard;WTA;7;2,3381;1,1745;6,6547;6,1778;2026-04-05;2026-10-04
WTA;Leylah Fernandez;26;Hard;WTA;14;3,5398;2,6608;5,7522;6,2778;2026-04-05;2026-10-04
WTA;Lilli Tagger;26;Hard;WTA;5;6,267;4,9724;5,4496;6,7963;2026-04-05;2026-10-04
WTA;Lin Zhu;26;Hard;WTA;2;0,8772;7,3333;0,8772;5,4286;2026-04-05;2026-10-04
WTA;Linda Fruhvirtova;26;Hard;WTA;3;2,6738;1,7316;10,1604;6,2333;2026-04-05;2026-10-04
WTA;Linda Noskova;26;Hard;WTA;10;10,2464;8,2173;8,9494;6,8839;2026-04-05;2026-10-04
WTA;Liudmila Samsonova;26;Hard;WTA;15;3,6269;5,1765;6,8838;7,0733;2026-04-05;2026-10-04
WTA;Lois Boisson;26;Hard;WTA;10;6,74;3,3149;5,3645;6,6091;2026-04-05;2026-10-04
WTA;Lola Radivojevic;26;Hard;WTA;1;3,5088;3,7037;7,0175;7,125;2026-04-05;2026-10-04
WTA;Lucia Bronzetti;26;Hard;WTA;1;0,0;3,5714;9,5238;6,0;2026-04-05;2026-10-04
WTA;Lucie Havlickova;26;Hard;WTA;1;6,25;6,0606;9,375;7,1111;2026-04-05;2026-10-04
WTA;Lucrezia Stefanini;26;Hard;WTA;8;0,1718;1,4311;3,0928;6,6897;2026-04-05;2026-10-04
WTA;Maddison Inglis;26;Hard;WTA;2;0,7463;2,1739;0,7463;6,7;2026-04-05;2026-10-04
WTA;Madison Keys;26;Hard;WTA;10;6,5031;2,0335;5,8896;6,626;2026-04-05;2026-10-04
WTA;Magda Linette;26;Hard;WTA;6;4,2105;2,3873;5,0;5,9375;2026-04-05;2026-10-04
WTA;Magdalena Frech;26;Hard;WTA;13;4,2254;4,8966;2,5822;6,5038;2026-04-05;2026-10-04
WTA;Mai Hontama;26;Hard;WTA;1;3,125;5,9701;1,5625;6,4;2026-04-05;2026-10-04
WTA;Maja Chwalinska;26;Hard;WTA;10;0,9901;5,2252;3,3003;6,587;2026-04-05;2026-10-04
WTA;Mananchaya Sawangkaew;26;Hard;WTA;3;2,2222;5,3333;8,3333;6,2069;2026-04-05;2026-10-04
WTA;Maria Sakkari;26;Hard;WTA;10;6,4336;3,2258;4,7552;6,4414;2026-04-05;2026-10-04
WTA;Maria Timofeeva;26;Hard;WTA;6;4,7619;1,0554;4,7619;6,1091;2026-04-05;2026-10-04
WTA;Marie Bouzkova;26;Hard;WTA;8;3,4682;2,509;4,817;6,5696;2026-04-05;2026-10-04
WTA;Marina Bassols Ribera;26;Hard;WTA;1;1,4085;7,1429;8,4507;6,4545;2026-04-05;2026-10-04
WTA;Marta Kostyuk;26;Hard;WTA;12;7,3733;0,4723;6,682;6,3358;2026-04-05;2026-10-04
WTA;Martyna Kubka;26;Hard;WTA;2;0,6849;5,0725;2,0548;6,3478;2026-04-05;2026-10-04
WTA;Mary Stoiana;26;Hard;WTA;2;0,9009;2,5641;5,4054;6,5294;2026-04-05;2026-10-04
WTA;Maya Joint;26;Hard;WTA;8;1,9815;4,048;4,4914;7,2788;2026-04-05;2026-10-04
WTA;Mayar Sherif;26;Hard;WTA;2;1,4286;1,9048;5,0;8,2353;2026-04-05;2026-10-04
WTA;Mccartney Kessler;26;Hard;WTA;4;4,2623;4,1045;3,2787;7,2619;2026-04-05;2026-10-04
WTA;Mei Yamaguchi;26;Hard;WTA;2;1,0638;7,2727;3,1915;5,5294;2026-04-05;2026-10-04
WTA;Mirra Andreeva;26;Hard;WTA;13;4,9808;2,9516;6,258;6,264;2026-04-05;2026-10-04
WTA;Moyuka Uchijima;26;Hard;WTA;2;7,874;4,4248;4,7244;6,6842;2026-04-05;2026-10-04
WTA;Nadia Podoroska;26;Hard;WTA;2;3,8961;5,5215;5,1948;6,4167;2026-04-05;2026-10-04
WTA;Nao Hibino;26;Hard;WTA;3;1,8018;6,8627;4,5045;6,9375;2026-04-05;2026-10-04
WTA;Naomi Osaka;26;Hard;WTA;12;9,0806;4,8463;4,5403;6,4307;2026-04-05;2026-10-04
WTA;Nikola Bartunkova;26;Hard;WTA;13;6,4453;3,2819;5,3711;6,6494;2026-04-05;2026-10-04
WTA;Noma Noha Akugue;26;Hard;WTA;1;1,9231;0,0;5,7692;6,5;2026-04-05;2026-10-04
WTA;Oksana Selekhmeteva;26;Hard;WTA;2;0,9709;1,9417;5,8252;6,4375;2026-04-05;2026-10-04
WTA;Oleksandra Oliynykova;26;Hard;WTA;10;1,5332;2,8862;5,9625;6,8256;2026-04-05;2026-10-04
WTA;Panna Udvardy;26;Hard;WTA;9;6,0653;4,9383;3,888;6,4949;2026-04-05;2026-10-04
WTA;Paula Badosa;26;Hard;WTA;4;3,6212;4,2042;6,4067;7,4792;2026-04-05;2026-10-04
WTA;Petra Marcinko;26;Hard;WTA;3;4,878;5,2459;8,0139;6,3778;2026-04-05;2026-10-04
WTA;Peyton Stearns;26;Hard;WTA;10;5,63;6,2016;6,8365;6,7818;2026-04-05;2026-10-04
WTA;Polina Iatcenko;26;Hard;WTA;3;0,4831;3,653;7,2464;6,4688;2026-04-05;2026-10-04
WTA;Polina Kudermetova;26;Hard;WTA;5;3,4913;6,3415;8,4788;6,5738;2026-04-05;2026-10-04
WTA;Qinwen Zheng;26;Hard;WTA;8;8,7464;3,6775;5,6851;6,5962;2026-04-05;2026-10-04
WTA;Rebecca Sramkova;26;Hard;WTA;4;5,0209;2,6718;5,4393;6,1282;2026-04-05;2026-10-04
WTA;Reese Brantmeier;26;Hard;WTA;1;1,6393;0,0;3,2787;6,1;2026-04-05;2026-10-04
WTA;Renata Zarazua;26;Hard;WTA;7;0,3876;6,6277;2,3256;6,6154;2026-04-05;2026-10-04
WTA;Rina Saigo;26;Hard;WTA;1;0,0;0,0;0,0;6,9;2026-04-05;2026-10-04
WTA;Robin Montgomery;26;Hard;WTA;2;6,8627;2,924;4,902;7,8462;2026-04-05;2026-10-04
WTA;Sara Bejlek;26;Hard;WTA;12;2,0433;1,7937;3,8462;6,2556;2026-04-05;2026-10-04
WTA;Sara Saito;26;Hard;WTA;1;1,7857;4,0816;8,9286;6,2222;2026-04-05;2026-10-04
WTA;Sara Sorribes Tormo;26;Hard;WTA;3;0,8475;0,8065;2,9661;6,5556;2026-04-05;2026-10-04
WTA;Shuai Zhang;26;Hard;WTA;7;0,5305;6,7146;3,4483;6,1803;2026-04-05;2026-10-04
WTA;Simona Waltert;26;Hard;WTA;5;4,717;4,038;9,6698;6,9508;2026-04-05;2026-10-04
WTA;Sinja Kraus;26;Hard;WTA;4;0,4484;2,0325;4,4843;6,1944;2026-04-05;2026-10-04
WTA;Sloane Stephens;26;Hard;WTA;10;1,4925;5,9361;2,9851;6,7;2026-04-05;2026-10-04
WTA;Sofia Costoulas;26;Hard;WTA;3;4,0323;4,1152;4,0323;7,0857;2026-04-05;2026-10-04
WTA;Sofia Kenin;26;Hard;WTA;6;2,1108;9,7826;6,0686;6,0159;2026-04-05;2026-10-04
WTA;Sofya Lansere;26;Hard;WTA;3;4,7904;1,105;8,982;6,4231;2026-04-05;2026-10-04
WTA;Solana Sierra;26;Hard;WTA;2;3,1579;1,0526;12,6316;5,5882;2026-04-05;2026-10-04
WTA;Sonay Kartal;26;Hard;WTA;2;1,0;2,4;2,0;5,8824;2026-04-05;2026-10-04
WTA;Sorana Cirstea;26;Hard;WTA;8;5,4007;2,6891;5,5749;6,8333;2026-04-05;2026-10-04
WTA;Storm Hunter;26;Hard;WTA;4;3,0303;6,9672;4,329;6,2432;2026-04-05;2026-10-04
WTA;Suzan Lamens;26;Hard;WTA;1;1,1628;4,5977;13,9535;6,6154;2026-04-05;2026-10-04
WTA;Talia Gibson;26;Hard;WTA;10;7,0055;6,3712;6,5934;6,5;2026-04-05;2026-10-04
WTA;Tamara Korpatsch;26;Hard;WTA;5;2,8736;3,2836;6,8966;6,566;2026-04-05;2026-10-04
WTA;Tamara Zidansek;26;Hard;WTA;1;1,2821;3,1746;3,8462;7,8;2026-04-05;2026-10-04
WTA;Tatiana Prozorova;26;Hard;WTA;3;3,3537;2,1148;3,0488;6,8333;2026-04-05;2026-10-04
WTA;Tatjana Maria;26;Hard;WTA;6;5,4;3,8384;5,4;6,7568;2026-04-05;2026-10-04
WTA;Taylah Preston;26;Hard;WTA;4;3,5088;8,6957;7,4561;6,3333;2026-04-05;2026-10-04
WTA;Taylor Townsend;26;Hard;WTA;10;7,5521;3,871;2,8646;6,5641;2026-04-05;2026-10-04
WTA;Teodora Kostovic;26;Hard;WTA;3;1,9048;1,7094;7,619;6,1765;2026-04-05;2026-10-04
WTA;Tereza Valentova;26;Hard;WTA;3;1,7778;3,8023;7,5556;6,6176;2026-04-05;2026-10-04
WTA;Tyra Caterina Grant;26;Hard;WTA;1;5,6604;8,6957;5,6604;6,625;2026-04-05;2026-10-04
WTA;Varvara Lepchenko;26;Hard;WTA;1;1,3889;11,6279;9,7222;5,1429;2026-04-05;2026-10-04
WTA;Vendula Valdmannova;26;Hard;WTA;1;0,0;1,3158;7,6923;5,7778;2026-04-05;2026-10-04
WTA;Veronika Erjavec;26;Hard;WTA;1;3,4091;3,7975;2,2727;6,2857;2026-04-05;2026-10-04
WTA;Victoria Jimenez Kasintseva;26;Hard;WTA;1;1,5625;5,7143;17,1875;6,4;2026-04-05;2026-10-04
WTA;Viktoria Hruncakova;26;Hard;WTA;2;3,0303;2,8169;6,0606;6,0;2026-04-05;2026-10-04
WTA;Viktoria Morvayova;26;Hard;WTA;2;3,8674;4,7619;3,8674;7,24;2026-04-05;2026-10-04
WTA;Viktorija Golubic;26;Hard;WTA;8;1,0309;4,8855;4,1237;6,3956;2026-04-05;2026-10-04
WTA;Vivian Wolff;26;Hard;WTA;1;1,3158;3,3898;6,5789;7,6;2026-04-05;2026-10-04
WTA;Xin Yu Wang;26;Hard;WTA;12;3,9474;3,6158;6,1005;6,4308;2026-04-05;2026-10-04
WTA;Xinyu Gao;26;Hard;WTA;2;0,9259;5,4348;2,7778;6,0;2026-04-05;2026-10-04
WTA;Xiyu Wang;26;Hard;WTA;5;1,4164;2,2951;3,1161;6,9216;2026-04-05;2026-10-04
WTA;Ye Xin Ma;26;Hard;WTA;1;3,2967;1,9417;1,0989;6,5;2026-04-05;2026-10-04
WTA;Yue Yuan;26;Hard;WTA;2;1,4599;4,878;2,1898;6,85;2026-04-05;2026-10-04
WTA;Yulia Putintseva;26;Hard;WTA;4;4,0498;3,886;3,4268;5,9444;2026-04-05;2026-10-04
WTA;Yuliia Starodubtseva;26;Hard;WTA;9;2,3495;5,2469;2,9369;7,0938;2026-04-05;2026-10-04
WTA;Zeynep Sonmez;26;Hard;WTA;8;1,9892;6,8093;5,9675;7,0897;2026-04-05;2026-10-04
WTA;Zhuoxuan Bai;26;Hard;WTA;1;0,0;5,7692;3,5714;7,0;2026-04-05;2026-10-04
WTA;Alevtina Ibragimova;26;Hard;ALL;3;2,1053;3,1746;2,807;7,3077;2026-04-05;2026-10-04
WTA;Alexandra Eala;26;Hard;ALL;14;1,6032;5,3537;4,7094;6,1988;2026-04-05;2026-10-04
WTA;Alexandra Shubladze;26;Hard;ALL;27;0,6459;1,3631;4,5802;6,3309;2026-04-05;2026-10-04
WTA;Aliaksandra Sasnovich;26;Hard;ALL;7;2,5522;3,937;3,7123;6,7344;2026-04-05;2026-10-04
WTA;Alice Tubello;26;Hard;ALL;2;3,6765;0,7407;2,9412;6,8;2026-04-05;2026-10-04
WTA;Alicia Dudeney;26;Hard;ALL;25;3,4696;2,0302;7,9926;6,2317;2026-04-05;2026-10-04
WTA;Alicia Herrero Linana;26;Hard;ALL;4;0,0;1,3937;2,623;6,4894;2026-04-05;2026-10-04
WTA;Alina Charaeva;26;Hard;ALL;12;5,848;1,8484;7,7973;6,5769;2026-04-05;2026-10-04
WTA;Alina Korneeva;26;Hard;ALL;13;3,861;1,8428;4,7619;6,3689;2026-04-05;2026-10-04
WTA;Aliona Falei;26;Hard;ALL;18;2,6591;2,3732;6,527;6,7081;2026-04-05;2026-10-04
WTA;Alycia Parks;26;Hard;ALL;16;8,775;2,5366;12,0765;6,6532;2026-04-05;2026-10-04
WTA;Amanda Anisimova;26;Hard;ALL;9;4,6875;4,0179;6,5625;6,4;2026-04-05;2026-10-04
WTA;Anastasia Gasanova;26;Hard;ALL;7;1,5556;3,7113;8,0;6,8182;2026-04-05;2026-10-04
WTA;Anastasia Potapova;26;Hard;ALL;10;4,3548;2,1201;8,0645;6,8132;2026-04-05;2026-10-04
WTA;Anastasia Tikhonova;26;Hard;ALL;6;5,4167;3,3333;10,0;6,7606;2026-04-05;2026-10-04
WTA;Anastasia Zakharova;26;Hard;ALL;18;1,3805;3,7625;4,2278;6,5852;2026-04-05;2026-10-04
WTA;Anastasia Zolotareva;26;Hard;ALL;2;1,9608;2,649;4,5752;6,6522;2026-04-05;2026-10-04
WTA;Andrea Lazaro Garcia;26;Hard;ALL;1;3,2787;2,2222;6,5574;6,7778;2026-04-05;2026-10-04
WTA;Anhelina Kalinina;26;Hard;ALL;5;2,5126;9,6203;7,2864;6,4194;2026-04-05;2026-10-04
WTA;Ann Li;26;Hard;ALL;14;5,4945;4,6561;5,1948;7,0;2026-04-05;2026-10-04
WTA;Anna Blinkova;26;Hard;ALL;19;2,2628;3,1915;5,5474;7,0984;2026-04-05;2026-10-04
WTA;Anna Bondar;26;Hard;ALL;9;3,9948;3,5714;5,4124;6,9286;2026-04-05;2026-10-04
WTA;Anna Kalinskaya;26;Hard;ALL;12;4,1763;7,0234;10,3248;6,2464;2026-04-05;2026-10-04
WTA;Anna Lena Friedsam;26;Hard;ALL;1;3,0;4,4944;3,0;6,6667;2026-04-05;2026-10-04
WTA;Anna Siskova;26;Hard;ALL;1;2,7778;3,75;1,3889;7,2;2026-04-05;2026-10-04
WTA;Anouk Koevermans;26;Hard;ALL;5;4,9861;1,3158;6,6482;6,6852;2026-04-05;2026-10-04
WTA;Antonia Ruzic;26;Hard;ALL;10;0,5814;5,0296;4,5058;6,4299;2026-04-05;2026-10-04
WTA;Arantxa Rus;26;Hard;ALL;4;2,3324;4,386;4,0816;6,5962;2026-04-05;2026-10-04
WTA;Aryna Sabalenka;26;Hard;ALL;14;9,4681;6,6598;4,5745;6,3514;2026-04-05;2026-10-04
WTA;Ashlyn Krueger;26;Hard;ALL;8;6,9351;3,1461;8,2774;6,2083;2026-04-05;2026-10-04
WTA;Ayana Akli;26;Hard;ALL;20;1,4179;1,8182;4,8507;6,4115;2026-04-05;2026-10-04
WTA;Ayla Aksu;26;Hard;ALL;16;1,466;3,3953;5,787;6,9677;2026-04-05;2026-10-04
WTA;Barbora Krejcikova;26;Hard;ALL;13;5,2573;4,1752;7,1588;6,4783;2026-04-05;2026-10-04
WTA;Barbora Palicova;26;Hard;ALL;4;1,0067;0,7143;6,0403;6,6222;2026-04-05;2026-10-04
WTA;Belinda Bencic;26;Hard;ALL;6;3,3019;5,8296;7,0755;6,8387;2026-04-05;2026-10-04
WTA;Berfu Cengiz;26;Hard;ALL;6;2,0349;5,6047;6,1047;6,4906;2026-04-05;2026-10-04
WTA;Bianca Andreescu;26;Hard;ALL;2;3,3113;7,377;3,9735;7,1905;2026-04-05;2026-10-04
WTA;Cadence Brace;26;Hard;ALL;14;1,0902;3,268;4,3608;6,5519;2026-04-05;2026-10-04
WTA;Camila Osorio;26;Hard;ALL;9;2,2901;5,2388;8,2443;6,8229;2026-04-05;2026-10-04
WTA;Carol Young Suh Lee;26;Hard;ALL;23;4,7529;3,6991;3,9924;6,6582;2026-04-05;2026-10-04
WTA;Carole Monnet;26;Hard;ALL;6;1,2821;1,6842;8,3333;7,4286;2026-04-05;2026-10-04
WTA;Caroline Dolehide;26;Hard;ALL;12;3,027;2,1127;4,5405;6,8015;2026-04-05;2026-10-04
WTA;Caroline Uebelhoer;26;Hard;ALL;2;2,0979;2,3438;5,5944;7,5263;2026-04-05;2026-10-04
WTA;Carolyn Ansari;26;Hard;ALL;30;1,1846;1,7472;5,232;6,5566;2026-04-05;2026-10-04
WTA;Caty Mcnally;26;Hard;ALL;11;1,4269;2,3199;6,5398;6,8374;2026-04-05;2026-10-04
WTA;Claire Liu;26;Hard;ALL;6;6,3325;1,7766;7,124;6,3167;2026-04-05;2026-10-04
WTA;Clara Tauson;26;Hard;ALL;13;8,0292;6,5;6,3869;7,1634;2026-04-05;2026-10-04
WTA;Coco Gauff;26;Hard;ALL;17;5,756;2,579;7,0447;6,3956;2026-04-05;2026-10-04
WTA;Cristina Bucsa;26;Hard;ALL;14;1,8349;3,5225;4,893;6,4539;2026-04-05;2026-10-04
WTA;Dalma Galfi;26;Hard;ALL;3;5,8296;4,0;6,278;6,7576;2026-04-05;2026-10-04
WTA;Daria Kasatkina;26;Hard;ALL;7;2,1886;4,5381;8,7542;6,8276;2026-04-05;2026-10-04
WTA;Daria Khomutsianskaya;26;Hard;ALL;19;4,3636;2,0086;6,2545;6,5476;2026-04-05;2026-10-04
WTA;Daria Snigur;26;Hard;ALL;12;2,8221;6,3529;4,7853;6,5726;2026-04-05;2026-10-04
WTA;Darja Semenistaja;26;Hard;ALL;4;2,2876;7,0707;3,268;6,9545;2026-04-05;2026-10-04
WTA;Darja Vidmanova;26;Hard;ALL;19;6,5089;3,4083;3,3284;6,2593;2026-04-05;2026-10-04
WTA;Darya Astakhova;26;Hard;ALL;8;0,813;1,7002;3,4146;6,6848;2026-04-05;2026-10-04
WTA;Dayana Yastremska;26;Hard;ALL;5;3,9877;4,6961;7,0552;6,2692;2026-04-05;2026-10-04
WTA;Dayeon Back;26;Hard;ALL;33;0,9674;0,7364;3,3096;6,2349;2026-04-05;2026-10-04
WTA;Diana Shnaider;26;Hard;ALL;14;2,907;4,9073;3,8372;6,2319;2026-04-05;2026-10-04
WTA;Diane Parry;26;Hard;ALL;15;5,4577;4,7705;5,6338;6,6824;2026-04-05;2026-10-04
WTA;Dominika Salkova;26;Hard;ALL;6;3,3241;3,2738;5,2632;6,6852;2026-04-05;2026-10-04
WTA;Donna Vekic;26;Hard;ALL;7;5,414;4,5455;7,1656;6,7527;2026-04-05;2026-10-04
WTA;Ekaterina Alexandrova;26;Hard;ALL;12;6,1303;3,8066;7,567;7,0067;2026-04-05;2026-10-04
WTA;Ekaterine Gorgodze;26;Hard;ALL;6;0,6494;4,8246;0,6494;6,7941;2026-04-05;2026-10-04
WTA;Elena Gabriela Ruse;26;Hard;ALL;9;4,1985;2,8846;5,5344;6,7179;2026-04-05;2026-10-04
WTA;Elena Malygina;26;Hard;ALL;8;1,9634;1,847;4,712;7,0092;2026-04-05;2026-10-04
WTA;Elena Micic;26;Hard;ALL;28;3,2885;4,7524;7,9223;6,7124;2026-04-05;2026-10-04
WTA;Elena Pridankina;26;Hard;ALL;5;2,6966;0,9804;8,3146;6,9531;2026-04-05;2026-10-04
WTA;Elena Ruxandra Bertea;26;Hard;ALL;3;5,4545;4,4898;5,0;6,4706;2026-04-05;2026-10-04
WTA;Elena Rybakina;26;Hard;ALL;18;9,758;4,0831;5,6206;6,1884;2026-04-05;2026-10-04
WTA;Elina Avanesyan;26;Hard;ALL;2;0,7937;3,6364;8,7302;7,4118;2026-04-05;2026-10-04
WTA;Elina Svitolina;26;Hard;ALL;12;3,5677;2,4262;5,9811;6,8071;2026-04-05;2026-10-04
WTA;Elisabetta Cocciaretto;26;Hard;ALL;6;0,5089;7,7283;6,6158;6,2381;2026-04-05;2026-10-04
WTA;Elise Mertens;26;Hard;ALL;12;6,6441;4,1365;6,6441;6,4818;2026-04-05;2026-10-04
WTA;Elizabeth Mandlik;26;Hard;ALL;6;2,7295;4,01;8,4367;6,8305;2026-04-05;2026-10-04
WTA;Elizara Yaneva;26;Hard;ALL;4;3,1609;4,3478;3,4483;6,6923;2026-04-05;2026-10-04
WTA;Ella Seidel;26;Hard;ALL;6;3,9409;7,9576;9,6059;7,1228;2026-04-05;2026-10-04
WTA;Elsa Jacquemot;26;Hard;ALL;8;7,4141;2,6738;7,5949;6,7439;2026-04-05;2026-10-04
WTA;Elvina Kalieva;26;Hard;ALL;14;4,8138;3,7333;4,723;7,1961;2026-04-05;2026-10-04
WTA;Emerson Jones;26;Hard;ALL;16;1,7502;3,0911;6,9212;6,9448;2026-04-05;2026-10-04
WTA;Emiliana Arango;26;Hard;ALL;7;3,066;1,9277;6,6038;6,9508;2026-04-05;2026-10-04
WTA;Emma Navarro;26;Hard;ALL;10;9,0802;4,9261;6,25;7,1261;2026-04-05;2026-10-04
WTA;Erika Andreeva;26;Hard;ALL;10;2,7167;3,6316;2,458;6,7217;2026-04-05;2026-10-04
WTA;Eva Lys;26;Hard;ALL;8;2,1696;3,1936;12,426;6,5;2026-04-05;2026-10-04
WTA;Eva Vedder;26;Hard;ALL;5;4,1009;1,9868;1,8927;6,7447;2026-04-05;2026-10-04
WTA;Fangran Tian;26;Hard;ALL;20;1,0046;3,3832;3,4003;6,5354;2026-04-05;2026-10-04
WTA;Fiona Crawley;26;Hard;ALL;14;1,2476;1,1132;5,6622;6,6369;2026-04-05;2026-10-04
WTA;Fiona Ferro;26;Hard;ALL;3;1,2121;6,0;3,6364;6,3462;2026-04-05;2026-10-04
WTA;Francesca Jones;26;Hard;ALL;2;2,6316;8,8889;4,6053;6,6087;2026-04-05;2026-10-04
WTA;Francisca Jorge;26;Hard;ALL;22;2,1335;1,9282;3,7853;6,545;2026-04-05;2026-10-04
WTA;Gabriela Andrea Knutson;26;Hard;ALL;22;4,5711;2,0757;6,4496;6,5451;2026-04-05;2026-10-04
WTA;Greet Minnen;26;Hard;ALL;3;3,7267;4,0404;4,9689;5,75;2026-04-05;2026-10-04
WTA;Han Shi;26;Hard;ALL;36;3,8143;0,9744;6,0945;6,6082;2026-04-05;2026-10-04
WTA;Hanna Chang;26;Hard;ALL;35;1,93;1,0314;6,5081;6,5146;2026-04-05;2026-10-04
WTA;Hanne Vandewinkel;26;Hard;ALL;15;5,1331;3,6442;7,4144;7,2552;2026-04-05;2026-10-04
WTA;Harmony Tan;26;Hard;ALL;6;5,3398;2,267;2,9126;6,7541;2026-04-05;2026-10-04
WTA;Harriet Dart;26;Hard;ALL;15;2,3875;3,4203;5,2342;6,9363;2026-04-05;2026-10-04
WTA;Haruka Kaji;26;Hard;ALL;27;1,6648;1,6694;2,8857;6,6494;2026-04-05;2026-10-04
WTA;Hayu Kinoshita;26;Hard;ALL;27;1,8909;3,1144;2,9173;6,8051;2026-04-05;2026-10-04
WTA;Himeno Sakatsume;26;Hard;ALL;11;2,0457;2,0988;3,4898;6,7016;2026-04-05;2026-10-04
WTA;Hiromi Abe;26;Hard;ALL;23;1,6518;0,6579;6,0564;6,4578;2026-04-05;2026-10-04
WTA;Iga Swiatek;26;Hard;ALL;16;1,6346;2,3479;3,8462;6,8421;2026-04-05;2026-10-04
WTA;Iryna Shymanovich;26;Hard;ALL;4;0,4405;5,3812;8,37;6,3056;2026-04-05;2026-10-04
WTA;Iva Jovic;26;Hard;ALL;13;4,0305;3,2731;3,159;6,6522;2026-04-05;2026-10-04
WTA;Janice Tjen;26;Hard;ALL;12;7,8109;4,6154;4,9332;6,9007;2026-04-05;2026-10-04
WTA;Jasmine Paolini;26;Hard;ALL;4;2,0067;4,1522;5,0167;6,5;2026-04-05;2026-10-04
WTA;Jazmin Ortenzi;26;Hard;ALL;3;0,5155;1,0695;5,6701;6,6897;2026-04-05;2026-10-04
WTA;Jelena Ostapenko;26;Hard;ALL;6;6,2162;6,3361;16,7568;6,9811;2026-04-05;2026-10-04
WTA;Jeline Vandromme;26;Hard;ALL;12;1,7084;2,4138;3,4169;6,7023;2026-04-05;2026-10-04
WTA;Jessica Bouzas Maneiro;26;Hard;ALL;15;1,5842;3,7718;7,4257;6,6447;2026-04-05;2026-10-04
WTA;Jessica Pegula;26;Hard;ALL;19;5,8605;4,1963;3,5608;6,3585;2026-04-05;2026-10-04
WTA;Jil Teichmann;26;Hard;ALL;3;0,7752;2,952;5,814;6,973;2026-04-05;2026-10-04
WTA;Joanna Garland;26;Hard;ALL;2;4,698;4,5455;4,698;5,96;2026-04-05;2026-10-04
WTA;Julia Avdeeva;26;Hard;ALL;4;6,7194;2,439;11,0672;6,4872;2026-04-05;2026-10-04
WTA;Julia Grabher;26;Hard;ALL;5;2,6667;2,1875;8,5333;7,2115;2026-04-05;2026-10-04
WTA;Julia Riera;26;Hard;ALL;7;4,2596;2,2587;6,288;7,25;2026-04-05;2026-10-04
WTA;Julie Struplova;26;Hard;ALL;1;3,4483;0,0;6,8966;6,4444;2026-04-05;2026-10-04
WTA;Julieta Pareja;26;Hard;ALL;10;1,0574;2,4032;4,6828;6,4272;2026-04-05;2026-10-04
WTA;Justina Mikulskyte;26;Hard;ALL;15;2,537;3,3469;5,3911;6,2649;2026-04-05;2026-10-04
WTA;Kaitlin Quevedo;26;Hard;ALL;10;2,0434;3,4341;5,1086;6,8087;2026-04-05;2026-10-04
WTA;Kajsa Rinaldo Persson;26;Hard;ALL;4;5,5794;0,9346;6,4378;6,2973;2026-04-05;2026-10-04
WTA;Kamilla Rakhimova;26;Hard;ALL;12;2,4859;5,0663;7,5706;7,08;2026-04-05;2026-10-04
WTA;Karolina Muchova;26;Hard;ALL;4;5,7895;2,765;3,1579;5,5882;2026-04-05;2026-10-04
WTA;Karolina Pliskova;26;Hard;ALL;5;5,9701;3,9157;11,0448;6,9792;2026-04-05;2026-10-04
WTA;Katarina Kuzmova;26;Hard;ALL;29;4,4097;4,9662;6,7065;6,8245;2026-04-05;2026-10-04
WTA;Katarina Zavatska;26;Hard;ALL;1;0,0;4,6512;1,6949;8,4286;2026-04-05;2026-10-04
WTA;Katarzyna Kawa;26;Hard;ALL;3;4,0146;2,7491;6,5693;6,2273;2026-04-05;2026-10-04
WTA;Katerina Siniakova;26;Hard;ALL;7;3,0769;3,9062;9,2308;6,6667;2026-04-05;2026-10-04
WTA;Katherine Sebov;26;Hard;ALL;14;0,4635;3,6506;3,4762;6,6899;2026-04-05;2026-10-04
WTA;Katie Boulter;26;Hard;ALL;8;1,5929;7,9365;10,7965;6,7262;2026-04-05;2026-10-04
WTA;Katie Swan;26;Hard;ALL;7;2,5287;3,3259;5,0575;6,3971;2026-04-05;2026-10-04
WTA;Katie Volynets;26;Hard;ALL;14;1,5779;3,5714;1,7751;6,8054;2026-04-05;2026-10-04
WTA;Katrina Scott;26;Hard;ALL;8;4,2194;4,8246;3,3755;6,7714;2026-04-05;2026-10-04
WTA;Kayla Cross;26;Hard;ALL;10;3,4954;1,5699;5,9271;6,6465;2026-04-05;2026-10-04
WTA;Kayla Day;26;Hard;ALL;8;6,0907;2,6746;6,9405;7,1313;2026-04-05;2026-10-04
WTA;Kimberly Birrell;26;Hard;ALL;10;2,3288;5,117;8,4932;6,9524;2026-04-05;2026-10-04
WTA;Kristina Liutova;26;Hard;ALL;14;1,1853;3,3266;4,3103;6,5352;2026-04-05;2026-10-04
WTA;Lanlana Tararudee;26;Hard;ALL;25;5,7923;3,2412;4,8087;6,4894;2026-04-05;2026-10-04
WTA;Laura Pigossi;26;Hard;ALL;1;2,6667;5,2632;8,0;6,8182;2026-04-05;2026-10-04
WTA;Laura Samson;26;Hard;ALL;2;3,1847;3,5211;9,5541;6,8261;2026-04-05;2026-10-04
WTA;Lea Ma;26;Hard;ALL;18;6,8127;3,5803;4,2174;6,7011;2026-04-05;2026-10-04
WTA;Leolia Jeanjean;26;Hard;ALL;11;2,9274;2,027;6,089;6,3731;2026-04-05;2026-10-04
WTA;Leylah Fernandez;26;Hard;ALL;14;3,5398;2,6608;5,7522;6,2778;2026-04-05;2026-10-04
WTA;Lilli Tagger;26;Hard;ALL;12;6,8154;3,6232;4,3371;6,5081;2026-04-05;2026-10-04
WTA;Lin Zhu;26;Hard;ALL;6;1,9851;5,7357;2,4814;6,3968;2026-04-05;2026-10-04
WTA;Linda Fruhvirtova;26;Hard;ALL;7;3,2882;2,6549;8,3172;6,5443;2026-04-05;2026-10-04
WTA;Linda Klimovicova;26;Hard;ALL;6;4,4503;2,907;7,5916;6,7018;2026-04-05;2026-10-04
WTA;Linda Noskova;26;Hard;ALL;10;10,2464;8,2173;8,9494;6,8839;2026-04-05;2026-10-04
WTA;Lisa Pigato;26;Hard;ALL;5;1,548;1,7804;2,4768;6,2115;2026-04-05;2026-10-04
WTA;Liudmila Samsonova;26;Hard;ALL;15;3,6269;5,1765;6,8838;7,0733;2026-04-05;2026-10-04
WTA;Lois Boisson;26;Hard;ALL;11;6,5684;3,2476;5,7641;6,5439;2026-04-05;2026-10-04
WTA;Lola Radivojevic;26;Hard;ALL;1;3,5088;3,7037;7,0175;7,125;2026-04-05;2026-10-04
WTA;Lucia Bronzetti;26;Hard;ALL;1;0,0;3,5714;9,5238;6,0;2026-04-05;2026-10-04
WTA;Lucie Havlickova;26;Hard;ALL;7;3,6217;5,423;8,6519;7,2029;2026-04-05;2026-10-04
WTA;Lucrezia Stefanini;26;Hard;ALL;19;0,2347;1,1373;3,7559;6,7619;2026-04-05;2026-10-04
WTA;Maddison Inglis;26;Hard;ALL;10;2,9186;3,1019;3,9939;6,3824;2026-04-05;2026-10-04
WTA;Madison Brengle;26;Hard;ALL;15;0,0;0,9372;3,5928;6,68;2026-04-05;2026-10-04
WTA;Madison Keys;26;Hard;ALL;10;6,5031;2,0335;5,8896;6,626;2026-04-05;2026-10-04
WTA;Magda Linette;26;Hard;ALL;8;4,0293;1,61;5,1282;6,1348;2026-04-05;2026-10-04
WTA;Magdalena Frech;26;Hard;ALL;13;4,2254;4,8966;2,5822;6,5038;2026-04-05;2026-10-04
WTA;Mai Hontama;26;Hard;ALL;22;0,5562;3,3634;5,8714;6,5772;2026-04-05;2026-10-04
WTA;Maja Chwalinska;26;Hard;ALL;10;0,9901;5,2252;3,3003;6,587;2026-04-05;2026-10-04
WTA;Mananchaya Sawangkaew;26;Hard;ALL;23;2,7913;2,6693;7,1179;6,3973;2026-04-05;2026-10-04
WTA;Maria Sakkari;26;Hard;ALL;15;6,1728;3,1031;4,0123;6,1911;2026-04-05;2026-10-04
WTA;Maria Timofeeva;26;Hard;ALL;14;3,517;1,1416;4,1032;6,5615;2026-04-05;2026-10-04
WTA;Marie Bouzkova;26;Hard;ALL;11;3,5433;2,0782;4,7244;6,5128;2026-04-05;2026-10-04
WTA;Marina Bassols Ribera;26;Hard;ALL;2;0,6667;9,4595;12,6667;6,25;2026-04-05;2026-10-04
WTA;Marta Kostyuk;26;Hard;ALL;12;7,3733;0,4723;6,682;6,3358;2026-04-05;2026-10-04
WTA;Martha Matoula;26;Hard;ALL;1;0,0;2,5974;10,8434;8,3;2026-04-05;2026-10-04
WTA;Martyna Kubka;26;Hard;ALL;24;5,6426;4,1691;2,2571;6,3546;2026-04-05;2026-10-04
WTA;Mary Stoiana;26;Hard;ALL;11;1,9455;2,1795;5,0584;6,7632;2026-04-05;2026-10-04
WTA;Matilde Jorge;26;Hard;ALL;22;3,1474;1,7796;7,01;6,5634;2026-04-05;2026-10-04
WTA;Maya Joint;26;Hard;ALL;14;2,0243;3,3599;4,8583;7,1387;2026-04-05;2026-10-04
WTA;Mayar Sherif;26;Hard;ALL;2;1,4286;1,9048;5,0;8,2353;2026-04-05;2026-10-04
WTA;Mccartney Kessler;26;Hard;ALL;5;4,6575;3,4056;3,8356;7,1569;2026-04-05;2026-10-04
WTA;Mei Yamaguchi;26;Hard;ALL;18;1,7941;4,7303;3,3541;6,6771;2026-04-05;2026-10-04
WTA;Mia Pohankova;26;Hard;ALL;10;4,4286;2,0349;2,5714;6,6667;2026-04-05;2026-10-04
WTA;Mika Stojsavljevic;26;Hard;ALL;4;4,4118;3,3113;11,7647;6,9388;2026-04-05;2026-10-04
WTA;Mina Hodzic;26;Hard;ALL;3;0,7117;3,4351;5,3381;7,025;2026-04-05;2026-10-04
WTA;Mirra Andreeva;26;Hard;ALL;13;4,9808;2,9516;6,258;6,264;2026-04-05;2026-10-04
WTA;Mona Barthel;26;Hard;ALL;3;6,5574;4,8507;8,1967;6,5946;2026-04-05;2026-10-04
WTA;Moyuka Uchijima;26;Hard;ALL;6;5,042;3,2328;8,4034;6,5205;2026-04-05;2026-10-04
WTA;Nadia Podoroska;26;Hard;ALL;16;2,7531;1,9048;7,3712;6,7024;2026-04-05;2026-10-04
WTA;Nao Hibino;26;Hard;ALL;15;4,2399;4,717;5,5843;6,6233;2026-04-05;2026-10-04
WTA;Naomi Osaka;26;Hard;ALL;12;9,0806;4,8463;4,5403;6,4307;2026-04-05;2026-10-04
WTA;Nikola Bartunkova;26;Hard;ALL;15;6,5306;3,5256;5,0612;6,6576;2026-04-05;2026-10-04
WTA;Noma Noha Akugue;26;Hard;ALL;5;2,5907;2,1084;3,3679;7,0182;2026-04-05;2026-10-04
WTA;Oksana Selekhmeteva;26;Hard;ALL;5;1,0309;1,084;9,0206;7,0545;2026-04-05;2026-10-04
WTA;Oleksandra Oliynykova;26;Hard;ALL;10;1,5332;2,8862;5,9625;6,8256;2026-04-05;2026-10-04
WTA;Olivia Gadecki;26;Hard;ALL;2;1,8349;1,9608;7,3394;6,0556;2026-04-05;2026-10-04
WTA;Panna Udvardy;26;Hard;ALL;9;6,0653;4,9383;3,888;6,4949;2026-04-05;2026-10-04
WTA;Paula Badosa;26;Hard;ALL;8;3,437;2,623;8,347;6,8652;2026-04-05;2026-10-04
WTA;Petra Marcinko;26;Hard;ALL;3;4,878;5,2459;8,0139;6,3778;2026-04-05;2026-10-04
WTA;Peyton Stearns;26;Hard;ALL;13;5,2254;6,0019;6,7623;6,8252;2026-04-05;2026-10-04
WTA;Polina Iatcenko;26;Hard;ALL;17;3,5058;5,3822;5,9265;6,3386;2026-04-05;2026-10-04
WTA;Polina Kudermetova;26;Hard;ALL;7;4,0564;5,2901;10,4056;6,5172;2026-04-05;2026-10-04
WTA;Priscilla Hon;26;Hard;ALL;7;3,066;4,6272;3,7736;6,625;2026-04-05;2026-10-04
WTA;Qinwen Zheng;26;Hard;ALL;11;9,5556;3,3113;5,5556;6,8182;2026-04-05;2026-10-04
WTA;Rebecca Sramkova;26;Hard;ALL;4;5,0209;2,6718;5,4393;6,1282;2026-04-05;2026-10-04
WTA;Rebeka Masarova;26;Hard;ALL;1;3,7383;0,8621;7,4766;7,1333;2026-04-05;2026-10-04
WTA;Reese Brantmeier;26;Hard;ALL;21;5,1225;1,0736;3,2665;6,7015;2026-04-05;2026-10-04
WTA;Renata Zarazua;26;Hard;ALL;16;0,6548;5,8659;2,2451;6,4398;2026-04-05;2026-10-04
WTA;Rina Saigo;26;Hard;ALL;25;1,7494;2,7998;2,7088;6,8154;2026-04-05;2026-10-04
WTA;Robin Montgomery;26;Hard;ALL;3;5,036;2,0576;6,4748;7,5135;2026-04-05;2026-10-04
WTA;Rositsa Dencheva;26;Hard;ALL;5;0,0;1,462;3,5616;6,5179;2026-04-05;2026-10-04
WTA;Sara Bejlek;26;Hard;ALL;18;1,7059;1,4184;3,4119;6,4789;2026-04-05;2026-10-04
WTA;Sara Saito;26;Hard;ALL;18;1,1547;2,3863;11,8553;6,801;2026-04-05;2026-10-04
WTA;Sara Sorribes Tormo;26;Hard;ALL;5;0,7009;1,1261;3,972;6,5846;2026-04-05;2026-10-04
WTA;Shuai Zhang;26;Hard;ALL;7;0,5305;6,7146;3,4483;6,1803;2026-04-05;2026-10-04
WTA;Simona Waltert;26;Hard;ALL;6;4,3121;3,629;10,0616;6,8592;2026-04-05;2026-10-04
WTA;Sinja Kraus;26;Hard;ALL;9;0,3515;2,7972;5,0967;6,6941;2026-04-05;2026-10-04
WTA;Sloane Stephens;26;Hard;ALL;15;1,6698;4,6154;2,9685;6,7799;2026-04-05;2026-10-04
WTA;Sofia Costoulas;26;Hard;ALL;11;4,0788;3,1579;4,0788;6,6449;2026-04-05;2026-10-04
WTA;Sofia Kenin;26;Hard;ALL;7;1,6064;9,5575;6,2249;6,3038;2026-04-05;2026-10-04
WTA;Sofya Lansere;26;Hard;ALL;10;1,938;0,7339;8,3333;6,5316;2026-04-05;2026-10-04
WTA;Solana Sierra;26;Hard;ALL;6;2,9925;1,7903;12,4688;6,6833;2026-04-05;2026-10-04
WTA;Sonay Kartal;26;Hard;ALL;2;1,0;2,4;2,0;5,8824;2026-04-05;2026-10-04
WTA;Sorana Cirstea;26;Hard;ALL;8;5,4007;2,6891;5,5749;6,8333;2026-04-05;2026-10-04
WTA;Storm Hunter;26;Hard;ALL;5;3,2573;7,0064;4,2345;6,2653;2026-04-05;2026-10-04
WTA;Susan Bandecchi;26;Hard;ALL;22;3,2471;3,4905;3,2471;6,652;2026-04-05;2026-10-04
WTA;Suzan Lamens;26;Hard;ALL;5;0,4854;2,8205;12,1359;6,8667;2026-04-05;2026-10-04
WTA;Talia Gibson;26;Hard;ALL;12;5,9848;6,4994;7,2905;6,708;2026-04-05;2026-10-04
WTA;Tamara Korpatsch;26;Hard;ALL;5;2,8736;3,2836;6,8966;6,566;2026-04-05;2026-10-04
WTA;Tamara Zidansek;26;Hard;ALL;2;1,2346;2,069;7,4074;7,7143;2026-04-05;2026-10-04
WTA;Tatiana Prozorova;26;Hard;ALL;9;3,1944;1,5965;3,75;6,7925;2026-04-05;2026-10-04
WTA;Tatjana Maria;26;Hard;ALL;8;6,9079;3,1405;4,7697;6,6813;2026-04-05;2026-10-04
WTA;Taylah Preston;26;Hard;ALL;23;3,1592;4,5321;6,1968;6,6104;2026-04-05;2026-10-04
WTA;Taylor Townsend;26;Hard;ALL;10;7,5521;3,871;2,8646;6,5641;2026-04-05;2026-10-04
WTA;Teodora Kostovic;26;Hard;ALL;12;6,6838;2,9446;6,0411;6,224;2026-04-05;2026-10-04
WTA;Tereza Valentova;26;Hard;ALL;15;2,5696;2,4186;6,9593;6,3537;2026-04-05;2026-10-04
WTA;Tyra Caterina Grant;26;Hard;ALL;1;5,6604;8,6957;5,6604;6,625;2026-04-05;2026-10-04
WTA;Valentina Ryser;26;Hard;ALL;17;6,9788;1,1982;8,3922;6,7381;2026-04-05;2026-10-04
WTA;Varvara Lepchenko;26;Hard;ALL;3;3,9801;6,8627;7,4627;6,0909;2026-04-05;2026-10-04
WTA;Vendula Valdmannova;26;Hard;ALL;25;2,8152;3,3197;7,5887;6,536;2026-04-05;2026-10-04
WTA;Vera Zvonareva;26;Hard;ALL;4;5,9701;4,059;6,7164;6,2326;2026-04-05;2026-10-04
WTA;Veronika Erjavec;26;Hard;ALL;2;2,0833;2,6042;1,5625;6,4;2026-04-05;2026-10-04
WTA;Veronika Podrez;26;Hard;ALL;10;3,7094;3,6466;8,1917;6,602;2026-04-05;2026-10-04
WTA;Victoria Jimenez Kasintseva;26;Hard;ALL;4;0,4255;3,2653;11,9149;6,7143;2026-04-05;2026-10-04
WTA;Viktoria Hruncakova;26;Hard;ALL;17;8,9981;4,6948;5,9369;6,5333;2026-04-05;2026-10-04
WTA;Viktoria Morvayova;26;Hard;ALL;14;4,1357;3,1038;4,4539;6,5486;2026-04-05;2026-10-04
WTA;Viktorija Golubic;26;Hard;ALL;9;0,8511;4,3871;4,539;6,5888;2026-04-05;2026-10-04
WTA;Vivian Wolff;26;Hard;ALL;10;1,6502;2,011;5,2805;6,587;2026-04-05;2026-10-04
WTA;Weronika Falkowska;26;Hard;ALL;8;5,4313;2,7211;4,6326;6,7312;2026-04-05;2026-10-04
WTA;Whitney Osuigwe;26;Hard;ALL;7;0,6289;0,5607;8,5954;6,8143;2026-04-05;2026-10-04
WTA;Xiaodi You;26;Hard;ALL;11;3,5809;1,9257;7,0292;6,9174;2026-04-05;2026-10-04
WTA;Xin Yu Wang;26;Hard;ALL;12;3,9474;3,6158;6,1005;6,4308;2026-04-05;2026-10-04
WTA;Xinxin Yao;26;Hard;ALL;19;1,0802;1,3007;3,0093;6,8211;2026-04-05;2026-10-04
WTA;Xinyu Gao;26;Hard;ALL;16;2,8918;2,3679;2,9851;6,3059;2026-04-05;2026-10-04
WTA;Xiyu Wang;26;Hard;ALL;8;1,2007;1,8587;3,9451;6,625;2026-04-05;2026-10-04
WTA;Yasmine Kabbaj;26;Hard;ALL;4;0,9375;2,0833;4,6875;6,8085;2026-04-05;2026-10-04
WTA;Ye Xin Ma;26;Hard;ALL;21;3,9911;1,7473;5,0998;6,4429;2026-04-05;2026-10-04
WTA;Yeon Woo Ku;26;Hard;ALL;27;2,2396;2,9669;5,1562;6,5979;2026-04-05;2026-10-04
WTA;Yue Yuan;26;Hard;ALL;7;2,4867;4,1588;3,1972;6,9506;2026-04-05;2026-10-04
WTA;Yufei Ren;26;Hard;ALL;16;1,5306;1,7671;4,4218;6,9176;2026-04-05;2026-10-04
WTA;Yuki Naito;26;Hard;ALL;28;3,9794;1,6896;6,882;6,8025;2026-04-05;2026-10-04
WTA;Yulia Putintseva;26;Hard;ALL;4;4,0498;3,886;3,4268;5,9444;2026-04-05;2026-10-04
WTA;Yuliia Starodubtseva;26;Hard;ALL;10;2,4297;4,7745;3,0691;7,045;2026-04-05;2026-10-04
WTA;Zeynep Sonmez;26;Hard;ALL;10;2,0645;5,9744;5,4194;7,1101;2026-04-05;2026-10-04
WTA;Zhuoxuan Bai;26;Hard;ALL;14;3,466;2,6961;3,466;6,438;2026-04-05;2026-10-04
WTA;Ajla Tomljanovic;26;Clay;WTA;2;1,2195;4,4872;10,3659;7,4545;2026-04-05;2026-10-04
WTA;Alexandra Eala;26;Clay;WTA;9;0,9023;5,614;3,609;7,1505;2026-04-05;2026-10-04
WTA;Aliaksandra Sasnovich;26;Clay;WTA;2;3,9683;19,8276;7,1429;6,6316;2026-04-05;2026-10-04
WTA;Alina Charaeva;26;Clay;WTA;1;5,5556;8,7719;16,6667;6,0;2026-04-05;2026-10-04
WTA;Alina Korneeva;26;Clay;WTA;1;1,3699;1,5873;5,4795;7,3;2026-04-05;2026-10-04
WTA;Alycia Parks;26;Clay;WTA;5;5,5866;5,0147;7,2626;7,0196;2026-04-05;2026-10-04
WTA;Anastasia Potapova;26;Clay;WTA;14;4,8479;3,3092;4,6578;6,9669;2026-04-05;2026-10-04
WTA;Anastasia Zakharova;26;Clay;WTA;3;0,0;4,902;6,6351;6,5938;2026-04-05;2026-10-04
WTA;Anhelina Kalinina;26;Clay;WTA;5;2,3324;2,7322;4,0816;6,5962;2026-04-05;2026-10-04
WTA;Ann Li;26;Clay;WTA;10;4,9798;2,3035;3,2301;6,5175;2026-04-05;2026-10-04
WTA;Anna Blinkova;26;Clay;WTA;1;0,0;7,8431;5,1724;7,25;2026-04-05;2026-10-04
WTA;Anna Bondar;26;Clay;WTA;5;4,703;4,5093;1,2376;6,9655;2026-04-05;2026-10-04
WTA;Anna Kalinskaya;26;Clay;WTA;4;1,3699;6,4626;7,1918;6,7907;2026-04-05;2026-10-04
WTA;Antonia Ruzic;26;Clay;WTA;4;0,8197;6,5574;4,918;6,1;2026-04-05;2026-10-04
WTA;Aryna Sabalenka;26;Clay;WTA;6;4,2129;7,4656;4,4346;6,2639;2026-04-05;2026-10-04
WTA;Ashlyn Krueger;26;Clay;WTA;1;9,589;5,8824;1,3699;6,6364;2026-04-05;2026-10-04
WTA;Barbora Krejcikova;26;Clay;WTA;2;5,3846;0,8696;9,2308;7,6471;2026-04-05;2026-10-04
WTA;Belinda Bencic;26;Clay;WTA;5;4,5732;3,1915;4,2683;6,6939;2026-04-05;2026-10-04
WTA;Bianca Andreescu;26;Clay;WTA;2;4,8387;3,6036;9,6774;6,2;2026-04-05;2026-10-04
WTA;Camila Osorio;26;Clay;WTA;2;1,0309;4,6296;7,2165;5,3889;2026-04-05;2026-10-04
WTA;Caty Mcnally;26;Clay;WTA;6;0,4619;1,5945;3,9261;7,339;2026-04-05;2026-10-04
WTA;Clara Tauson;26;Clay;WTA;2;0,9901;0,9901;2,9703;6,7333;2026-04-05;2026-10-04
WTA;Coco Gauff;26;Clay;WTA;11;3,4483;2,9883;5,1168;6,3759;2026-04-05;2026-10-04
WTA;Cristina Bucsa;26;Clay;WTA;3;1,6;3,7162;3,6;6,4103;2026-04-05;2026-10-04
WTA;Dalma Galfi;26;Clay;WTA;6;5,5138;1,9663;5,0125;7,2545;2026-04-05;2026-10-04
WTA;Daria Kasatkina;26;Clay;WTA;5;3,8647;1,7949;5,314;7,3929;2026-04-05;2026-10-04
WTA;Daria Snigur;26;Clay;WTA;2;1,3245;5,0279;6,6225;6,8636;2026-04-05;2026-10-04
WTA;Dayana Yastremska;26;Clay;WTA;4;1,4252;3,3898;6,8884;7,0167;2026-04-05;2026-10-04
WTA;Diana Shnaider;26;Clay;WTA;6;1,2195;4,8101;5,3659;6,7213;2026-04-05;2026-10-04
WTA;Diane Parry;26;Clay;WTA;2;3,2895;4,3478;2,6316;7,2381;2026-04-05;2026-10-04
WTA;Donna Vekic;26;Clay;WTA;3;4,902;4,717;6,8627;6,0;2026-04-05;2026-10-04
WTA;Ekaterina Alexandrova;26;Clay;WTA;5;6,5156;8,1159;7,932;6,7885;2026-04-05;2026-10-04
WTA;Elena Gabriela Ruse;26;Clay;WTA;7;5,0523;3,2573;6,446;6,5977;2026-04-05;2026-10-04
WTA;Elena Rybakina;26;Clay;WTA;11;7,6345;3,3998;3,6295;6,2913;2026-04-05;2026-10-04
WTA;Elina Svitolina;26;Clay;WTA;10;3,9526;3,8147;3,9526;7,0278;2026-04-05;2026-10-04
WTA;Elisabetta Cocciaretto;26;Clay;WTA;4;0,9434;3,6697;3,7736;6,625;2026-04-05;2026-10-04
WTA;Elise Mertens;26;Clay;WTA;7;5,835;2,2358;5,2314;6,3718;2026-04-05;2026-10-04
WTA;Ella Seidel;26;Clay;WTA;1;0,0;10,0;3,2258;6,8889;2026-04-05;2026-10-04
WTA;Elsa Jacquemot;26;Clay;WTA;2;0,8403;3,2787;5,042;7,4375;2026-04-05;2026-10-04
WTA;Elvina Kalieva;26;Clay;WTA;1;7,6923;0,0;5,7692;5,7778;2026-04-05;2026-10-04
WTA;Emiliana Arango;26;Clay;WTA;2;3,6364;4,2735;0,9091;6,875;2026-04-05;2026-10-04
WTA;Emma Navarro;26;Clay;WTA;6;1,9608;1,9313;5,2288;6,8507;2026-04-05;2026-10-04
WTA;Emma Raducanu;26;Clay;WTA;1;5,7471;3,7037;10,3448;7,9091;2026-04-05;2026-10-04
WTA;Eva Lys;26;Clay;WTA;5;0,4739;6,5963;5,9242;6,918;2026-04-05;2026-10-04
WTA;Federica Urgesi;26;Clay;WTA;1;1,9231;2,381;3,8462;7,4286;2026-04-05;2026-10-04
WTA;Gabriela Andrea Knutson;26;Clay;WTA;1;8,1633;12,5;12,2449;6,125;2026-04-05;2026-10-04
WTA;Hailey Baptiste;26;Clay;WTA;7;7,9208;2,7027;5,9406;7,3012;2026-04-05;2026-10-04
WTA;Iga Swiatek;26;Clay;WTA;9;3,1414;2,24;4,1885;6,1613;2026-04-05;2026-10-04
WTA;Iva Jovic;26;Clay;WTA;6;3,0702;4,1152;3,5088;6,2466;2026-04-05;2026-10-04
WTA;Janice Tjen;26;Clay;WTA;3;6,0241;4,698;4,8193;6,1481;2026-04-05;2026-10-04
WTA;Jaqueline Cristian;26;Clay;WTA;8;2,9186;1,9126;3,533;6,6429;2026-04-05;2026-10-04
WTA;Jasmine Paolini;26;Clay;WTA;5;1,4085;5,3097;3,0516;6,871;2026-04-05;2026-10-04
WTA;Jelena Ostapenko;26;Clay;WTA;10;5,487;6,5772;9,7394;6,2845;2026-04-05;2026-10-04
WTA;Jennifer Ruggeri;26;Clay;WTA;1;0,0;0,0;10,8434;6,3846;2026-04-05;2026-10-04
WTA;Jessica Bouzas Maneiro;26;Clay;WTA;3;0,9346;3,125;1,8692;5,9444;2026-04-05;2026-10-04
WTA;Jessica Pegula;26;Clay;WTA;6;3,9604;4,9587;3,3003;6,1837;2026-04-05;2026-10-04
WTA;Julia Grabher;26;Clay;WTA;3;3,5714;0,8511;5,6122;6,3226;2026-04-05;2026-10-04
WTA;Kaitlin Quevedo;26;Clay;WTA;2;1,8182;3,0769;4,5455;6,4706;2026-04-05;2026-10-04
WTA;Kamilla Rakhimova;26;Clay;WTA;2;3,2258;3,0303;5,3763;6,8889;2026-04-05;2026-10-04
WTA;Karolina Muchova;26;Clay;WTA;6;4,9296;3,2941;1,4085;6,4545;2026-04-05;2026-10-04
WTA;Karolina Pliskova;26;Clay;WTA;12;5,4324;5,0;7,6497;6,4892;2026-04-05;2026-10-04
WTA;Katerina Siniakova;26;Clay;WTA;6;1,227;1,6736;4,499;7,1912;2026-04-05;2026-10-04
WTA;Katie Boulter;26;Clay;WTA;4;5,2632;4,1916;5,9211;6,7556;2026-04-05;2026-10-04
WTA;Katie Volynets;26;Clay;WTA;2;0,0;4,8276;2,6316;6,9091;2026-04-05;2026-10-04
WTA;Kimberly Birrell;26;Clay;WTA;1;4,0541;3,4884;5,4054;6,1667;2026-04-05;2026-10-04
WTA;Laura Samson;26;Clay;WTA;3;4,9261;7,0;3,9409;6,7667;2026-04-05;2026-10-04
WTA;Laura Siegemund;26;Clay;WTA;7;1,6575;2,9412;2,7624;7,0519;2026-04-05;2026-10-04
WTA;Leolia Jeanjean;26;Clay;WTA;5;2,3438;1,4577;5,9896;7,2453;2026-04-05;2026-10-04
WTA;Leylah Fernandez;26;Clay;WTA;11;3,139;3,551;6,8386;6,8092;2026-04-05;2026-10-04
WTA;Lilli Tagger;26;Clay;WTA;4;3,4843;3,2154;2,439;6,6744;2026-04-05;2026-10-04
WTA;Linda Noskova;26;Clay;WTA;9;9,7643;7,7049;7,7441;6,4565;2026-04-05;2026-10-04
WTA;Lisa Pigato;26;Clay;WTA;1;0,0;2,5;10,5263;6,3333;2026-04-05;2026-10-04
WTA;Liudmila Samsonova;26;Clay;WTA;7;3,6458;4,1943;5,2083;6,2951;2026-04-05;2026-10-04
WTA;Lois Boisson;26;Clay;WTA;4;4,1841;3,2407;5,0209;6,2895;2026-04-05;2026-10-04
WTA;Lucia Bronzetti;26;Clay;WTA;1;0,9091;1,0526;4,5455;6,875;2026-04-05;2026-10-04
WTA;Lucrezia Stefanini;26;Clay;WTA;1;0,0;7,1429;8,3333;5,1429;2026-04-05;2026-10-04
WTA;Madison Keys;26;Clay;WTA;2;7,5472;3,1447;3,7736;5,8889;2026-04-05;2026-10-04
WTA;Magda Linette;26;Clay;WTA;3;4,698;6,0976;2,0134;5,7308;2026-04-05;2026-10-04
WTA;Magdalena Frech;26;Clay;WTA;4;3,1348;1,3378;2,5078;6,7872;2026-04-05;2026-10-04
WTA;Maria Sakkari;26;Clay;WTA;4;2,6415;5,7143;3,3962;6,3095;2026-04-05;2026-10-04
WTA;Marie Bouzkova;26;Clay;WTA;5;0,7246;1,7123;4,7101;6,4186;2026-04-05;2026-10-04
WTA;Marta Kostyuk;26;Clay;WTA;6;4,2781;1,385;7,754;6,5614;2026-04-05;2026-10-04
WTA;Maya Joint;26;Clay;WTA;2;0,8547;1,6529;2,5641;6,8824;2026-04-05;2026-10-04
WTA;Mccartney Kessler;26;Clay;WTA;3;2,3622;0,4049;5,1181;7,4706;2026-04-05;2026-10-04
WTA;Mirra Andreeva;26;Clay;WTA;18;4,4085;3,37;4,6289;6,6716;2026-04-05;2026-10-04
WTA;Moyuka Uchijima;26;Clay;WTA;1;3,7975;2,3256;8,8608;6,5833;2026-04-05;2026-10-04
WTA;Naomi Osaka;26;Clay;WTA;6;5,1887;2,6042;4,9528;6,7302;2026-04-05;2026-10-04
WTA;Nikola Bartunkova;26;Clay;WTA;3;3,9823;4,6512;5,7522;6,2778;2026-04-05;2026-10-04
WTA;Noemi Basiletti;26;Clay;WTA;2;0,0;1,25;0,8;6,5789;2026-04-05;2026-10-04
WTA;Noma Noha Akugue;26;Clay;WTA;1;1,8182;10,0;0,0;6,1111;2026-04-05;2026-10-04
WTA;Nuria Brancaccio;26;Clay;WTA;1;0,0;3,125;0,0;9,25;2026-04-05;2026-10-04
WTA;Oksana Selekhmeteva;26;Clay;WTA;2;0,0;4,4586;10,559;7,0;2026-04-05;2026-10-04
WTA;Oleksandra Oliynykova;26;Clay;WTA;6;0,627;0,3067;3,7618;6,6458;2026-04-05;2026-10-04
WTA;Panna Udvardy;26;Clay;WTA;5;2,2599;3,6923;2,5424;6,5556;2026-04-05;2026-10-04
WTA;Paula Badosa;26;Clay;WTA;3;3,6364;1,1029;11,6364;6,875;2026-04-05;2026-10-04
WTA;Petra Marcinko;26;Clay;WTA;3;2,2346;3,7267;6,1453;6,8846;2026-04-05;2026-10-04
WTA;Peyton Stearns;26;Clay;WTA;6;4,6377;6,1995;5,2174;5,9483;2026-04-05;2026-10-04
WTA;Qinwen Zheng;26;Clay;WTA;5;13,0;3,4826;6,5;6,0606;2026-04-05;2026-10-04
WTA;Rebeka Masarova;26;Clay;WTA;3;5,4622;0,8811;7,563;6,4324;2026-04-05;2026-10-04
WTA;Robin Montgomery;26;Clay;WTA;1;3,0769;5,5556;6,1538;7,2222;2026-04-05;2026-10-04
WTA;Sara Bejlek;26;Clay;WTA;2;0,0;0,7092;7,1429;6,2222;2026-04-05;2026-10-04
WTA;Shuai Zhang;26;Clay;WTA;8;2,8531;6,1789;3,4237;7,5376;2026-04-05;2026-10-04
WTA;Simona Waltert;26;Clay;WTA;4;1,2195;2,1407;3,6585;6,56;2026-04-05;2026-10-04
WTA;Sinja Kraus;26;Clay;WTA;3;2,5751;5,0505;5,5794;7,5161;2026-04-05;2026-10-04
WTA;Sloane Stephens;26;Clay;WTA;2;0,578;4,7337;2,8902;7,5217;2026-04-05;2026-10-04
WTA;Sofia Kenin;26;Clay;WTA;3;3,8647;10,2222;6,7633;6,0882;2026-04-05;2026-10-04
WTA;Solana Sierra;26;Clay;WTA;7;3,2787;1,2739;6,5574;7,5205;2026-04-05;2026-10-04
WTA;Sorana Cirstea;26;Clay;WTA;10;4,7541;3,0769;2,2951;6,0396;2026-04-05;2026-10-04
WTA;Talia Gibson;26;Clay;WTA;4;2,2876;2,7778;5,8824;6,8;2026-04-05;2026-10-04
WTA;Tamara Korpatsch;26;Clay;WTA;4;2,4291;1,2552;4,0486;6,5;2026-04-05;2026-10-04
WTA;Tatjana Maria;26;Clay;WTA;4;8,7786;3,4091;3,4351;6,8947;2026-04-05;2026-10-04
WTA;Taylor Townsend;26;Clay;WTA;4;4,2969;3,3058;1,9531;6,5641;2026-04-05;2026-10-04
WTA;Tereza Valentova;26;Clay;WTA;3;1,7544;0,4115;5,2632;7,125;2026-04-05;2026-10-04
WTA;Tyra Caterina Grant;26;Clay;WTA;4;3,1359;3,8062;6,2718;6,3778;2026-04-05;2026-10-04
WTA;Victoria Jimenez Kasintseva;26;Clay;WTA;1;1,7241;4,6154;10,3448;6,4444;2026-04-05;2026-10-04
WTA;Victoria Mboko;26;Clay;WTA;5;4,4226;2,2284;5,8968;7,2679;2026-04-05;2026-10-04
WTA;Viktorija Golubic;26;Clay;WTA;4;0,9009;2,6403;1,3514;6,1667;2026-04-05;2026-10-04
WTA;Xin Yu Wang;26;Clay;WTA;3;2,0619;1,8349;4,6392;6,2581;2026-04-05;2026-10-04
WTA;Yulia Putintseva;26;Clay;WTA;3;0,4785;2,6087;1,4354;6,7419;2026-04-05;2026-10-04
WTA;Yuliia Starodubtseva;26;Clay;WTA;3;0,6623;1,845;3,9735;7,0233;2026-04-05;2026-10-04
WTA;Zeynep Sonmez;26;Clay;WTA;7;0,7273;2,2346;2,5455;6,875;2026-04-05;2026-10-04
WTA;Ajla Tomljanovic;26;Clay;ALL;4;1,8519;3,3742;10,4938;6,8936;2026-04-05;2026-10-04
WTA;Akasha Urhobo;26;Clay;ALL;19;3,864;0,9226;6,1051;6,602;2026-04-05;2026-10-04
WTA;Alevtina Ibragimova;26;Clay;ALL;31;1,9991;1,7459;5,0644;6,7194;2026-04-05;2026-10-04
WTA;Alexandra Eala;26;Clay;ALL;9;0,9023;5,614;3,609;7,1505;2026-04-05;2026-10-04
WTA;Alexandra Shubladze;26;Clay;ALL;5;0,3247;1,7964;5,5195;6,4167;2026-04-05;2026-10-04
WTA;Aliaksandra Sasnovich;26;Clay;ALL;5;2,2727;9,3168;6,1688;6,6957;2026-04-05;2026-10-04
WTA;Alice Rame;26;Clay;ALL;17;1,2808;1,8744;4,335;6,5064;2026-04-05;2026-10-04
WTA;Alice Tubello;26;Clay;ALL;30;1,5004;0,8917;3,0891;6,6844;2026-04-05;2026-10-04
WTA;Alicia Herrero Linana;26;Clay;ALL;38;0,3373;1,9397;2,0615;6,4915;2026-04-05;2026-10-04
WTA;Alina Charaeva;26;Clay;ALL;14;3,6799;2,5926;6,8997;6,6687;2026-04-05;2026-10-04
WTA;Alina Korneeva;26;Clay;ALL;5;1,1321;1,7668;6,0377;6,625;2026-04-05;2026-10-04
WTA;Aliona Falei;26;Clay;ALL;4;3,1884;1,0283;6,087;6,3889;2026-04-05;2026-10-04
WTA;Alycia Parks;26;Clay;ALL;9;6,1341;2,9221;6,99;7,3021;2026-04-05;2026-10-04
WTA;Anastasia Gasanova;26;Clay;ALL;7;1,2389;0,5597;7,6106;6,8902;2026-04-05;2026-10-04
WTA;Anastasia Potapova;26;Clay;ALL;14;4,8479;3,3092;4,6578;6,9669;2026-04-05;2026-10-04
WTA;Anastasia Tikhonova;26;Clay;ALL;17;3,7718;1,5483;7,1757;6,509;2026-04-05;2026-10-04
WTA;Anastasia Zakharova;26;Clay;ALL;7;0,6522;5,1685;5,8696;6,4789;2026-04-05;2026-10-04
WTA;Anastasia Zolotareva;26;Clay;ALL;25;1,4501;1,2415;5,7446;6,8175;2026-04-05;2026-10-04
WTA;Anastasiya Soboleva;26;Clay;ALL;43;1,9958;1,4265;3,8866;6,8654;2026-04-05;2026-10-04
WTA;Andrea Lazaro Garcia;26;Clay;ALL;25;0,8811;2,1228;6,2225;7,0388;2026-04-05;2026-10-04
WTA;Ane Mintegi Del Olmo;26;Clay;ALL;27;0,3966;2,1462;5,6091;6,711;2026-04-05;2026-10-04
WTA;Angela Fita Boluda;26;Clay;ALL;31;2,5383;2,1347;4,023;6,4444;2026-04-05;2026-10-04
WTA;Anhelina Kalinina;26;Clay;ALL;14;1,464;2,2605;5,518;6,6269;2026-04-05;2026-10-04
WTA;Ann Li;26;Clay;ALL;13;5,3794;2,3904;3,2661;6,7161;2026-04-05;2026-10-04
WTA;Anna Blinkova;26;Clay;ALL;11;1,4371;2,1152;4,7904;7,1368;2026-04-05;2026-10-04
WTA;Anna Bondar;26;Clay;ALL;18;3,3175;2,4745;1,7603;7,1699;2026-04-05;2026-10-04
WTA;Anna Kalinskaya;26;Clay;ALL;4;1,3699;6,4626;7,1918;6,7907;2026-04-05;2026-10-04
WTA;Anna Lena Friedsam;26;Clay;ALL;14;2,9268;1,2961;7,2195;6,7434;2026-04-05;2026-10-04
WTA;Anna Siskova;26;Clay;ALL;23;1,3308;0,8827;4,1825;6,5477;2026-04-05;2026-10-04
WTA;Anouk Koevermans;26;Clay;ALL;7;3,1175;1,6166;5,7554;6,1324;2026-04-05;2026-10-04
WTA;Antonia Ruzic;26;Clay;ALL;6;0,5063;4,01;4,8101;6,371;2026-04-05;2026-10-04
WTA;Arantxa Rus;26;Clay;ALL;19;1,5681;1,4254;3,9914;6,7452;2026-04-05;2026-10-04
WTA;Aryna Sabalenka;26;Clay;ALL;6;4,2129;7,4656;4,4346;6,2639;2026-04-05;2026-10-04
WTA;Ashlyn Krueger;26;Clay;ALL;3;5,3571;2,2642;6,7857;7,1795;2026-04-05;2026-10-04
WTA;Aurora Zantedeschi;26;Clay;ALL;35;2,2374;1,4518;3,1963;6,5179;2026-04-05;2026-10-04
WTA;Ayana Akli;26;Clay;ALL;8;0,817;0,8518;4,5752;6,8;2026-04-05;2026-10-04
WTA;Ayla Aksu;26;Clay;ALL;8;1,3657;1,7182;5,1593;7,086;2026-04-05;2026-10-04
WTA;Barbora Krejcikova;26;Clay;ALL;7;5,0201;3,2258;6,0241;6,5526;2026-04-05;2026-10-04
WTA;Barbora Palicova;26;Clay;ALL;28;1,2328;2,0833;5,4054;6,8697;2026-04-05;2026-10-04
WTA;Belinda Bencic;26;Clay;ALL;5;4,5732;3,1915;4,2683;6,6939;2026-04-05;2026-10-04
WTA;Berfu Cengiz;26;Clay;ALL;24;1,6524;2,8689;4,1004;6,4841;2026-04-05;2026-10-04
WTA;Bianca Andreescu;26;Clay;ALL;5;4,4855;2,459;6,5963;6,7679;2026-04-05;2026-10-04
WTA;Cadence Brace;26;Clay;ALL;1;0,0;0,0;22,2222;4,5;2026-04-05;2026-10-04
WTA;Caijsa Wilda Hennemann;26;Clay;ALL;22;0,7087;1,3333;3,4018;6,6557;2026-04-05;2026-10-04
WTA;Camila Osorio;26;Clay;ALL;9;2,1849;1,6556;6,0504;6,4674;2026-04-05;2026-10-04
WTA;Carol Young Suh Lee;26;Clay;ALL;9;3,1299;3,9344;3,5994;6,5876;2026-04-05;2026-10-04
WTA;Carole Monnet;26;Clay;ALL;12;1,9209;0,9512;8,5876;7,0238;2026-04-05;2026-10-04
WTA;Caroline Uebelhoer;26;Clay;ALL;18;1,7901;2,4187;3,336;6,7527;2026-04-05;2026-10-04
WTA;Carolyn Ansari;26;Clay;ALL;1;2,0833;2,8302;4,1667;8,0;2026-04-05;2026-10-04
WTA;Caty Mcnally;26;Clay;ALL;8;0,3454;1,8966;3,6269;7,1481;2026-04-05;2026-10-04
WTA;Celine Naef;26;Clay;ALL;5;2,3881;1,8237;3,2836;6,7;2026-04-05;2026-10-04
WTA;Claire Liu;26;Clay;ALL;16;1,5347;0,7819;3,1502;6,9551;2026-04-05;2026-10-04
WTA;Clara Burel;26;Clay;ALL;24;1,6241;0,8586;4,1763;6,7608;2026-04-05;2026-10-04
WTA;Clara Tauson;26;Clay;ALL;2;0,9901;0,9901;2,9703;6,7333;2026-04-05;2026-10-04
WTA;Coco Gauff;26;Clay;ALL;11;3,4483;2,9883;5,1168;6,3759;2026-04-05;2026-10-04
WTA;Cristina Bucsa;26;Clay;ALL;3;1,6;3,7162;3,6;6,4103;2026-04-05;2026-10-04
WTA;Dalma Galfi;26;Clay;ALL;15;4,3433;1,3655;4,8604;6,8099;2026-04-05;2026-10-04
WTA;Daria Kasatkina;26;Clay;ALL;11;2,7933;2,9967;6,4804;6,9922;2026-04-05;2026-10-04
WTA;Daria Snigur;26;Clay;ALL;2;1,3245;5,0279;6,6225;6,8636;2026-04-05;2026-10-04
WTA;Darja Semenistaja;26;Clay;ALL;21;1,3968;1,8105;1,0794;6,5625;2026-04-05;2026-10-04
WTA;Darja Vidmanova;26;Clay;ALL;7;3,2258;0,8726;3,405;6,2;2026-04-05;2026-10-04
WTA;Darya Astakhova;26;Clay;ALL;25;1,7791;2,2995;4,2945;6,4173;2026-04-05;2026-10-04
WTA;Dayana Yastremska;26;Clay;ALL;9;1,5171;3,0084;5,0569;6,819;2026-04-05;2026-10-04
WTA;Dayeon Back;26;Clay;ALL;10;0,8651;0,3591;1,9031;6,7209;2026-04-05;2026-10-04
WTA;Despina Papamichail;26;Clay;ALL;22;0,5474;0,5549;2,1898;6,7377;2026-04-05;2026-10-04
WTA;Diana Shnaider;26;Clay;ALL;6;1,2195;4,8101;5,3659;6,7213;2026-04-05;2026-10-04
WTA;Diane Parry;26;Clay;ALL;8;4,2125;3,6972;3,8462;6,6585;2026-04-05;2026-10-04
WTA;Dominika Salkova;26;Clay;ALL;16;1,6639;2,7169;5,4908;6,9884;2026-04-05;2026-10-04
WTA;Donna Vekic;26;Clay;ALL;8;3,9139;3,5573;5,2838;6,1566;2026-04-05;2026-10-04
WTA;Ekaterina Alexandrova;26;Clay;ALL;5;6,5156;8,1159;7,932;6,7885;2026-04-05;2026-10-04
WTA;Ekaterine Gorgodze;26;Clay;ALL;23;0,9621;3,1324;1,6236;6,652;2026-04-05;2026-10-04
WTA;Elena Gabriela Ruse;26;Clay;ALL;8;4,9285;3,0479;6,6773;6,6211;2026-04-05;2026-10-04
WTA;Elena Malygina;26;Clay;ALL;6;1,2755;2,6442;3,8265;6,6441;2026-04-05;2026-10-04
WTA;Elena Pridankina;26;Clay;ALL;11;1,0471;2,2489;9,8168;6,8829;2026-04-05;2026-10-04
WTA;Elena Ruxandra Bertea;26;Clay;ALL;33;2,6567;1,1465;6,9738;6,7669;2026-04-05;2026-10-04
WTA;Elena Rybakina;26;Clay;ALL;11;7,6345;3,3998;3,6295;6,2913;2026-04-05;2026-10-04
WTA;Elina Avanesyan;26;Clay;ALL;19;0,2978;1,2812;4,8399;6,5512;2026-04-05;2026-10-04
WTA;Elina Svitolina;26;Clay;ALL;10;3,9526;3,8147;3,9526;7,0278;2026-04-05;2026-10-04
WTA;Elisabetta Cocciaretto;26;Clay;ALL;6;1,1905;3,8186;4,0476;6,8852;2026-04-05;2026-10-04
WTA;Elise Mertens;26;Clay;ALL;7;5,835;2,2358;5,2314;6,3718;2026-04-05;2026-10-04
WTA;Elizabeth Mandlik;26;Clay;ALL;12;1,908;2,8659;6,5095;6,1027;2026-04-05;2026-10-04
WTA;Elizara Yaneva;26;Clay;ALL;16;2,0525;0,9116;5,5829;7,0814;2026-04-05;2026-10-04
WTA;Ella Seidel;26;Clay;ALL;8;2,0101;2,5424;7,3702;6,7841;2026-04-05;2026-10-04
WTA;Elsa Jacquemot;26;Clay;ALL;9;2,952;2,2491;7,1956;6,8608;2026-04-05;2026-10-04
WTA;Elvina Kalieva;26;Clay;ALL;10;4,1607;2,2049;7,0301;6,3945;2026-04-05;2026-10-04
WTA;Emiliana Arango;26;Clay;ALL;8;2,5135;2,0218;3,2316;6,4767;2026-04-05;2026-10-04
WTA;Emma Navarro;26;Clay;ALL;8;1,5254;1,9835;4,5763;6,8605;2026-04-05;2026-10-04
WTA;Emma Raducanu;26;Clay;ALL;1;5,7471;3,7037;10,3448;7,9091;2026-04-05;2026-10-04
WTA;Erika Andreeva;26;Clay;ALL;20;2,7027;1,2802;2,3471;6,6635;2026-04-05;2026-10-04
WTA;Eva Bennemann;26;Clay;ALL;27;0,3521;0,6927;3,8229;6,7162;2026-04-05;2026-10-04
WTA;Eva Lys;26;Clay;ALL;5;0,4739;6,5963;5,9242;6,918;2026-04-05;2026-10-04
WTA;Eva Vedder;26;Clay;ALL;36;2,093;1,7686;3,4496;6,7013;2026-04-05;2026-10-04
WTA;Federica Urgesi;26;Clay;ALL;21;2,9449;0,7389;4,5113;6,9391;2026-04-05;2026-10-04
WTA;Fiona Crawley;26;Clay;ALL;2;0,0;0,6098;7,362;7,087;2026-04-05;2026-10-04
WTA;Fiona Ferro;26;Clay;ALL;28;1,1795;1,9309;2,1026;6,6327;2026-04-05;2026-10-04
WTA;Francesca Curmi;26;Clay;ALL;42;0,4701;1,6252;2,2163;7,0236;2026-04-05;2026-10-04
WTA;Francesca Jones;26;Clay;ALL;31;1,5731;2,6167;5,5697;6,8174;2026-04-05;2026-10-04
WTA;Francesca Pace;26;Clay;ALL;16;2,8969;2,5756;7,0684;6,3456;2026-04-05;2026-10-04
WTA;Francisca Jorge;26;Clay;ALL;2;1,8018;0,0;2,7027;6,1667;2026-04-05;2026-10-04
WTA;Gabriela Andrea Knutson;26;Clay;ALL;3;4,7904;4,5918;8,982;5,9643;2026-04-05;2026-10-04
WTA;Georgia Pedone;26;Clay;ALL;39;0,0404;0,9909;1,0097;6,8022;2026-04-05;2026-10-04
WTA;Greet Minnen;26;Clay;ALL;3;1,5957;5,2632;4,2553;6,2667;2026-04-05;2026-10-04
WTA;Guiomar Maristany Zuleta De Reales;26;Clay;ALL;24;1,4484;1,5547;5,3108;6,6546;2026-04-05;2026-10-04
WTA;Hailey Baptiste;26;Clay;ALL;9;7,6046;2,5066;5,3232;7,0446;2026-04-05;2026-10-04
WTA;Han Shi;26;Clay;ALL;2;2,0;0,6135;2,6667;6,8182;2026-04-05;2026-10-04
WTA;Hanne Vandewinkel;26;Clay;ALL;4;2,0325;0,9259;2,8455;6,8333;2026-04-05;2026-10-04
WTA;Hanyu Guo;26;Clay;ALL;5;2,5641;0,9202;2,8846;6,6383;2026-04-05;2026-10-04
WTA;Harmony Tan;26;Clay;ALL;4;3,8997;2,3739;4,4568;7,3265;2026-04-05;2026-10-04
WTA;Haruka Kaji;26;Clay;ALL;2;0,0;0,0;5,5118;6,0476;2026-04-05;2026-10-04
WTA;Himeno Sakatsume;26;Clay;ALL;5;1,4085;3,7249;1,6901;6,4545;2026-04-05;2026-10-04
WTA;Iga Swiatek;26;Clay;ALL;9;3,1414;2,24;4,1885;6,1613;2026-04-05;2026-10-04
WTA;Irene Burillo Escorihuela;26;Clay;ALL;31;0,9656;1,2594;3,5264;6,8252;2026-04-05;2026-10-04
WTA;Iryna Shymanovich;26;Clay;ALL;4;0,304;7,2785;4,5593;6,7143;2026-04-05;2026-10-04
WTA;Iva Jovic;26;Clay;ALL;6;3,0702;4,1152;3,5088;6,2466;2026-04-05;2026-10-04
WTA;Janice Tjen;26;Clay;ALL;5;4,1009;3,7415;5,6782;6,6042;2026-04-05;2026-10-04
WTA;Jaqueline Cristian;26;Clay;ALL;10;3,0127;2,4546;3,5921;6,7422;2026-04-05;2026-10-04
WTA;Jasmine Paolini;26;Clay;ALL;5;1,4085;5,3097;3,0516;6,871;2026-04-05;2026-10-04
WTA;Jazmin Ortenzi;26;Clay;ALL;12;0,5807;1,1099;5,2265;6,8333;2026-04-05;2026-10-04
WTA;Jelena Ostapenko;26;Clay;ALL;10;5,487;6,5772;9,7394;6,2845;2026-04-05;2026-10-04
WTA;Jeline Vandromme;26;Clay;ALL;15;0,4771;1,5829;4,771;6,6329;2026-04-05;2026-10-04
WTA;Jennifer Ruggeri;26;Clay;ALL;22;1,337;2,1332;9,1365;6,4568;2026-04-05;2026-10-04
WTA;Jessica Bouzas Maneiro;26;Clay;ALL;11;1,1364;1,5819;1,5909;6,9841;2026-04-05;2026-10-04
WTA;Jessica Pegula;26;Clay;ALL;6;3,9604;4,9587;3,3003;6,1837;2026-04-05;2026-10-04
WTA;Jil Teichmann;26;Clay;ALL;7;0,3854;2,5048;4,6243;7,2083;2026-04-05;2026-10-04
WTA;Joanna Garland;26;Clay;ALL;3;6,9869;5,5;6,5502;7,1562;2026-04-05;2026-10-04
WTA;Joelle Lilly Sophie Steur;26;Clay;ALL;37;0,6263;0,9788;1,9207;6,5978;2026-04-05;2026-10-04
WTA;Julia Avdeeva;26;Clay;ALL;12;6,1252;1,9206;9,1877;6,7054;2026-04-05;2026-10-04
WTA;Julia Grabher;26;Clay;ALL;27;1,5408;1,1117;6,5606;6,8904;2026-04-05;2026-10-04
WTA;Julia Riera;26;Clay;ALL;30;3,1449;1,2653;4,7402;6,5104;2026-04-05;2026-10-04
WTA;Julie Struplova;26;Clay;ALL;31;0,92;1,0614;4,4618;6,7307;2026-04-05;2026-10-04
WTA;Justina Mikulskyte;26;Clay;ALL;14;1,7483;1,5244;6,2937;6,3556;2026-04-05;2026-10-04
WTA;Kaitlin Quevedo;26;Clay;ALL;24;3,021;1,8127;5,0555;6,6475;2026-04-05;2026-10-04
WTA;Kaja Juvan;26;Clay;ALL;2;1,1236;1,2903;5,0562;6,5926;2026-04-05;2026-10-04
WTA;Kajsa Rinaldo Persson;26;Clay;ALL;25;0,2353;1,2375;3,4706;6,6406;2026-04-05;2026-10-04
WTA;Kamilla Rakhimova;26;Clay;ALL;5;2,7363;4,4118;6,7164;6,5902;2026-04-05;2026-10-04
WTA;Karolina Muchova;26;Clay;ALL;6;4,9296;3,2941;1,4085;6,4545;2026-04-05;2026-10-04
WTA;Karolina Pliskova;26;Clay;ALL;12;5,4324;5,0;7,6497;6,4892;2026-04-05;2026-10-04
WTA;Katarina Zavatska;26;Clay;ALL;16;1,1384;0,2375;2,014;6,452;2026-04-05;2026-10-04
WTA;Katarzyna Kawa;26;Clay;ALL;18;2,4076;2,0781;5,503;6,6457;2026-04-05;2026-10-04
WTA;Katerina Siniakova;26;Clay;ALL;6;1,227;1,6736;4,499;7,1912;2026-04-05;2026-10-04
WTA;Katherine Sebov;26;Clay;ALL;2;0,0;2,8037;0,7874;6,35;2026-04-05;2026-10-04
WTA;Katie Boulter;26;Clay;ALL;9;5,5096;3,9716;5,6474;7,0485;2026-04-05;2026-10-04
WTA;Katie Volynets;26;Clay;ALL;6;1,1655;2,2005;1,6317;6,7031;2026-04-05;2026-10-04
WTA;Katrina Scott;26;Clay;ALL;7;1,4403;5,0114;3,4979;6,8451;2026-04-05;2026-10-04
WTA;Kayla Cross;26;Clay;ALL;3;8,1081;2,0;9,7297;6,1667;2026-04-05;2026-10-04
WTA;Kayla Day;26;Clay;ALL;16;3,5461;1,468;3,6348;6,5581;2026-04-05;2026-10-04
WTA;Kimberly Birrell;26;Clay;ALL;2;3,4014;5,8824;6,1224;6,125;2026-04-05;2026-10-04
WTA;Kristina Liutova;26;Clay;ALL;7;0,1953;0,8421;2,9297;6,7368;2026-04-05;2026-10-04
WTA;Laura Pigossi;26;Clay;ALL;27;1,3089;0,9761;3,5079;6,8953;2026-04-05;2026-10-04
WTA;Laura Samson;26;Clay;ALL;27;3,0912;1,8991;6,7491;6,8587;2026-04-05;2026-10-04
WTA;Laura Siegemund;26;Clay;ALL;7;1,6575;2,9412;2,7624;7,0519;2026-04-05;2026-10-04
WTA;Lea Ma;26;Clay;ALL;9;4,0519;2,5554;4,2139;6,8556;2026-04-05;2026-10-04
WTA;Leolia Jeanjean;26;Clay;ALL;13;2,1101;2,7933;5,8716;6,8125;2026-04-05;2026-10-04
WTA;Leylah Fernandez;26;Clay;ALL;12;3,1024;3,6726;7,0321;6,8099;2026-04-05;2026-10-04
WTA;Leyre Romero Gormaz;26;Clay;ALL;32;2,7887;1,4184;5,7345;6,9373;2026-04-05;2026-10-04
WTA;Lilli Tagger;26;Clay;ALL;10;4,2424;2,1563;3,3333;6,4078;2026-04-05;2026-10-04
WTA;Linda Fruhvirtova;26;Clay;ALL;3;3,6036;0,3922;9,9099;6,1667;2026-04-05;2026-10-04
WTA;Linda Klimovicova;26;Clay;ALL;5;2,3256;0,5917;6,9767;6,2708;2026-04-05;2026-10-04
WTA;Linda Noskova;26;Clay;ALL;9;9,7643;7,7049;7,7441;6,4565;2026-04-05;2026-10-04
WTA;Lisa Pigato;26;Clay;ALL;21;1,2278;3,2982;5,3888;6,787;2026-04-05;2026-10-04
WTA;Lisa Zaar;26;Clay;ALL;27;0,1406;1,4988;2,8598;6,8806;2026-04-05;2026-10-04
WTA;Liudmila Samsonova;26;Clay;ALL;7;3,6458;4,1943;5,2083;6,2951;2026-04-05;2026-10-04
WTA;Lois Boisson;26;Clay;ALL;5;3,3803;2,6144;4,7887;6,9608;2026-04-05;2026-10-04
WTA;Lola Radivojevic;26;Clay;ALL;20;4,1497;2,4782;4,3537;6,8056;2026-04-05;2026-10-04
WTA;Lucia Bronzetti;26;Clay;ALL;33;1,6532;2,5641;3,7728;6,7787;2026-04-05;2026-10-04
WTA;Lucie Havlickova;26;Clay;ALL;14;3,9216;2,4691;7,1611;7,5192;2026-04-05;2026-10-04
WTA;Lucrezia Stefanini;26;Clay;ALL;3;0,0;2,0619;5,5276;6,8621;2026-04-05;2026-10-04
WTA;Luisina Giovannini;26;Clay;ALL;16;2,5046;1,0795;4,0816;6,494;2026-04-05;2026-10-04
WTA;Lulu Sun;26;Clay;ALL;1;1,9048;1,0;5,7143;7,5;2026-04-05;2026-10-04
WTA;Maddison Inglis;26;Clay;ALL;1;5,3571;0,0;5,3571;7,0;2026-04-05;2026-10-04
WTA;Madison Brengle;26;Clay;ALL;19;0,0;0,8247;3,6961;6,9242;2026-04-05;2026-10-04
WTA;Madison Keys;26;Clay;ALL;7;5,7208;2,449;2,5172;6,0694;2026-04-05;2026-10-04
WTA;Magda Linette;26;Clay;ALL;3;4,698;6,0976;2,0134;5,7308;2026-04-05;2026-10-04
WTA;Magdalena Frech;26;Clay;ALL;4;3,1348;1,3378;2,5078;6,7872;2026-04-05;2026-10-04
WTA;Mai Hontama;26;Clay;ALL;6;0,5941;2,2113;6,7327;7,5373;2026-04-05;2026-10-04
WTA;Maja Chwalinska;26;Clay;ALL;9;1,9231;3,3929;2,8846;6,2651;2026-04-05;2026-10-04
WTA;Maria Lourdes Carle;26;Clay;ALL;25;1,0096;0,7784;7,5983;6,9191;2026-04-05;2026-10-04
WTA;Maria Sakkari;26;Clay;ALL;4;2,6415;5,7143;3,3962;6,3095;2026-04-05;2026-10-04
WTA;Maria Timofeeva;26;Clay;ALL;17;2,4074;0,5146;4,7222;6,5455;2026-04-05;2026-10-04
WTA;Marie Bouzkova;26;Clay;ALL;5;0,7246;1,7123;4,7101;6,4186;2026-04-05;2026-10-04
WTA;Marina Bassols Ribera;26;Clay;ALL;22;0,6658;1,5939;4,9268;6,986;2026-04-05;2026-10-04
WTA;Marta Kostyuk;26;Clay;ALL;11;4,5455;1,1445;6,392;6,5185;2026-04-05;2026-10-04
WTA;Martha Matoula;26;Clay;ALL;26;1,1007;1,2293;3,7424;6,6557;2026-04-05;2026-10-04
WTA;Martina Capurro Taborda;26;Clay;ALL;28;0,8506;0,8023;5,7948;6,4198;2026-04-05;2026-10-04
WTA;Martyna Kubka;26;Clay;ALL;4;4,1494;6,8273;2,9046;6,1795;2026-04-05;2026-10-04
WTA;Mary Stoiana;26;Clay;ALL;13;1,6393;2,2472;3,9813;6,1439;2026-04-05;2026-10-04
WTA;Matilde Jorge;26;Clay;ALL;7;1,5385;0,9058;8,3761;7,3125;2026-04-05;2026-10-04
WTA;Maya Joint;26;Clay;ALL;5;1,7241;1,6447;4,023;6,8235;2026-04-05;2026-10-04
WTA;Mayar Sherif;26;Clay;ALL;27;0,8488;1,3413;3,0239;6,5679;2026-04-05;2026-10-04
WTA;Mccartney Kessler;26;Clay;ALL;4;1,9934;0,3333;5,9801;7,3415;2026-04-05;2026-10-04
WTA;Mia Pohankova;26;Clay;ALL;8;3,8285;0,1385;5,2067;6,6633;2026-04-05;2026-10-04
WTA;Mia Ristic;26;Clay;ALL;35;2,4291;2,1092;1,1336;6,5344;2026-04-05;2026-10-04
WTA;Mina Hodzic;26;Clay;ALL;22;2,7848;2,5862;4,4937;6,5833;2026-04-05;2026-10-04
WTA;Mirra Andreeva;26;Clay;ALL;18;4,4085;3,37;4,6289;6,6716;2026-04-05;2026-10-04
WTA;Mona Barthel;26;Clay;ALL;16;3,1662;2,1417;10,2023;6,6491;2026-04-05;2026-10-04
WTA;Moyuka Uchijima;26;Clay;ALL;13;2,1804;2,2831;5,1536;6,5519;2026-04-05;2026-10-04
WTA;Nadia Podoroska;26;Clay;ALL;15;1,4952;0,9159;7,3879;6,6105;2026-04-05;2026-10-04
WTA;Nao Hibino;26;Clay;ALL;2;0,7576;2,7027;3,0303;6,0;2026-04-05;2026-10-04
WTA;Naomi Osaka;26;Clay;ALL;6;5,1887;2,6042;4,9528;6,7302;2026-04-05;2026-10-04
WTA;Nikola Bartunkova;26;Clay;ALL;5;4,7872;3,0691;7,4468;6,3729;2026-04-05;2026-10-04
WTA;Noemi Basiletti;26;Clay;ALL;32;0,3282;1,2189;2,5785;6,6037;2026-04-05;2026-10-04
WTA;Noma Noha Akugue;26;Clay;ALL;23;2,4942;0,9988;4,1763;6,7344;2026-04-05;2026-10-04
WTA;Nuria Brancaccio;26;Clay;ALL;28;2,0649;0,9862;3,884;6,6471;2026-04-05;2026-10-04
WTA;Oksana Selekhmeteva;26;Clay;ALL;14;1,7336;1,8535;12,5;6,9809;2026-04-05;2026-10-04
WTA;Oleksandra Oliynykova;26;Clay;ALL;15;0,4558;1,0358;4,0109;6,943;2026-04-05;2026-10-04
WTA;Panna Udvardy;26;Clay;ALL;14;2,2436;4,3771;2,9915;6,3673;2026-04-05;2026-10-04
WTA;Paula Badosa;26;Clay;ALL;16;4,3765;1,6212;9,0834;6,6175;2026-04-05;2026-10-04
WTA;Petra Marcinko;26;Clay;ALL;18;2,7612;1,719;7,0149;6,802;2026-04-05;2026-10-04
WTA;Peyton Stearns;26;Clay;ALL;7;3,8877;5,0201;5,1836;6,1733;2026-04-05;2026-10-04
WTA;Polina Iatcenko;26;Clay;ALL;1;7,6923;0,0;1,9231;6,5;2026-04-05;2026-10-04
WTA;Polina Kudermetova;26;Clay;ALL;12;2,4946;2,1459;5,7484;6,6812;2026-04-05;2026-10-04
WTA;Polona Hercog;26;Clay;ALL;21;3,2234;0,7628;3,5165;6,7574;2026-04-05;2026-10-04
WTA;Priscilla Hon;26;Clay;ALL;1;4,4643;0,0;2,6786;6,5882;2026-04-05;2026-10-04
WTA;Qinwen Zheng;26;Clay;ALL;5;13,0;3,4826;6,5;6,0606;2026-04-05;2026-10-04
WTA;Rebecca Sramkova;26;Clay;ALL;7;2,6144;2,9772;2,9412;7,2;2026-04-05;2026-10-04
WTA;Rebeka Masarova;26;Clay;ALL;15;5,5369;0,5752;8,1376;6,5137;2026-04-05;2026-10-04
WTA;Renata Zarazua;26;Clay;ALL;7;0,1754;0,8591;2,2807;6,4045;2026-04-05;2026-10-04
WTA;Robin Montgomery;26;Clay;ALL;9;2,8777;2,0891;8,4892;6,4352;2026-04-05;2026-10-04
WTA;Rositsa Dencheva;26;Clay;ALL;20;0,6216;0,7722;3,108;6,533;2026-04-05;2026-10-04
WTA;Samira De Stefano;26;Clay;ALL;24;0,6001;2,1452;3,6007;6,8652;2026-04-05;2026-10-04
WTA;Sara Bejlek;26;Clay;ALL;3;0,0;3,0303;5,9524;6,4615;2026-04-05;2026-10-04
WTA;Sara Saito;26;Clay;ALL;4;0,3077;1,2539;10,1538;6,9149;2026-04-05;2026-10-04
WTA;Sara Sorribes Tormo;26;Clay;ALL;17;0,32;0,7782;2,88;6,5789;2026-04-05;2026-10-04
WTA;Selena Janicijevic;26;Clay;ALL;21;1,6349;1,1536;3,5422;6,765;2026-04-05;2026-10-04
WTA;Shuai Zhang;26;Clay;ALL;10;2,3952;5,6604;3,7126;7,3894;2026-04-05;2026-10-04
WTA;Simona Waltert;26;Clay;ALL;23;1,5046;2,3197;5,3241;6,83;2026-04-05;2026-10-04
WTA;Sinja Kraus;26;Clay;ALL;20;1,1796;2,2618;4,194;6,8739;2026-04-05;2026-10-04
WTA;Sloane Stephens;26;Clay;ALL;5;1,0526;3,7356;2,8947;7,037;2026-04-05;2026-10-04
WTA;Sofia Costoulas;26;Clay;ALL;12;4,3534;2,3899;5,8899;6,5083;2026-04-05;2026-10-04
WTA;Sofia Kenin;26;Clay;ALL;3;3,8647;10,2222;6,7633;6,0882;2026-04-05;2026-10-04
WTA;Sofya Lansere;26;Clay;ALL;21;1,6567;1,117;9,0789;6,922;2026-04-05;2026-10-04
WTA;Solana Sierra;26;Clay;ALL;10;2,7595;0,8929;6,4389;7,3173;2026-04-05;2026-10-04
WTA;Sorana Cirstea;26;Clay;ALL;13;4,9505;3,2955;1,9802;6,0752;2026-04-05;2026-10-04
WTA;Storm Hunter;26;Clay;ALL;4;1,5576;3,0488;9,6573;6,1731;2026-04-05;2026-10-04
WTA;Susan Bandecchi;26;Clay;ALL;7;0,7561;3,964;2,8355;6,5309;2026-04-05;2026-10-04
WTA;Suzan Lamens;26;Clay;ALL;5;1,6575;1,6713;8,5635;6,4643;2026-04-05;2026-10-04
WTA;Talia Gibson;26;Clay;ALL;6;3,6559;3,2823;7,0968;6,7391;2026-04-05;2026-10-04
WTA;Tamara Korpatsch;26;Clay;ALL;18;1,4096;1,04;3,6805;6,651;2026-04-05;2026-10-04
WTA;Tamara Zidansek;26;Clay;ALL;11;1,8349;2,1413;4,893;7,0576;2026-04-05;2026-10-04
WTA;Tatiana Prozorova;26;Clay;ALL;2;1,6807;1,4286;3,3613;5,6667;2026-04-05;2026-10-04
WTA;Tatjana Maria;26;Clay;ALL;10;8,1126;3,3167;2,3179;6,5652;2026-04-05;2026-10-04
WTA;Taylah Preston;26;Clay;ALL;1;0,0;2,5974;4,6875;6,4;2026-04-05;2026-10-04
WTA;Taylor Townsend;26;Clay;ALL;4;4,2969;3,3058;1,9531;6,5641;2026-04-05;2026-10-04
WTA;Teodora Kostovic;26;Clay;ALL;21;4,0299;1,6082;4,3284;6,4734;2026-04-05;2026-10-04
WTA;Tereza Valentova;26;Clay;ALL;8;1,5823;1,0152;5,538;7,2644;2026-04-05;2026-10-04
WTA;Tyra Caterina Grant;26;Clay;ALL;24;2,6032;2,1978;6,0317;6,4815;2026-04-05;2026-10-04
WTA;Valentina Ryser;26;Clay;ALL;1;3,3333;4,0816;1,6667;6,0;2026-04-05;2026-10-04
WTA;Varvara Lepchenko;26;Clay;ALL;12;3,4448;1,5038;3,7487;7,05;2026-04-05;2026-10-04
WTA;Vera Zvonareva;26;Clay;ALL;1;0,0;5,7692;4,8387;6,8889;2026-04-05;2026-10-04
WTA;Veronika Erjavec;26;Clay;ALL;15;0,8547;1,6967;2,3504;6,411;2026-04-05;2026-10-04
WTA;Veronika Podrez;26;Clay;ALL;6;2,7431;1,8947;9,9751;6,5738;2026-04-05;2026-10-04
WTA;Victoria Jimenez Kasintseva;26;Clay;ALL;9;1,6393;3,0593;6,7395;6,4588;2026-04-05;2026-10-04
WTA;Victoria Mboko;26;Clay;ALL;5;4,4226;2,2284;5,8968;7,2679;2026-04-05;2026-10-04
WTA;Viktoria Morvayova;26;Clay;ALL;3;0,0;3,125;2,454;6,037;2026-04-05;2026-10-04
WTA;Viktorija Golubic;26;Clay;ALL;10;0,9642;3,0151;2,3416;6,7222;2026-04-05;2026-10-04
WTA;Vivian Wolff;26;Clay;ALL;18;1,5195;1,8223;5,1375;6,8756;2026-04-05;2026-10-04
WTA;Weronika Falkowska;26;Clay;ALL;27;3,6151;0,8523;5,4505;6,684;2026-04-05;2026-10-04
WTA;Whitney Osuigwe;26;Clay;ALL;12;1,5644;0,9988;5,8965;6,648;2026-04-05;2026-10-04
WTA;Xiaodi You;26;Clay;ALL;6;1,1038;1,8;5,7395;6,6618;2026-04-05;2026-10-04
WTA;Xin Yu Wang;26;Clay;ALL;7;2,1645;4,0984;4,1126;6,4167;2026-04-05;2026-10-04
WTA;Xinxin Yao;26;Clay;ALL;13;1,25;1,0135;0,9375;7,3846;2026-04-05;2026-10-04
WTA;Xinyu Gao;26;Clay;ALL;11;2,5357;2,2654;3,4865;6,3737;2026-04-05;2026-10-04
WTA;Xiyu Wang;26;Clay;ALL;15;0,9494;1,383;2,5316;6,8201;2026-04-05;2026-10-04
WTA;Yasmine Kabbaj;26;Clay;ALL;25;0,7795;2,401;4,6771;6,6766;2026-04-05;2026-10-04
WTA;Ye Xin Ma;26;Clay;ALL;1;1,6667;0,0;6,6667;6,0;2026-04-05;2026-10-04
WTA;Yeon Woo Ku;26;Clay;ALL;1;0,0;1,5625;6,6667;5,625;2026-04-05;2026-10-04
WTA;Yue Yuan;26;Clay;ALL;9;1,6973;1,6438;2,1216;6,6075;2026-04-05;2026-10-04
WTA;Yufei Ren;26;Clay;ALL;9;0,6221;2,8658;2,9549;6,914;2026-04-05;2026-10-04
WTA;Yulia Putintseva;26;Clay;ALL;14;1,7436;2,261;2,0513;7,1168;2026-04-05;2026-10-04
WTA;Yuliia Starodubtseva;26;Clay;ALL;9;1,084;1,4124;3,3875;7,0286;2026-04-05;2026-10-04
WTA;Zeynep Sonmez;26;Clay;ALL;7;0,7273;2,2346;2,5455;6,875;2026-04-05;2026-10-04
WTA;Ajla Tomljanovic;26;Grass;WTA;1;1,2346;0,0;7,4074;6,2308;2026-04-05;2026-10-04
WTA;Alexandra Eala;26;Grass;WTA;11;4,4236;6,9892;2,681;6,7207;2026-04-05;2026-10-04
WTA;Alicia Dudeney;26;Grass;WTA;1;0,0;3,2787;7,0175;6,3333;2026-04-05;2026-10-04
WTA;Alina Korneeva;26;Grass;WTA;1;4,5455;1,3333;1,1364;8,0;2026-04-05;2026-10-04
WTA;Alycia Parks;26;Grass;WTA;2;6,0345;2,5641;6,8966;6,4444;2026-04-05;2026-10-04
WTA;Amanda Anisimova;26;Grass;WTA;5;8,3544;1,7291;6,8354;6,8103;2026-04-05;2026-10-04
WTA;Anastasia Gasanova;26;Grass;WTA;2;0,8696;10,989;9,5652;7,1875;2026-04-05;2026-10-04
WTA;Anastasia Potapova;26;Grass;WTA;2;1,1364;2,5;9,0909;7,3333;2026-04-05;2026-10-04
WTA;Anastasia Zakharova;26;Grass;WTA;1;0,0;24,3902;2,2727;5,5;2026-04-05;2026-10-04
WTA;Anhelina Kalinina;26;Grass;WTA;1;3,2609;3,0928;6,5217;5,75;2026-04-05;2026-10-04
WTA;Ann Li;26;Grass;WTA;2;9,8958;5,7895;4,6875;7,1111;2026-04-05;2026-10-04
WTA;Anna Blinkova;26;Grass;WTA;3;1,5038;3,7594;4,5113;7,3889;2026-04-05;2026-10-04
WTA;Anna Bondar;26;Grass;WTA;1;3,252;5,1282;5,6911;7,2353;2026-04-05;2026-10-04
WTA;Anna Kalinskaya;26;Grass;WTA;6;6,3107;7,3222;6,3107;6,2424;2026-04-05;2026-10-04
WTA;Antonia Ruzic;26;Grass;WTA;3;2,7027;6,7416;2,1622;6,1667;2026-04-05;2026-10-04
WTA;Aryna Sabalenka;26;Grass;WTA;7;9,4488;7,1705;4,3307;6,5974;2026-04-05;2026-10-04
WTA;Ashlyn Krueger;26;Grass;WTA;4;6,1151;3,1373;9,7122;6,7805;2026-04-05;2026-10-04
WTA;Barbora Krejcikova;26;Grass;WTA;4;4,1237;7,2327;4,1237;7,4615;2026-04-05;2026-10-04
WTA;Belinda Bencic;26;Grass;WTA;4;3,3003;6,129;4,6205;6,4468;2026-04-05;2026-10-04
WTA;Bianca Andreescu;26;Grass;WTA;1;8,4211;2,2222;3,1579;7,9167;2026-04-05;2026-10-04
WTA;Camila Osorio;26;Grass;WTA;2;3,2;6,2937;5,6;5,9524;2026-04-05;2026-10-04
WTA;Caty Mcnally;26;Grass;WTA;2;1,6393;5,6;6,5574;6,7778;2026-04-05;2026-10-04
WTA;Claire Liu;26;Grass;WTA;3;1,1236;2,0833;4,1199;6,5122;2026-04-05;2026-10-04
WTA;Clara Tauson;26;Grass;WTA;5;10,7463;6,4599;5,0746;6,0909;2026-04-05;2026-10-04
WTA;Coco Gauff;26;Grass;WTA;7;6,8611;1,8152;6,518;6,337;2026-04-05;2026-10-04
WTA;Daria Kasatkina;26;Grass;WTA;3;2,6923;5,2885;8,0769;7,4286;2026-04-05;2026-10-04
WTA;Daria Snigur;26;Grass;WTA;3;1,6949;3,8674;1,1299;6,5556;2026-04-05;2026-10-04
WTA;Darja Semenistaja;26;Grass;WTA;1;3,9474;3,0612;1,3158;5,8462;2026-04-05;2026-10-04
WTA;Darja Vidmanova;26;Grass;WTA;1;1,6949;7,0175;0,0;5,3636;2026-04-05;2026-10-04
WTA;Dayana Yastremska;26;Grass;WTA;2;2,9557;3,1674;3,4483;6,3438;2026-04-05;2026-10-04
WTA;Diana Shnaider;26;Grass;WTA;4;2,071;6,4846;5,6213;7,1915;2026-04-05;2026-10-04
WTA;Diane Parry;26;Grass;WTA;4;8,6093;5,6818;4,6358;6,8636;2026-04-05;2026-10-04
WTA;Donna Vekic;26;Grass;WTA;7;5,5888;5,0847;3,3932;6,4231;2026-04-05;2026-10-04
WTA;Ekaterina Alexandrova;26;Grass;WTA;8;7,0397;6,4151;3,9711;6,8395;2026-04-05;2026-10-04
WTA;Elena Gabriela Ruse;26;Grass;WTA;5;11,5646;4,6205;9,1837;6,2553;2026-04-05;2026-10-04
WTA;Elena Rybakina;26;Grass;WTA;6;8,6667;3,7475;5,7778;6,338;2026-04-05;2026-10-04
WTA;Elina Svitolina;26;Grass;WTA;5;6,5625;3,6232;5,625;6,8085;2026-04-05;2026-10-04
WTA;Elisabetta Cocciaretto;26;Grass;WTA;1;1,3158;3,6145;7,8947;6,3333;2026-04-05;2026-10-04
WTA;Elise Mertens;26;Grass;WTA;9;7,2698;4,3716;8,4006;7,0341;2026-04-05;2026-10-04
WTA;Ella Seidel;26;Grass;WTA;1;4,6875;17,0213;4,6875;6,4;2026-04-05;2026-10-04
WTA;Elsa Jacquemot;26;Grass;WTA;1;3,2787;9,8592;6,5574;6,7778;2026-04-05;2026-10-04
WTA;Emiliana Arango;26;Grass;WTA;1;4,5455;0,0;2,2727;5,5;2026-04-05;2026-10-04
WTA;Emma Navarro;26;Grass;WTA;6;5,6485;5,7203;5,6485;6,2895;2026-04-05;2026-10-04
WTA;Emma Raducanu;26;Grass;WTA;5;2,7778;2,6515;4,5139;6,4;2026-04-05;2026-10-04
WTA;Eva Lys;26;Grass;WTA;4;1,9157;9,1575;4,9808;6,8684;2026-04-05;2026-10-04
WTA;Francesca Jones;26;Grass;WTA;2;2,2727;11,215;4,5455;7,3333;2026-04-05;2026-10-04
WTA;Hanne Vandewinkel;26;Grass;WTA;1;4,7619;0,0;1,1905;6,0;2026-04-05;2026-10-04
WTA;Harriet Dart;26;Grass;WTA;3;4,1379;2,5;5,8621;6,5909;2026-04-05;2026-10-04
WTA;Iga Swiatek;26;Grass;WTA;4;3,2491;4,4025;10,1083;6,2955;2026-04-05;2026-10-04
WTA;Iryna Shymanovich;26;Grass;WTA;1;2,4096;2,8571;4,8193;7,5455;2026-04-05;2026-10-04
WTA;Iva Jovic;26;Grass;WTA;8;2,5878;3,8113;4,2514;6,5181;2026-04-05;2026-10-04
WTA;Janice Tjen;26;Grass;WTA;2;5,5556;4,6875;2,7778;6,2609;2026-04-05;2026-10-04
WTA;Jaqueline Cristian;26;Grass;WTA;3;6,3218;7,4074;4,5977;6,2143;2026-04-05;2026-10-04
WTA;Jasmine Paolini;26;Grass;WTA;5;1,6279;3,8123;1,3953;7,5439;2026-04-05;2026-10-04
WTA;Jelena Ostapenko;26;Grass;WTA;3;8,2524;6,5657;10,6796;6,6452;2026-04-05;2026-10-04
WTA;Jessica Bouzas Maneiro;26;Grass;WTA;3;2,0408;2,3697;3,0612;6,5333;2026-04-05;2026-10-04
WTA;Jessica Pegula;26;Grass;WTA;9;6,2691;6,0056;1,5291;6,2885;2026-04-05;2026-10-04
WTA;Kamilla Rakhimova;26;Grass;WTA;4;1,3774;5,571;6,3361;6,4821;2026-04-05;2026-10-04
WTA;Karolina Muchova;26;Grass;WTA;13;7,6923;5,7013;2,6036;6,2132;2026-04-05;2026-10-04
WTA;Karolina Pliskova;26;Grass;WTA;5;5,8172;4,1176;8,5873;6,4464;2026-04-05;2026-10-04
WTA;Katerina Siniakova;26;Grass;WTA;5;4,8433;7,1856;7,1225;7,3125;2026-04-05;2026-10-04
WTA;Katie Boulter;26;Grass;WTA;6;4,0426;6,0797;10,0;6,6197;2026-04-05;2026-10-04
WTA;Katie Swan;26;Grass;WTA;2;1,8349;6,25;8,2569;6,0556;2026-04-05;2026-10-04
WTA;Kayla Day;26;Grass;WTA;1;2,521;2,8571;4,2017;7,4375;2026-04-05;2026-10-04
WTA;Kimberly Birrell;26;Grass;WTA;2;2,2901;7,0423;7,6336;6,2381;2026-04-05;2026-10-04
WTA;Lanlana Tararudee;26;Grass;WTA;2;2,1622;7,8534;2,7027;6,3793;2026-04-05;2026-10-04
WTA;Laura Siegemund;26;Grass;WTA;3;2,6846;6,2112;4,0268;5,7308;2026-04-05;2026-10-04
WTA;Leolia Jeanjean;26;Grass;WTA;2;2,8902;2,5907;6,3584;6,6538;2026-04-05;2026-10-04
WTA;Leylah Fernandez;26;Grass;WTA;4;3,9267;6,5147;7,0681;7,3462;2026-04-05;2026-10-04
WTA;Lilli Tagger;26;Grass;WTA;1;7,2727;2,7027;1,8182;6,4706;2026-04-05;2026-10-04
WTA;Linda Noskova;26;Grass;WTA;13;9,5344;8,3425;5,0998;6,3521;2026-04-05;2026-10-04
WTA;Liudmila Samsonova;26;Grass;WTA;7;5,8626;3,6606;6,0302;6,7079;2026-04-05;2026-10-04
WTA;Lois Boisson;26;Grass;WTA;1;3,6145;7,6923;6,0241;6,3846;2026-04-05;2026-10-04
WTA;Maddison Inglis;26;Grass;WTA;1;1,0309;4,6729;3,0928;6,4667;2026-04-05;2026-10-04
WTA;Madison Keys;26;Grass;WTA;7;6,9632;3,0965;3,675;6,4625;2026-04-05;2026-10-04
WTA;Magda Linette;26;Grass;WTA;1;2,6316;9,6386;2,6316;6,9091;2026-04-05;2026-10-04
WTA;Magdalena Frech;26;Grass;WTA;3;3,719;3,3333;6,1983;8,0667;2026-04-05;2026-10-04
WTA;Maja Chwalinska;26;Grass;WTA;1;2,1978;3,7037;3,2967;6,5;2026-04-05;2026-10-04
WTA;Mananchaya Sawangkaew;26;Grass;WTA;3;2,9661;3,7559;5,9322;7,1515;2026-04-05;2026-10-04
WTA;Maria Sakkari;26;Grass;WTA;4;5,4545;3,9526;6,1818;7,2368;2026-04-05;2026-10-04
WTA;Maria Timofeeva;26;Grass;WTA;2;2,1739;1,5873;3,6232;6,9;2026-04-05;2026-10-04
WTA;Marie Bouzkova;26;Grass;WTA;6;2,193;3,9139;4,386;6,806;2026-04-05;2026-10-04
WTA;Marta Kostyuk;26;Grass;WTA;6;5,569;0,6818;5,3269;6,4531;2026-04-05;2026-10-04
WTA;Maya Joint;26;Grass;WTA;2;5,0;6,2857;3,6364;8,1481;2026-04-05;2026-10-04
WTA;Mccartney Kessler;26;Grass;WTA;3;2,9126;5,1163;4,3689;6,8667;2026-04-05;2026-10-04
WTA;Mika Stojsavljevic;26;Grass;WTA;2;4,9505;3,8835;5,9406;6,7333;2026-04-05;2026-10-04
WTA;Mirra Andreeva;26;Grass;WTA;3;6,4394;4,6875;4,9242;7,3333;2026-04-05;2026-10-04
WTA;Nadia Podoroska;26;Grass;WTA;1;0,0;12,5;10,2564;5,5714;2026-04-05;2026-10-04
WTA;Naomi Osaka;26;Grass;WTA;10;11,6451;4,1591;2,7726;6,2184;2026-04-05;2026-10-04
WTA;Nikola Bartunkova;26;Grass;WTA;6;8,2278;4,0936;6,962;6,4932;2026-04-05;2026-10-04
WTA;Oksana Selekhmeteva;26;Grass;WTA;2;0,641;1,9608;14,1026;6,7826;2026-04-05;2026-10-04
WTA;Oleksandra Oliynykova;26;Grass;WTA;1;2,5;0,0;5,0;6,6667;2026-04-05;2026-10-04
WTA;Panna Udvardy;26;Grass;WTA;1;7,4627;8,1967;7,4627;7,4444;2026-04-05;2026-10-04
WTA;Paula Badosa;26;Grass;WTA;4;8,0986;9,9291;9,507;6,4545;2026-04-05;2026-10-04
WTA;Petra Marcinko;26;Grass;WTA;1;5,4054;2,7027;16,2162;6,7273;2026-04-05;2026-10-04
WTA;Peyton Stearns;26;Grass;WTA;1;0,9346;14,4444;1,8692;6,6875;2026-04-05;2026-10-04
WTA;Polina Kudermetova;26;Grass;WTA;2;4,5872;6,25;10,0917;6,4118;2026-04-05;2026-10-04
WTA;Qinwen Zheng;26;Grass;WTA;4;11,0429;7,1217;8,2822;6,2692;2026-04-05;2026-10-04
WTA;Rebeka Masarova;26;Grass;WTA;1;12,2449;3,5714;2,0408;5,4444;2026-04-05;2026-10-04
WTA;Renata Zarazua;26;Grass;WTA;3;0,6579;16,9014;3,2895;6,9091;2026-04-05;2026-10-04
WTA;Robin Montgomery;26;Grass;WTA;1;7,7778;3,0075;4,4444;6,4286;2026-04-05;2026-10-04
WTA;Sara Bejlek;26;Grass;WTA;1;1,7857;2,7027;1,7857;6,2222;2026-04-05;2026-10-04
WTA;Sara Sorribes Tormo;26;Grass;WTA;2;1,9048;4,5872;1,9048;5,8333;2026-04-05;2026-10-04
WTA;Shuai Zhang;26;Grass;WTA;4;3,4188;10,9848;2,5641;6,5;2026-04-05;2026-10-04
WTA;Simona Waltert;26;Grass;WTA;1;0,0;2,5641;6,25;6,8571;2026-04-05;2026-10-04
WTA;Sinja Kraus;26;Grass;WTA;2;3,1496;3,4483;3,1496;7,0556;2026-04-05;2026-10-04
WTA;Sofia Kenin;26;Grass;WTA;2;1,2195;13,4078;4,878;6,3077;2026-04-05;2026-10-04
WTA;Solana Sierra;26;Grass;WTA;3;2,4316;8,7379;7,5988;7,0;2026-04-05;2026-10-04
WTA;Sorana Cirstea;26;Grass;WTA;5;6,8878;2,9178;3,5714;6,7586;2026-04-05;2026-10-04
WTA;Suzan Lamens;26;Grass;WTA;1;4,0;14,0351;10,0;6,25;2026-04-05;2026-10-04
WTA;Talia Gibson;26;Grass;WTA;1;2,7027;5,0;7,2072;9,25;2026-04-05;2026-10-04
WTA;Tamara Korpatsch;26;Grass;WTA;1;2,381;7,6923;4,7619;6,0;2026-04-05;2026-10-04
WTA;Tatjana Maria;26;Grass;WTA;4;4,8689;5,1661;3,7453;6,5122;2026-04-05;2026-10-04
WTA;Taylor Townsend;26;Grass;WTA;1;3,9474;2,3529;2,6316;6,3333;2026-04-05;2026-10-04
WTA;Teodora Kostovic;26;Grass;WTA;1;6,7797;12,5;1,6949;6,5556;2026-04-05;2026-10-04
WTA;Tereza Valentova;26;Grass;WTA;1;1,9608;4,918;0,0;5,6667;2026-04-05;2026-10-04
WTA;Tyra Caterina Grant;26;Grass;WTA;2;6,6667;4,5872;14,1667;6,3158;2026-04-05;2026-10-04
WTA;Veronika Erjavec;26;Grass;WTA;1;1,5625;3,6697;0,7812;8,0;2026-04-05;2026-10-04
WTA;Victoria Jimenez Kasintseva;26;Grass;WTA;1;0,0;4,2553;2,1277;5,875;2026-04-05;2026-10-04
WTA;Victoria Mboko;26;Grass;WTA;1;8,6957;8,3333;8,6957;5,75;2026-04-05;2026-10-04
WTA;Viktorija Golubic;26;Grass;WTA;2;1,4184;1,1905;2,8369;6,1304;2026-04-05;2026-10-04
WTA;Xin Yu Wang;26;Grass;WTA;6;8,0214;4,8632;4,2781;6,4483;2026-04-05;2026-10-04
WTA;Yulia Putintseva;26;Grass;WTA;1;1,4085;5,0;5,6338;7,1;2026-04-05;2026-10-04
WTA;Yuliia Starodubtseva;26;Grass;WTA;1;2,9412;1,8868;2,9412;6,8;2026-04-05;2026-10-04
WTA;Zeynep Sonmez;26;Grass;WTA;2;0,0;6,4706;2,9197;5,7083;2026-04-05;2026-10-04
WTA;Ajla Tomljanovic;26;Grass;ALL;8;1,9078;5,3459;6,6773;6,6211;2026-04-05;2026-10-04
WTA;Akasha Urhobo;26;Grass;ALL;2;5,4545;0,8065;8,1818;6,1111;2026-04-05;2026-10-04
WTA;Alexandra Eala;26;Grass;ALL;16;3,523;6,3712;2,981;6,5893;2026-04-05;2026-10-04
WTA;Alicia Dudeney;26;Grass;ALL;6;3,6613;1,8182;7,7803;6,6212;2026-04-05;2026-10-04
WTA;Alina Charaeva;26;Grass;ALL;2;0,0;2,8037;3,7037;6,0;2026-04-05;2026-10-04
WTA;Alina Korneeva;26;Grass;ALL;2;2,5478;1,4599;3,8217;7,1364;2026-04-05;2026-10-04
WTA;Alycia Parks;26;Grass;ALL;2;6,0345;2,5641;6,8966;6,4444;2026-04-05;2026-10-04
WTA;Amanda Anisimova;26;Grass;ALL;5;8,3544;1,7291;6,8354;6,8103;2026-04-05;2026-10-04
WTA;Anastasia Gasanova;26;Grass;ALL;2;0,8696;10,989;9,5652;7,1875;2026-04-05;2026-10-04
WTA;Anastasia Potapova;26;Grass;ALL;4;1,7316;2,8986;6,0606;7,0;2026-04-05;2026-10-04
WTA;Anastasia Tikhonova;26;Grass;ALL;4;6,6667;4,2636;7,9167;6,3158;2026-04-05;2026-10-04
WTA;Anastasia Zakharova;26;Grass;ALL;3;0,5618;12,0879;2,809;6,1379;2026-04-05;2026-10-04
WTA;Anhelina Kalinina;26;Grass;ALL;3;2,8455;3,719;8,1301;6,4737;2026-04-05;2026-10-04
WTA;Ann Li;26;Grass;ALL;5;10,661;4,086;4,2644;6,7;2026-04-05;2026-10-04
WTA;Anna Blinkova;26;Grass;ALL;4;1,4164;3,352;4,2493;7,06;2026-04-05;2026-10-04
WTA;Anna Bondar;26;Grass;ALL;3;5,4348;5,283;5,7971;7,0769;2026-04-05;2026-10-04
WTA;Anna Kalinskaya;26;Grass;ALL;6;6,3107;7,3222;6,3107;6,2424;2026-04-05;2026-10-04
WTA;Antonia Ruzic;26;Grass;ALL;5;1,897;6,1625;4,878;6,7091;2026-04-05;2026-10-04
WTA;Aryna Sabalenka;26;Grass;ALL;7;9,4488;7,1705;4,3307;6,5974;2026-04-05;2026-10-04
WTA;Ashlyn Krueger;26;Grass;ALL;13;6,8771;2,509;6,2007;6,6194;2026-04-05;2026-10-04
WTA;Barbora Krejcikova;26;Grass;ALL;9;6,4234;5,0553;4,5255;6,9192;2026-04-05;2026-10-04
WTA;Belinda Bencic;26;Grass;ALL;4;3,3003;6,129;4,6205;6,4468;2026-04-05;2026-10-04
WTA;Bianca Andreescu;26;Grass;ALL;2;5,7554;2,3077;3,5971;7,3158;2026-04-05;2026-10-04
WTA;Cadence Brace;26;Grass;ALL;1;0,0;2,381;7,5;5,0;2026-04-05;2026-10-04
WTA;Camila Osorio;26;Grass;ALL;2;3,2;6,2937;5,6;5,9524;2026-04-05;2026-10-04
WTA;Caroline Dolehide;26;Grass;ALL;1;0,0;4,0541;3,6364;6,1111;2026-04-05;2026-10-04
WTA;Carolyn Ansari;26;Grass;ALL;1;0,0;6,9767;5,7143;8,75;2026-04-05;2026-10-04
WTA;Caty Mcnally;26;Grass;ALL;10;3,1873;3,4578;5,9761;7,0374;2026-04-05;2026-10-04
WTA;Celine Naef;26;Grass;ALL;7;5,4;3,5573;2,6;6,25;2026-04-05;2026-10-04
WTA;Claire Liu;26;Grass;ALL;3;1,1236;2,0833;4,1199;6,5122;2026-04-05;2026-10-04
WTA;Clara Tauson;26;Grass;ALL;6;9,3909;7,8431;5,5838;6,0615;2026-04-05;2026-10-04
WTA;Coco Gauff;26;Grass;ALL;7;6,8611;1,8152;6,518;6,337;2026-04-05;2026-10-04
WTA;Dalma Galfi;26;Grass;ALL;2;8,1633;1,0471;3,0612;7,0;2026-04-05;2026-10-04
WTA;Daria Kasatkina;26;Grass;ALL;5;2,5641;5,4201;8,8578;7,2712;2026-04-05;2026-10-04
WTA;Daria Snigur;26;Grass;ALL;7;1,6427;7,5789;3,4908;6,7639;2026-04-05;2026-10-04
WTA;Darja Semenistaja;26;Grass;ALL;1;3,9474;3,0612;1,3158;5,8462;2026-04-05;2026-10-04
WTA;Darja Vidmanova;26;Grass;ALL;7;4,6774;3,0822;2,5806;7,1264;2026-04-05;2026-10-04
WTA;Dayana Yastremska;26;Grass;ALL;6;2,8986;2,9703;4,5549;6,44;2026-04-05;2026-10-04
WTA;Diana Shnaider;26;Grass;ALL;4;2,071;6,4846;5,6213;7,1915;2026-04-05;2026-10-04
WTA;Diane Parry;26;Grass;ALL;4;8,6093;5,6818;4,6358;6,8636;2026-04-05;2026-10-04
WTA;Donna Vekic;26;Grass;ALL;7;5,5888;5,0847;3,3932;6,4231;2026-04-05;2026-10-04
WTA;Ekaterina Alexandrova;26;Grass;ALL;9;7,0064;6,4356;4,4586;6,8261;2026-04-05;2026-10-04
WTA;Elena Gabriela Ruse;26;Grass;ALL;8;8,8421;4,4177;9,2632;6,4189;2026-04-05;2026-10-04
WTA;Elena Rybakina;26;Grass;ALL;6;8,6667;3,7475;5,7778;6,338;2026-04-05;2026-10-04
WTA;Elina Svitolina;26;Grass;ALL;5;6,5625;3,6232;5,625;6,8085;2026-04-05;2026-10-04
WTA;Elisabetta Cocciaretto;26;Grass;ALL;2;2,7778;2,7174;8,8889;6,4286;2026-04-05;2026-10-04
WTA;Elise Mertens;26;Grass;ALL;11;6,6759;4,2879;7,9277;6,8476;2026-04-05;2026-10-04
WTA;Elizabeth Mandlik;26;Grass;ALL;6;2,5692;3,5185;4,9407;6,6579;2026-04-05;2026-10-04
WTA;Ella Seidel;26;Grass;ALL;1;4,6875;17,0213;4,6875;6,4;2026-04-05;2026-10-04
WTA;Elsa Jacquemot;26;Grass;ALL;1;3,2787;9,8592;6,5574;6,7778;2026-04-05;2026-10-04
WTA;Elvina Kalieva;26;Grass;ALL;3;5,7471;10,9705;9,1954;6,8684;2026-04-05;2026-10-04
WTA;Emerson Jones;26;Grass;ALL;2;1,3043;7,3733;8,6957;7,1875;2026-04-05;2026-10-04
WTA;Emiliana Arango;26;Grass;ALL;3;2,5316;1,1696;5,0633;6,0769;2026-04-05;2026-10-04
WTA;Emma Navarro;26;Grass;ALL;12;5,8128;4,501;4,0394;6,5484;2026-04-05;2026-10-04
WTA;Emma Raducanu;26;Grass;ALL;5;2,7778;2,6515;4,5139;6,4;2026-04-05;2026-10-04
WTA;Eva Lys;26;Grass;ALL;4;1,9157;9,1575;4,9808;6,8684;2026-04-05;2026-10-04
WTA;Francesca Jones;26;Grass;ALL;4;6,1093;10,6299;3,537;7,4048;2026-04-05;2026-10-04
WTA;Gabriela Andrea Knutson;26;Grass;ALL;6;6,0606;5,4591;6,8871;6,3684;2026-04-05;2026-10-04
WTA;Greet Minnen;26;Grass;ALL;7;2,4775;2,5105;4,5045;6,2535;2026-04-05;2026-10-04
WTA;Hanne Vandewinkel;26;Grass;ALL;4;2,849;3,5831;4,5584;7,1633;2026-04-05;2026-10-04
WTA;Harmony Tan;26;Grass;ALL;3;6,5421;3,7915;3,7383;6,4848;2026-04-05;2026-10-04
WTA;Harriet Dart;26;Grass;ALL;6;4,007;3,4904;5,9233;6,9157;2026-04-05;2026-10-04
WTA;Hayu Kinoshita;26;Grass;ALL;1;0,0;0,0;12,069;6,4444;2026-04-05;2026-10-04
WTA;Himeno Sakatsume;26;Grass;ALL;3;0,4975;7,3864;1,4925;6,931;2026-04-05;2026-10-04
WTA;Iga Swiatek;26;Grass;ALL;4;3,2491;4,4025;10,1083;6,2955;2026-04-05;2026-10-04
WTA;Iryna Shymanovich;26;Grass;ALL;4;1,2821;2,6846;4,1667;7,0909;2026-04-05;2026-10-04
WTA;Iva Jovic;26;Grass;ALL;8;2,5878;3,8113;4,2514;6,5181;2026-04-05;2026-10-04
WTA;Janice Tjen;26;Grass;ALL;7;3,8076;5,2448;3,4068;6,3974;2026-04-05;2026-10-04
WTA;Jaqueline Cristian;26;Grass;ALL;3;6,3218;7,4074;4,5977;6,2143;2026-04-05;2026-10-04
WTA;Jasmine Paolini;26;Grass;ALL;6;1,3725;5,4404;1,7647;7,6119;2026-04-05;2026-10-04
WTA;Jelena Ostapenko;26;Grass;ALL;7;9,9237;6,0386;11,4504;6,1406;2026-04-05;2026-10-04
WTA;Jessica Bouzas Maneiro;26;Grass;ALL;9;2,1073;2,9907;3,6398;6,6076;2026-04-05;2026-10-04
WTA;Jessica Pegula;26;Grass;ALL;9;6,2691;6,0056;1,5291;6,2885;2026-04-05;2026-10-04
WTA;Joanna Garland;26;Grass;ALL;1;4,3478;9,3023;8,6957;9,2;2026-04-05;2026-10-04
WTA;Kamilla Rakhimova;26;Grass;ALL;4;1,3774;5,571;6,3361;6,4821;2026-04-05;2026-10-04
WTA;Karolina Muchova;26;Grass;ALL;13;7,6923;5,7013;2,6036;6,2132;2026-04-05;2026-10-04
WTA;Karolina Pliskova;26;Grass;ALL;9;5,0769;5,0235;8,4615;6,5;2026-04-05;2026-10-04
WTA;Katerina Siniakova;26;Grass;ALL;5;4,8433;7,1856;7,1225;7,3125;2026-04-05;2026-10-04
WTA;Katherine Sebov;26;Grass;ALL;2;1,087;3,9604;6,5217;5,4118;2026-04-05;2026-10-04
WTA;Katie Boulter;26;Grass;ALL;6;4,0426;6,0797;10,0;6,6197;2026-04-05;2026-10-04
WTA;Katie Swan;26;Grass;ALL;7;5,6757;3,8031;6,2162;6,1667;2026-04-05;2026-10-04
WTA;Katie Volynets;26;Grass;ALL;8;1,9231;1,992;2,3077;6,5;2026-04-05;2026-10-04
WTA;Katrina Scott;26;Grass;ALL;1;2,0;2,0833;4,0;6,25;2026-04-05;2026-10-04
WTA;Kayla Cross;26;Grass;ALL;2;2,1053;0,9615;11,5789;5,9375;2026-04-05;2026-10-04
WTA;Kayla Day;26;Grass;ALL;4;2,4845;1,5974;3,4161;7,1556;2026-04-05;2026-10-04
WTA;Kimberly Birrell;26;Grass;ALL;6;3,3413;11,4607;7,6372;6,3485;2026-04-05;2026-10-04
WTA;Lanlana Tararudee;26;Grass;ALL;4;3,4056;5,8496;3,4056;6,3333;2026-04-05;2026-10-04
WTA;Laura Siegemund;26;Grass;ALL;4;1,5326;4,2705;3,4483;6,2143;2026-04-05;2026-10-04
WTA;Lea Ma;26;Grass;ALL;2;1,6529;6,5574;4,9587;6,05;2026-04-05;2026-10-04
WTA;Leolia Jeanjean;26;Grass;ALL;2;2,8902;2,5907;6,3584;6,6538;2026-04-05;2026-10-04
WTA;Leylah Fernandez;26;Grass;ALL;5;4,6908;6,2162;6,6098;7,4444;2026-04-05;2026-10-04
WTA;Lilli Tagger;26;Grass;ALL;1;7,2727;2,7027;1,8182;6,4706;2026-04-05;2026-10-04
WTA;Linda Fruhvirtova;26;Grass;ALL;2;1,3333;5,8201;3,3333;6,8182;2026-04-05;2026-10-04
WTA;Linda Klimovicova;26;Grass;ALL;2;1,9231;3,6585;7,0513;8,2105;2026-04-05;2026-10-04
WTA;Linda Noskova;26;Grass;ALL;13;9,5344;8,3425;5,0998;6,3521;2026-04-05;2026-10-04
WTA;Liudmila Samsonova;26;Grass;ALL;7;5,8626;3,6606;6,0302;6,7079;2026-04-05;2026-10-04
WTA;Lois Boisson;26;Grass;ALL;2;5,1429;6,5217;6,8571;6,0345;2026-04-05;2026-10-04
WTA;Lucrezia Stefanini;26;Grass;ALL;5;0,0;0,7576;2,9412;5,95;2026-04-05;2026-10-04
WTA;Lulu Sun;26;Grass;ALL;3;6,6079;2,521;3,5242;6,6765;2026-04-05;2026-10-04
WTA;Maddison Inglis;26;Grass;ALL;2;2,7778;6,6265;4,8611;6,2609;2026-04-05;2026-10-04
WTA;Madison Brengle;26;Grass;ALL;3;0,5882;2,5157;2,9412;6,0714;2026-04-05;2026-10-04
WTA;Madison Keys;26;Grass;ALL;12;6,9959;2,512;3,7037;6,178;2026-04-05;2026-10-04
WTA;Magda Linette;26;Grass;ALL;5;8,1571;5,7637;2,1148;6,62;2026-04-05;2026-10-04
WTA;Magdalena Frech;26;Grass;ALL;3;3,719;3,3333;6,1983;8,0667;2026-04-05;2026-10-04
WTA;Maja Chwalinska;26;Grass;ALL;1;2,1978;3,7037;3,2967;6,5;2026-04-05;2026-10-04
WTA;Mananchaya Sawangkaew;26;Grass;ALL;11;3,2832;3,0667;5,7456;6,6455;2026-04-05;2026-10-04
WTA;Maria Sakkari;26;Grass;ALL;5;5,4545;5,8309;5,1948;7,1296;2026-04-05;2026-10-04
WTA;Maria Timofeeva;26;Grass;ALL;2;2,1739;1,5873;3,6232;6,9;2026-04-05;2026-10-04
WTA;Marie Bouzkova;26;Grass;ALL;11;2,6178;4,4118;3,9267;6,4202;2026-04-05;2026-10-04
WTA;Marta Kostyuk;26;Grass;ALL;6;5,569;0,6818;5,3269;6,4531;2026-04-05;2026-10-04
WTA;Martyna Kubka;26;Grass;ALL;5;11,336;3,9568;1,6194;5,2553;2026-04-05;2026-10-04
WTA;Mary Stoiana;26;Grass;ALL;10;1,9417;4,8942;3,034;6,8099;2026-04-05;2026-10-04
WTA;Maya Joint;26;Grass;ALL;4;4,4776;3,0812;3,4826;7,3091;2026-04-05;2026-10-04
WTA;Mccartney Kessler;26;Grass;ALL;7;3,0501;3,9749;4,1394;6,8507;2026-04-05;2026-10-04
WTA;Mei Yamaguchi;26;Grass;ALL;1;0,0;0,0;5,6818;8,0;2026-04-05;2026-10-04
WTA;Mia Pohankova;26;Grass;ALL;2;11,194;1,7857;5,2239;7,4444;2026-04-05;2026-10-04
WTA;Mika Stojsavljevic;26;Grass;ALL;5;8,8083;3,9352;5,1813;6,3279;2026-04-05;2026-10-04
WTA;Mirra Andreeva;26;Grass;ALL;3;6,4394;4,6875;4,9242;7,3333;2026-04-05;2026-10-04
WTA;Nadia Podoroska;26;Grass;ALL;1;0,0;12,5;10,2564;5,5714;2026-04-05;2026-10-04
WTA;Nao Hibino;26;Grass;ALL;1;4,5977;7,4627;4,5977;6,2143;2026-04-05;2026-10-04
WTA;Naomi Osaka;26;Grass;ALL;10;11,6451;4,1591;2,7726;6,2184;2026-04-05;2026-10-04
WTA;Nikola Bartunkova;26;Grass;ALL;12;6,4212;3,7986;5,7602;6,6188;2026-04-05;2026-10-04
WTA;Oksana Selekhmeteva;26;Grass;ALL;2;0,641;1,9608;14,1026;6,7826;2026-04-05;2026-10-04
WTA;Oleksandra Oliynykova;26;Grass;ALL;1;2,5;0,0;5,0;6,6667;2026-04-05;2026-10-04
WTA;Panna Udvardy;26;Grass;ALL;5;8,094;6,2687;6,2663;6,8393;2026-04-05;2026-10-04
WTA;Paula Badosa;26;Grass;ALL;5;7,4184;7,9545;8,9021;6,2407;2026-04-05;2026-10-04
WTA;Petra Marcinko;26;Grass;ALL;5;4,607;2,1108;11,1111;6,5893;2026-04-05;2026-10-04
WTA;Peyton Stearns;26;Grass;ALL;1;0,9346;14,4444;1,8692;6,6875;2026-04-05;2026-10-04
WTA;Polina Iatcenko;26;Grass;ALL;5;7,0336;4,491;5,1988;6,2885;2026-04-05;2026-10-04
WTA;Polina Kudermetova;26;Grass;ALL;2;4,5872;6,25;10,0917;6,4118;2026-04-05;2026-10-04
WTA;Priscilla Hon;26;Grass;ALL;1;0,0;2,7778;6,8182;6,2857;2026-04-05;2026-10-04
WTA;Qinwen Zheng;26;Grass;ALL;6;12,1649;6,4762;7,4227;6,2179;2026-04-05;2026-10-04
WTA;Rebeka Masarova;26;Grass;ALL;5;13,1343;0,7444;5,9701;5,8772;2026-04-05;2026-10-04
WTA;Reese Brantmeier;26;Grass;ALL;2;6,8182;0,6211;3,7879;6,0;2026-04-05;2026-10-04
WTA;Renata Zarazua;26;Grass;ALL;4;0,9756;15,4255;2,9268;7,069;2026-04-05;2026-10-04
WTA;Robin Montgomery;26;Grass;ALL;5;12,3563;2,457;4,5977;6,0;2026-04-05;2026-10-04
WTA;Sara Bejlek;26;Grass;ALL;4;2,2082;1,7595;4,1009;6,7447;2026-04-05;2026-10-04
WTA;Sara Sorribes Tormo;26;Grass;ALL;2;1,9048;4,5872;1,9048;5,8333;2026-04-05;2026-10-04
WTA;Shuai Zhang;26;Grass;ALL;4;3,4188;10,9848;2,5641;6,5;2026-04-05;2026-10-04
WTA;Simona Waltert;26;Grass;ALL;1;0,0;2,5641;6,25;6,8571;2026-04-05;2026-10-04
WTA;Sinja Kraus;26;Grass;ALL;4;2,1352;2,7778;3,9146;7,8056;2026-04-05;2026-10-04
WTA;Sofia Kenin;26;Grass;ALL;3;1,6461;11,5242;4,9383;6,2308;2026-04-05;2026-10-04
WTA;Solana Sierra;26;Grass;ALL;5;3,1558;7,3434;7,8895;7,1408;2026-04-05;2026-10-04
WTA;Sorana Cirstea;26;Grass;ALL;5;6,8878;2,9178;3,5714;6,7586;2026-04-05;2026-10-04
WTA;Suzan Lamens;26;Grass;ALL;2;3,1447;6,5476;5,0314;6,625;2026-04-05;2026-10-04
WTA;Talia Gibson;26;Grass;ALL;6;5,8601;11,0672;8,3176;6,9605;2026-04-05;2026-10-04
WTA;Tamara Korpatsch;26;Grass;ALL;2;0,7407;5,2174;3,7037;7,5;2026-04-05;2026-10-04
WTA;Tatiana Prozorova;26;Grass;ALL;3;2,2222;3,8889;2,7778;6,2069;2026-04-05;2026-10-04
WTA;Tatjana Maria;26;Grass;ALL;19;6,6667;3,1128;3,5681;6,3393;2026-04-05;2026-10-04
WTA;Taylah Preston;26;Grass;ALL;6;1,7375;7,8471;5,0193;6,557;2026-04-05;2026-10-04
WTA;Taylor Townsend;26;Grass;ALL;1;3,9474;2,3529;2,6316;6,3333;2026-04-05;2026-10-04
WTA;Teodora Kostovic;26;Grass;ALL;1;6,7797;12,5;1,6949;6,5556;2026-04-05;2026-10-04
WTA;Tereza Valentova;26;Grass;ALL;5;2,0;4,5;5,75;6,5574;2026-04-05;2026-10-04
WTA;Tyra Caterina Grant;26;Grass;ALL;2;6,6667;4,5872;14,1667;6,3158;2026-04-05;2026-10-04
WTA;Valentina Ryser;26;Grass;ALL;3;10,5727;4,6332;6,6079;6,4857;2026-04-05;2026-10-04
WTA;Vendula Valdmannova;26;Grass;ALL;1;0,0;0,0;3,6364;6,1111;2026-04-05;2026-10-04
WTA;Veronika Erjavec;26;Grass;ALL;1;1,5625;3,6697;0,7812;8,0;2026-04-05;2026-10-04
WTA;Veronika Podrez;26;Grass;ALL;1;7,4627;4,0;4,4776;7,4444;2026-04-05;2026-10-04
WTA;Victoria Jimenez Kasintseva;26;Grass;ALL;1;0,0;4,2553;2,1277;5,875;2026-04-05;2026-10-04
WTA;Victoria Mboko;26;Grass;ALL;1;8,6957;8,3333;8,6957;5,75;2026-04-05;2026-10-04
WTA;Viktoria Morvayova;26;Grass;ALL;3;6,6986;4,5249;1,9139;6,1471;2026-04-05;2026-10-04
WTA;Viktorija Golubic;26;Grass;ALL;8;2,7982;3,4268;3,0928;7,0729;2026-04-05;2026-10-04
WTA;Xin Yu Wang;26;Grass;ALL;6;8,0214;4,8632;4,2781;6,4483;2026-04-05;2026-10-04
WTA;Yulia Putintseva;26;Grass;ALL;1;1,4085;5,0;5,6338;7,1;2026-04-05;2026-10-04
WTA;Yuliia Starodubtseva;26;Grass;ALL;4;2,3981;4,2254;2,8777;6,7258;2026-04-05;2026-10-04
WTA;Zeynep Sonmez;26;Grass;ALL;9;1,6;6,9971;2,72;6,3131;2026-04-05;2026-10-04
WTA;Ajla Tomljanovic;52;All;WTA;18;2,8009;5,3729;8,0999;6,8093;2025-10-05;2026-10-04
WTA;Akasha Urhobo;52;All;WTA;2;4,4944;2,6549;3,3708;5,9333;2025-10-05;2026-10-04
WTA;Alevtina Ibragimova;52;All;WTA;2;2,3474;2,4752;1,4085;7,1;2025-10-05;2026-10-04
WTA;Alexandra Eala;52;All;WTA;49;1,9631;5,5588;3,8073;6,5409;2025-10-05;2026-10-04
WTA;Alexandra Shubladze;52;All;WTA;4;1,0204;0,7194;6,4626;6,6818;2025-10-05;2026-10-04
WTA;Aliaksandra Sasnovich;52;All;WTA;15;2,7749;6,4;4,4193;6,5743;2025-10-05;2026-10-04
WTA;Alicia Dudeney;52;All;WTA;1;0,0;3,2787;7,0175;6,3333;2025-10-05;2026-10-04
WTA;Alina Charaeva;52;All;WTA;5;4,8593;4,2553;6,3939;6,4098;2025-10-05;2026-10-04
WTA;Alina Korneeva;52;All;WTA;7;3,066;2,7638;3,5377;6,9508;2025-10-05;2026-10-04
WTA;Aliona Falei;52;All;WTA;4;3,3003;4,0678;4,9505;7,0465;2025-10-05;2026-10-04
WTA;Alycia Parks;52;All;WTA;29;8,2986;2,8386;8,8085;6,8914;2025-10-05;2026-10-04
WTA;Amanda Anisimova;52;All;WTA;35;5,0713;4,3217;5,7845;6,5389;2025-10-05;2026-10-04
WTA;Anastasia Gasanova;52;All;WTA;3;1,4706;10,8108;10,2941;7,1579;2025-10-05;2026-10-04
WTA;Anastasia Potapova;52;All;WTA;35;4,0535;2,8366;6,218;6,9808;2025-10-05;2026-10-04
WTA;Anastasia Tikhonova;52;All;WTA;1;4,8544;2,9703;10,6796;6,4375;2025-10-05;2026-10-04
WTA;Anastasia Zakharova;52;All;WTA;18;1,4695;6,4113;4,6404;6,8413;2025-10-05;2026-10-04
WTA;Andrea Lazaro Garcia;52;All;WTA;1;3,2787;2,2222;6,5574;6,7778;2025-10-05;2026-10-04
WTA;Anhelina Kalinina;52;All;WTA;12;2,4499;6,674;5,6793;6,4604;2025-10-05;2026-10-04
WTA;Ann Li;52;All;WTA;37;6,1146;3,7274;3,7037;6,782;2025-10-05;2026-10-04
WTA;Anna Blinkova;52;All;WTA;17;1,4694;4,766;5,4694;7,0402;2025-10-05;2026-10-04
WTA;Anna Bondar;52;All;WTA;22;4,5913;3,5984;3,8074;6,8958;2025-10-05;2026-10-04
WTA;Anna Kalinskaya;52;All;WTA;45;3,3996;5,7037;6,1257;6,4421;2025-10-05;2026-10-04
WTA;Anna Lena Friedsam;52;All;WTA;1;3,0;4,4944;3,0;6,6667;2025-10-05;2026-10-04
WTA;Anna Siskova;52;All;WTA;1;2,7778;3,75;1,3889;7,2;2025-10-05;2026-10-04
WTA;Anouk Koevermans;52;All;WTA;1;2,0;0,0;6,0;5,5556;2025-10-05;2026-10-04
WTA;Antonia Ruzic;52;All;WTA;28;1,928;6,7385;4,414;6,57;2025-10-05;2026-10-04
WTA;Arantxa Rus;52;All;WTA;1;1,5625;4,2857;6,25;6,4;2025-10-05;2026-10-04
WTA;Aryna Sabalenka;52;All;WTA;60;8,1767;6,7024;3,5636;6,4016;2025-10-05;2026-10-04
WTA;Ashlyn Krueger;52;All;WTA;22;6,5132;2,8276;7,2368;6,5517;2025-10-05;2026-10-04
WTA;Ayla Aksu;52;All;WTA;1;1,6949;6,8966;15,2542;6,5556;2025-10-05;2026-10-04
WTA;Barbora Krejcikova;52;All;WTA;12;5,4979;4,3384;6,2241;7,0365;2025-10-05;2026-10-04
WTA;Belinda Bencic;52;All;WTA;38;3,3381;4,9198;4,5585;6,7133;2025-10-05;2026-10-04
WTA;Berfu Cengiz;52;All;WTA;1;0,0;0,0;14,2857;11,6667;2025-10-05;2026-10-04
WTA;Bianca Andreescu;52;All;WTA;9;6,0372;3,4826;4,9536;6,6598;2025-10-05;2026-10-04
WTA;Cadence Brace;52;All;WTA;2;0,0;6,383;5,6604;6,625;2025-10-05;2026-10-04
WTA;Camila Osorio;52;All;WTA;23;2,1818;5,053;7,7576;6,6802;2025-10-05;2026-10-04
WTA;Carol Young Suh Lee;52;All;WTA;1;7,2072;0,0;2,7027;8,5385;2025-10-05;2026-10-04
WTA;Carole Monnet;52;All;WTA;2;0,995;0,5291;7,9602;8,04;2025-10-05;2026-10-04
WTA;Caroline Dolehide;52;All;WTA;3;0,9091;4,0609;7,7273;6,4706;2025-10-05;2026-10-04
WTA;Caty Mcnally;52;All;WTA;23;1,1976;2,8186;5,4491;6,9008;2025-10-05;2026-10-04
WTA;Claire Liu;52;All;WTA;3;1,1236;2,0833;4,1199;6,5122;2025-10-05;2026-10-04
WTA;Clara Tauson;52;All;WTA;36;9,7046;4,9664;5,1016;6,5012;2025-10-05;2026-10-04
WTA;Coco Gauff;52;All;WTA;61;4,4732;2,4656;8,0154;6,4292;2025-10-05;2026-10-04
WTA;Cristina Bucsa;52;All;WTA;32;1,5709;3,7801;4,5332;6,4767;2025-10-05;2026-10-04
WTA;Dalma Galfi;52;All;WTA;13;6,372;3,433;4,4193;7,0507;2025-10-05;2026-10-04
WTA;Daria Kasatkina;52;All;WTA;24;2,5411;3,9042;8,2212;7,0919;2025-10-05;2026-10-04
WTA;Daria Khomutsianskaya;52;All;WTA;1;4,1667;2,7778;1,0417;6,4;2025-10-05;2026-10-04
WTA;Daria Snigur;52;All;WTA;10;1,3514;5,2151;4,1892;6,6667;2025-10-05;2026-10-04
WTA;Darja Semenistaja;52;All;WTA;4;2,7027;9,8113;3,1532;6,1667;2025-10-05;2026-10-04
WTA;Darja Vidmanova;52;All;WTA;11;3,6524;5,0542;3,1486;6,2031;2025-10-05;2026-10-04
WTA;Dayana Yastremska;52;All;WTA;32;3,1505;3,9184;7,3512;6,7304;2025-10-05;2026-10-04
WTA;Diana Shnaider;52;All;WTA;49;2,1609;4,7226;4,8621;6,6358;2025-10-05;2026-10-04
WTA;Diane Parry;52;All;WTA;22;5,9272;4,972;4,9296;6,7619;2025-10-05;2026-10-04
WTA;Donna Vekic;52;All;WTA;24;5,0294;4,8128;5,939;6,6512;2025-10-05;2026-10-04
WTA;Ekaterina Alexandrova;52;All;WTA;47;6,4183;5,3904;5,8453;6,7636;2025-10-05;2026-10-04
WTA;Ekaterine Gorgodze;52;All;WTA;1;1,3333;4,0541;2,6667;6,25;2025-10-05;2026-10-04
WTA;Elena Gabriela Ruse;52;All;WTA;28;5,8342;3,0365;6,8157;6,55;2025-10-05;2026-10-04
WTA;Elena Micic;52;All;WTA;1;3,7037;9,2593;11,1111;6,0;2025-10-05;2026-10-04
WTA;Elena Pridankina;52;All;WTA;3;2,5751;1,3453;6,867;6,4722;2025-10-05;2026-10-04
WTA;Elena Ruxandra Bertea;52;All;WTA;1;0,0;0,0;4,7059;6,5385;2025-10-05;2026-10-04
WTA;Elena Rybakina;52;All;WTA;75;10,0588;4,5225;4,0425;6,2951;2025-10-05;2026-10-04
WTA;Elina Svitolina;52;All;WTA;47;4,8286;2,8483;4,9776;6,7915;2025-10-05;2026-10-04
WTA;Elisabetta Cocciaretto;52;All;WTA;20;1,3669;5,1028;5,1079;6,4953;2025-10-05;2026-10-04
WTA;Elise Mertens;52;All;WTA;42;6,7815;3,4871;6,7456;6,5576;2025-10-05;2026-10-04
WTA;Elizabeth Mandlik;52;All;WTA;1;0,0;10,8696;3,7037;6,75;2025-10-05;2026-10-04
WTA;Ella Seidel;52;All;WTA;8;3,1189;6,278;6,4327;6,75;2025-10-05;2026-10-04
WTA;Elsa Jacquemot;52;All;WTA;13;3,7374;3,4627;7,9798;7,0714;2025-10-05;2026-10-04
WTA;Elvina Kalieva;52;All;WTA;8;4,9383;6,1256;4,9383;7,3636;2025-10-05;2026-10-04
WTA;Emerson Jones;52;All;WTA;11;2,3226;4,5706;4,129;6,982;2025-10-05;2026-10-04
WTA;Emiliana Arango;52;All;WTA;16;2,0792;1,9886;3,8614;6,9178;2025-10-05;2026-10-04
WTA;Emma Navarro;52;All;WTA;34;5,2671;4,3767;5,8355;6,715;2025-10-05;2026-10-04
WTA;Emma Raducanu;52;All;WTA;14;3,1963;5,2009;5,8219;6,6364;2025-10-05;2026-10-04
WTA;Erika Andreeva;52;All;WTA;4;2,7451;1,1194;2,7451;6,375;2025-10-05;2026-10-04
WTA;Eva Lys;52;All;WTA;19;1,4881;6,3761;6,9196;6,8923;2025-10-05;2026-10-04
WTA;Fangran Tian;52;All;WTA;1;0,0;0,0;4,2553;6,7143;2025-10-05;2026-10-04
WTA;Federica Urgesi;52;All;WTA;1;1,9231;2,381;3,8462;7,4286;2025-10-05;2026-10-04
WTA;Fiona Crawley;52;All;WTA;2;1,3514;1,3514;4,7297;6,4348;2025-10-05;2026-10-04
WTA;Fiona Ferro;52;All;WTA;3;1,2121;6,0;3,6364;6,3462;2025-10-05;2026-10-04
WTA;Francesca Jones;52;All;WTA;8;2,3158;9,3458;4,4211;6,6901;2025-10-05;2026-10-04
WTA;Gabriela Andrea Knutson;52;All;WTA;2;7,9208;6,6116;8,9109;5,9412;2025-10-05;2026-10-04
WTA;Guiomar Maristany Zuleta De Reales;52;All;WTA;1;1,8519;6,25;7,4074;6,75;2025-10-05;2026-10-04
WTA;Hailey Baptiste;52;All;WTA;26;6,2092;2,9966;4,7619;6,8654;2025-10-05;2026-10-04
WTA;Han Shi;52;All;WTA;1;4,4248;2,1505;6,1947;7,5333;2025-10-05;2026-10-04
WTA;Hanne Vandewinkel;52;All;WTA;3;4,698;3,719;7,047;7,8421;2025-10-05;2026-10-04
WTA;Hanyu Guo;52;All;WTA;1;2,8571;8,1081;7,1429;7,7778;2025-10-05;2026-10-04
WTA;Harriet Dart;52;All;WTA;8;3,8136;4,0431;5,791;6,8738;2025-10-05;2026-10-04
WTA;Haruka Kaji;52;All;WTA;1;0,0;3,3898;1,7241;6,4444;2025-10-05;2026-10-04
WTA;Hayu Kinoshita;52;All;WTA;1;0,0;0,0;1,4493;6,9;2025-10-05;2026-10-04
WTA;Himeno Sakatsume;52;All;WTA;5;1,9499;1,983;2,507;6,6481;2025-10-05;2026-10-04
WTA;Iga Swiatek;52;All;WTA;48;3,3441;2,9169;4,6624;6,3992;2025-10-05;2026-10-04
WTA;Iryna Shymanovich;52;All;WTA;2;1,6667;2,5;7,5;6,6667;2025-10-05;2026-10-04
WTA;Iva Jovic;52;All;WTA;44;3,6303;3,9517;3,4286;6,3978;2025-10-05;2026-10-04
WTA;Janice Tjen;52;All;WTA;30;6,8182;4,5604;5,3977;6,5794;2025-10-05;2026-10-04
WTA;Jaqueline Cristian;52;All;WTA;30;3,9869;4,0614;4,6435;6,7044;2025-10-05;2026-10-04
WTA;Jasmine Paolini;52;All;WTA;37;2,0263;4,8845;2,2752;6,8443;2025-10-05;2026-10-04
WTA;Jelena Ostapenko;52;All;WTA;35;4,998;6,8979;8,4925;6,4763;2025-10-05;2026-10-04
WTA;Jennifer Ruggeri;52;All;WTA;1;0,0;0,0;10,8434;6,3846;2025-10-05;2026-10-04
WTA;Jessica Bouzas Maneiro;52;All;WTA;26;2,1701;3,386;6,4516;6,5076;2025-10-05;2026-10-04
WTA;Jessica Pegula;52;All;WTA;71;5,7945;5,1339;2,5035;6,3582;2025-10-05;2026-10-04
WTA;Joanna Garland;52;All;WTA;2;4,698;4,5455;4,698;5,96;2025-10-05;2026-10-04
WTA;Julia Grabher;52;All;WTA;6;3,632;1,8391;7,7482;6,6613;2025-10-05;2026-10-04
WTA;Julia Riera;52;All;WTA;2;4,2254;1,5625;5,6338;7,4737;2025-10-05;2026-10-04
WTA;Julieta Pareja;52;All;WTA;1;2,6667;9,7561;8,0;7,5;2025-10-05;2026-10-04
WTA;Kaitlin Quevedo;52;All;WTA;3;1,6129;5,2356;3,7634;6,8889;2025-10-05;2026-10-04
WTA;Kaja Juvan;52;All;WTA;1;3,5714;8,9286;3,5714;6,2222;2025-10-05;2026-10-04
WTA;Kamilla Rakhimova;52;All;WTA;22;2,2316;5,4924;6,5139;6,8797;2025-10-05;2026-10-04
WTA;Karolina Muchova;52;All;WTA;52;5,2158;4,0484;2,3681;6,2825;2025-10-05;2026-10-04
WTA;Karolina Pliskova;52;All;WTA;28;5,4719;4,8429;8,0823;6,6846;2025-10-05;2026-10-04
WTA;Katarina Zavatska;52;All;WTA;1;0,0;4,6512;1,6949;8,4286;2025-10-05;2026-10-04
WTA;Katarzyna Kawa;52;All;WTA;1;5,2632;0,0;5,2632;6,3333;2025-10-05;2026-10-04
WTA;Katerina Siniakova;52;All;WTA;34;2,6294;3,4091;6,3107;6,8858;2025-10-05;2026-10-04
WTA;Katherine Sebov;52;All;WTA;2;0,0;5,5556;5,4688;6,7368;2025-10-05;2026-10-04
WTA;Katie Boulter;52;All;WTA;26;3,1301;5,6227;9,1159;6,6218;2025-10-05;2026-10-04
WTA;Katie Swan;52;All;WTA;2;1,8349;6,25;8,2569;6,0556;2025-10-05;2026-10-04
WTA;Katie Volynets;52;All;WTA;12;1,7279;4,3073;2,0518;7,2344;2025-10-05;2026-10-04
WTA;Kayla Cross;52;All;WTA;2;9,0323;2,0134;6,4516;6,7391;2025-10-05;2026-10-04
WTA;Kayla Day;52;All;WTA;9;5,5556;3,4188;5,4233;7,1321;2025-10-05;2026-10-04
WTA;Kimberly Birrell;52;All;WTA;21;2,4788;6,0345;7,5669;6,5794;2025-10-05;2026-10-04
WTA;Kristina Liutova;52;All;WTA;1;1,1111;12,8205;5,5556;6,9231;2025-10-05;2026-10-04
WTA;Lanlana Tararudee;52;All;WTA;8;4,7619;4,9844;5,2545;6,6923;2025-10-05;2026-10-04
WTA;Laura Samson;52;All;WTA;3;4,9261;7,0;3,9409;6,7667;2025-10-05;2026-10-04
WTA;Laura Siegemund;52;All;WTA;22;1,7785;2,8555;3,4423;6,8622;2025-10-05;2026-10-04
WTA;Leolia Jeanjean;52;All;WTA;15;2,5795;1,7842;6,3629;6,5337;2025-10-05;2026-10-04
WTA;Leylah Fernandez;52;All;WTA;45;3,3624;3,949;6,0042;6,6888;2025-10-05;2026-10-04
WTA;Lilli Tagger;52;All;WTA;14;5,4966;3,5581;3,9537;6,5633;2025-10-05;2026-10-04
WTA;Lin Zhu;52;All;WTA;6;2,7027;4,1584;3,3784;6,1667;2025-10-05;2026-10-04
WTA;Linda Fruhvirtova;52;All;WTA;6;3,2787;1,6514;7,9918;6,7778;2025-10-05;2026-10-04
WTA;Linda Klimovicova;52;All;WTA;2;8,8889;3,7736;6,6667;5,625;2025-10-05;2026-10-04
WTA;Linda Noskova;52;All;WTA;53;9,4048;8,2272;6,8797;6,5891;2025-10-05;2026-10-04
WTA;Lisa Pigato;52;All;WTA;1;0,0;2,5;10,5263;6,3333;2025-10-05;2026-10-04
WTA;Liudmila Samsonova;52;All;WTA;46;4,3601;5,0318;6,4698;6,7075;2025-10-05;2026-10-04
WTA;Lois Boisson;52;All;WTA;15;5,9104;3,6346;5,3384;6,5155;2025-10-05;2026-10-04
WTA;Lola Radivojevic;52;All;WTA;1;3,5088;3,7037;7,0175;7,125;2025-10-05;2026-10-04
WTA;Lucia Bronzetti;52;All;WTA;3;2,2124;3,861;4,4248;6,4571;2025-10-05;2026-10-04
WTA;Lucie Havlickova;52;All;WTA;1;6,25;6,0606;9,375;7,1111;2025-10-05;2026-10-04
WTA;Lucrezia Stefanini;52;All;WTA;9;0,1618;1,8303;3,3981;6,5745;2025-10-05;2026-10-04
WTA;Lulu Sun;52;All;WTA;4;5,0336;9,3645;4,3624;6,9302;2025-10-05;2026-10-04
WTA;Maddison Inglis;52;All;WTA;6;1,6032;3,8835;1,8036;6,5658;2025-10-05;2026-10-04
WTA;Madison Keys;52;All;WTA;38;6,3273;2,7435;5,6911;6,5638;2025-10-05;2026-10-04
WTA;Magda Linette;52;All;WTA;26;4,9601;3,5398;3,7058;6,3321;2025-10-05;2026-10-04
WTA;Magdalena Frech;52;All;WTA;38;3,4955;3,5521;2,9815;6,9147;2025-10-05;2026-10-04
WTA;Mai Hontama;52;All;WTA;1;3,125;5,9701;1,5625;6,4;2025-10-05;2026-10-04
WTA;Maja Chwalinska;52;All;WTA;11;1,1478;4,9774;3,2999;6,5755;2025-10-05;2026-10-04
WTA;Mananchaya Sawangkaew;52;All;WTA;7;2,5918;4,4807;7,1274;6,6143;2025-10-05;2026-10-04
WTA;Maria Sakkari;52;All;WTA;31;4,3355;3,7258;3,5815;6,652;2025-10-05;2026-10-04
WTA;Maria Timofeeva;52;All;WTA;9;3,3929;1,0256;4,2857;6,5116;2025-10-05;2026-10-04
WTA;Marie Bouzkova;52;All;WTA;34;2,4499;3,0521;4,9443;6,7015;2025-10-05;2026-10-04
WTA;Marina Bassols Ribera;52;All;WTA;1;1,4085;7,1429;8,4507;6,4545;2025-10-05;2026-10-04
WTA;Marina Stakusic;52;All;WTA;4;1,5773;2,7027;5,0473;6,8913;2025-10-05;2026-10-04
WTA;Marta Kostyuk;52;All;WTA;35;5,7803;0,9844;6,441;6,4759;2025-10-05;2026-10-04
WTA;Martyna Kubka;52;All;WTA;2;0,6849;5,0725;2,0548;6,3478;2025-10-05;2026-10-04
WTA;Mary Stoiana;52;All;WTA;3;1,0638;4,4335;6,383;6,4828;2025-10-05;2026-10-04
WTA;Maya Joint;52;All;WTA;24;2,2281;4,2325;4,1379;7,0599;2025-10-05;2026-10-04
WTA;Mayar Sherif;52;All;WTA;3;1,1905;1,3158;2,7778;7,6364;2025-10-05;2026-10-04
WTA;Mccartney Kessler;52;All;WTA;30;3,1989;3,3014;4,1725;6,8476;2025-10-05;2026-10-04
WTA;Mei Yamaguchi;52;All;WTA;2;1,0638;7,2727;3,1915;5,5294;2025-10-05;2026-10-04
WTA;Mika Stojsavljevic;52;All;WTA;2;4,9505;3,8835;5,9406;6,7333;2025-10-05;2026-10-04
WTA;Mirra Andreeva;52;All;WTA;56;4,4831;2,9355;5,7325;6,6699;2025-10-05;2026-10-04
WTA;Moyuka Uchijima;52;All;WTA;10;3,5831;3,7398;5,3746;6,6739;2025-10-05;2026-10-04
WTA;Nadia Podoroska;52;All;WTA;3;3,1088;7,109;6,2176;6,2258;2025-10-05;2026-10-04
WTA;Nao Hibino;52;All;WTA;3;1,8018;6,8627;4,5045;6,9375;2025-10-05;2026-10-04
WTA;Naomi Osaka;52;All;WTA;36;9,1541;4,1353;3,8823;6,389;2025-10-05;2026-10-04
WTA;Nikola Bartunkova;52;All;WTA;26;5,894;3,7827;5,9435;6,5765;2025-10-05;2026-10-04
WTA;Noemi Basiletti;52;All;WTA;2;0,0;1,25;0,8;6,5789;2025-10-05;2026-10-04
WTA;Noma Noha Akugue;52;All;WTA;2;1,8692;5,2083;2,8037;6,2941;2025-10-05;2026-10-04
WTA;Nuria Brancaccio;52;All;WTA;1;0,0;3,125;0,0;9,25;2025-10-05;2026-10-04
WTA;Oksana Selekhmeteva;52;All;WTA;13;1,636;2,6342;8,4867;6,7917;2025-10-05;2026-10-04
WTA;Oleksandra Oliynykova;52;All;WTA;19;1,4222;2,1277;4,9778;6,8598;2025-10-05;2026-10-04
WTA;Olivia Gadecki;52;All;WTA;2;2,6667;4,2857;3,3333;6,8182;2025-10-05;2026-10-04
WTA;Panna Udvardy;52;All;WTA;16;4,792;4,8193;3,7071;6,5444;2025-10-05;2026-10-04
WTA;Paula Badosa;52;All;WTA;25;6,1695;3,5813;9,6567;6,7782;2025-10-05;2026-10-04
WTA;Petra Marcinko;52;All;WTA;12;3,8724;4,5759;7,631;6,5522;2025-10-05;2026-10-04
WTA;Peyton Stearns;52;All;WTA;28;5,4435;6,2023;4,6875;6,6355;2025-10-05;2026-10-04
WTA;Polina Iatcenko;52;All;WTA;3;0,4831;3,653;7,2464;6,4688;2025-10-05;2026-10-04
WTA;Polina Kudermetova;52;All;WTA;12;3,9258;6,3781;7,9607;6,7926;2025-10-05;2026-10-04
WTA;Priscilla Hon;52;All;WTA;4;4,1045;1,6327;5,2239;6,7;2025-10-05;2026-10-04
WTA;Qinwen Zheng;52;All;WTA;24;10,7957;4,559;6,2342;6,4058;2025-10-05;2026-10-04
WTA;Rebecca Sramkova;52;All;WTA;10;5,8997;4,1841;5,3097;6,3962;2025-10-05;2026-10-04
WTA;Rebeka Masarova;52;All;WTA;5;6,3953;1,1799;6,1047;6,1429;2025-10-05;2026-10-04
WTA;Reese Brantmeier;52;All;WTA;1;1,6393;0,0;3,2787;6,1;2025-10-05;2026-10-04
WTA;Renata Zarazua;52;All;WTA;16;0,289;6,5764;2,4085;6,6115;2025-10-05;2026-10-04
WTA;Rina Saigo;52;All;WTA;1;0,0;0,0;0,0;6,9;2025-10-05;2026-10-04
WTA;Robin Montgomery;52;All;WTA;4;6,4067;3,352;5,0139;7,3265;2025-10-05;2026-10-04
WTA;Sara Bejlek;52;All;WTA;25;1,7187;1,5939;4,5194;6,3092;2025-10-05;2026-10-04
WTA;Sara Saito;52;All;WTA;1;1,7857;4,0816;8,9286;6,2222;2025-10-05;2026-10-04
WTA;Sara Sorribes Tormo;52;All;WTA;5;1,173;1,9608;2,6393;6,3148;2025-10-05;2026-10-04
WTA;Shuai Zhang;52;All;WTA;32;2,3498;7,8253;3,4343;6,747;2025-10-05;2026-10-04
WTA;Simona Waltert;52;All;WTA;14;2,9053;3,1044;6,373;6,7532;2025-10-05;2026-10-04
WTA;Sinja Kraus;52;All;WTA;10;1,8377;3,6335;4,7473;6,732;2025-10-05;2026-10-04
WTA;Sloane Stephens;52;All;WTA;17;1,3865;5,3211;3,2062;6,9939;2025-10-05;2026-10-04
WTA;Sofia Costoulas;52;All;WTA;3;4,0323;4,1152;4,0323;7,0857;2025-10-05;2026-10-04
WTA;Sofia Kenin;52;All;WTA;29;2,5974;11,2858;6,4471;6,5532;2025-10-05;2026-10-04
WTA;Sofya Lansere;52;All;WTA;3;4,7904;1,105;8,982;6,4231;2025-10-05;2026-10-04
WTA;Solana Sierra;52;All;WTA;18;3,0864;4,3516;7,3302;6,9305;2025-10-05;2026-10-04
WTA;Sonay Kartal;52;All;WTA;11;2,3944;4,2292;1,6901;6,3393;2025-10-05;2026-10-04
WTA;Sorana Cirstea;52;All;WTA;40;6,8832;3,1071;3,4239;6,5126;2025-10-05;2026-10-04
WTA;Storm Hunter;52;All;WTA;8;2,2727;4,8077;5,4924;6,7692;2025-10-05;2026-10-04
WTA;Suzan Lamens;52;All;WTA;4;2,509;5,5749;9,319;6,4884;2025-10-05;2026-10-04
WTA;Talia Gibson;52;All;WTA;27;6,4096;7,7963;5,8588;6,6126;2025-10-05;2026-10-04
WTA;Tamara Korpatsch;52;All;WTA;10;2,6688;2,7732;5,6515;6,5;2025-10-05;2026-10-04
WTA;Tamara Zidansek;52;All;WTA;1;1,2821;3,1746;3,8462;7,8;2025-10-05;2026-10-04
WTA;Tatiana Prozorova;52;All;WTA;3;3,3537;2,1148;3,0488;6,8333;2025-10-05;2026-10-04
WTA;Tatjana Maria;52;All;WTA;21;5,8094;4,1196;4,2428;6,6034;2025-10-05;2026-10-04
WTA;Taylah Preston;52;All;WTA;6;3,6458;8,311;6,5104;6,1935;2025-10-05;2026-10-04
WTA;Taylor Townsend;52;All;WTA;20;6,6018;4,1384;2,6407;6,482;2025-10-05;2026-10-04
WTA;Teodora Kostovic;52;All;WTA;5;3,1915;3,3149;5,8511;6,5965;2025-10-05;2026-10-04
WTA;Tereza Valentova;52;All;WTA;18;3,4345;3,2562;5,7508;6,7312;2025-10-05;2026-10-04
WTA;Tyra Caterina Grant;52;All;WTA;7;4,3478;4,7109;8,2609;6,3889;2025-10-05;2026-10-04
WTA;Varvara Gracheva;52;All;WTA;12;2,5;6,0859;6,25;6,6165;2025-10-05;2026-10-04
WTA;Varvara Lepchenko;52;All;WTA;2;1,6393;9,0909;7,377;5,8095;2025-10-05;2026-10-04
WTA;Vendula Valdmannova;52;All;WTA;1;0,0;1,3158;7,6923;5,7778;2025-10-05;2026-10-04
WTA;Vera Zvonareva;52;All;WTA;2;1,9737;7,9268;4,6053;6,9091;2025-10-05;2026-10-04
WTA;Veronika Erjavec;52;All;WTA;3;1,9084;2,9536;1,5267;7,0811;2025-10-05;2026-10-04
WTA;Victoria Jimenez Kasintseva;52;All;WTA;8;1,1111;2,88;6,5079;6,8478;2025-10-05;2026-10-04
WTA;Victoria Mboko;52;All;WTA;34;5,9778;3,6947;6,3194;6,4518;2025-10-05;2026-10-04
WTA;Viktoria Hruncakova;52;All;WTA;2;3,0303;2,8169;6,0606;6,0;2025-10-05;2026-10-04
WTA;Viktoria Morvayova;52;All;WTA;2;3,8674;4,7619;3,8674;7,24;2025-10-05;2026-10-04
WTA;Viktorija Golubic;52;All;WTA;17;1,2428;3,5662;3,4797;6,5243;2025-10-05;2026-10-04
WTA;Vivian Wolff;52;All;WTA;1;1,3158;3,3898;6,5789;7,6;2025-10-05;2026-10-04
WTA;Xin Yu Wang;52;All;WTA;32;5,1546;3,4959;5,0202;6,6202;2025-10-05;2026-10-04
WTA;Xinyu Gao;52;All;WTA;2;0,9259;5,4348;2,7778;6,0;2025-10-05;2026-10-04
WTA;Xiyu Wang;52;All;WTA;6;1,6827;1,8373;3,125;6,8197;2025-10-05;2026-10-04
WTA;Ye Xin Ma;52;All;WTA;1;3,2967;1,9417;1,0989;6,5;2025-10-05;2026-10-04
WTA;Yue Yuan;52;All;WTA;9;3,4014;4,8819;2,8571;7,4242;2025-10-05;2026-10-04
WTA;Yulia Putintseva;52;All;WTA;25;2,386;3,9534;2,386;6,6175;2025-10-05;2026-10-04
WTA;Yuliia Starodubtseva;52;All;WTA;25;2,117;3,413;3,2312;6,6481;2025-10-05;2026-10-04
WTA;Zeynep Sonmez;52;All;WTA;32;1,4203;4,2664;4,4829;6,646;2025-10-05;2026-10-04
WTA;Zhuoxuan Bai;52;All;WTA;3;1,8519;6,278;3,2407;6,9677;2025-10-05;2026-10-04
WTA;Ajla Tomljanovic;52;All;ALL;34;2,5989;5,5146;7,4864;6,7135;2025-10-05;2026-10-04
WTA;Akasha Urhobo;52;All;ALL;49;4,2089;1,0289;5,3763;6,4075;2025-10-05;2026-10-04
WTA;Alevtina Ibragimova;52;All;ALL;56;2,0489;1,7659;4,0978;6,797;2025-10-05;2026-10-04
WTA;Alexandra Eala;52;All;ALL;65;1,9098;5,6567;3,9307;6,5451;2025-10-05;2026-10-04
WTA;Alexandra Shubladze;52;All;ALL;65;0,8567;1,4799;5,2356;6,5554;2025-10-05;2026-10-04
WTA;Aliaksandra Sasnovich;52;All;ALL;22;2,4255;5,4852;4,5045;6,7116;2025-10-05;2026-10-04
WTA;Alice Rame;52;All;ALL;38;1,2117;1,8272;3,8622;6,7545;2025-10-05;2026-10-04
WTA;Alice Tubello;52;All;ALL;51;1,4988;1,3702;3,5803;6,5748;2025-10-05;2026-10-04
WTA;Alicia Dudeney;52;All;ALL;64;2,8711;2,4568;6,6293;6,4811;2025-10-05;2026-10-04
WTA;Alicia Herrero Linana;52;All;ALL;58;0,4343;1,7569;2,3402;6,5482;2025-10-05;2026-10-04
WTA;Alina Charaeva;52;All;ALL;45;4,2547;2,4561;6,7539;6,6952;2025-10-05;2026-10-04
WTA;Alina Korneeva;52;All;ALL;46;3,3613;1,6812;7,9328;6,5241;2025-10-05;2026-10-04
WTA;Aliona Falei;52;All;ALL;58;2,5131;2,1427;5,9219;6,665;2025-10-05;2026-10-04
WTA;Alycia Parks;52;All;ALL;54;8,6534;2,5491;8,8529;6,7736;2025-10-05;2026-10-04
WTA;Amanda Anisimova;52;All;ALL;35;5,0713;4,3217;5,7845;6,5389;2025-10-05;2026-10-04
WTA;Anastasia Gasanova;52;All;ALL;33;1,0602;2,3061;8,1001;6,6799;2025-10-05;2026-10-04
WTA;Anastasia Potapova;52;All;ALL;40;3,7062;3,0114;6,1549;7,0939;2025-10-05;2026-10-04
WTA;Anastasia Tikhonova;52;All;ALL;42;4,703;2,7378;7,4965;6,5767;2025-10-05;2026-10-04
WTA;Anastasia Zakharova;52;All;ALL;56;1,3147;4,8837;4,2393;6,493;2025-10-05;2026-10-04
WTA;Anastasia Zolotareva;52;All;ALL;46;1,4371;1,8657;5,6287;6,8724;2025-10-05;2026-10-04
WTA;Anastasiya Soboleva;52;All;ALL;69;1,9494;1,417;4,2237;6,66;2025-10-05;2026-10-04
WTA;Andrea Lazaro Garcia;52;All;ALL;49;1,1586;2,4273;5,5853;6,8554;2025-10-05;2026-10-04
WTA;Ane Mintegi Del Olmo;52;All;ALL;48;0,5533;1,6563;5,0138;6,5877;2025-10-05;2026-10-04
WTA;Angela Fita Boluda;52;All;ALL;66;2,2474;1,4913;3,5784;6,5659;2025-10-05;2026-10-04
WTA;Anhelina Kalinina;52;All;ALL;50;1,9242;4,0139;5,15;6,6805;2025-10-05;2026-10-04
WTA;Ann Li;52;All;ALL;55;6,6953;3,3777;3,5263;6,7045;2025-10-05;2026-10-04
WTA;Anna Blinkova;52;All;ALL;50;1,8222;3,1819;5,3285;6,8729;2025-10-05;2026-10-04
WTA;Anna Bondar;52;All;ALL;54;4,7529;2,8823;3,0031;6,9101;2025-10-05;2026-10-04
WTA;Anna Kalinskaya;52;All;ALL;48;3,6492;5,8649;6,0411;6,4447;2025-10-05;2026-10-04
WTA;Anna Lena Friedsam;52;All;ALL;35;4,6863;3,1286;5,6827;6,775;2025-10-05;2026-10-04
WTA;Anna Siskova;52;All;ALL;50;2,8208;1,6025;4,5257;6,5172;2025-10-05;2026-10-04
WTA;Anouk Koevermans;52;All;ALL;30;4,0341;1,9525;6,7614;6,4469;2025-10-05;2026-10-04
WTA;Antonia Ruzic;52;All;ALL;45;2,427;5,4213;4,4547;6,6975;2025-10-05;2026-10-04
WTA;Arantxa Rus;52;All;ALL;43;1,8736;1,7103;4,7317;6,7575;2025-10-05;2026-10-04
WTA;Aryna Sabalenka;52;All;ALL;60;8,1767;6,7024;3,5636;6,4016;2025-10-05;2026-10-04
WTA;Ashlyn Krueger;52;All;ALL;42;6,8654;3,1444;6,363;6,5626;2025-10-05;2026-10-04
WTA;Aurora Zantedeschi;52;All;ALL;54;2,2143;1,6471;3,602;6,564;2025-10-05;2026-10-04
WTA;Ayana Akli;52;All;ALL;43;1,3871;1,5862;5,0198;6,6114;2025-10-05;2026-10-04
WTA;Ayla Aksu;52;All;ALL;43;1,8547;3,0113;6,4153;6,8237;2025-10-05;2026-10-04
WTA;Barbora Krejcikova;52;All;ALL;33;5,9826;4,6381;6,2318;6,6676;2025-10-05;2026-10-04
WTA;Barbora Palicova;52;All;ALL;52;1,8837;2,8603;5,4054;6,7583;2025-10-05;2026-10-04
WTA;Belinda Bencic;52;All;ALL;40;3,3898;4,7945;4,4621;6,6767;2025-10-05;2026-10-04
WTA;Berfu Cengiz;52;All;ALL;45;1,6039;3,6574;4,1571;6,5558;2025-10-05;2026-10-04
WTA;Bianca Andreescu;52;All;ALL;29;4,321;3,0174;5,0807;6,5201;2025-10-05;2026-10-04
WTA;Cadence Brace;52;All;ALL;28;1,8701;3,0542;4,5195;6,6151;2025-10-05;2026-10-04
WTA;Caijsa Wilda Hennemann;52;All;ALL;45;0,8712;1,5837;2,8074;6,7223;2025-10-05;2026-10-04
WTA;Camila Osorio;52;All;ALL;44;2,3899;3,3061;7,4214;6,7089;2025-10-05;2026-10-04
WTA;Carol Young Suh Lee;52;All;ALL;51;4,0069;3,2569;3,6062;6,6049;2025-10-05;2026-10-04
WTA;Carole Monnet;52;All;ALL;44;1,891;1,6399;8,7821;6,6667;2025-10-05;2026-10-04
WTA;Caroline Dolehide;52;All;ALL;22;2,7372;2,4746;5,7786;6,85;2025-10-05;2026-10-04
WTA;Caroline Uebelhoer;52;All;ALL;36;2,4516;2,449;3,2819;6,7261;2025-10-05;2026-10-04
WTA;Carolyn Ansari;52;All;ALL;68;0,8731;2,0948;5,1107;6,6799;2025-10-05;2026-10-04
WTA;Caty Mcnally;52;All;ALL;47;1,9917;3,338;5,0069;6,912;2025-10-05;2026-10-04
WTA;Celine Naef;52;All;ALL;40;5,3713;2,852;4,2898;6,377;2025-10-05;2026-10-04
WTA;Claire Liu;52;All;ALL;40;3,4035;2,0079;4,0532;6,8913;2025-10-05;2026-10-04
WTA;Clara Burel;52;All;ALL;24;1,6241;0,8586;4,1763;6,7608;2025-10-05;2026-10-04
WTA;Clara Tauson;52;All;ALL;41;9,0266;5,0265;5,1869;6,5831;2025-10-05;2026-10-04
WTA;Coco Gauff;52;All;ALL;61;4,4732;2,4656;8,0154;6,4292;2025-10-05;2026-10-04
WTA;Cristina Bucsa;52;All;ALL;41;1,684;3,8315;4,3354;6,5363;2025-10-05;2026-10-04
WTA;Dalma Galfi;52;All;ALL;36;5,4411;2,6552;4,4306;6,8797;2025-10-05;2026-10-04
WTA;Daria Kasatkina;52;All;ALL;32;2,4087;4,0108;8,2047;7,0106;2025-10-05;2026-10-04
WTA;Daria Khomutsianskaya;52;All;ALL;56;4,9531;1,8618;6,9604;6,4471;2025-10-05;2026-10-04
WTA;Daria Snigur;52;All;ALL;61;1,8309;5,2075;3,3926;6,4591;2025-10-05;2026-10-04
WTA;Darja Semenistaja;52;All;ALL;46;2,2024;3,1576;1,9048;6,5753;2025-10-05;2026-10-04
WTA;Darja Vidmanova;52;All;ALL;53;5,4736;2,458;3,0492;6,5163;2025-10-05;2026-10-04
WTA;Darya Astakhova;52;All;ALL;63;1,5083;1,7636;4,3093;6,4961;2025-10-05;2026-10-04
WTA;Dayana Yastremska;52;All;ALL;41;2,9494;3,6485;6,6749;6,6965;2025-10-05;2026-10-04
WTA;Dayeon Back;52;All;ALL;67;1,1271;0,9384;3,1894;6,4154;2025-10-05;2026-10-04
WTA;Despina Papamichail;52;All;ALL;54;0,58;0,9846;2,6101;6,7491;2025-10-05;2026-10-04
WTA;Diana Shnaider;52;All;ALL;49;2,1609;4,7226;4,8621;6,6358;2025-10-05;2026-10-04
WTA;Diane Parry;52;All;ALL;40;5,9222;4,5438;5,2087;6,5644;2025-10-05;2026-10-04
WTA;Dominika Salkova;52;All;ALL;40;2,0786;3,4936;5,5862;6,9977;2025-10-05;2026-10-04
WTA;Donna Vekic;52;All;ALL;40;5,2207;4,0418;5,7814;6,5459;2025-10-05;2026-10-04
WTA;Ekaterina Alexandrova;52;All;ALL;49;6,4203;5,2705;6,0696;6,8269;2025-10-05;2026-10-04
WTA;Ekaterine Gorgodze;52;All;ALL;54;0,9274;3,2045;1,7517;6,7047;2025-10-05;2026-10-04
WTA;Elena Gabriela Ruse;52;All;ALL;42;5,4558;3,1113;6,6878;6,607;2025-10-05;2026-10-04
WTA;Elena Malygina;52;All;ALL;40;1,9537;3,7203;3,0391;6,6602;2025-10-05;2026-10-04
WTA;Elena Micic;52;All;ALL;56;3,4217;4,1068;7,1006;6,5109;2025-10-05;2026-10-04
WTA;Elena Pridankina;52;All;ALL;36;2,3708;1,7501;7,8119;6,7889;2025-10-05;2026-10-04
WTA;Elena Ruxandra Bertea;52;All;ALL;56;3,2063;2,0186;5,8319;6,8058;2025-10-05;2026-10-04
WTA;Elena Rybakina;52;All;ALL;75;10,0588;4,5225;4,0425;6,2951;2025-10-05;2026-10-04
WTA;Elina Avanesyan;52;All;ALL;30;0,2378;1,5859;5,611;6,6341;2025-10-05;2026-10-04
WTA;Elina Svitolina;52;All;ALL;52;4,7874;2,8801;4,8141;6,7858;2025-10-05;2026-10-04
WTA;Elisabetta Cocciaretto;52;All;ALL;36;1,8817;4,6467;4,6467;6,5924;2025-10-05;2026-10-04
WTA;Elise Mertens;52;All;ALL;46;6,6267;3,4505;6,66;6,5141;2025-10-05;2026-10-04
WTA;Elizabeth Mandlik;52;All;ALL;40;2,2013;2,8514;6,6387;6,5642;2025-10-05;2026-10-04
WTA;Elizara Yaneva;52;All;ALL;52;2,6074;2,3904;4,3712;6,7565;2025-10-05;2026-10-04
WTA;Ella Seidel;52;All;ALL;31;3,8573;5,2156;7,136;6,7557;2025-10-05;2026-10-04
WTA;Elsa Jacquemot;52;All;ALL;31;4,8736;3,2243;8,2581;6,882;2025-10-05;2026-10-04
WTA;Elvina Kalieva;52;All;ALL;42;5,189;4,4937;5,8937;6,787;2025-10-05;2026-10-04
WTA;Emerson Jones;52;All;ALL;53;2,1467;4,0573;5,5967;6,8171;2025-10-05;2026-10-04
WTA;Emiliana Arango;52;All;ALL;35;1,866;1,746;3,9016;6,7759;2025-10-05;2026-10-04
WTA;Emma Navarro;52;All;ALL;44;5,0838;4,0564;5,2571;6,7093;2025-10-05;2026-10-04
WTA;Emma Raducanu;52;All;ALL;21;2,684;4,84;5,5215;6,5528;2025-10-05;2026-10-04
WTA;Erika Andreeva;52;All;ALL;53;2,8595;2,3092;2,8035;6,557;2025-10-05;2026-10-04
WTA;Eva Bennemann;52;All;ALL;55;0,524;1,3995;4,4538;6,6848;2025-10-05;2026-10-04
WTA;Eva Lys;52;All;ALL;24;1,3423;5,5944;7,5656;6,7172;2025-10-05;2026-10-04
WTA;Eva Vedder;52;All;ALL;55;2,2018;2,4198;3,5649;6,7165;2025-10-05;2026-10-04
WTA;Fangran Tian;52;All;ALL;54;1,7067;2,6869;3,2398;6,4617;2025-10-05;2026-10-04
WTA;Federica Urgesi;52;All;ALL;50;2,6077;1,0013;3,7057;6,6722;2025-10-05;2026-10-04
WTA;Fiona Crawley;52;All;ALL;33;1,3804;1,9904;5,3999;6,7112;2025-10-05;2026-10-04
WTA;Fiona Ferro;52;All;ALL;45;1,1772;2,4951;2,518;6,7655;2025-10-05;2026-10-04
WTA;Francesca Curmi;52;All;ALL;60;0,5355;2,1603;2,6777;6,9509;2025-10-05;2026-10-04
WTA;Francesca Jones;52;All;ALL;48;2,0951;4,3504;5,0396;6,845;2025-10-05;2026-10-04
WTA;Francesca Pace;52;All;ALL;40;2,9284;2,8209;6,3712;6,5297;2025-10-05;2026-10-04
WTA;Francisca Jorge;52;All;ALL;49;2,3063;2,4034;3,3708;6,567;2025-10-05;2026-10-04
WTA;Gabriela Andrea Knutson;52;All;ALL;50;4,3271;3,2277;6,8338;6,5577;2025-10-05;2026-10-04
WTA;Georgia Pedone;52;All;ALL;63;0,0498;0,9896;0,8971;6,7332;2025-10-05;2026-10-04
WTA;Greet Minnen;52;All;ALL;27;3,6108;3,5882;3,9168;6,2846;2025-10-05;2026-10-04
WTA;Guiomar Maristany Zuleta De Reales;52;All;ALL;50;1,2861;1,6408;5,03;6,6902;2025-10-05;2026-10-04
WTA;Hailey Baptiste;52;All;ALL;30;5,9984;2,8606;4,6296;6,7869;2025-10-05;2026-10-04
WTA;Han Shi;52;All;ALL;60;2,7463;0,8378;5,4927;6,5577;2025-10-05;2026-10-04
WTA;Hanna Chang;52;All;ALL;53;2,4602;1,4501;6,7375;6,4918;2025-10-05;2026-10-04
WTA;Hanne Vandewinkel;52;All;ALL;60;5,3347;2,6984;6,0015;6,7108;2025-10-05;2026-10-04
WTA;Hanyu Guo;52;All;ALL;22;1,6057;2,776;3,404;6,4875;2025-10-05;2026-10-04
WTA;Harmony Tan;52;All;ALL;37;4,3258;2,1002;3,9751;6,8064;2025-10-05;2026-10-04
WTA;Harriet Dart;52;All;ALL;52;2,9068;2,7124;4,9302;6,6333;2025-10-05;2026-10-04
WTA;Haruka Kaji;52;All;ALL;53;1,3956;2,3585;3,19;6,526;2025-10-05;2026-10-04
WTA;Hayu Kinoshita;52;All;ALL;51;2,2355;2,8459;2,8316;6,6304;2025-10-05;2026-10-04
WTA;Himeno Sakatsume;52;All;ALL;42;2,3296;2,7982;2,912;6,4867;2025-10-05;2026-10-04
WTA;Hiromi Abe;52;All;ALL;45;1,4138;0,8512;4,3793;6,5909;2025-10-05;2026-10-04
WTA;Iga Swiatek;52;All;ALL;48;3,3441;2,9169;4,6624;6,3992;2025-10-05;2026-10-04
WTA;Irene Burillo Escorihuela;52;All;ALL;55;0,9079;1,4806;3,8392;6,6696;2025-10-05;2026-10-04
WTA;Iryna Shymanovich;52;All;ALL;27;1,3448;3,1024;5,2179;6,6393;2025-10-05;2026-10-04
WTA;Iva Jovic;52;All;ALL;59;3,2852;3,7037;3,3101;6,4391;2025-10-05;2026-10-04
WTA;Janice Tjen;52;All;ALL;49;5,6164;4,8995;4,6616;6,6561;2025-10-05;2026-10-04
WTA;Jaqueline Cristian;52;All;ALL;37;3,9867;3,7817;4,5404;6,656;2025-10-05;2026-10-04
WTA;Jasmine Paolini;52;All;ALL;38;1,9703;5,1005;2,3159;6,8717;2025-10-05;2026-10-04
WTA;Jazmin Ortenzi;52;All;ALL;38;0,9416;0,7181;4,7458;6,6877;2025-10-05;2026-10-04
WTA;Jelena Ostapenko;52;All;ALL;41;5,6078;6,6831;8,9725;6,4429;2025-10-05;2026-10-04
WTA;Jeline Vandromme;52;All;ALL;60;1,9476;2,2695;4,0111;6,7391;2025-10-05;2026-10-04
WTA;Jennifer Ruggeri;52;All;ALL;52;1,3717;1,3986;7,7025;6,5362;2025-10-05;2026-10-04
WTA;Jessica Bouzas Maneiro;52;All;ALL;51;1,9653;2,8212;5,8388;6,7519;2025-10-05;2026-10-04
WTA;Jessica Pegula;52;All;ALL;71;5,7945;5,1339;2,5035;6,3582;2025-10-05;2026-10-04
WTA;Jil Teichmann;52;All;ALL;10;0,5148;2,6582;5,0193;7,1284;2025-10-05;2026-10-04
WTA;Joanna Garland;52;All;ALL;17;5,9011;4,8822;5,2632;6,7419;2025-10-05;2026-10-04
WTA;Joelle Lilly Sophie Steur;52;All;ALL;52;0,6691;1,3486;2,0681;6,498;2025-10-05;2026-10-04
WTA;Julia Avdeeva;52;All;ALL;42;10,8672;2,8209;8,562;6,4763;2025-10-05;2026-10-04
WTA;Julia Grabher;52;All;ALL;50;1,91;1,5169;7,5307;6,8762;2025-10-05;2026-10-04
WTA;Julia Riera;52;All;ALL;58;2,8656;1,2307;5,572;6,7027;2025-10-05;2026-10-04
WTA;Julie Struplova;52;All;ALL;61;1,0004;0,9926;4,1574;6,7946;2025-10-05;2026-10-04
WTA;Julieta Pareja;52;All;ALL;23;1,0163;2,0435;5,6233;6,9623;2025-10-05;2026-10-04
WTA;Justina Mikulskyte;52;All;ALL;59;2,3157;2,5167;6,0953;6,5453;2025-10-05;2026-10-04
WTA;Kaitlin Quevedo;52;All;ALL;53;2,7623;2,727;4,5759;6,6125;2025-10-05;2026-10-04
WTA;Kaja Juvan;52;All;ALL;12;1,7045;2,5806;5,0;6,5672;2025-10-05;2026-10-04
WTA;Kajsa Rinaldo Persson;52;All;ALL;55;1,3619;1,1866;5,0694;6,7432;2025-10-05;2026-10-04
WTA;Kamilla Rakhimova;52;All;ALL;39;2,1424;6,3919;6,1305;6,9747;2025-10-05;2026-10-04
WTA;Karolina Muchova;52;All;ALL;52;5,2158;4,0484;2,3681;6,2825;2025-10-05;2026-10-04
WTA;Karolina Pliskova;52;All;ALL;33;5,3609;5,0753;8,0625;6,6732;2025-10-05;2026-10-04
WTA;Katarina Kuzmova;52;All;ALL;59;5,8755;5,0012;6,1096;6,6233;2025-10-05;2026-10-04
WTA;Katarina Zavatska;52;All;ALL;47;1,2879;0,8406;2,7906;6,5482;2025-10-05;2026-10-04
WTA;Katarzyna Kawa;52;All;ALL;39;2,3015;2,1203;5,3318;6,7191;2025-10-05;2026-10-04
WTA;Katerina Siniakova;52;All;ALL;34;2,6294;3,4091;6,3107;6,8858;2025-10-05;2026-10-04
WTA;Katherine Sebov;52;All;ALL;46;0,9232;3,2315;2,6377;6,6659;2025-10-05;2026-10-04
WTA;Katie Boulter;52;All;ALL;41;3,6409;5,1953;7,7766;6,6098;2025-10-05;2026-10-04
WTA;Katie Swan;52;All;ALL;40;4,6281;2,3576;5,2066;6,3351;2025-10-05;2026-10-04
WTA;Katie Volynets;52;All;ALL;44;1,6688;3,2354;1,7651;6,7011;2025-10-05;2026-10-04
WTA;Katrina Scott;52;All;ALL;33;3,0394;3,3029;2,7397;6,8706;2025-10-05;2026-10-04
WTA;Kayla Cross;52;All;ALL;35;4,7579;1,8356;7,4766;6,5754;2025-10-05;2026-10-04
WTA;Kayla Day;52;All;ALL;47;4,7995;2,3002;4,192;6,6505;2025-10-05;2026-10-04
WTA;Kimberly Birrell;52;All;ALL;46;2,6201;6,6783;7,7729;6,6959;2025-10-05;2026-10-04
WTA;Kristina Liutova;52;All;ALL;29;0,8901;2,6901;3,4031;6,609;2025-10-05;2026-10-04
WTA;Lanlana Tararudee;52;All;ALL;58;6,0024;2,6461;5,1381;6,5078;2025-10-05;2026-10-04
WTA;Laura Pigossi;52;All;ALL;42;1,5374;1,1583;4,4414;6,936;2025-10-05;2026-10-04
WTA;Laura Samson;52;All;ALL;52;2,8894;2,1154;6,9346;6,762;2025-10-05;2026-10-04
WTA;Laura Siegemund;52;All;ALL;23;1,6712;2,7793;3,3962;6,8704;2025-10-05;2026-10-04
WTA;Lea Ma;52;All;ALL;51;5,1023;3,6374;3,4304;6,749;2025-10-05;2026-10-04
WTA;Leolia Jeanjean;52;All;ALL;46;2,6422;3,476;5,2556;6,6072;2025-10-05;2026-10-04
WTA;Leylah Fernandez;52;All;ALL;56;3,3719;3,8607;5,8085;6,5851;2025-10-05;2026-10-04
WTA;Leyre Romero Gormaz;52;All;ALL;49;2,7441;1,5475;5,9995;6,8579;2025-10-05;2026-10-04
WTA;Lilli Tagger;52;All;ALL;42;6,4376;2,5342;3,689;6,4153;2025-10-05;2026-10-04
WTA;Lin Zhu;52;All;ALL;28;2,659;3,9013;2,8902;6,5038;2025-10-05;2026-10-04
WTA;Linda Fruhvirtova;52;All;ALL;25;3,7037;2,8386;6,8858;6,6794;2025-10-05;2026-10-04
WTA;Linda Klimovicova;52;All;ALL;33;4,9527;4,2021;7,0239;6,7303;2025-10-05;2026-10-04
WTA;Linda Noskova;52;All;ALL;54;9,3029;8,2074;6,8441;6,586;2025-10-05;2026-10-04
WTA;Lisa Pigato;52;All;ALL;63;1,0882;2,2865;4,7233;6,6141;2025-10-05;2026-10-04
WTA;Lisa Zaar;52;All;ALL;51;0,0829;1,3647;3,3453;6,6981;2025-10-05;2026-10-04
WTA;Liudmila Samsonova;52;All;ALL;46;4,3601;5,0318;6,4698;6,7075;2025-10-05;2026-10-04
WTA;Lois Boisson;52;All;ALL;18;5,4859;3,5801;5,6426;6,5773;2025-10-05;2026-10-04
WTA;Lola Radivojevic;52;All;ALL;42;5,7479;3,4506;4,5069;6,8809;2025-10-05;2026-10-04
WTA;Lucia Bronzetti;52;All;ALL;52;2,0296;3,0753;3,785;6,5694;2025-10-05;2026-10-04
WTA;Lucie Havlickova;52;All;ALL;46;5,5351;4,0024;6,9827;6,9625;2025-10-05;2026-10-04
WTA;Lucrezia Stefanini;52;All;ALL;46;0,1855;1,4263;4,1422;6,7396;2025-10-05;2026-10-04
WTA;Luisina Giovannini;52;All;ALL;50;2,2066;0,8108;4,3212;6,398;2025-10-05;2026-10-04
WTA;Lulu Sun;52;All;ALL;21;6,8621;4,5788;4,5303;6,7009;2025-10-05;2026-10-04
WTA;Maddison Inglis;52;All;ALL;27;3,6431;3,4074;3,4319;6,4422;2025-10-05;2026-10-04
WTA;Madison Brengle;52;All;ALL;51;0,0285;1,1849;3,3874;6,666;2025-10-05;2026-10-04
WTA;Madison Keys;52;All;ALL;48;6,2368;2,575;5,2425;6,4572;2025-10-05;2026-10-04
WTA;Magda Linette;52;All;ALL;38;5,2513;3,1193;3,3383;6,4396;2025-10-05;2026-10-04
WTA;Magdalena Frech;52;All;ALL;39;3,575;3,6;3,0354;6,8953;2025-10-05;2026-10-04
WTA;Mai Hontama;52;All;ALL;44;0,8396;2,8463;5,8769;6,7992;2025-10-05;2026-10-04
WTA;Maja Chwalinska;52;All;ALL;40;1,2107;3,0662;3,4705;6,3702;2025-10-05;2026-10-04
WTA;Mananchaya Sawangkaew;52;All;ALL;58;3,2863;2,8571;6,5182;6,5168;2025-10-05;2026-10-04
WTA;Maria Lourdes Carle;52;All;ALL;40;0,9777;0,646;8,7291;6,723;2025-10-05;2026-10-04
WTA;Maria Sakkari;52;All;ALL;38;4,661;4,1516;3,2743;6,5888;2025-10-05;2026-10-04
WTA;Maria Timofeeva;52;All;ALL;47;2,332;0,8278;4,3896;6,6575;2025-10-05;2026-10-04
WTA;Marie Bouzkova;52;All;ALL;49;2,6251;2,9172;4,7251;6,5947;2025-10-05;2026-10-04
WTA;Marina Bassols Ribera;52;All;ALL;40;0,8088;3,5806;5,6985;6,8;2025-10-05;2026-10-04
WTA;Marina Stakusic;52;All;ALL;19;2,9412;3,6515;6,7568;6,7634;2025-10-05;2026-10-04
WTA;Marta Kostyuk;52;All;ALL;40;5,6686;0,9726;6,25;6,4753;2025-10-05;2026-10-04
WTA;Martha Matoula;52;All;ALL;56;0,959;1,0717;4,1213;6,8404;2025-10-05;2026-10-04
WTA;Martina Capurro Taborda;52;All;ALL;48;0,7063;0,8472;6,4848;6,5717;2025-10-05;2026-10-04
WTA;Martyna Kubka;52;All;ALL;64;8,4924;4,6956;2,8145;6,1536;2025-10-05;2026-10-04
WTA;Mary Stoiana;52;All;ALL;49;1,9312;2,7479;4,1142;6,6413;2025-10-05;2026-10-04
WTA;Matilde Jorge;52;All;ALL;49;2,9279;2,2462;7,3649;6,8169;2025-10-05;2026-10-04
WTA;Maya Joint;52;All;ALL;39;2,3248;3,417;4,4859;6,8939;2025-10-05;2026-10-04
WTA;Mayar Sherif;52;All;ALL;58;1,2059;1,3002;3,0612;6,727;2025-10-05;2026-10-04
WTA;Mccartney Kessler;52;All;ALL;40;3,0556;3,0655;4,5139;6,7925;2025-10-05;2026-10-04
WTA;Mei Yamaguchi;52;All;ALL;46;2,2423;3,9278;3,7274;6,7466;2025-10-05;2026-10-04
WTA;Mia Pohankova;52;All;ALL;36;6,485;1,4123;4,8734;6,7865;2025-10-05;2026-10-04
WTA;Mia Ristic;52;All;ALL;47;2,5595;3,3742;1,2647;6,5632;2025-10-05;2026-10-04
WTA;Mika Stojsavljevic;52;All;ALL;27;7,1624;3,9768;5,9307;6,6626;2025-10-05;2026-10-04
WTA;Mina Hodzic;52;All;ALL;44;4,049;2,5126;5,43;6,7074;2025-10-05;2026-10-04
WTA;Mirra Andreeva;52;All;ALL;56;4,4831;2,9355;5,7325;6,6699;2025-10-05;2026-10-04
WTA;Mona Barthel;52;All;ALL;61;7,0328;2,866;10,5491;6,6326;2025-10-05;2026-10-04
WTA;Moyuka Uchijima;52;All;ALL;42;2,6636;2,3847;5,5245;6,5965;2025-10-05;2026-10-04
WTA;Nadia Podoroska;52;All;ALL;34;1,9386;1,5915;7,3506;6,6739;2025-10-05;2026-10-04
WTA;Nao Hibino;52;All;ALL;39;3,8831;4,0857;4,6037;6,4381;2025-10-05;2026-10-04
WTA;Naomi Osaka;52;All;ALL;38;9,3738;3,9515;3,8895;6,3481;2025-10-05;2026-10-04
WTA;Nikola Bartunkova;52;All;ALL;43;5,8529;3,6857;5,7941;6,6019;2025-10-05;2026-10-04
WTA;Noemi Basiletti;52;All;ALL;48;0,346;1,1838;2,6109;6,5277;2025-10-05;2026-10-04
WTA;Noma Noha Akugue;52;All;ALL;68;4,0059;2,0108;4,1755;6,5076;2025-10-05;2026-10-04
WTA;Nuria Brancaccio;52;All;ALL;48;1,828;1,3184;3,7704;6,6559;2025-10-05;2026-10-04
WTA;Oksana Selekhmeteva;52;All;ALL;44;2,1145;1,8995;9,9266;6,8649;2025-10-05;2026-10-04
WTA;Oleksandra Oliynykova;52;All;ALL;61;1,0566;1,4866;3,8741;6,7711;2025-10-05;2026-10-04
WTA;Olivia Gadecki;52;All;ALL;16;3,0593;2,6484;5,6405;6,5375;2025-10-05;2026-10-04
WTA;Panna Udvardy;52;All;ALL;64;3,7926;3,0923;4,3088;6,6907;2025-10-05;2026-10-04
WTA;Paula Badosa;52;All;ALL;47;5,5263;2,667;9,2398;6,6279;2025-10-05;2026-10-04
WTA;Petra Marcinko;52;All;ALL;53;3,0224;2,6296;6,5138;6,5719;2025-10-05;2026-10-04
WTA;Peyton Stearns;52;All;ALL;40;5,3637;5,5184;5,4308;6,7185;2025-10-05;2026-10-04
WTA;Polina Iatcenko;52;All;ALL;45;4,3314;5,3553;5,5689;6,4501;2025-10-05;2026-10-04
WTA;Polina Kudermetova;52;All;ALL;43;3,7243;4,6916;6,8605;6,6112;2025-10-05;2026-10-04
WTA;Polona Hercog;52;All;ALL;44;3,1116;1,0638;3,575;6,5961;2025-10-05;2026-10-04
WTA;Priscilla Hon;52;All;ALL;13;3,4198;2,9639;4,2453;6,625;2025-10-05;2026-10-04
WTA;Qinwen Zheng;52;All;ALL;29;11,1679;4,4075;6,0955;6,4807;2025-10-05;2026-10-04
WTA;Rebecca Sramkova;52;All;ALL;25;4,9892;3,8734;4,6638;6,7055;2025-10-05;2026-10-04
WTA;Rebeka Masarova;52;All;ALL;27;6,9253;0,8891;7,3674;6,3427;2025-10-05;2026-10-04
WTA;Reese Brantmeier;52;All;ALL;23;5,2738;1,0239;3,313;6,6323;2025-10-05;2026-10-04
WTA;Renata Zarazua;52;All;ALL;56;0,7398;4,2155;2,1929;6,4701;2025-10-05;2026-10-04
WTA;Rina Saigo;52;All;ALL;48;1,5184;2,888;3,7048;6,7757;2025-10-05;2026-10-04
WTA;Robin Montgomery;52;All;ALL;18;5,6976;2,1709;7,0855;6,4882;2025-10-05;2026-10-04
WTA;Rositsa Dencheva;52;All;ALL;53;0,5325;1,131;3,0618;6,6952;2025-10-05;2026-10-04
WTA;Samira De Stefano;52;All;ALL;56;0,5574;2,5498;2,9136;6,5893;2025-10-05;2026-10-04
WTA;Sara Bejlek;52;All;ALL;48;1,3535;1,4462;3,6512;6,5236;2025-10-05;2026-10-04
WTA;Sara Saito;52;All;ALL;50;1,1328;2,3697;9,8272;6,6372;2025-10-05;2026-10-04
WTA;Sara Sorribes Tormo;52;All;ALL;38;0,604;1,0833;3,557;6,8506;2025-10-05;2026-10-04
WTA;Selena Janicijevic;52;All;ALL;50;2,2469;1,0247;4,6735;6,6362;2025-10-05;2026-10-04
WTA;Shuai Zhang;52;All;ALL;53;2,6934;6,3746;3,3524;6,5356;2025-10-05;2026-10-04
WTA;Simona Waltert;52;All;ALL;51;1,9787;2,1785;6,1442;6,7982;2025-10-05;2026-10-04
WTA;Sinja Kraus;52;All;ALL;63;1,5262;3,6011;4,8064;6,7747;2025-10-05;2026-10-04
WTA;Sloane Stephens;52;All;ALL;27;1,5049;4,1667;2,958;6,9317;2025-10-05;2026-10-04
WTA;Sofia Costoulas;52;All;ALL;55;4,6719;3,0371;3,5958;6,5128;2025-10-05;2026-10-04
WTA;Sofia Kenin;52;All;ALL;32;2,4056;10,9776;6,4289;6,6055;2025-10-05;2026-10-04
WTA;Sofya Lansere;52;All;ALL;52;1,8901;1,3645;8,0256;6,6907;2025-10-05;2026-10-04
WTA;Solana Sierra;52;All;ALL;44;2,8627;3,0545;8,0026;6,8311;2025-10-05;2026-10-04
WTA;Sonay Kartal;52;All;ALL;16;3,6654;3,4422;1,3158;6,186;2025-10-05;2026-10-04
WTA;Sorana Cirstea;52;All;ALL;55;7,0148;2,6837;3,27;6,4162;2025-10-05;2026-10-04
WTA;Storm Hunter;52;All;ALL;21;2,5216;4,1096;6,0385;6,3856;2025-10-05;2026-10-04
WTA;Susan Bandecchi;52;All;ALL;58;3,2802;3,4656;3,0723;6,5492;2025-10-05;2026-10-04
WTA;Suzan Lamens;52;All;ALL;28;1,7353;2,6013;8,9241;6,6349;2025-10-05;2026-10-04
WTA;Talia Gibson;52;All;ALL;59;7,0473;7,7415;5,7812;6,5202;2025-10-05;2026-10-04
WTA;Tamara Korpatsch;52;All;ALL;54;2,3987;1,9094;4,3977;6,724;2025-10-05;2026-10-04
WTA;Tamara Zidansek;52;All;ALL;31;1,0891;1,6625;5,0827;6,9246;2025-10-05;2026-10-04
WTA;Tatiana Prozorova;52;All;ALL;42;4,2279;3,0217;3,6904;6,3576;2025-10-05;2026-10-04
WTA;Tatjana Maria;52;All;ALL;53;6,4831;3,4014;3,6431;6,5774;2025-10-05;2026-10-04
WTA;Taylah Preston;52;All;ALL;76;2,4083;4,6889;5,4187;6,6276;2025-10-05;2026-10-04
WTA;Taylor Townsend;52;All;ALL;25;6,5288;4,4087;2,938;6,4718;2025-10-05;2026-10-04
WTA;Teodora Kostovic;52;All;ALL;55;3,7277;2,5301;4,8667;6,5697;2025-10-05;2026-10-04
WTA;Tereza Valentova;52;All;ALL;44;2,8442;2,873;5,9793;6,6825;2025-10-05;2026-10-04
WTA;Tyra Caterina Grant;52;All;ALL;39;3,6859;2,6194;6,4103;6,4663;2025-10-05;2026-10-04
WTA;Valentina Ryser;52;All;ALL;51;6,5043;2,9143;7,6218;6,6224;2025-10-05;2026-10-04
WTA;Varvara Gracheva;52;All;ALL;15;2,8285;6,2624;6,9343;6,7239;2025-10-05;2026-10-04
WTA;Varvara Lepchenko;52;All;ALL;36;2,8991;2,1839;3,9157;6,8808;2025-10-05;2026-10-04
WTA;Vendula Valdmannova;52;All;ALL;54;3,3733;4,6125;6,4678;6,5337;2025-10-05;2026-10-04
WTA;Vera Zvonareva;52;All;ALL;15;3,321;3,8817;5,3506;6,775;2025-10-05;2026-10-04
WTA;Veronika Erjavec;52;All;ALL;45;1,4016;1,9301;2,1186;6,6696;2025-10-05;2026-10-04
WTA;Veronika Podrez;52;All;ALL;52;3,6232;4,4277;6,4638;6,7251;2025-10-05;2026-10-04
WTA;Victoria Jimenez Kasintseva;52;All;ALL;26;0,9484;2,6659;6,5859;6,852;2025-10-05;2026-10-04
WTA;Victoria Mboko;52;All;ALL;39;6,7864;3,5739;6,2478;6,5529;2025-10-05;2026-10-04
WTA;Viktoria Hruncakova;52;All;ALL;50;10,1282;6,5376;5,7692;6,5546;2025-10-05;2026-10-04
WTA;Viktoria Morvayova;52;All;ALL;57;3,9834;3,3894;4,26;6,5967;2025-10-05;2026-10-04
WTA;Viktorija Golubic;52;All;ALL;47;1,2606;3,1133;3,5626;6,8333;2025-10-05;2026-10-04
WTA;Vivian Wolff;52;All;ALL;50;1,3368;1,8524;5,4345;6,7076;2025-10-05;2026-10-04
WTA;Weronika Falkowska;52;All;ALL;52;4,3902;1,4535;5,3659;6,6004;2025-10-05;2026-10-04
WTA;Whitney Osuigwe;52;All;ALL;28;1,1905;1,8209;6,2004;6,8805;2025-10-05;2026-10-04
WTA;Xiaodi You;52;All;ALL;40;2,6225;1,4758;6,3492;6,7395;2025-10-05;2026-10-04
WTA;Xin Yu Wang;52;All;ALL;47;5,0062;3,5758;4,759;6,5772;2025-10-05;2026-10-04
WTA;Xinxin Yao;52;All;ALL;50;1,0201;2,1241;2,3711;6,9218;2025-10-05;2026-10-04
WTA;Xinyu Gao;52;All;ALL;46;2,4129;2,2903;2,6475;6,5011;2025-10-05;2026-10-04
WTA;Xiyu Wang;52;All;ALL;41;0,9224;1,1587;3,0361;6,7409;2025-10-05;2026-10-04
WTA;Yasmine Kabbaj;52;All;ALL;52;0,6222;1,877;6,1187;6,7548;2025-10-05;2026-10-04
WTA;Ye Xin Ma;52;All;ALL;50;3,6672;2,5745;5,547;6,5955;2025-10-05;2026-10-04
WTA;Yeon Woo Ku;52;All;ALL;45;1,7241;2,6466;4,9489;6,566;2025-10-05;2026-10-04
WTA;Yue Yuan;52;All;ALL;35;3,0946;3,4006;2,4109;6,8787;2025-10-05;2026-10-04
WTA;Yufei Ren;52;All;ALL;50;1,1544;2,3062;4,4444;6,7021;2025-10-05;2026-10-04
WTA;Yuki Naito;52;All;ALL;40;3,4975;1,8432;6,3497;6,7546;2025-10-05;2026-10-04
WTA;Yulia Putintseva;52;All;ALL;41;2,272;3,4027;2,3398;6,7023;2025-10-05;2026-10-04
WTA;Yuliia Starodubtseva;52;All;ALL;44;2,0654;2,8267;3,1443;6,6749;2025-10-05;2026-10-04
WTA;Zeynep Sonmez;52;All;ALL;46;1,4376;4,4425;3,9832;6,5988;2025-10-05;2026-10-04
WTA;Zhuoxuan Bai;52;All;ALL;25;2,4089;2,7714;3,6428;6,5211;2025-10-05;2026-10-04
WTA;Ajla Tomljanovic;52;Hard;WTA;14;2,9622;5,8306;7,8652;6,7055;2025-10-05;2026-10-04
WTA;Alevtina Ibragimova;52;Hard;WTA;2;2,3474;2,4752;1,4085;7,1;2025-10-05;2026-10-04
WTA;Alexandra Eala;52;Hard;WTA;29;1,3839;5,0424;4,3055;6,2935;2025-10-05;2026-10-04
WTA;Alexandra Shubladze;52;Hard;WTA;4;1,0204;0,7194;6,4626;6,6818;2025-10-05;2026-10-04
WTA;Aliaksandra Sasnovich;52;Hard;WTA;13;2,5974;4,638;4,0142;6,5659;2025-10-05;2026-10-04
WTA;Alina Charaeva;52;Hard;WTA;4;4,7478;3,5519;4,7478;6,4808;2025-10-05;2026-10-04
WTA;Alina Korneeva;52;Hard;WTA;5;3,0418;3,4615;3,8023;6,575;2025-10-05;2026-10-04
WTA;Aliona Falei;52;Hard;WTA;4;3,3003;4,0678;4,9505;7,0465;2025-10-05;2026-10-04
WTA;Alycia Parks;52;Hard;WTA;20;9,316;2,4805;9,6417;6,8834;2025-10-05;2026-10-04
WTA;Amanda Anisimova;52;Hard;WTA;30;4,4622;4,7398;5,5895;6,4909;2025-10-05;2026-10-04
WTA;Anastasia Gasanova;52;Hard;WTA;1;4,7619;10,0;14,2857;7,0;2025-10-05;2026-10-04
WTA;Anastasia Potapova;52;Hard;WTA;19;3,6403;2,5095;7,2091;6,9701;2025-10-05;2026-10-04
WTA;Anastasia Tikhonova;52;Hard;WTA;1;4,8544;2,9703;10,6796;6,4375;2025-10-05;2026-10-04
WTA;Anastasia Zakharova;52;Hard;WTA;13;1,9567;6,0335;4,2225;6,9856;2025-10-05;2026-10-04
WTA;Andrea Lazaro Garcia;52;Hard;WTA;1;3,2787;2,2222;6,5574;6,7778;2025-10-05;2026-10-04
WTA;Anhelina Kalinina;52;Hard;WTA;6;2,3758;10,643;6,6955;6,5211;2025-10-05;2026-10-04
WTA;Ann Li;52;Hard;WTA;25;6,1754;4,0762;3,7883;6,8577;2025-10-05;2026-10-04
WTA;Anna Blinkova;52;Hard;WTA;13;1,5538;4,8951;5,7714;6,9308;2025-10-05;2026-10-04
WTA;Anna Bondar;52;Hard;WTA;13;4,7992;3,009;4,6033;6,7616;2025-10-05;2026-10-04
WTA;Anna Kalinskaya;52;Hard;WTA;32;3,1236;5,3618;6,0241;6,4397;2025-10-05;2026-10-04
WTA;Anna Lena Friedsam;52;Hard;WTA;1;3,0;4,4944;3,0;6,6667;2025-10-05;2026-10-04
WTA;Anna Siskova;52;Hard;WTA;1;2,7778;3,75;1,3889;7,2;2025-10-05;2026-10-04
WTA;Anouk Koevermans;52;Hard;WTA;1;2,0;0,0;6,0;5,5556;2025-10-05;2026-10-04
WTA;Antonia Ruzic;52;Hard;WTA;21;2,0104;6,769;4,6044;6,7043;2025-10-05;2026-10-04
WTA;Arantxa Rus;52;Hard;WTA;1;1,5625;4,2857;6,25;6,4;2025-10-05;2026-10-04
WTA;Aryna Sabalenka;52;Hard;WTA;47;8,5405;6,5098;3,3142;6,391;2025-10-05;2026-10-04
WTA;Ashlyn Krueger;52;Hard;WTA;15;6,953;2,4819;7,0552;6,3097;2025-10-05;2026-10-04
WTA;Ayla Aksu;52;Hard;WTA;1;1,6949;6,8966;15,2542;6,5556;2025-10-05;2026-10-04
WTA;Barbora Krejcikova;52;Hard;WTA;6;6,7265;3,272;7,1749;6,5588;2025-10-05;2026-10-04
WTA;Belinda Bencic;52;Hard;WTA;26;3,3755;5,3312;4,5359;6,7714;2025-10-05;2026-10-04
WTA;Berfu Cengiz;52;Hard;WTA;1;0,0;0,0;14,2857;11,6667;2025-10-05;2026-10-04
WTA;Bianca Andreescu;52;Hard;WTA;4;6,1433;4,3307;4,4369;6,814;2025-10-05;2026-10-04
WTA;Cadence Brace;52;Hard;WTA;2;0,0;6,383;5,6604;6,625;2025-10-05;2026-10-04
WTA;Camila Osorio;52;Hard;WTA;19;2,1709;4,9556;7,9832;6,8654;2025-10-05;2026-10-04
WTA;Carol Young Suh Lee;52;Hard;WTA;1;7,2072;0,0;2,7027;8,5385;2025-10-05;2026-10-04
WTA;Carole Monnet;52;Hard;WTA;2;0,995;0,5291;7,9602;8,04;2025-10-05;2026-10-04
WTA;Caroline Dolehide;52;Hard;WTA;3;0,9091;4,0609;7,7273;6,4706;2025-10-05;2026-10-04
WTA;Caty Mcnally;52;Hard;WTA;14;1,4395;2,9155;5,9501;6,8553;2025-10-05;2026-10-04
WTA;Clara Tauson;52;Hard;WTA;29;9,9493;4,8858;5,205;6,5589;2025-10-05;2026-10-04
WTA;Coco Gauff;52;Hard;WTA;43;4,3121;2,4342;9,206;6,4646;2025-10-05;2026-10-04
WTA;Cristina Bucsa;52;Hard;WTA;29;1,5672;3,7894;4,6512;6,4852;2025-10-05;2026-10-04
WTA;Dalma Galfi;52;Hard;WTA;6;7,771;4,1929;4,09;6,8873;2025-10-05;2026-10-04
WTA;Daria Kasatkina;52;Hard;WTA;16;2,1005;4,3084;9,1523;6,9427;2025-10-05;2026-10-04
WTA;Daria Khomutsianskaya;52;Hard;WTA;1;4,1667;2,7778;1,0417;6,4;2025-10-05;2026-10-04
WTA;Daria Snigur;52;Hard;WTA;5;1,2136;5,8968;4,6117;6,6452;2025-10-05;2026-10-04
WTA;Darja Semenistaja;52;Hard;WTA;3;2,0548;13,7725;4,1096;6,3478;2025-10-05;2026-10-04
WTA;Darja Vidmanova;52;Hard;WTA;9;4,3143;5,4913;3,698;6,181;2025-10-05;2026-10-04
WTA;Dayana Yastremska;52;Hard;WTA;24;3,6892;4,3004;7,8815;6,7256;2025-10-05;2026-10-04
WTA;Diana Shnaider;52;Hard;WTA;36;2,4158;4,6458;4,6337;6,491;2025-10-05;2026-10-04
WTA;Diane Parry;52;Hard;WTA;16;5,6;4,8882;5,28;6,6845;2025-10-05;2026-10-04
WTA;Donna Vekic;52;Hard;WTA;12;4,8853;4,5593;7,0788;6,8231;2025-10-05;2026-10-04
WTA;Ekaterina Alexandrova;52;Hard;WTA;34;6,2718;4,8103;5,9621;6,7441;2025-10-05;2026-10-04
WTA;Elena Gabriela Ruse;52;Hard;WTA;16;4,5549;2,4366;6,3147;6,6164;2025-10-05;2026-10-04
WTA;Elena Micic;52;Hard;WTA;1;3,7037;9,2593;11,1111;6,0;2025-10-05;2026-10-04
WTA;Elena Pridankina;52;Hard;WTA;3;2,5751;1,3453;6,867;6,4722;2025-10-05;2026-10-04
WTA;Elena Ruxandra Bertea;52;Hard;WTA;1;0,0;0,0;4,7059;6,5385;2025-10-05;2026-10-04
WTA;Elena Rybakina;52;Hard;WTA;58;10,6965;4,8449;3,9303;6,2911;2025-10-05;2026-10-04
WTA;Elina Svitolina;52;Hard;WTA;32;4,877;2,4324;5,2285;6,7139;2025-10-05;2026-10-04
WTA;Elisabetta Cocciaretto;52;Hard;WTA;13;1,4644;6,0606;4,9163;6,4595;2025-10-05;2026-10-04
WTA;Elise Mertens;52;Hard;WTA;26;6,8821;3,5595;6,5829;6,4517;2025-10-05;2026-10-04
WTA;Elizabeth Mandlik;52;Hard;WTA;1;0,0;10,8696;3,7037;6,75;2025-10-05;2026-10-04
WTA;Ella Seidel;52;Hard;WTA;6;3,3592;4,1298;7,2351;6,7895;2025-10-05;2026-10-04
WTA;Elsa Jacquemot;52;Hard;WTA;10;4,1975;2,8947;8,5185;7,0435;2025-10-05;2026-10-04
WTA;Elvina Kalieva;52;Hard;WTA;6;4,6332;7,984;4,6332;7,9692;2025-10-05;2026-10-04
WTA;Emerson Jones;52;Hard;WTA;11;2,3226;4,5706;4,129;6,982;2025-10-05;2026-10-04
WTA;Emiliana Arango;52;Hard;WTA;13;1,7523;1,812;4,3224;7,0164;2025-10-05;2026-10-04
WTA;Emma Navarro;52;Hard;WTA;22;6,0517;4,6885;6,0517;6,808;2025-10-05;2026-10-04
WTA;Emma Raducanu;52;Hard;WTA;8;2,994;6,7864;5,7884;6,5921;2025-10-05;2026-10-04
WTA;Erika Andreeva;52;Hard;WTA;4;2,7451;1,1194;2,7451;6,375;2025-10-05;2026-10-04
WTA;Eva Lys;52;Hard;WTA;9;2,2298;5,4217;7,8902;7,0241;2025-10-05;2026-10-04
WTA;Fangran Tian;52;Hard;WTA;1;0,0;0,0;4,2553;6,7143;2025-10-05;2026-10-04
WTA;Fiona Crawley;52;Hard;WTA;2;1,3514;1,3514;4,7297;6,4348;2025-10-05;2026-10-04
WTA;Fiona Ferro;52;Hard;WTA;3;1,2121;6,0;3,6364;6,3462;2025-10-05;2026-10-04
WTA;Francesca Jones;52;Hard;WTA;6;2,3324;8,7227;4,3732;6,4717;2025-10-05;2026-10-04
WTA;Gabriela Andrea Knutson;52;Hard;WTA;1;7,6923;1,5385;5,7692;5,7778;2025-10-05;2026-10-04
WTA;Guiomar Maristany Zuleta De Reales;52;Hard;WTA;1;1,8519;6,25;7,4074;6,75;2025-10-05;2026-10-04
WTA;Hailey Baptiste;52;Hard;WTA;18;5,4596;3,3571;4,2847;6,7302;2025-10-05;2026-10-04
WTA;Han Shi;52;Hard;WTA;1;4,4248;2,1505;6,1947;7,5333;2025-10-05;2026-10-04
WTA;Hanne Vandewinkel;52;Hard;WTA;2;4,6729;5,9211;9,3458;8,9167;2025-10-05;2026-10-04
WTA;Hanyu Guo;52;Hard;WTA;1;2,8571;8,1081;7,1429;7,7778;2025-10-05;2026-10-04
WTA;Harriet Dart;52;Hard;WTA;5;3,5885;5,2133;5,7416;7,0847;2025-10-05;2026-10-04
WTA;Haruka Kaji;52;Hard;WTA;1;0,0;3,3898;1,7241;6,4444;2025-10-05;2026-10-04
WTA;Hayu Kinoshita;52;Hard;WTA;1;0,0;0,0;1,4493;6,9;2025-10-05;2026-10-04
WTA;Himeno Sakatsume;52;Hard;WTA;5;1,9499;1,983;2,507;6,6481;2025-10-05;2026-10-04
WTA;Iga Swiatek;52;Hard;WTA;35;3,4071;2,8946;4,115;6,4756;2025-10-05;2026-10-04
WTA;Iryna Shymanovich;52;Hard;WTA;1;0,0;2,0;13,5135;5,2857;2025-10-05;2026-10-04
WTA;Iva Jovic;52;Hard;WTA;26;4,0865;4,0603;3,0649;6,3511;2025-10-05;2026-10-04
WTA;Janice Tjen;52;Hard;WTA;24;7,1672;4,5191;5,7452;6,6591;2025-10-05;2026-10-04
WTA;Jaqueline Cristian;52;Hard;WTA;19;4,2081;4,8411;5,2028;6,8073;2025-10-05;2026-10-04
WTA;Jasmine Paolini;52;Hard;WTA;27;2,2483;4,9784;2,2994;6,7021;2025-10-05;2026-10-04
WTA;Jelena Ostapenko;52;Hard;WTA;22;4,325;7,0927;7,6016;6,5494;2025-10-05;2026-10-04
WTA;Jessica Bouzas Maneiro;52;Hard;WTA;20;2,3938;3,6015;7,722;6,6071;2025-10-05;2026-10-04
WTA;Jessica Pegula;52;Hard;WTA;51;6,1075;5,4217;2,7301;6,3333;2025-10-05;2026-10-04
WTA;Joanna Garland;52;Hard;WTA;2;4,698;4,5455;4,698;5,96;2025-10-05;2026-10-04
WTA;Julia Grabher;52;Hard;WTA;3;3,6866;3,0;9,6774;7,0;2025-10-05;2026-10-04
WTA;Julia Riera;52;Hard;WTA;2;4,2254;1,5625;5,6338;7,4737;2025-10-05;2026-10-04
WTA;Julieta Pareja;52;Hard;WTA;1;2,6667;9,7561;8,0;7,5;2025-10-05;2026-10-04
WTA;Kaitlin Quevedo;52;Hard;WTA;1;1,3158;9,8361;2,6316;7,6;2025-10-05;2026-10-04
WTA;Kaja Juvan;52;Hard;WTA;1;3,5714;8,9286;3,5714;6,2222;2025-10-05;2026-10-04
WTA;Kamilla Rakhimova;52;Hard;WTA;16;2,3445;5,8491;6,7628;7,019;2025-10-05;2026-10-04
WTA;Karolina Muchova;52;Hard;WTA;33;4,2615;3,5477;2,4697;6,2766;2025-10-05;2026-10-04
WTA;Karolina Pliskova;52;Hard;WTA;11;5,3498;4,9927;8,3676;7,0777;2025-10-05;2026-10-04
WTA;Katarina Zavatska;52;Hard;WTA;1;0,0;4,6512;1,6949;8,4286;2025-10-05;2026-10-04
WTA;Katarzyna Kawa;52;Hard;WTA;1;5,2632;0,0;5,2632;6,3333;2025-10-05;2026-10-04
WTA;Katerina Siniakova;52;Hard;WTA;23;2,5735;3,1477;6,6789;6,716;2025-10-05;2026-10-04
WTA;Katherine Sebov;52;Hard;WTA;2;0,0;5,5556;5,4688;6,7368;2025-10-05;2026-10-04
WTA;Katie Boulter;52;Hard;WTA;16;2,1012;5,8608;9,6466;6,5849;2025-10-05;2026-10-04
WTA;Katie Volynets;52;Hard;WTA;8;2,3295;5,3506;1,4975;7,4198;2025-10-05;2026-10-04
WTA;Kayla Cross;52;Hard;WTA;2;9,0323;2,0134;6,4516;6,7391;2025-10-05;2026-10-04
WTA;Kayla Day;52;Hard;WTA;7;6,6434;3,3457;6,1189;7,0617;2025-10-05;2026-10-04
WTA;Kimberly Birrell;52;Hard;WTA;18;2,4096;6,0938;7,6807;6,64;2025-10-05;2026-10-04
WTA;Kristina Liutova;52;Hard;WTA;1;1,1111;12,8205;5,5556;6,9231;2025-10-05;2026-10-04
WTA;Lanlana Tararudee;52;Hard;WTA;6;5,8962;3,7694;6,3679;6,8387;2025-10-05;2026-10-04
WTA;Laura Siegemund;52;Hard;WTA;12;1,7127;2,3148;3,7108;6,9603;2025-10-05;2026-10-04
WTA;Leolia Jeanjean;52;Hard;WTA;8;2,6403;1,7161;6,6007;6,1212;2025-10-05;2026-10-04
WTA;Leylah Fernandez;52;Hard;WTA;28;3,5622;3,8243;5,524;6,4567;2025-10-05;2026-10-04
WTA;Lilli Tagger;52;Hard;WTA;9;6,0938;3,87;5,0;6,5306;2025-10-05;2026-10-04
WTA;Lin Zhu;52;Hard;WTA;6;2,7027;4,1584;3,3784;6,1667;2025-10-05;2026-10-04
WTA;Linda Fruhvirtova;52;Hard;WTA;6;3,2787;1,6514;7,9918;6,7778;2025-10-05;2026-10-04
WTA;Linda Klimovicova;52;Hard;WTA;2;8,8889;3,7736;6,6667;5,625;2025-10-05;2026-10-04
WTA;Linda Noskova;52;Hard;WTA;31;9,2662;8,3222;7,3375;6,7183;2025-10-05;2026-10-04
WTA;Liudmila Samsonova;52;Hard;WTA;32;4,1181;5,5014;6,7599;6,7737;2025-10-05;2026-10-04
WTA;Lois Boisson;52;Hard;WTA;10;6,74;3,3149;5,3645;6,6091;2025-10-05;2026-10-04
WTA;Lola Radivojevic;52;Hard;WTA;1;3,5088;3,7037;7,0175;7,125;2025-10-05;2026-10-04
WTA;Lucia Bronzetti;52;Hard;WTA;2;3,4483;5,4878;4,3103;6,1053;2025-10-05;2026-10-04
WTA;Lucie Havlickova;52;Hard;WTA;1;6,25;6,0606;9,375;7,1111;2025-10-05;2026-10-04
WTA;Lucrezia Stefanini;52;Hard;WTA;8;0,1718;1,4311;3,0928;6,6897;2025-10-05;2026-10-04
WTA;Lulu Sun;52;Hard;WTA;3;6,1947;10,7981;5,7522;6,8485;2025-10-05;2026-10-04
WTA;Maddison Inglis;52;Hard;WTA;5;1,7413;3,6765;1,4925;6,5902;2025-10-05;2026-10-04
WTA;Madison Keys;52;Hard;WTA;25;5,948;2,7041;6,7446;6,6303;2025-10-05;2026-10-04
WTA;Magda Linette;52;Hard;WTA;22;5,1014;2,9468;3,9241;6,3708;2025-10-05;2026-10-04
WTA;Magdalena Frech;52;Hard;WTA;30;3,5103;3,7895;2,7644;6,803;2025-10-05;2026-10-04
WTA;Mai Hontama;52;Hard;WTA;1;3,125;5,9701;1,5625;6,4;2025-10-05;2026-10-04
WTA;Maja Chwalinska;52;Hard;WTA;10;0,9901;5,2252;3,3003;6,587;2025-10-05;2026-10-04
WTA;Mananchaya Sawangkaew;52;Hard;WTA;4;2,2026;5,036;8,37;6,1351;2025-10-05;2026-10-04
WTA;Maria Sakkari;52;Hard;WTA;22;4,5485;3,3516;3,2301;6,5957;2025-10-05;2026-10-04
WTA;Maria Timofeeva;52;Hard;WTA;7;3,7915;0,8715;4,5024;6,3939;2025-10-05;2026-10-04
WTA;Marie Bouzkova;52;Hard;WTA;23;2,842;3,0206;5,1553;6,7244;2025-10-05;2026-10-04
WTA;Marina Bassols Ribera;52;Hard;WTA;1;1,4085;7,1429;8,4507;6,4545;2025-10-05;2026-10-04
WTA;Marina Stakusic;52;Hard;WTA;4;1,5773;2,7027;5,0473;6,8913;2025-10-05;2026-10-04
WTA;Marta Kostyuk;52;Hard;WTA;23;6,1774;0,9774;6,422;6,4625;2025-10-05;2026-10-04
WTA;Martyna Kubka;52;Hard;WTA;2;0,6849;5,0725;2,0548;6,3478;2025-10-05;2026-10-04
WTA;Mary Stoiana;52;Hard;WTA;2;0,9009;2,5641;5,4054;6,5294;2025-10-05;2026-10-04
WTA;Maya Joint;52;Hard;WTA;20;1,938;4,2005;4,3282;6,9417;2025-10-05;2026-10-04
WTA;Mayar Sherif;52;Hard;WTA;2;1,4286;1,9048;5,0;8,2353;2025-10-05;2026-10-04
WTA;Mccartney Kessler;52;Hard;WTA;20;3,5865;3,8519;4,0084;6,8696;2025-10-05;2026-10-04
WTA;Mei Yamaguchi;52;Hard;WTA;2;1,0638;7,2727;3,1915;5,5294;2025-10-05;2026-10-04
WTA;Mirra Andreeva;52;Hard;WTA;35;4,3142;2,5247;6,4306;6,6048;2025-10-05;2026-10-04
WTA;Moyuka Uchijima;52;Hard;WTA;9;3,5514;3,9698;4,8598;6,6875;2025-10-05;2026-10-04
WTA;Nadia Podoroska;52;Hard;WTA;2;3,8961;5,5215;5,1948;6,4167;2025-10-05;2026-10-04
WTA;Nao Hibino;52;Hard;WTA;3;1,8018;6,8627;4,5045;6,9375;2025-10-05;2026-10-04
WTA;Naomi Osaka;52;Hard;WTA;20;9,3792;4,5299;3,9811;6,3605;2025-10-05;2026-10-04
WTA;Nikola Bartunkova;52;Hard;WTA;17;5,3829;3,5232;5,6103;6,6616;2025-10-05;2026-10-04
WTA;Noma Noha Akugue;52;Hard;WTA;1;1,9231;0,0;5,7692;6,5;2025-10-05;2026-10-04
WTA;Oksana Selekhmeteva;52;Hard;WTA;9;2,2693;2,3634;6,6566;6,7449;2025-10-05;2026-10-04
WTA;Oleksandra Oliynykova;52;Hard;WTA;11;1,4993;2,9231;5,3973;7,0211;2025-10-05;2026-10-04
WTA;Olivia Gadecki;52;Hard;WTA;2;2,6667;4,2857;3,3333;6,8182;2025-10-05;2026-10-04
WTA;Panna Udvardy;52;Hard;WTA;10;5,8394;5,0505;3,9416;6,4623;2025-10-05;2026-10-04
WTA;Paula Badosa;52;Hard;WTA;15;6,3867;2,8598;9,6238;7,0556;2025-10-05;2026-10-04
WTA;Petra Marcinko;52;Hard;WTA;8;4,16;4,9924;7,04;6,4433;2025-10-05;2026-10-04
WTA;Peyton Stearns;52;Hard;WTA;19;6,3751;5,9779;5,189;6,745;2025-10-05;2026-10-04
WTA;Polina Iatcenko;52;Hard;WTA;3;0,4831;3,653;7,2464;6,4688;2025-10-05;2026-10-04
WTA;Polina Kudermetova;52;Hard;WTA;8;4,0881;7,4841;8,1761;6,6947;2025-10-05;2026-10-04
WTA;Priscilla Hon;52;Hard;WTA;4;4,1045;1,6327;5,2239;6,7;2025-10-05;2026-10-04
WTA;Qinwen Zheng;52;Hard;WTA;15;10,0241;4,222;5,6135;6,5632;2025-10-05;2026-10-04
WTA;Rebecca Sramkova;52;Hard;WTA;10;5,8997;4,1841;5,3097;6,3962;2025-10-05;2026-10-04
WTA;Rebeka Masarova;52;Hard;WTA;1;5,2632;0,0;3,5088;5,7;2025-10-05;2026-10-04
WTA;Reese Brantmeier;52;Hard;WTA;1;1,6393;0,0;3,2787;6,1;2025-10-05;2026-10-04
WTA;Renata Zarazua;52;Hard;WTA;10;0,2833;5,146;2,2663;6,537;2025-10-05;2026-10-04
WTA;Rina Saigo;52;Hard;WTA;1;0,0;0,0;0,0;6,9;2025-10-05;2026-10-04
WTA;Robin Montgomery;52;Hard;WTA;2;6,8627;2,924;4,902;7,8462;2025-10-05;2026-10-04
WTA;Sara Bejlek;52;Hard;WTA;20;1,8692;1,6801;4,2056;6,2634;2025-10-05;2026-10-04
WTA;Sara Saito;52;Hard;WTA;1;1,7857;4,0816;8,9286;6,2222;2025-10-05;2026-10-04
WTA;Sara Sorribes Tormo;52;Hard;WTA;3;0,8475;0,8065;2,9661;6,5556;2025-10-05;2026-10-04
WTA;Shuai Zhang;52;Hard;WTA;19;1,8654;7,9625;3,4874;6,4219;2025-10-05;2026-10-04
WTA;Simona Waltert;52;Hard;WTA;9;3,9074;3,5868;7,67;6,8416;2025-10-05;2026-10-04
WTA;Sinja Kraus;52;Hard;WTA;5;0,6826;2,8213;4,7782;6,1042;2025-10-05;2026-10-04
WTA;Sloane Stephens;52;Hard;WTA;14;1,4909;5,6433;3,0884;6,9556;2025-10-05;2026-10-04
WTA;Sofia Costoulas;52;Hard;WTA;3;4,0323;4,1152;4,0323;7,0857;2025-10-05;2026-10-04
WTA;Sofia Kenin;52;Hard;WTA;22;2,439;11,5861;6,8293;6,6397;2025-10-05;2026-10-04
WTA;Sofya Lansere;52;Hard;WTA;3;4,7904;1,105;8,982;6,4231;2025-10-05;2026-10-04
WTA;Solana Sierra;52;Hard;WTA;7;3,5813;4,375;7,989;6,1525;2025-10-05;2026-10-04
WTA;Sonay Kartal;52;Hard;WTA;11;2,3944;4,2292;1,6901;6,3393;2025-10-05;2026-10-04
WTA;Sorana Cirstea;52;Hard;WTA;25;7,5915;3,1585;3,7684;6,6341;2025-10-05;2026-10-04
WTA;Storm Hunter;52;Hard;WTA;8;2,2727;4,8077;5,4924;6,7692;2025-10-05;2026-10-04
WTA;Suzan Lamens;52;Hard;WTA;3;2,1834;3,4783;9,1703;6,5429;2025-10-05;2026-10-04
WTA;Talia Gibson;52;Hard;WTA;22;7,4684;8,8689;5,7595;6,449;2025-10-05;2026-10-04
WTA;Tamara Korpatsch;52;Hard;WTA;5;2,8736;3,2836;6,8966;6,566;2025-10-05;2026-10-04
WTA;Tamara Zidansek;52;Hard;WTA;1;1,2821;3,1746;3,8462;7,8;2025-10-05;2026-10-04
WTA;Tatiana Prozorova;52;Hard;WTA;3;3,3537;2,1148;3,0488;6,8333;2025-10-05;2026-10-04
WTA;Tatjana Maria;52;Hard;WTA;13;5,2841;4,0206;4,5862;6,5556;2025-10-05;2026-10-04
WTA;Taylah Preston;52;Hard;WTA;6;3,6458;8,311;6,5104;6,1935;2025-10-05;2026-10-04
WTA;Taylor Townsend;52;Hard;WTA;15;7,3171;4,4464;2,8004;6,4737;2025-10-05;2026-10-04
WTA;Teodora Kostovic;52;Hard;WTA;4;2,5237;2,1739;6,6246;6,6042;2025-10-05;2026-10-04
WTA;Tereza Valentova;52;Hard;WTA;14;3,9054;3,8033;6,1665;6,7103;2025-10-05;2026-10-04
WTA;Tyra Caterina Grant;52;Hard;WTA;1;5,6604;8,6957;5,6604;6,625;2025-10-05;2026-10-04
WTA;Varvara Gracheva;52;Hard;WTA;12;2,5;6,0859;6,25;6,6165;2025-10-05;2026-10-04
WTA;Varvara Lepchenko;52;Hard;WTA;2;1,6393;9,0909;7,377;5,8095;2025-10-05;2026-10-04
WTA;Vendula Valdmannova;52;Hard;WTA;1;0,0;1,3158;7,6923;5,7778;2025-10-05;2026-10-04
WTA;Vera Zvonareva;52;Hard;WTA;2;1,9737;7,9268;4,6053;6,9091;2025-10-05;2026-10-04
WTA;Veronika Erjavec;52;Hard;WTA;2;2,2388;2,3438;2,2388;6,381;2025-10-05;2026-10-04
WTA;Victoria Jimenez Kasintseva;52;Hard;WTA;6;1,1429;2,5341;6,4762;7,0;2025-10-05;2026-10-04
WTA;Victoria Mboko;52;Hard;WTA;28;6,2467;3,816;6,3526;6,3177;2025-10-05;2026-10-04
WTA;Viktoria Hruncakova;52;Hard;WTA;2;3,0303;2,8169;6,0606;6,0;2025-10-05;2026-10-04
WTA;Viktoria Morvayova;52;Hard;WTA;2;3,8674;4,7619;3,8674;7,24;2025-10-05;2026-10-04
WTA;Viktorija Golubic;52;Hard;WTA;11;1,3033;4,3189;4,1469;6,6984;2025-10-05;2026-10-04
WTA;Vivian Wolff;52;Hard;WTA;1;1,3158;3,3898;6,5789;7,6;2025-10-05;2026-10-04
WTA;Xin Yu Wang;52;Hard;WTA;23;4,8707;3,4419;5,2315;6,7056;2025-10-05;2026-10-04
WTA;Xinyu Gao;52;Hard;WTA;2;0,9259;5,4348;2,7778;6,0;2025-10-05;2026-10-04
WTA;Xiyu Wang;52;Hard;WTA;6;1,6827;1,8373;3,125;6,8197;2025-10-05;2026-10-04
WTA;Ye Xin Ma;52;Hard;WTA;1;3,2967;1,9417;1,0989;6,5;2025-10-05;2026-10-04
WTA;Yue Yuan;52;Hard;WTA;7;4,3071;6,3425;3,7453;7,2162;2025-10-05;2026-10-04
WTA;Yulia Putintseva;52;Hard;WTA;19;2,5018;4,342;2,3588;6,4174;2025-10-05;2026-10-04
WTA;Yuliia Starodubtseva;52;Hard;WTA;15;2,3963;4,2453;3,1336;6,8239;2025-10-05;2026-10-04
WTA;Zeynep Sonmez;52;Hard;WTA;23;1,788;4,717;5,3001;6,6638;2025-10-05;2026-10-04
WTA;Zhuoxuan Bai;52;Hard;WTA;3;1,8519;6,278;3,2407;6,9677;2025-10-05;2026-10-04
WTA;Ajla Tomljanovic;52;Hard;ALL;21;2,8796;5,9289;7,199;6,6725;2025-10-05;2026-10-04
WTA;Akasha Urhobo;52;Hard;ALL;9;5,618;1,4765;3,9326;6,3571;2025-10-05;2026-10-04
WTA;Alevtina Ibragimova;52;Hard;ALL;24;2,2235;1,8439;2,9842;6,8911;2025-10-05;2026-10-04
WTA;Alexandra Eala;52;Hard;ALL;40;1,5013;5,3989;4,394;6,3958;2025-10-05;2026-10-04
WTA;Alexandra Shubladze;52;Hard;ALL;47;1,0062;1,5828;5,5501;6,5414;2025-10-05;2026-10-04
WTA;Aliaksandra Sasnovich;52;Hard;ALL;17;2,467;4,3636;4,0529;6,716;2025-10-05;2026-10-04
WTA;Alice Rame;52;Hard;ALL;3;2,7174;6,5476;3,8043;7,36;2025-10-05;2026-10-04
WTA;Alice Tubello;52;Hard;ALL;9;1,9802;3,9432;6,1056;6,5161;2025-10-05;2026-10-04
WTA;Alicia Dudeney;52;Hard;ALL;56;2,7453;2,3564;6,442;6,4657;2025-10-05;2026-10-04
WTA;Alicia Herrero Linana;52;Hard;ALL;6;0,237;1,2077;2,3697;6,2985;2025-10-05;2026-10-04
WTA;Alina Charaeva;52;Hard;ALL;22;5,5294;2,5253;6,8235;6,7194;2025-10-05;2026-10-04
WTA;Alina Korneeva;52;Hard;ALL;39;3,6428;1,6835;8,3823;6,4797;2025-10-05;2026-10-04
WTA;Aliona Falei;52;Hard;ALL;54;2,4496;2,2593;5,9064;6,6922;2025-10-05;2026-10-04
WTA;Alycia Parks;52;Hard;ALL;41;9,4581;2,5242;9,5238;6,663;2025-10-05;2026-10-04
WTA;Amanda Anisimova;52;Hard;ALL;30;4,4622;4,7398;5,5895;6,4909;2025-10-05;2026-10-04
WTA;Anastasia Gasanova;52;Hard;ALL;21;1,0074;2,0979;7,9248;6,5595;2025-10-05;2026-10-04
WTA;Anastasia Potapova;52;Hard;ALL;22;3,2777;2,8405;7,073;7,186;2025-10-05;2026-10-04
WTA;Anastasia Tikhonova;52;Hard;ALL;19;4,8798;3,5456;7,7932;6,601;2025-10-05;2026-10-04
WTA;Anastasia Zakharova;52;Hard;ALL;45;1,4891;4,4312;4,0371;6,5129;2025-10-05;2026-10-04
WTA;Anastasia Zolotareva;52;Hard;ALL;3;2,1277;2,6201;4,2553;6,9118;2025-10-05;2026-10-04
WTA;Anastasiya Soboleva;52;Hard;ALL;12;2,5237;1,9908;5,0473;6,404;2025-10-05;2026-10-04
WTA;Andrea Lazaro Garcia;52;Hard;ALL;9;2,3466;4,8986;4,3321;6,3678;2025-10-05;2026-10-04
WTA;Angela Fita Boluda;52;Hard;ALL;8;2,7451;1,2302;2,7451;6,1446;2025-10-05;2026-10-04
WTA;Anhelina Kalinina;52;Hard;ALL;13;2,7426;10,4752;4,8523;6,4932;2025-10-05;2026-10-04
WTA;Ann Li;52;Hard;ALL;37;6,5128;3,6197;3,4983;6,7007;2025-10-05;2026-10-04
WTA;Anna Blinkova;52;Hard;ALL;33;2,0355;3,6627;5,6735;6,7713;2025-10-05;2026-10-04
WTA;Anna Bondar;52;Hard;ALL;30;5,6747;2,744;3,3959;6,7006;2025-10-05;2026-10-04
WTA;Anna Kalinskaya;52;Hard;ALL;35;3,4815;5,6056;5,9144;6,4432;2025-10-05;2026-10-04
WTA;Anna Lena Friedsam;52;Hard;ALL;21;5,7567;4,2645;4,7478;6,7944;2025-10-05;2026-10-04
WTA;Anna Siskova;52;Hard;ALL;27;4,2476;2,2905;4,8544;6,4882;2025-10-05;2026-10-04
WTA;Anouk Koevermans;52;Hard;ALL;23;4,3187;2,052;7,0737;6,5512;2025-10-05;2026-10-04
WTA;Antonia Ruzic;52;Hard;ALL;34;2,8101;5,5507;4,3356;6,7507;2025-10-05;2026-10-04
WTA;Arantxa Rus;52;Hard;ALL;20;2,5659;2,2255;5,2705;6,707;2025-10-05;2026-10-04
WTA;Aryna Sabalenka;52;Hard;ALL;47;8,5405;6,5098;3,3142;6,391;2025-10-05;2026-10-04
WTA;Ashlyn Krueger;52;Hard;ALL;24;7,4939;3,6152;6,3268;6,3346;2025-10-05;2026-10-04
WTA;Aurora Zantedeschi;52;Hard;ALL;7;2,2822;2,8355;6,4315;6,7887;2025-10-05;2026-10-04
WTA;Ayana Akli;52;Hard;ALL;30;1,6577;1,8154;5,0219;6,4497;2025-10-05;2026-10-04
WTA;Ayla Aksu;52;Hard;ALL;35;1,9772;3,3001;6,73;6,7609;2025-10-05;2026-10-04
WTA;Barbora Krejcikova;52;Hard;ALL;17;6,1275;5,0382;7,2712;6,5806;2025-10-05;2026-10-04
WTA;Barbora Palicova;52;Hard;ALL;23;2,8763;4,0188;5,4849;6,6444;2025-10-05;2026-10-04
WTA;Belinda Bencic;52;Hard;ALL;28;3,4483;5,1217;4,3978;6,7148;2025-10-05;2026-10-04
WTA;Berfu Cengiz;52;Hard;ALL;17;1,4612;5,3957;4,8402;6,5179;2025-10-05;2026-10-04
WTA;Bianca Andreescu;52;Hard;ALL;16;4,7659;3,3755;5,1003;6,4649;2025-10-05;2026-10-04
WTA;Cadence Brace;52;Hard;ALL;26;1,919;3,0878;4,371;6,6762;2025-10-05;2026-10-04
WTA;Caijsa Wilda Hennemann;52;Hard;ALL;10;1,8547;3,4537;2,473;6,8105;2025-10-05;2026-10-04
WTA;Camila Osorio;52;Hard;ALL;31;2,5821;3,8462;7,7462;6,8209;2025-10-05;2026-10-04
WTA;Carol Young Suh Lee;52;Hard;ALL;42;4,2032;3,1154;3,6077;6,6088;2025-10-05;2026-10-04
WTA;Carole Monnet;52;Hard;ALL;12;1,5205;1,4349;7,7193;6,6797;2025-10-05;2026-10-04
WTA;Caroline Dolehide;52;Hard;ALL;17;3,2533;2,5876;5,2672;6,9037;2025-10-05;2026-10-04
WTA;Caroline Uebelhoer;52;Hard;ALL;15;3,6298;2,7778;3,4483;6,5988;2025-10-05;2026-10-04
WTA;Carolyn Ansari;52;Hard;ALL;66;0,8609;2,0292;5,1214;6,6325;2025-10-05;2026-10-04
WTA;Caty Mcnally;52;Hard;ALL;28;2,0362;3,6758;5,0226;6,8634;2025-10-05;2026-10-04
WTA;Celine Naef;52;Hard;ALL;28;5,8793;2,8426;4,8994;6,3574;2025-10-05;2026-10-04
WTA;Claire Liu;52;Hard;ALL;21;5,0955;2,8537;4,6902;6,908;2025-10-05;2026-10-04
WTA;Clara Tauson;52;Hard;ALL;33;9,2967;4,6672;5,2142;6,6685;2025-10-05;2026-10-04
WTA;Coco Gauff;52;Hard;ALL;43;4,3121;2,4342;9,206;6,4646;2025-10-05;2026-10-04
WTA;Cristina Bucsa;52;Hard;ALL;38;1,6922;3,8447;4,4077;6,549;2025-10-05;2026-10-04
WTA;Dalma Galfi;52;Hard;ALL;18;6,0377;3,7247;4,3774;6,901;2025-10-05;2026-10-04
WTA;Daria Kasatkina;52;Hard;ALL;16;2,1005;4,3084;9,1523;6,9427;2025-10-05;2026-10-04
WTA;Daria Khomutsianskaya;52;Hard;ALL;56;4,9531;1,8618;6,9604;6,4471;2025-10-05;2026-10-04
WTA;Daria Snigur;52;Hard;ALL;52;1,8856;4,8682;3,2185;6,395;2025-10-05;2026-10-04
WTA;Darja Semenistaja;52;Hard;ALL;19;2,6866;5,3363;2,5373;6,4734;2025-10-05;2026-10-04
WTA;Darja Vidmanova;52;Hard;ALL;38;6,2843;2,7293;3,1421;6,44;2025-10-05;2026-10-04
WTA;Darya Astakhova;52;Hard;ALL;20;1,7883;2,1097;4,0057;6,689;2025-10-05;2026-10-04
WTA;Dayana Yastremska;52;Hard;ALL;24;3,6892;4,3004;7,8815;6,7256;2025-10-05;2026-10-04
WTA;Dayeon Back;52;Hard;ALL;51;1,1646;1,1331;3,4939;6,354;2025-10-05;2026-10-04
WTA;Despina Papamichail;52;Hard;ALL;6;0,2342;2,521;2,8103;7,1167;2025-10-05;2026-10-04
WTA;Diana Shnaider;52;Hard;ALL;36;2,4158;4,6458;4,6337;6,491;2025-10-05;2026-10-04
WTA;Diane Parry;52;Hard;ALL;28;5,9847;4,6358;5,6777;6,495;2025-10-05;2026-10-04
WTA;Dominika Salkova;52;Hard;ALL;20;2,7704;4,6218;5,8047;6,8909;2025-10-05;2026-10-04
WTA;Donna Vekic;52;Hard;ALL;23;5,5919;3,7212;6,6627;6,6443;2025-10-05;2026-10-04
WTA;Ekaterina Alexandrova;52;Hard;ALL;35;6,2729;4,6345;6,1996;6,8321;2025-10-05;2026-10-04
WTA;Ekaterine Gorgodze;52;Hard;ALL;12;1,1765;4,6537;2,0321;7,0301;2025-10-05;2026-10-04
WTA;Elena Gabriela Ruse;52;Hard;ALL;26;4,7208;2,7684;5,9873;6,6552;2025-10-05;2026-10-04
WTA;Elena Malygina;52;Hard;ALL;31;2,0046;3,7686;2,9613;6,6921;2025-10-05;2026-10-04
WTA;Elena Micic;52;Hard;ALL;56;3,4217;4,1068;7,1006;6,5109;2025-10-05;2026-10-04
WTA;Elena Pridankina;52;Hard;ALL;20;3,2988;1,6265;6,9211;6,7807;2025-10-05;2026-10-04
WTA;Elena Ruxandra Bertea;52;Hard;ALL;14;5,0167;4,6729;3,456;6,5474;2025-10-05;2026-10-04
WTA;Elena Rybakina;52;Hard;ALL;58;10,6965;4,8449;3,9303;6,2911;2025-10-05;2026-10-04
WTA;Elina Avanesyan;52;Hard;ALL;6;0,2183;3,4091;8,7336;6,7353;2025-10-05;2026-10-04
WTA;Elina Svitolina;52;Hard;ALL;37;4,812;2,5375;4,9624;6,7172;2025-10-05;2026-10-04
WTA;Elisabetta Cocciaretto;52;Hard;ALL;26;1,9914;5,2489;4,1981;6,5423;2025-10-05;2026-10-04
WTA;Elise Mertens;52;Hard;ALL;28;6,8271;3,4769;6,5473;6,4281;2025-10-05;2026-10-04
WTA;Elizabeth Mandlik;52;Hard;ALL;19;2,4;2,88;6,72;6,7204;2025-10-05;2026-10-04
WTA;Elizara Yaneva;52;Hard;ALL;33;2,8158;3,2205;3,7007;6,6828;2025-10-05;2026-10-04
WTA;Ella Seidel;52;Hard;ALL;21;4,6886;6,0418;7,033;6,791;2025-10-05;2026-10-04
WTA;Elsa Jacquemot;52;Hard;ALL;21;5,5797;3,284;8,6795;6,8932;2025-10-05;2026-10-04
WTA;Elvina Kalieva;52;Hard;ALL;25;5,2549;4,8;5,0468;7,0403;2025-10-05;2026-10-04
WTA;Emerson Jones;52;Hard;ALL;51;2,1993;3,8506;5,4032;6,7952;2025-10-05;2026-10-04
WTA;Emiliana Arango;52;Hard;ALL;20;1,6393;1,8854;4,0984;7,0632;2025-10-05;2026-10-04
WTA;Emma Navarro;52;Hard;ALL;24;5,8158;4,507;6,1389;6,7527;2025-10-05;2026-10-04
WTA;Emma Raducanu;52;Hard;ALL;15;2,3681;5,5556;5,3821;6,4965;2025-10-05;2026-10-04
WTA;Erika Andreeva;52;Hard;ALL;33;2,9616;2,9837;3,1004;6,4895;2025-10-05;2026-10-04
WTA;Eva Bennemann;52;Hard;ALL;23;0,7022;1,8445;5,5478;6,6542;2025-10-05;2026-10-04
WTA;Eva Lys;52;Hard;ALL;14;1,7084;4,3269;8,7699;6,6515;2025-10-05;2026-10-04
WTA;Eva Vedder;52;Hard;ALL;6;3,9164;5,0938;2,8721;6,7193;2025-10-05;2026-10-04
WTA;Fangran Tian;52;Hard;ALL;54;1,7067;2,6869;3,2398;6,4617;2025-10-05;2026-10-04
WTA;Federica Urgesi;52;Hard;ALL;17;3,6842;1,7361;2,7193;6,5143;2025-10-05;2026-10-04
WTA;Fiona Crawley;52;Hard;ALL;31;1,4783;2,0869;5,2609;6,686;2025-10-05;2026-10-04
WTA;Fiona Ferro;52;Hard;ALL;17;1,1733;3,525;3,2491;7,0127;2025-10-05;2026-10-04
WTA;Francesca Curmi;52;Hard;ALL;18;0,708;3,5813;3,8938;6,7665;2025-10-05;2026-10-04
WTA;Francesca Jones;52;Hard;ALL;12;2,1978;7,6923;3,9072;6,7131;2025-10-05;2026-10-04
WTA;Francesca Pace;52;Hard;ALL;10;3,989;4,0288;4,4017;6,4911;2025-10-05;2026-10-04
WTA;Francisca Jorge;52;Hard;ALL;47;2,3234;2,4904;3,3935;6,5815;2025-10-05;2026-10-04
WTA;Gabriela Andrea Knutson;52;Hard;ALL;41;4,0766;2,8213;6,6998;6,6221;2025-10-05;2026-10-04
WTA;Greet Minnen;52;Hard;ALL;17;4,491;3,7791;3,5928;6,3019;2025-10-05;2026-10-04
WTA;Guiomar Maristany Zuleta De Reales;52;Hard;ALL;8;1,7628;3,7543;4,0064;6,8571;2025-10-05;2026-10-04
WTA;Hailey Baptiste;52;Hard;ALL;20;5,1681;3,2381;4,2964;6,6917;2025-10-05;2026-10-04
WTA;Han Shi;52;Hard;ALL;58;2,7743;0,8466;5,5986;6,5483;2025-10-05;2026-10-04
WTA;Hanna Chang;52;Hard;ALL;48;2,433;1,5439;6,4983;6,5332;2025-10-05;2026-10-04
WTA;Hanne Vandewinkel;52;Hard;ALL;46;6,4773;3,0737;6,027;6,6368;2025-10-05;2026-10-04
WTA;Hanyu Guo;52;Hard;ALL;17;1,3655;3,2706;3,5341;6,4508;2025-10-05;2026-10-04
WTA;Harmony Tan;52;Hard;ALL;30;4,1646;1,8672;3,9137;6,7559;2025-10-05;2026-10-04
WTA;Harriet Dart;52;Hard;ALL;46;2,6917;2,5658;4,7359;6,5807;2025-10-05;2026-10-04
WTA;Haruka Kaji;52;Hard;ALL;49;1,4024;2,3491;3,0488;6,5469;2025-10-05;2026-10-04
WTA;Hayu Kinoshita;52;Hard;ALL;46;2,2898;3,1544;2,6169;6,6747;2025-10-05;2026-10-04
WTA;Himeno Sakatsume;52;Hard;ALL;34;2,6238;2,3136;3,2163;6,4563;2025-10-05;2026-10-04
WTA;Hiromi Abe;52;Hard;ALL;39;1,6103;0,9127;4,6699;6,5368;2025-10-05;2026-10-04
WTA;Iga Swiatek;52;Hard;ALL;35;3,4071;2,8946;4,115;6,4756;2025-10-05;2026-10-04
WTA;Irene Burillo Escorihuela;52;Hard;ALL;5;1,0791;3,8869;2,1583;6,7805;2025-10-05;2026-10-04
WTA;Iryna Shymanovich;52;Hard;ALL;14;1,5368;2,6999;5,9276;6,554;2025-10-05;2026-10-04
WTA;Iva Jovic;52;Hard;ALL;41;3,3986;3,651;3,0292;6,4299;2025-10-05;2026-10-04
WTA;Janice Tjen;52;Hard;ALL;36;6,2199;4,9501;4,813;6,7189;2025-10-05;2026-10-04
WTA;Jaqueline Cristian;52;Hard;ALL;24;4,2464;4,1667;5,0239;6,6614;2025-10-05;2026-10-04
WTA;Jasmine Paolini;52;Hard;ALL;27;2,2483;4,9784;2,2994;6,7021;2025-10-05;2026-10-04
WTA;Jazmin Ortenzi;52;Hard;ALL;4;0,4202;0,8333;6,3025;6,6111;2025-10-05;2026-10-04
WTA;Jelena Ostapenko;52;Hard;ALL;24;4,6285;6,8884;8,039;6,5944;2025-10-05;2026-10-04
WTA;Jeline Vandromme;52;Hard;ALL;45;2,4196;2,5;3,7672;6,7739;2025-10-05;2026-10-04
WTA;Jennifer Ruggeri;52;Hard;ALL;1;2,439;5,4795;6,0976;7,4545;2025-10-05;2026-10-04
WTA;Jessica Bouzas Maneiro;52;Hard;ALL;29;2,3481;3,4604;7,7591;6,6633;2025-10-05;2026-10-04
WTA;Jessica Pegula;52;Hard;ALL;51;6,1075;5,4217;2,7301;6,3333;2025-10-05;2026-10-04
WTA;Jil Teichmann;52;Hard;ALL;3;0,7752;2,952;5,814;6,973;2025-10-05;2026-10-04
WTA;Joanna Garland;52;Hard;ALL;13;5,7878;4,3237;4,6088;6,4792;2025-10-05;2026-10-04
WTA;Joelle Lilly Sophie Steur;52;Hard;ALL;5;0,8596;2,8011;2,5788;6,3455;2025-10-05;2026-10-04
WTA;Julia Avdeeva;52;Hard;ALL;26;12,6769;2,9994;8,6085;6,3521;2025-10-05;2026-10-04
WTA;Julia Grabher;52;Hard;ALL;9;3,4848;3,4965;7,8788;6,9474;2025-10-05;2026-10-04
WTA;Julia Riera;52;Hard;ALL;8;3,8674;2,3766;6,2615;7,0519;2025-10-05;2026-10-04
WTA;Julie Struplova;52;Hard;ALL;1;3,4483;0,0;6,8966;6,4444;2025-10-05;2026-10-04
WTA;Julieta Pareja;52;Hard;ALL;19;0,9772;2,1094;4,3974;6,9773;2025-10-05;2026-10-04
WTA;Justina Mikulskyte;52;Hard;ALL;40;2,4638;2,7864;6,2182;6,523;2025-10-05;2026-10-04
WTA;Kaitlin Quevedo;52;Hard;ALL;27;2,663;3,689;4,0761;6,548;2025-10-05;2026-10-04
WTA;Kaja Juvan;52;Hard;ALL;10;1,8519;2,8387;4,9858;6,5607;2025-10-05;2026-10-04
WTA;Kajsa Rinaldo Persson;52;Hard;ALL;21;3,0094;1,23;5,9561;6,8162;2025-10-05;2026-10-04
WTA;Kamilla Rakhimova;52;Hard;ALL;30;2,1595;6,9179;5,9938;7,1352;2025-10-05;2026-10-04
WTA;Karolina Muchova;52;Hard;ALL;33;4,2615;3,5477;2,4697;6,2766;2025-10-05;2026-10-04
WTA;Karolina Pliskova;52;Hard;ALL;12;5,508;5,2083;8,2007;7,0431;2025-10-05;2026-10-04
WTA;Katarina Kuzmova;52;Hard;ALL;59;5,8755;5,0012;6,1096;6,6233;2025-10-05;2026-10-04
WTA;Katarina Zavatska;52;Hard;ALL;14;1,3381;1,7383;2,8546;6,9627;2025-10-05;2026-10-04
WTA;Katarzyna Kawa;52;Hard;ALL;9;3,4578;2,521;6,639;6,9519;2025-10-05;2026-10-04
WTA;Katerina Siniakova;52;Hard;ALL;23;2,5735;3,1477;6,6789;6,716;2025-10-05;2026-10-04
WTA;Katherine Sebov;52;Hard;ALL;42;0,9595;3,2209;2,5942;6,7321;2025-10-05;2026-10-04
WTA;Katie Boulter;52;Hard;ALL;26;2,6944;5,4567;8,0833;6,4291;2025-10-05;2026-10-04
WTA;Katie Swan;52;Hard;ALL;23;4,1972;2,0091;4,8634;6,4698;2025-10-05;2026-10-04
WTA;Katie Volynets;52;Hard;ALL;28;1,7553;4,0082;1,5045;6,7365;2025-10-05;2026-10-04
WTA;Katrina Scott;52;Hard;ALL;20;4,3796;3,6364;3,0657;6,8844;2025-10-05;2026-10-04
WTA;Kayla Cross;52;Hard;ALL;30;4,5805;1,8634;7,0878;6,6474;2025-10-05;2026-10-04
WTA;Kayla Day;52;Hard;ALL;26;6,1339;2,8479;4,7833;6,6059;2025-10-05;2026-10-04
WTA;Kimberly Birrell;52;Hard;ALL;38;2,4747;5,9744;7,8773;6,7825;2025-10-05;2026-10-04
WTA;Kristina Liutova;52;Hard;ALL;22;1,1445;3,2922;3,5765;6,5634;2025-10-05;2026-10-04
WTA;Lanlana Tararudee;52;Hard;ALL;54;6,2207;2,3577;5,2837;6,5229;2025-10-05;2026-10-04
WTA;Laura Pigossi;52;Hard;ALL;1;2,6667;5,2632;8,0;6,8182;2025-10-05;2026-10-04
WTA;Laura Samson;52;Hard;ALL;11;4,3237;3,2258;7,3171;6,782;2025-10-05;2026-10-04
WTA;Laura Siegemund;52;Hard;ALL;12;1,7127;2,3148;3,7108;6,9603;2025-10-05;2026-10-04
WTA;Lea Ma;52;Hard;ALL;40;5,4925;3,7407;3,1856;6,7599;2025-10-05;2026-10-04
WTA;Leolia Jeanjean;52;Hard;ALL;21;3,3619;4,1196;5,4054;6,4553;2025-10-05;2026-10-04
WTA;Leylah Fernandez;52;Hard;ALL;37;3,3905;3,6629;5,2653;6,3149;2025-10-05;2026-10-04
WTA;Leyre Romero Gormaz;52;Hard;ALL;3;1,7937;2,5641;3,5874;7,4333;2025-10-05;2026-10-04
WTA;Lilli Tagger;52;Hard;ALL;31;7,1178;2,6609;3,9098;6,4148;2025-10-05;2026-10-04
WTA;Lin Zhu;52;Hard;ALL;28;2,659;3,9013;2,8902;6,5038;2025-10-05;2026-10-04
WTA;Linda Fruhvirtova;52;Hard;ALL;20;3,9482;2,8772;6,7961;6,7467;2025-10-05;2026-10-04
WTA;Linda Klimovicova;52;Hard;ALL;26;5,6689;4,9568;7,0295;6,7072;2025-10-05;2026-10-04
WTA;Linda Noskova;52;Hard;ALL;32;9,1058;8,2866;7,2683;6,7096;2025-10-05;2026-10-04
WTA;Lisa Pigato;52;Hard;ALL;20;1,0884;2,1218;3,8095;6,6216;2025-10-05;2026-10-04
WTA;Lisa Zaar;52;Hard;ALL;5;0,0;1,983;4,7771;6,4082;2025-10-05;2026-10-04
WTA;Liudmila Samsonova;52;Hard;ALL;32;4,1181;5,5014;6,7599;6,7737;2025-10-05;2026-10-04
WTA;Lois Boisson;52;Hard;ALL;11;6,5684;3,2476;5,7641;6,5439;2025-10-05;2026-10-04
WTA;Lola Radivojevic;52;Hard;ALL;16;7,8577;5,4054;4,6319;6,9884;2025-10-05;2026-10-04
WTA;Lucia Bronzetti;52;Hard;ALL;14;3,1408;4,8182;3,6474;6,2866;2025-10-05;2026-10-04
WTA;Lucie Havlickova;52;Hard;ALL;32;6,3404;4,7216;6,8936;6,7143;2025-10-05;2026-10-04
WTA;Lucrezia Stefanini;52;Hard;ALL;38;0,2144;1,4465;4,1458;6,8078;2025-10-05;2026-10-04
WTA;Luisina Giovannini;52;Hard;ALL;1;5,5556;0,0;9,2593;6,75;2025-10-05;2026-10-04
WTA;Lulu Sun;52;Hard;ALL;16;7,7484;5,1895;4,9225;6,6084;2025-10-05;2026-10-04
WTA;Maddison Inglis;52;Hard;ALL;24;3,66;3,2009;3,2468;6,4411;2025-10-05;2026-10-04
WTA;Madison Brengle;52;Hard;ALL;24;0,0;1,4213;3,1815;6,5967;2025-10-05;2026-10-04
WTA;Madison Keys;52;Hard;ALL;25;5,948;2,7041;6,7446;6,6303;2025-10-05;2026-10-04
WTA;Magda Linette;52;Hard;ALL;30;4,849;2,4933;3,6139;6,4675;2025-10-05;2026-10-04
WTA;Magdalena Frech;52;Hard;ALL;31;3,6113;3,8446;2,8375;6,7813;2025-10-05;2026-10-04
WTA;Mai Hontama;52;Hard;ALL;37;0,8666;2,9641;5,7272;6,6851;2025-10-05;2026-10-04
WTA;Maja Chwalinska;52;Hard;ALL;17;1,3566;4,5361;3,1977;6,3704;2025-10-05;2026-10-04
WTA;Mananchaya Sawangkaew;52;Hard;ALL;47;3,287;2,8065;6,7096;6,4857;2025-10-05;2026-10-04
WTA;Maria Lourdes Carle;52;Hard;ALL;2;1,3793;0,5587;7,5862;6,0417;2025-10-05;2026-10-04
WTA;Maria Sakkari;52;Hard;ALL;28;4,891;3,6413;2,924;6,5087;2025-10-05;2026-10-04
WTA;Maria Timofeeva;52;Hard;ALL;28;2,2968;0,9838;4,2403;6,7115;2025-10-05;2026-10-04
WTA;Marie Bouzkova;52;Hard;ALL;28;2,952;2,5667;4,7443;6,7032;2025-10-05;2026-10-04
WTA;Marina Bassols Ribera;52;Hard;ALL;16;1,0055;6,1419;6,0329;6,6303;2025-10-05;2026-10-04
WTA;Marina Stakusic;52;Hard;ALL;19;2,9412;3,6515;6,7568;6,7634;2025-10-05;2026-10-04
WTA;Marta Kostyuk;52;Hard;ALL;23;6,1774;0,9774;6,422;6,4625;2025-10-05;2026-10-04
WTA;Martha Matoula;52;Hard;ALL;3;0,0;2,551;5,4726;7,7308;2025-10-05;2026-10-04
WTA;Martina Capurro Taborda;52;Hard;ALL;3;0,0;0,9852;6,1453;6,8846;2025-10-05;2026-10-04
WTA;Martyna Kubka;52;Hard;ALL;47;7,9186;4,2469;3,036;6,2894;2025-10-05;2026-10-04
WTA;Mary Stoiana;52;Hard;ALL;25;2,0902;1,891;4,5105;6,8346;2025-10-05;2026-10-04
WTA;Matilde Jorge;52;Hard;ALL;42;3,2258;2,5117;7,1481;6,7192;2025-10-05;2026-10-04
WTA;Maya Joint;52;Hard;ALL;30;2,0399;3,7155;4,7309;6,8368;2025-10-05;2026-10-04
WTA;Mayar Sherif;52;Hard;ALL;5;1,5453;2,2333;3,7528;7,4262;2025-10-05;2026-10-04
WTA;Mccartney Kessler;52;Hard;ALL;25;3,3604;3,4792;4,4444;6,7831;2025-10-05;2026-10-04
WTA;Mei Yamaguchi;52;Hard;ALL;41;2,3917;4,174;3,7815;6,7555;2025-10-05;2026-10-04
WTA;Mia Pohankova;52;Hard;ALL;26;7,0918;1,9242;4,7279;6,7873;2025-10-05;2026-10-04
WTA;Mia Ristic;52;Hard;ALL;9;3,3333;8,7613;1,7391;6,7647;2025-10-05;2026-10-04
WTA;Mika Stojsavljevic;52;Hard;ALL;22;6,8106;3,9867;6,0908;6,7388;2025-10-05;2026-10-04
WTA;Mina Hodzic;52;Hard;ALL;19;5,1546;2,7006;5,891;6,9286;2025-10-05;2026-10-04
WTA;Mirra Andreeva;52;Hard;ALL;35;4,3142;2,5247;6,4306;6,6048;2025-10-05;2026-10-04
WTA;Mona Barthel;52;Hard;ALL;44;8,6587;3,0407;10,6621;6,6031;2025-10-05;2026-10-04
WTA;Moyuka Uchijima;52;Hard;ALL;18;3,2736;3,3307;6,8589;6,6823;2025-10-05;2026-10-04
WTA;Nadia Podoroska;52;Hard;ALL;16;2,7531;1,9048;7,3712;6,7024;2025-10-05;2026-10-04
WTA;Nao Hibino;52;Hard;ALL;36;4,0369;4,0763;4,695;6,4744;2025-10-05;2026-10-04
WTA;Naomi Osaka;52;Hard;ALL;22;9,7136;4,2001;3,9851;6,298;2025-10-05;2026-10-04
WTA;Nikola Bartunkova;52;Hard;ALL;26;5,7506;3,743;5,4962;6,6385;2025-10-05;2026-10-04
WTA;Noemi Basiletti;52;Hard;ALL;12;0,3584;1,1614;2,7479;6,4884;2025-10-05;2026-10-04
WTA;Noma Noha Akugue;52;Hard;ALL;36;4,9542;2,377;4,3297;6,457;2025-10-05;2026-10-04
WTA;Nuria Brancaccio;52;Hard;ALL;5;2,71;2,3684;5,9621;6,2542;2025-10-05;2026-10-04
WTA;Oksana Selekhmeteva;52;Hard;ALL;26;2,433;2,002;8,2423;6,8271;2025-10-05;2026-10-04
WTA;Oleksandra Oliynykova;52;Hard;ALL;15;1,0806;2,4194;4,7151;6,9726;2025-10-05;2026-10-04
WTA;Olivia Gadecki;52;Hard;ALL;16;3,0593;2,6484;5,6405;6,5375;2025-10-05;2026-10-04
WTA;Panna Udvardy;52;Hard;ALL;13;4,822;4,5191;4,248;6,5489;2025-10-05;2026-10-04
WTA;Paula Badosa;52;Hard;ALL;23;5,9649;2,506;9,6491;6,84;2025-10-05;2026-10-04
WTA;Petra Marcinko;52;Hard;ALL;29;2,9469;3,2483;5,3623;6,4286;2025-10-05;2026-10-04
WTA;Peyton Stearns;52;Hard;ALL;30;6,0987;5,4198;5,9641;6,7988;2025-10-05;2026-10-04
WTA;Polina Iatcenko;52;Hard;ALL;39;3,913;5,5749;5,6917;6,4706;2025-10-05;2026-10-04
WTA;Polina Kudermetova;52;Hard;ALL;21;4,8286;7,1378;8,5374;6,4661;2025-10-05;2026-10-04
WTA;Polona Hercog;52;Hard;ALL;3;4,9618;2,6119;3,8168;6,2381;2025-10-05;2026-10-04
WTA;Priscilla Hon;52;Hard;ALL;11;3,4682;3,47;4,3353;6,6538;2025-10-05;2026-10-04
WTA;Qinwen Zheng;52;Hard;ALL;18;10,3354;3,9242;5,5441;6,7018;2025-10-05;2026-10-04
WTA;Rebecca Sramkova;52;Hard;ALL;18;6,1688;4,2789;5,5195;6,4842;2025-10-05;2026-10-04
WTA;Rebeka Masarova;52;Hard;ALL;7;6,0904;1,7408;6,4833;6,284;2025-10-05;2026-10-04
WTA;Reese Brantmeier;52;Hard;ALL;21;5,1225;1,0736;3,2665;6,7015;2025-10-05;2026-10-04
WTA;Renata Zarazua;52;Hard;ALL;42;0,8834;4,1724;2,1201;6,4318;2025-10-05;2026-10-04
WTA;Rina Saigo;52;Hard;ALL;42;1,4936;2,8075;3,6124;6,8223;2025-10-05;2026-10-04
WTA;Robin Montgomery;52;Hard;ALL;3;5,036;2,0576;6,4748;7,5135;2025-10-05;2026-10-04
WTA;Rositsa Dencheva;52;Hard;ALL;9;0,3306;2,735;3,4711;6,5054;2025-10-05;2026-10-04
WTA;Samira De Stefano;52;Hard;ALL;30;0,5589;2,8323;2,0325;6,328;2025-10-05;2026-10-04
WTA;Sara Bejlek;52;Hard;ALL;28;1,7024;1,4894;3,7891;6,4346;2025-10-05;2026-10-04
WTA;Sara Saito;52;Hard;ALL;34;1,2395;2,7978;10,7557;6,7778;2025-10-05;2026-10-04
WTA;Sara Sorribes Tormo;52;Hard;ALL;10;1,2236;1,1481;4,0044;6,9154;2025-10-05;2026-10-04
WTA;Selena Janicijevic;52;Hard;ALL;1;1,6667;6,6667;3,3333;6,6667;2025-10-05;2026-10-04
WTA;Shuai Zhang;52;Hard;ALL;38;2,7357;6,0787;3,2407;6,2857;2025-10-05;2026-10-04
WTA;Simona Waltert;52;Hard;ALL;15;3,038;3,0719;7,8481;6,8497;2025-10-05;2026-10-04
WTA;Sinja Kraus;52;Hard;ALL;27;1,9285;5,4433;5,0482;6,5784;2025-10-05;2026-10-04
WTA;Sloane Stephens;52;Hard;ALL;21;1,5947;4,379;2,8571;6,9355;2025-10-05;2026-10-04
WTA;Sofia Costoulas;52;Hard;ALL;42;4,898;3,2082;2,8571;6,5044;2025-10-05;2026-10-04
WTA;Sofia Kenin;52;Hard;ALL;24;2,2026;11,3176;6,8282;6,7259;2025-10-05;2026-10-04
WTA;Sofya Lansere;52;Hard;ALL;31;2,0725;1,5466;7,2021;6,5203;2025-10-05;2026-10-04
WTA;Solana Sierra;52;Hard;ALL;18;3,1028;3,6689;8,5993;6,4828;2025-10-05;2026-10-04
WTA;Sonay Kartal;52;Hard;ALL;16;3,6654;3,4422;1,3158;6,186;2025-10-05;2026-10-04
WTA;Sorana Cirstea;52;Hard;ALL;37;7,6775;2,4409;3,6265;6,48;2025-10-05;2026-10-04
WTA;Storm Hunter;52;Hard;ALL;17;2,7825;4,3983;5,059;6,4457;2025-10-05;2026-10-04
WTA;Susan Bandecchi;52;Hard;ALL;49;3,5909;3,4483;3,0468;6,576;2025-10-05;2026-10-04
WTA;Suzan Lamens;52;Hard;ALL;19;1,728;2,4793;8,9406;6,5567;2025-10-05;2026-10-04
WTA;Talia Gibson;52;Hard;ALL;47;7,7381;7,8504;5,1692;6,4225;2025-10-05;2026-10-04
WTA;Tamara Korpatsch;52;Hard;ALL;32;3,2614;2,3989;5,0069;6,7191;2025-10-05;2026-10-04
WTA;Tamara Zidansek;52;Hard;ALL;7;0,9804;2,9661;6,4706;6,8919;2025-10-05;2026-10-04
WTA;Tatiana Prozorova;52;Hard;ALL;37;4,4944;3,0485;3,7721;6,4062;2025-10-05;2026-10-04
WTA;Tatjana Maria;52;Hard;ALL;21;5,8168;3,8536;3,7748;6,7899;2025-10-05;2026-10-04
WTA;Taylah Preston;52;Hard;ALL;69;2,5107;4,3981;5,4705;6,6382;2025-10-05;2026-10-04
WTA;Taylor Townsend;52;Hard;ALL;20;7,0385;4,6846;3,1208;6,4635;2025-10-05;2026-10-04
WTA;Teodora Kostovic;52;Hard;ALL;24;4,2808;3,1721;5,9361;6,5618;2025-10-05;2026-10-04
WTA;Tereza Valentova;52;Hard;ALL;31;3,3948;3,0721;6,1591;6,546;2025-10-05;2026-10-04
WTA;Tyra Caterina Grant;52;Hard;ALL;12;5,8824;3,1847;6,156;6,3565;2025-10-05;2026-10-04
WTA;Valentina Ryser;52;Hard;ALL;30;5,6429;2,2211;8,0944;6,7774;2025-10-05;2026-10-04
WTA;Varvara Gracheva;52;Hard;ALL;15;2,8285;6,2624;6,9343;6,7239;2025-10-05;2026-10-04
WTA;Varvara Lepchenko;52;Hard;ALL;9;3,0466;4,4199;5,3763;6,6429;2025-10-05;2026-10-04
WTA;Vendula Valdmannova;52;Hard;ALL;46;3,2619;4,271;6,7875;6,5978;2025-10-05;2026-10-04
WTA;Vera Zvonareva;52;Hard;ALL;14;3,5225;3,7864;5,3816;6,7682;2025-10-05;2026-10-04
WTA;Veronika Erjavec;52;Hard;ALL;9;2,244;2,9283;1,4025;6,7905;2025-10-05;2026-10-04
WTA;Veronika Podrez;52;Hard;ALL;45;3,6553;4,8271;6,0362;6,7314;2025-10-05;2026-10-04
WTA;Victoria Jimenez Kasintseva;52;Hard;ALL;16;0,6912;2,4448;6,682;7,0761;2025-10-05;2026-10-04
WTA;Victoria Mboko;52;Hard;ALL;33;7,1612;3,655;6,2607;6,4598;2025-10-05;2026-10-04
WTA;Viktoria Hruncakova;52;Hard;ALL;41;8,9367;6,3462;5,8446;6,7139;2025-10-05;2026-10-04
WTA;Viktoria Morvayova;52;Hard;ALL;49;4,0836;3,2151;4,6302;6,617;2025-10-05;2026-10-04
WTA;Viktorija Golubic;52;Hard;ALL;29;0,8913;3,0594;4,0998;6,8;2025-10-05;2026-10-04
WTA;Vivian Wolff;52;Hard;ALL;28;1,3904;2,069;5,4505;6,6103;2025-10-05;2026-10-04
WTA;Weronika Falkowska;52;Hard;ALL;24;5,2799;1,888;5,1527;6,4426;2025-10-05;2026-10-04
WTA;Whitney Osuigwe;52;Hard;ALL;16;0,9283;2,381;6,4135;7,0536;2025-10-05;2026-10-04
WTA;Xiaodi You;52;Hard;ALL;32;3,0172;1,4085;6,6379;6,8035;2025-10-05;2026-10-04
WTA;Xin Yu Wang;52;Hard;ALL;34;5,0833;3,2994;4,9583;6,6298;2025-10-05;2026-10-04
WTA;Xinxin Yao;52;Hard;ALL;37;0,9374;2,4907;2,8871;6,769;2025-10-05;2026-10-04
WTA;Xinyu Gao;52;Hard;ALL;35;2,3799;2,2969;2,4224;6,5361;2025-10-05;2026-10-04
WTA;Xiyu Wang;52;Hard;ALL;26;0,9069;1,0309;3,3253;6,6964;2025-10-05;2026-10-04
WTA;Yasmine Kabbaj;52;Hard;ALL;14;0,7812;1,763;6,3477;6,481;2025-10-05;2026-10-04
WTA;Ye Xin Ma;52;Hard;ALL;49;3,7049;2,6184;5,5259;6,6079;2025-10-05;2026-10-04
WTA;Yeon Woo Ku;52;Hard;ALL;44;1,7493;2,6679;4,9239;6,5821;2025-10-05;2026-10-04
WTA;Yue Yuan;52;Hard;ALL;24;3,8482;4,3722;2,7258;6,8787;2025-10-05;2026-10-04
WTA;Yufei Ren;52;Hard;ALL;35;1,281;2,2299;4,964;6,7151;2025-10-05;2026-10-04
WTA;Yuki Naito;52;Hard;ALL;37;3,766;1,8848;6,3254;6,7866;2025-10-05;2026-10-04
WTA;Yulia Putintseva;52;Hard;ALL;24;2,4175;4,0929;2,3585;6,3521;2025-10-05;2026-10-04
WTA;Yuliia Starodubtseva;52;Hard;ALL;25;2,3556;3,1063;3,1408;6,703;2025-10-05;2026-10-04
WTA;Zeynep Sonmez;52;Hard;ALL;30;1,5712;4,1873;4,7135;6,6177;2025-10-05;2026-10-04
WTA;Zhuoxuan Bai;52;Hard;ALL;25;2,4089;2,7714;3,6428;6,5211;2025-10-05;2026-10-04
WTA;Ajla Tomljanovic;52;Clay;WTA;3;2,682;5,5777;9,1954;7,4571;2025-10-05;2026-10-04
WTA;Akasha Urhobo;52;Clay;WTA;2;4,4944;2,6549;3,3708;5,9333;2025-10-05;2026-10-04
WTA;Alexandra Eala;52;Clay;WTA;9;0,9023;5,614;3,609;7,1505;2025-10-05;2026-10-04
WTA;Aliaksandra Sasnovich;52;Clay;WTA;2;3,9683;19,8276;7,1429;6,6316;2025-10-05;2026-10-04
WTA;Alina Charaeva;52;Clay;WTA;1;5,5556;8,7719;16,6667;6,0;2025-10-05;2026-10-04
WTA;Alina Korneeva;52;Clay;WTA;1;1,3699;1,5873;5,4795;7,3;2025-10-05;2026-10-04
WTA;Alycia Parks;52;Clay;WTA;7;5,7312;3,9583;6,7194;7,0278;2025-10-05;2026-10-04
WTA;Anastasia Potapova;52;Clay;WTA;14;4,8479;3,3092;4,6578;6,9669;2025-10-05;2026-10-04
WTA;Anastasia Zakharova;52;Clay;WTA;4;0,0;4,9057;6,4748;6,619;2025-10-05;2026-10-04
WTA;Anhelina Kalinina;52;Clay;WTA;5;2,3324;2,7322;4,0816;6,5962;2025-10-05;2026-10-04
WTA;Ann Li;52;Clay;WTA;10;4,9798;2,3035;3,2301;6,5175;2025-10-05;2026-10-04
WTA;Anna Blinkova;52;Clay;WTA;1;0,0;7,8431;5,1724;7,25;2025-10-05;2026-10-04
WTA;Anna Bondar;52;Clay;WTA;8;4,5171;4,2693;2,1807;7,0549;2025-10-05;2026-10-04
WTA;Anna Kalinskaya;52;Clay;WTA;7;2,1505;5,7269;6,4516;6,6429;2025-10-05;2026-10-04
WTA;Antonia Ruzic;52;Clay;WTA;4;0,8197;6,5574;4,918;6,1;2025-10-05;2026-10-04
WTA;Aryna Sabalenka;52;Clay;WTA;6;4,2129;7,4656;4,4346;6,2639;2025-10-05;2026-10-04
WTA;Ashlyn Krueger;52;Clay;WTA;3;5,303;3,9474;5,303;7,3333;2025-10-05;2026-10-04
WTA;Barbora Krejcikova;52;Clay;WTA;2;5,3846;0,8696;9,2308;7,6471;2025-10-05;2026-10-04
WTA;Belinda Bencic;52;Clay;WTA;8;3,2368;3,1348;4,5997;6,6705;2025-10-05;2026-10-04
WTA;Bianca Andreescu;52;Clay;WTA;4;5,0388;3,0888;6,2016;6,1429;2025-10-05;2026-10-04
WTA;Camila Osorio;52;Clay;WTA;2;1,0309;4,6296;7,2165;5,3889;2025-10-05;2026-10-04
WTA;Caty Mcnally;52;Clay;WTA;7;0,5929;2,0036;4,1502;7,0278;2025-10-05;2026-10-04
WTA;Clara Tauson;52;Clay;WTA;2;0,9901;0,9901;2,9703;6,7333;2025-10-05;2026-10-04
WTA;Coco Gauff;52;Clay;WTA;11;3,4483;2,9883;5,1168;6,3759;2025-10-05;2026-10-04
WTA;Cristina Bucsa;52;Clay;WTA;3;1,6;3,7162;3,6;6,4103;2025-10-05;2026-10-04
WTA;Dalma Galfi;52;Clay;WTA;7;4,9587;2,5822;4,7521;7,2239;2025-10-05;2026-10-04
WTA;Daria Kasatkina;52;Clay;WTA;5;3,8647;1,7949;5,314;7,3929;2025-10-05;2026-10-04
WTA;Daria Snigur;52;Clay;WTA;2;1,3245;5,0279;6,6225;6,8636;2025-10-05;2026-10-04
WTA;Darja Vidmanova;52;Clay;WTA;1;0,0;0,0;1,1628;7,1667;2025-10-05;2026-10-04
WTA;Dayana Yastremska;52;Clay;WTA;6;1,5544;3,1142;7,0812;6,8929;2025-10-05;2026-10-04
WTA;Diana Shnaider;52;Clay;WTA;9;1,2232;4,2254;5,3517;6,9574;2025-10-05;2026-10-04
WTA;Diane Parry;52;Clay;WTA;2;3,2895;4,3478;2,6316;7,2381;2025-10-05;2026-10-04
WTA;Donna Vekic;52;Clay;WTA;5;4,6575;5,1136;6,3014;6,5179;2025-10-05;2026-10-04
WTA;Ekaterina Alexandrova;52;Clay;WTA;5;6,5156;8,1159;7,932;6,7885;2025-10-05;2026-10-04
WTA;Ekaterine Gorgodze;52;Clay;WTA;1;1,3333;4,0541;2,6667;6,25;2025-10-05;2026-10-04
WTA;Elena Gabriela Ruse;52;Clay;WTA;7;5,0523;3,2573;6,446;6,5977;2025-10-05;2026-10-04
WTA;Elena Rybakina;52;Clay;WTA;11;7,6345;3,3998;3,6295;6,2913;2025-10-05;2026-10-04
WTA;Elina Svitolina;52;Clay;WTA;10;3,9526;3,8147;3,9526;7,0278;2025-10-05;2026-10-04
WTA;Elisabetta Cocciaretto;52;Clay;WTA;6;1,1173;2,965;5,0279;6,6296;2025-10-05;2026-10-04
WTA;Elise Mertens;52;Clay;WTA;7;5,835;2,2358;5,2314;6,3718;2025-10-05;2026-10-04
WTA;Ella Seidel;52;Clay;WTA;1;0,0;10,0;3,2258;6,8889;2025-10-05;2026-10-04
WTA;Elsa Jacquemot;52;Clay;WTA;2;0,8403;3,2787;5,042;7,4375;2025-10-05;2026-10-04
WTA;Elvina Kalieva;52;Clay;WTA;2;6,1538;0,0;6,1538;5,6522;2025-10-05;2026-10-04
WTA;Emiliana Arango;52;Clay;WTA;2;3,6364;4,2735;0,9091;6,875;2025-10-05;2026-10-04
WTA;Emma Navarro;52;Clay;WTA;6;1,9608;1,9313;5,2288;6,8507;2025-10-05;2026-10-04
WTA;Emma Raducanu;52;Clay;WTA;1;5,7471;3,7037;10,3448;7,9091;2025-10-05;2026-10-04
WTA;Eva Lys;52;Clay;WTA;6;0,4;5,7692;6,8;6,7568;2025-10-05;2026-10-04
WTA;Federica Urgesi;52;Clay;WTA;1;1,9231;2,381;3,8462;7,4286;2025-10-05;2026-10-04
WTA;Gabriela Andrea Knutson;52;Clay;WTA;1;8,1633;12,5;12,2449;6,125;2025-10-05;2026-10-04
WTA;Hailey Baptiste;52;Clay;WTA;8;7,7698;2,2422;5,7554;7,1649;2025-10-05;2026-10-04
WTA;Iga Swiatek;52;Clay;WTA;9;3,1414;2,24;4,1885;6,1613;2025-10-05;2026-10-04
WTA;Iva Jovic;52;Clay;WTA;10;3,3766;3,8119;3,6364;6,4167;2025-10-05;2026-10-04
WTA;Janice Tjen;52;Clay;WTA;4;4,7619;4,7847;4,2857;6,1765;2025-10-05;2026-10-04
WTA;Jaqueline Cristian;52;Clay;WTA;8;2,9186;1,9126;3,533;6,6429;2025-10-05;2026-10-04
WTA;Jasmine Paolini;52;Clay;WTA;5;1,4085;5,3097;3,0516;6,871;2025-10-05;2026-10-04
WTA;Jelena Ostapenko;52;Clay;WTA;10;5,487;6,5772;9,7394;6,2845;2025-10-05;2026-10-04
WTA;Jennifer Ruggeri;52;Clay;WTA;1;0,0;0,0;10,8434;6,3846;2025-10-05;2026-10-04
WTA;Jessica Bouzas Maneiro;52;Clay;WTA;3;0,9346;3,125;1,8692;5,9444;2025-10-05;2026-10-04
WTA;Jessica Pegula;52;Clay;WTA;11;3,8874;3,0879;2,2788;6,5439;2025-10-05;2026-10-04
WTA;Julia Grabher;52;Clay;WTA;3;3,5714;0,8511;5,6122;6,3226;2025-10-05;2026-10-04
WTA;Kaitlin Quevedo;52;Clay;WTA;2;1,8182;3,0769;4,5455;6,4706;2025-10-05;2026-10-04
WTA;Kamilla Rakhimova;52;Clay;WTA;2;3,2258;3,0303;5,3763;6,8889;2025-10-05;2026-10-04
WTA;Karolina Muchova;52;Clay;WTA;6;4,9296;3,2941;1,4085;6,4545;2025-10-05;2026-10-04
WTA;Karolina Pliskova;52;Clay;WTA;12;5,4324;5,0;7,6497;6,4892;2025-10-05;2026-10-04
WTA;Katerina Siniakova;52;Clay;WTA;6;1,227;1,6736;4,499;7,1912;2025-10-05;2026-10-04
WTA;Katie Boulter;52;Clay;WTA;4;5,2632;4,1916;5,9211;6,7556;2025-10-05;2026-10-04
WTA;Katie Volynets;52;Clay;WTA;4;0,6154;2,5237;3,0769;6,9149;2025-10-05;2026-10-04
WTA;Kayla Day;52;Clay;WTA;1;1,5385;5,0847;1,5385;7,2222;2025-10-05;2026-10-04
WTA;Kimberly Birrell;52;Clay;WTA;1;4,0541;3,4884;5,4054;6,1667;2025-10-05;2026-10-04
WTA;Laura Samson;52;Clay;WTA;3;4,9261;7,0;3,9409;6,7667;2025-10-05;2026-10-04
WTA;Laura Siegemund;52;Clay;WTA;7;1,6575;2,9412;2,7624;7,0519;2025-10-05;2026-10-04
WTA;Leolia Jeanjean;52;Clay;WTA;5;2,3438;1,4577;5,9896;7,2453;2025-10-05;2026-10-04
WTA;Leylah Fernandez;52;Clay;WTA;13;2,7668;3,3881;6,5217;6,9315;2025-10-05;2026-10-04
WTA;Lilli Tagger;52;Clay;WTA;4;3,4843;3,2154;2,439;6,6744;2025-10-05;2026-10-04
WTA;Linda Noskova;52;Clay;WTA;9;9,7643;7,7049;7,7441;6,4565;2025-10-05;2026-10-04
WTA;Lisa Pigato;52;Clay;WTA;1;0,0;2,5;10,5263;6,3333;2025-10-05;2026-10-04
WTA;Liudmila Samsonova;52;Clay;WTA;7;3,6458;4,1943;5,2083;6,2951;2025-10-05;2026-10-04
WTA;Lois Boisson;52;Clay;WTA;4;4,1841;3,2407;5,0209;6,2895;2025-10-05;2026-10-04
WTA;Lucia Bronzetti;52;Clay;WTA;1;0,9091;1,0526;4,5455;6,875;2025-10-05;2026-10-04
WTA;Lucrezia Stefanini;52;Clay;WTA;1;0,0;7,1429;8,3333;5,1429;2025-10-05;2026-10-04
WTA;Lulu Sun;52;Clay;WTA;1;1,3889;5,814;0,0;7,2;2025-10-05;2026-10-04
WTA;Madison Keys;52;Clay;WTA;6;7,2261;2,4775;3,4965;6,403;2025-10-05;2026-10-04
WTA;Magda Linette;52;Clay;WTA;3;4,698;6,0976;2,0134;5,7308;2025-10-05;2026-10-04
WTA;Magdalena Frech;52;Clay;WTA;5;3,2746;2,1563;2,267;6,9649;2025-10-05;2026-10-04
WTA;Maria Sakkari;52;Clay;WTA;5;2,4242;5,3691;3,0303;6,4706;2025-10-05;2026-10-04
WTA;Marie Bouzkova;52;Clay;WTA;5;0,7246;1,7123;4,7101;6,4186;2025-10-05;2026-10-04
WTA;Marta Kostyuk;52;Clay;WTA;6;4,2781;1,385;7,754;6,5614;2025-10-05;2026-10-04
WTA;Mary Stoiana;52;Clay;WTA;1;1,2987;6,9767;7,7922;6,4167;2025-10-05;2026-10-04
WTA;Maya Joint;52;Clay;WTA;2;0,8547;1,6529;2,5641;6,8824;2025-10-05;2026-10-04
WTA;Mayar Sherif;52;Clay;WTA;1;0,8929;0,813;0,0;7,0;2025-10-05;2026-10-04
WTA;Mccartney Kessler;52;Clay;WTA;7;2,2684;1,1429;4,5369;6,7821;2025-10-05;2026-10-04
WTA;Mirra Andreeva;52;Clay;WTA;18;4,4085;3,37;4,6289;6,6716;2025-10-05;2026-10-04
WTA;Moyuka Uchijima;52;Clay;WTA;1;3,7975;2,3256;8,8608;6,5833;2025-10-05;2026-10-04
WTA;Naomi Osaka;52;Clay;WTA;6;5,1887;2,6042;4,9528;6,7302;2025-10-05;2026-10-04
WTA;Nikola Bartunkova;52;Clay;WTA;3;3,9823;4,6512;5,7522;6,2778;2025-10-05;2026-10-04
WTA;Noemi Basiletti;52;Clay;WTA;2;0,0;1,25;0,8;6,5789;2025-10-05;2026-10-04
WTA;Noma Noha Akugue;52;Clay;WTA;1;1,8182;10,0;0,0;6,1111;2025-10-05;2026-10-04
WTA;Nuria Brancaccio;52;Clay;WTA;1;0,0;3,125;0,0;9,25;2025-10-05;2026-10-04
WTA;Oksana Selekhmeteva;52;Clay;WTA;2;0,0;4,4586;10,559;7,0;2025-10-05;2026-10-04
WTA;Oleksandra Oliynykova;52;Clay;WTA;7;1,1962;1,1161;4,3062;6,6349;2025-10-05;2026-10-04
WTA;Panna Udvardy;52;Clay;WTA;5;2,2599;3,6923;2,5424;6,5556;2025-10-05;2026-10-04
WTA;Paula Badosa;52;Clay;WTA;6;4,3478;1,3363;9,8398;6,3333;2025-10-05;2026-10-04
WTA;Petra Marcinko;52;Clay;WTA;3;2,2346;3,7267;6,1453;6,8846;2025-10-05;2026-10-04
WTA;Peyton Stearns;52;Clay;WTA;8;3,9773;5,364;3,9773;6,3614;2025-10-05;2026-10-04
WTA;Polina Kudermetova;52;Clay;WTA;2;2,907;1,9481;5,814;7,4783;2025-10-05;2026-10-04
WTA;Qinwen Zheng;52;Clay;WTA;5;13,0;3,4826;6,5;6,0606;2025-10-05;2026-10-04
WTA;Rebeka Masarova;52;Clay;WTA;3;5,4622;0,8811;7,563;6,4324;2025-10-05;2026-10-04
WTA;Renata Zarazua;52;Clay;WTA;3;0,0;4,0462;2,2222;6,6667;2025-10-05;2026-10-04
WTA;Robin Montgomery;52;Clay;WTA;1;3,0769;5,5556;6,1538;7,2222;2025-10-05;2026-10-04
WTA;Sara Bejlek;52;Clay;WTA;4;0,8658;0,7968;6,9264;6,6;2025-10-05;2026-10-04
WTA;Shuai Zhang;52;Clay;WTA;9;2,815;6,2787;3,6193;7,46;2025-10-05;2026-10-04
WTA;Simona Waltert;52;Clay;WTA;4;1,2195;2,1407;3,6585;6,56;2025-10-05;2026-10-04
WTA;Sinja Kraus;52;Clay;WTA;3;2,5751;5,0505;5,5794;7,5161;2025-10-05;2026-10-04
WTA;Sloane Stephens;52;Clay;WTA;3;0,9302;3,9216;3,7209;7,1667;2025-10-05;2026-10-04
WTA;Sofia Kenin;52;Clay;WTA;5;3,9773;8,9431;5,3977;6,2857;2025-10-05;2026-10-04
WTA;Solana Sierra;52;Clay;WTA;8;3,1457;1,7308;6,7881;7,4568;2025-10-05;2026-10-04
WTA;Sorana Cirstea;52;Clay;WTA;10;4,7541;3,0769;2,2951;6,0396;2025-10-05;2026-10-04
WTA;Talia Gibson;52;Clay;WTA;4;2,2876;2,7778;5,8824;6,8;2025-10-05;2026-10-04
WTA;Tamara Korpatsch;52;Clay;WTA;4;2,4291;1,2552;4,0486;6,5;2025-10-05;2026-10-04
WTA;Tatjana Maria;52;Clay;WTA;4;8,7786;3,4091;3,4351;6,8947;2025-10-05;2026-10-04
WTA;Taylor Townsend;52;Clay;WTA;4;4,2969;3,3058;1,9531;6,5641;2025-10-05;2026-10-04
WTA;Tereza Valentova;52;Clay;WTA;3;1,7544;0,4115;5,2632;7,125;2025-10-05;2026-10-04
WTA;Tyra Caterina Grant;52;Clay;WTA;4;3,1359;3,8062;6,2718;6,3778;2025-10-05;2026-10-04
WTA;Victoria Jimenez Kasintseva;52;Clay;WTA;1;1,7241;4,6154;10,3448;6,4444;2025-10-05;2026-10-04
WTA;Victoria Mboko;52;Clay;WTA;5;4,4226;2,2284;5,8968;7,2679;2025-10-05;2026-10-04
WTA;Viktorija Golubic;52;Clay;WTA;4;0,9009;2,6403;1,3514;6,1667;2025-10-05;2026-10-04
WTA;Xin Yu Wang;52;Clay;WTA;3;2,0619;1,8349;4,6392;6,2581;2025-10-05;2026-10-04
WTA;Yue Yuan;52;Clay;WTA;2;0,995;0,6173;0,4975;8,04;2025-10-05;2026-10-04
WTA;Yulia Putintseva;52;Clay;WTA;5;2,1635;2,4038;1,9231;7,2982;2025-10-05;2026-10-04
WTA;Yuliia Starodubtseva;52;Clay;WTA;9;1,4803;2,1959;3,4539;6,3333;2025-10-05;2026-10-04
WTA;Zeynep Sonmez;52;Clay;WTA;7;0,7273;2,2346;2,5455;6,875;2025-10-05;2026-10-04
WTA;Ajla Tomljanovic;52;Clay;ALL;5;2,6128;4,2755;9,7387;7,0167;2025-10-05;2026-10-04
WTA;Akasha Urhobo;52;Clay;ALL;28;4,0171;0,9476;5,7311;6,4602;2025-10-05;2026-10-04
WTA;Alevtina Ibragimova;52;Clay;ALL;32;1,9214;1,7074;4,9103;6,7299;2025-10-05;2026-10-04
WTA;Alexandra Eala;52;Clay;ALL;9;0,9023;5,614;3,609;7,1505;2025-10-05;2026-10-04
WTA;Alexandra Shubladze;52;Clay;ALL;18;0,446;1,184;4,3711;6,5941;2025-10-05;2026-10-04
WTA;Aliaksandra Sasnovich;52;Clay;ALL;5;2,2727;9,3168;6,1688;6,6957;2025-10-05;2026-10-04
WTA;Alice Rame;52;Clay;ALL;35;1,0989;1,5047;3,8665;6,7131;2025-10-05;2026-10-04
WTA;Alice Tubello;52;Clay;ALL;42;1,4014;0,842;3,0697;6,5868;2025-10-05;2026-10-04
WTA;Alicia Herrero Linana;52;Clay;ALL;52;0,4566;1,8158;2,3368;6,5777;2025-10-05;2026-10-04
WTA;Alina Charaeva;52;Clay;ALL;21;3,1552;2,3514;6,8899;6,7229;2025-10-05;2026-10-04
WTA;Alina Korneeva;52;Clay;ALL;5;1,1321;1,7668;6,0377;6,625;2025-10-05;2026-10-04
WTA;Aliona Falei;52;Clay;ALL;4;3,1884;1,0283;6,087;6,3889;2025-10-05;2026-10-04
WTA;Alycia Parks;52;Clay;ALL;11;6,1249;2,642;6,7138;7,2564;2025-10-05;2026-10-04
WTA;Anastasia Gasanova;52;Clay;ALL;10;1,1936;1,6644;8,2228;6,8545;2025-10-05;2026-10-04
WTA;Anastasia Potapova;52;Clay;ALL;14;4,8479;3,3092;4,6578;6,9669;2025-10-05;2026-10-04
WTA;Anastasia Tikhonova;52;Clay;ALL;19;4,1152;1,4888;7,0782;6,6033;2025-10-05;2026-10-04
WTA;Anastasia Zakharova;52;Clay;ALL;8;0,5693;5,1383;5,8824;6,5062;2025-10-05;2026-10-04
WTA;Anastasia Zolotareva;52;Clay;ALL;43;1,3849;1,8078;5,7327;6,8695;2025-10-05;2026-10-04
WTA;Anastasiya Soboleva;52;Clay;ALL;57;1,8503;1,3143;4,0816;6,7062;2025-10-05;2026-10-04
WTA;Andrea Lazaro Garcia;52;Clay;ALL;40;0,9246;1,8944;5,8321;6,9604;2025-10-05;2026-10-04
WTA;Ane Mintegi Del Olmo;52;Clay;ALL;47;0,5571;1,6297;5,0487;6,5872;2025-10-05;2026-10-04
WTA;Angela Fita Boluda;52;Clay;ALL;54;2,1528;1,61;3,7543;6,6359;2025-10-05;2026-10-04
WTA;Anhelina Kalinina;52;Clay;ALL;34;1,4957;1,4379;4,9573;6,7826;2025-10-05;2026-10-04
WTA;Ann Li;52;Clay;ALL;13;5,3794;2,3904;3,2661;6,7161;2025-10-05;2026-10-04
WTA;Anna Blinkova;52;Clay;ALL;13;1,4583;1,9567;4,8958;7,0588;2025-10-05;2026-10-04
WTA;Anna Bondar;52;Clay;ALL;21;3,4402;2,6775;2,0408;7,1757;2025-10-05;2026-10-04
WTA;Anna Kalinskaya;52;Clay;ALL;7;2,1505;5,7269;6,4516;6,6429;2025-10-05;2026-10-04
WTA;Anna Lena Friedsam;52;Clay;ALL;14;2,9268;1,2961;7,2195;6,7434;2025-10-05;2026-10-04
WTA;Anna Siskova;52;Clay;ALL;23;1,3308;0,8827;4,1825;6,5477;2025-10-05;2026-10-04
WTA;Anouk Koevermans;52;Clay;ALL;7;3,1175;1,6166;5,7554;6,1324;2025-10-05;2026-10-04
WTA;Antonia Ruzic;52;Clay;ALL;6;0,5063;4,01;4,8101;6,371;2025-10-05;2026-10-04
WTA;Arantxa Rus;52;Clay;ALL;23;1,2888;1,2852;4,2765;6,8008;2025-10-05;2026-10-04
WTA;Aryna Sabalenka;52;Clay;ALL;6;4,2129;7,4656;4,4346;6,2639;2025-10-05;2026-10-04
WTA;Ashlyn Krueger;52;Clay;ALL;5;4,6709;2,5882;6,7941;7,3594;2025-10-05;2026-10-04
WTA;Aurora Zantedeschi;52;Clay;ALL;47;2,2031;1,4412;3,1325;6,5281;2025-10-05;2026-10-04
WTA;Ayana Akli;52;Clay;ALL;13;0,8188;1,0905;5,0154;6,9786;2025-10-05;2026-10-04
WTA;Ayla Aksu;52;Clay;ALL;8;1,3657;1,7182;5,1593;7,086;2025-10-05;2026-10-04
WTA;Barbora Krejcikova;52;Clay;ALL;7;5,0201;3,2258;6,0241;6,5526;2025-10-05;2026-10-04
WTA;Barbora Palicova;52;Clay;ALL;29;1,1993;2,0661;5,3506;6,8391;2025-10-05;2026-10-04
WTA;Belinda Bencic;52;Clay;ALL;8;3,2368;3,1348;4,5997;6,6705;2025-10-05;2026-10-04
WTA;Berfu Cengiz;52;Clay;ALL;28;1,6837;2,6933;3,7755;6,5772;2025-10-05;2026-10-04
WTA;Bianca Andreescu;52;Clay;ALL;11;3,3722;2,6055;5,3178;6,479;2025-10-05;2026-10-04
WTA;Cadence Brace;52;Clay;ALL;1;0,0;0,0;22,2222;4,5;2025-10-05;2026-10-04
WTA;Caijsa Wilda Hennemann;52;Clay;ALL;30;0,5797;1,0412;2,9952;6,6774;2025-10-05;2026-10-04
WTA;Camila Osorio;52;Clay;ALL;11;1,6883;1,2821;6,7532;6,5254;2025-10-05;2026-10-04
WTA;Carol Young Suh Lee;52;Clay;ALL;9;3,1299;3,9344;3,5994;6,5876;2025-10-05;2026-10-04
WTA;Carole Monnet;52;Clay;ALL;32;2,0309;1,7197;9,1832;6,6618;2025-10-05;2026-10-04
WTA;Caroline Dolehide;52;Clay;ALL;4;1,0067;1,6447;8,3893;6,7727;2025-10-05;2026-10-04
WTA;Caroline Uebelhoer;52;Clay;ALL;21;1,5417;2,1898;3,1535;6,8278;2025-10-05;2026-10-04
WTA;Carolyn Ansari;52;Clay;ALL;1;2,0833;2,8302;4,1667;8,0;2025-10-05;2026-10-04
WTA;Caty Mcnally;52;Clay;ALL;9;0,4601;2,1739;3,8344;6,9362;2025-10-05;2026-10-04
WTA;Celine Naef;52;Clay;ALL;5;2,3881;1,8237;3,2836;6,7;2025-10-05;2026-10-04
WTA;Claire Liu;52;Clay;ALL;16;1,5347;0,7819;3,1502;6,9551;2025-10-05;2026-10-04
WTA;Clara Burel;52;Clay;ALL;24;1,6241;0,8586;4,1763;6,7608;2025-10-05;2026-10-04
WTA;Clara Tauson;52;Clay;ALL;2;0,9901;0,9901;2,9703;6,7333;2025-10-05;2026-10-04
WTA;Coco Gauff;52;Clay;ALL;11;3,4483;2,9883;5,1168;6,3759;2025-10-05;2026-10-04
WTA;Cristina Bucsa;52;Clay;ALL;3;1,6;3,7162;3,6;6,4103;2025-10-05;2026-10-04
WTA;Dalma Galfi;52;Clay;ALL;16;4,1825;1,6634;4,7529;6,8312;2025-10-05;2026-10-04
WTA;Daria Kasatkina;52;Clay;ALL;11;2,7933;2,9967;6,4804;6,9922;2025-10-05;2026-10-04
WTA;Daria Snigur;52;Clay;ALL;2;1,3245;5,0279;6,6225;6,8636;2025-10-05;2026-10-04
WTA;Darja Semenistaja;52;Clay;ALL;26;1,8004;1,6616;1,4918;6,6804;2025-10-05;2026-10-04
WTA;Darja Vidmanova;52;Clay;ALL;8;2,795;0,7634;3,1056;6,3137;2025-10-05;2026-10-04
WTA;Darya Astakhova;52;Clay;ALL;43;1,3674;1,5965;4,462;6,4032;2025-10-05;2026-10-04
WTA;Dayana Yastremska;52;Clay;ALL;11;1,5806;2,9116;5,4795;6,7786;2025-10-05;2026-10-04
WTA;Dayeon Back;52;Clay;ALL;10;0,8651;0,3591;1,9031;6,7209;2025-10-05;2026-10-04
WTA;Despina Papamichail;52;Clay;ALL;48;0,6239;0,8233;2,5847;6,7052;2025-10-05;2026-10-04
WTA;Diana Shnaider;52;Clay;ALL;9;1,2232;4,2254;5,3517;6,9574;2025-10-05;2026-10-04
WTA;Diane Parry;52;Clay;ALL;8;4,2125;3,6972;3,8462;6,6585;2025-10-05;2026-10-04
WTA;Dominika Salkova;52;Clay;ALL;20;1,4075;2,3923;5,3743;7,1045;2025-10-05;2026-10-04
WTA;Donna Vekic;52;Clay;ALL;10;4,0179;4,0248;5,3571;6,4;2025-10-05;2026-10-04
WTA;Ekaterina Alexandrova;52;Clay;ALL;5;6,5156;8,1159;7,932;6,7885;2025-10-05;2026-10-04
WTA;Ekaterine Gorgodze;52;Clay;ALL;42;0,8483;2,7593;1,6627;6,6076;2025-10-05;2026-10-04
WTA;Elena Gabriela Ruse;52;Clay;ALL;8;4,9285;3,0479;6,6773;6,6211;2025-10-05;2026-10-04
WTA;Elena Malygina;52;Clay;ALL;6;1,2755;2,6442;3,8265;6,6441;2025-10-05;2026-10-04
WTA;Elena Pridankina;52;Clay;ALL;16;0,9737;1,9565;9,1529;6,8013;2025-10-05;2026-10-04
WTA;Elena Ruxandra Bertea;52;Clay;ALL;42;2,6762;1,1375;6,5274;6,8854;2025-10-05;2026-10-04
WTA;Elena Rybakina;52;Clay;ALL;11;7,6345;3,3998;3,6295;6,2913;2025-10-05;2026-10-04
WTA;Elina Avanesyan;52;Clay;ALL;24;0,2432;1,1319;4,7416;6,6064;2025-10-05;2026-10-04
WTA;Elina Svitolina;52;Clay;ALL;10;3,9526;3,8147;3,9526;7,0278;2025-10-05;2026-10-04
WTA;Elisabetta Cocciaretto;52;Clay;ALL;8;1,2367;3,3217;4,7703;6,8193;2025-10-05;2026-10-04
WTA;Elise Mertens;52;Clay;ALL;7;5,835;2,2358;5,2314;6,3718;2025-10-05;2026-10-04
WTA;Elizabeth Mandlik;52;Clay;ALL;15;1,8083;2,5189;7,3237;6,3563;2025-10-05;2026-10-04
WTA;Elizara Yaneva;52;Clay;ALL;19;2,244;0,8935;5,54;6,8889;2025-10-05;2026-10-04
WTA;Ella Seidel;52;Clay;ALL;9;2,0155;2,7439;7,5969;6,7188;2025-10-05;2026-10-04
WTA;Elsa Jacquemot;52;Clay;ALL;9;2,952;2,2491;7,1956;6,8608;2025-10-05;2026-10-04
WTA;Elvina Kalieva;52;Clay;ALL;14;4,8988;2,3715;6,7093;6,302;2025-10-05;2026-10-04
WTA;Emiliana Arango;52;Clay;ALL;12;2,0979;1,6495;3,38;6,5;2025-10-05;2026-10-04
WTA;Emma Navarro;52;Clay;ALL;8;1,5254;1,9835;4,5763;6,8605;2025-10-05;2026-10-04
WTA;Emma Raducanu;52;Clay;ALL;1;5,7471;3,7037;10,3448;7,9091;2025-10-05;2026-10-04
WTA;Erika Andreeva;52;Clay;ALL;20;2,7027;1,2802;2,3471;6,6635;2025-10-05;2026-10-04
WTA;Eva Bennemann;52;Clay;ALL;31;0,3061;0,819;3,6729;6,7067;2025-10-05;2026-10-04
WTA;Eva Lys;52;Clay;ALL;6;0,4;5,7692;6,8;6,7568;2025-10-05;2026-10-04
WTA;Eva Vedder;52;Clay;ALL;49;2,0105;2,1289;3,6422;6,7162;2025-10-05;2026-10-04
WTA;Federica Urgesi;52;Clay;ALL;33;2,1175;0,681;4,155;6,7466;2025-10-05;2026-10-04
WTA;Fiona Crawley;52;Clay;ALL;2;0,0;0,6098;7,362;7,087;2025-10-05;2026-10-04
WTA;Fiona Ferro;52;Clay;ALL;28;1,1795;1,9309;2,1026;6,6327;2025-10-05;2026-10-04
WTA;Francesca Curmi;52;Clay;ALL;42;0,4701;1,6252;2,2163;7,0236;2025-10-05;2026-10-04
WTA;Francesca Jones;52;Clay;ALL;32;1,5404;2,598;5,6203;6,8239;2025-10-05;2026-10-04
WTA;Francesca Pace;52;Clay;ALL;22;2,3548;2,2925;7,0644;6,567;2025-10-05;2026-10-04
WTA;Francisca Jorge;52;Clay;ALL;2;1,8018;0,0;2,7027;6,1667;2025-10-05;2026-10-04
WTA;Gabriela Andrea Knutson;52;Clay;ALL;3;4,7904;4,5918;8,982;5,9643;2025-10-05;2026-10-04
WTA;Georgia Pedone;52;Clay;ALL;61;0,0511;1,0179;0,8691;6,7565;2025-10-05;2026-10-04
WTA;Greet Minnen;52;Clay;ALL;3;1,5957;5,2632;4,2553;6,2667;2025-10-05;2026-10-04
WTA;Guiomar Maristany Zuleta De Reales;52;Clay;ALL;39;1,23;1,2605;5,3671;6,6741;2025-10-05;2026-10-04
WTA;Hailey Baptiste;52;Clay;ALL;10;7,5171;2,1789;5,2392;6,9683;2025-10-05;2026-10-04
WTA;Han Shi;52;Clay;ALL;2;2,0;0,6135;2,6667;6,8182;2025-10-05;2026-10-04
WTA;Hanna Chang;52;Clay;ALL;5;2,7273;0,5618;9,0909;6,1111;2025-10-05;2026-10-04
WTA;Hanne Vandewinkel;52;Clay;ALL;10;1,6641;0,4918;6,6566;6,8144;2025-10-05;2026-10-04
WTA;Hanyu Guo;52;Clay;ALL;5;2,5641;0,9202;2,8846;6,6383;2025-10-05;2026-10-04
WTA;Harmony Tan;52;Clay;ALL;4;3,8997;2,3739;4,4568;7,3265;2025-10-05;2026-10-04
WTA;Haruka Kaji;52;Clay;ALL;2;0,0;0,0;5,5118;6,0476;2025-10-05;2026-10-04
WTA;Himeno Sakatsume;52;Clay;ALL;5;1,4085;3,7249;1,6901;6,4545;2025-10-05;2026-10-04
WTA;Iga Swiatek;52;Clay;ALL;9;3,1414;2,24;4,1885;6,1613;2025-10-05;2026-10-04
WTA;Irene Burillo Escorihuela;52;Clay;ALL;50;0,8946;1,2966;3,9698;6,6611;2025-10-05;2026-10-04
WTA;Iryna Shymanovich;52;Clay;ALL;9;1,1006;3,8633;4,717;6,5567;2025-10-05;2026-10-04
WTA;Iva Jovic;52;Clay;ALL;10;3,3766;3,8119;3,6364;6,4167;2025-10-05;2026-10-04
WTA;Janice Tjen;52;Clay;ALL;6;3,6011;3,9548;5,2632;6,5636;2025-10-05;2026-10-04
WTA;Jaqueline Cristian;52;Clay;ALL;10;3,0127;2,4546;3,5921;6,7422;2025-10-05;2026-10-04
WTA;Jasmine Paolini;52;Clay;ALL;5;1,4085;5,3097;3,0516;6,871;2025-10-05;2026-10-04
WTA;Jazmin Ortenzi;52;Clay;ALL;34;0,993;0,7066;4,5925;6,6953;2025-10-05;2026-10-04
WTA;Jelena Ostapenko;52;Clay;ALL;10;5,487;6,5772;9,7394;6,2845;2025-10-05;2026-10-04
WTA;Jeline Vandromme;52;Clay;ALL;15;0,4771;1,5829;4,771;6,6329;2025-10-05;2026-10-04
WTA;Jennifer Ruggeri;52;Clay;ALL;50;1,3263;1,3279;7,7369;6,5207;2025-10-05;2026-10-04
WTA;Jessica Bouzas Maneiro;52;Clay;ALL;13;1,165;1,5224;3,301;7,0068;2025-10-05;2026-10-04
WTA;Jessica Pegula;52;Clay;ALL;11;3,8874;3,0879;2,2788;6,5439;2025-10-05;2026-10-04
WTA;Jil Teichmann;52;Clay;ALL;7;0,3854;2,5048;4,6243;7,2083;2025-10-05;2026-10-04
WTA;Joanna Garland;52;Clay;ALL;3;6,9869;5,5;6,5502;7,1562;2025-10-05;2026-10-04
WTA;Joelle Lilly Sophie Steur;52;Clay;ALL;47;0,6465;1,1788;2,0075;6,5166;2025-10-05;2026-10-04
WTA;Julia Avdeeva;52;Clay;ALL;12;6,1252;1,9206;9,1877;6,7054;2025-10-05;2026-10-04
WTA;Julia Grabher;52;Clay;ALL;41;1,5641;1,1379;7,4542;6,8607;2025-10-05;2026-10-04
WTA;Julia Riera;52;Clay;ALL;50;2,7244;1,0709;5,4748;6,6563;2025-10-05;2026-10-04
WTA;Julie Struplova;52;Clay;ALL;53;0,9408;0,9056;4,1953;6,8519;2025-10-05;2026-10-04
WTA;Julieta Pareja;52;Clay;ALL;4;1,2097;1,6878;11,6935;6,8889;2025-10-05;2026-10-04
WTA;Justina Mikulskyte;52;Clay;ALL;17;1,8002;1,4778;5,7606;6,574;2025-10-05;2026-10-04
WTA;Kaitlin Quevedo;52;Clay;ALL;26;2,867;1,7827;5,1032;6,682;2025-10-05;2026-10-04
WTA;Kaja Juvan;52;Clay;ALL;2;1,1236;1,2903;5,0562;6,5926;2025-10-05;2026-10-04
WTA;Kajsa Rinaldo Persson;52;Clay;ALL;34;0,2532;1,1563;4,4726;6,6949;2025-10-05;2026-10-04
WTA;Kamilla Rakhimova;52;Clay;ALL;5;2,7363;4,4118;6,7164;6,5902;2025-10-05;2026-10-04
WTA;Karolina Muchova;52;Clay;ALL;6;4,9296;3,2941;1,4085;6,4545;2025-10-05;2026-10-04
WTA;Karolina Pliskova;52;Clay;ALL;12;5,4324;5,0;7,6497;6,4892;2025-10-05;2026-10-04
WTA;Katarina Zavatska;52;Clay;ALL;33;1,2617;0,4243;2,757;6,3501;2025-10-05;2026-10-04
WTA;Katarzyna Kawa;52;Clay;ALL;30;1,8577;1,9681;4,8301;6,6338;2025-10-05;2026-10-04
WTA;Katerina Siniakova;52;Clay;ALL;6;1,227;1,6736;4,499;7,1912;2025-10-05;2026-10-04
WTA;Katherine Sebov;52;Clay;ALL;2;0,0;2,8037;0,7874;6,35;2025-10-05;2026-10-04
WTA;Katie Boulter;52;Clay;ALL;9;5,5096;3,9716;5,6474;7,0485;2025-10-05;2026-10-04
WTA;Katie Volynets;52;Clay;ALL;8;1,1628;1,7212;2,1595;6,764;2025-10-05;2026-10-04
WTA;Katrina Scott;52;Clay;ALL;12;1,0917;2,8474;2,1834;6,8872;2025-10-05;2026-10-04
WTA;Kayla Cross;52;Clay;ALL;3;8,1081;2,0;9,7297;6,1667;2025-10-05;2026-10-04
WTA;Kayla Day;52;Clay;ALL;17;3,4367;1,6434;3,5205;6,5912;2025-10-05;2026-10-04
WTA;Kimberly Birrell;52;Clay;ALL;2;3,4014;5,8824;6,1224;6,125;2025-10-05;2026-10-04
WTA;Kristina Liutova;52;Clay;ALL;7;0,1953;0,8421;2,9297;6,7368;2025-10-05;2026-10-04
WTA;Laura Pigossi;52;Clay;ALL;41;1,5077;1,0458;4,3478;6,9392;2025-10-05;2026-10-04
WTA;Laura Samson;52;Clay;ALL;41;2,4441;1,7899;6,8158;6,7558;2025-10-05;2026-10-04
WTA;Laura Siegemund;52;Clay;ALL;7;1,6575;2,9412;2,7624;7,0519;2025-10-05;2026-10-04
WTA;Lea Ma;52;Clay;ALL;9;4,0519;2,5554;4,2139;6,8556;2025-10-05;2026-10-04
WTA;Leolia Jeanjean;52;Clay;ALL;23;2,0089;3,0286;5,0223;6,7368;2025-10-05;2026-10-04
WTA;Leylah Fernandez;52;Clay;ALL;14;2,7599;3,5104;6,7157;6,9236;2025-10-05;2026-10-04
WTA;Leyre Romero Gormaz;52;Clay;ALL;46;2,8048;1,4798;6,1534;6,8242;2025-10-05;2026-10-04
WTA;Lilli Tagger;52;Clay;ALL;10;4,2424;2,1563;3,3333;6,4078;2025-10-05;2026-10-04
WTA;Linda Fruhvirtova;52;Clay;ALL;3;3,6036;0,3922;9,9099;6,1667;2025-10-05;2026-10-04
WTA;Linda Klimovicova;52;Clay;ALL;5;2,3256;0,5917;6,9767;6,2708;2025-10-05;2026-10-04
WTA;Linda Noskova;52;Clay;ALL;9;9,7643;7,7049;7,7441;6,4565;2025-10-05;2026-10-04
WTA;Lisa Pigato;52;Clay;ALL;43;1,0881;2,3717;5,1948;6,6102;2025-10-05;2026-10-04
WTA;Lisa Zaar;52;Clay;ALL;46;0,0908;1,3002;3,2092;6,7271;2025-10-05;2026-10-04
WTA;Liudmila Samsonova;52;Clay;ALL;7;3,6458;4,1943;5,2083;6,2951;2025-10-05;2026-10-04
WTA;Lois Boisson;52;Clay;ALL;5;3,3803;2,6144;4,7887;6,9608;2025-10-05;2026-10-04
WTA;Lola Radivojevic;52;Clay;ALL;26;4,3713;2,1858;4,4253;6,8125;2025-10-05;2026-10-04
WTA;Lucia Bronzetti;52;Clay;ALL;38;1,6171;2,3749;3,836;6,6809;2025-10-05;2026-10-04
WTA;Lucie Havlickova;52;Clay;ALL;14;3,9216;2,4691;7,1611;7,5192;2025-10-05;2026-10-04
WTA;Lucrezia Stefanini;52;Clay;ALL;3;0,0;2,0619;5,5276;6,8621;2025-10-05;2026-10-04
WTA;Luisina Giovannini;52;Clay;ALL;49;2,1502;0,8254;4,2381;6,3924;2025-10-05;2026-10-04
WTA;Lulu Sun;52;Clay;ALL;2;1,6949;3,2258;3,3898;7,375;2025-10-05;2026-10-04
WTA;Maddison Inglis;52;Clay;ALL;1;5,3571;0,0;5,3571;7,0;2025-10-05;2026-10-04
WTA;Madison Brengle;52;Clay;ALL;24;0,0;0,8182;3,6207;6,7969;2025-10-05;2026-10-04
WTA;Madison Keys;52;Clay;ALL;11;6,2235;2,3226;2,8289;6,3125;2025-10-05;2026-10-04
WTA;Magda Linette;52;Clay;ALL;3;4,698;6,0976;2,0134;5,7308;2025-10-05;2026-10-04
WTA;Magdalena Frech;52;Clay;ALL;5;3,2746;2,1563;2,267;6,9649;2025-10-05;2026-10-04
WTA;Mai Hontama;52;Clay;ALL;7;0,7117;2,1598;6,5836;7,3947;2025-10-05;2026-10-04
WTA;Maja Chwalinska;52;Clay;ALL;22;1,0332;1,9737;3,69;6,3615;2025-10-05;2026-10-04
WTA;Maria Lourdes Carle;52;Clay;ALL;38;0,9562;0,6517;8,79;6,7637;2025-10-05;2026-10-04
WTA;Maria Sakkari;52;Clay;ALL;5;2,4242;5,3691;3,0303;6,4706;2025-10-05;2026-10-04
WTA;Maria Timofeeva;52;Clay;ALL;17;2,4074;0,5146;4,7222;6,5455;2025-10-05;2026-10-04
WTA;Marie Bouzkova;52;Clay;ALL;10;1,5598;1,8456;5,7192;6,4831;2025-10-05;2026-10-04
WTA;Marina Bassols Ribera;52;Clay;ALL;24;0,6765;1,7078;5,4736;6,9191;2025-10-05;2026-10-04
WTA;Marta Kostyuk;52;Clay;ALL;11;4,5455;1,1445;6,392;6,5185;2025-10-05;2026-10-04
WTA;Martha Matoula;52;Clay;ALL;52;1,0252;0,9844;4,1009;6,8094;2025-10-05;2026-10-04
WTA;Martina Capurro Taborda;52;Clay;ALL;45;0,7493;0,8385;6,5054;6,5536;2025-10-05;2026-10-04
WTA;Martyna Kubka;52;Clay;ALL;4;4,1494;6,8273;2,9046;6,1795;2025-10-05;2026-10-04
WTA;Mary Stoiana;52;Clay;ALL;14;1,6112;2,6639;4,2965;6,1656;2025-10-05;2026-10-04
WTA;Matilde Jorge;52;Clay;ALL;7;1,5385;0,9058;8,3761;7,3125;2025-10-05;2026-10-04
WTA;Maya Joint;52;Clay;ALL;5;1,7241;1,6447;4,023;6,8235;2025-10-05;2026-10-04
WTA;Mayar Sherif;52;Clay;ALL;53;1,1661;1,2057;2,98;6,6534;2025-10-05;2026-10-04
WTA;Mccartney Kessler;52;Clay;ALL;8;2,0833;1,0381;5,0347;6,7765;2025-10-05;2026-10-04
WTA;Mia Pohankova;52;Clay;ALL;8;3,8285;0,1385;5,2067;6,6633;2025-10-05;2026-10-04
WTA;Mia Ristic;52;Clay;ALL;38;2,3565;2,0015;1,1403;6,5124;2025-10-05;2026-10-04
WTA;Mina Hodzic;52;Clay;ALL;23;2,8892;2,4069;4,658;6,5736;2025-10-05;2026-10-04
WTA;Mirra Andreeva;52;Clay;ALL;18;4,4085;3,37;4,6289;6,6716;2025-10-05;2026-10-04
WTA;Mona Barthel;52;Clay;ALL;17;3,0655;2,4603;10,2734;6,7056;2025-10-05;2026-10-04
WTA;Moyuka Uchijima;52;Clay;ALL;24;2,2184;1,7516;4,5506;6,5353;2025-10-05;2026-10-04
WTA;Nadia Podoroska;52;Clay;ALL;17;1,2967;0,9016;7,2464;6,6888;2025-10-05;2026-10-04
WTA;Nao Hibino;52;Clay;ALL;2;0,7576;2,7027;3,0303;6,0;2025-10-05;2026-10-04
WTA;Naomi Osaka;52;Clay;ALL;6;5,1887;2,6042;4,9528;6,7302;2025-10-05;2026-10-04
WTA;Nikola Bartunkova;52;Clay;ALL;5;4,7872;3,0691;7,4468;6,3729;2025-10-05;2026-10-04
WTA;Noemi Basiletti;52;Clay;ALL;36;0,3416;1,192;2,5619;6,5419;2025-10-05;2026-10-04
WTA;Noma Noha Akugue;52;Clay;ALL;27;2,4598;1,2698;4,3173;6,64;2025-10-05;2026-10-04
WTA;Nuria Brancaccio;52;Clay;ALL;43;1,7241;1,1901;3,5121;6,7066;2025-10-05;2026-10-04
WTA;Oksana Selekhmeteva;52;Clay;ALL;16;1,7814;1,7309;12,1457;6,9382;2025-10-05;2026-10-04
WTA;Oleksandra Oliynykova;52;Clay;ALL;45;1,0309;1,2184;3,5926;6,7107;2025-10-05;2026-10-04
WTA;Panna Udvardy;52;Clay;ALL;46;2,9981;2,375;4,0912;6,7128;2025-10-05;2026-10-04
WTA;Paula Badosa;52;Clay;ALL;19;4,5157;1,6297;8,8128;6,4764;2025-10-05;2026-10-04
WTA;Petra Marcinko;52;Clay;ALL;19;2,7162;1,8077;7,005;6,7913;2025-10-05;2026-10-04
WTA;Peyton Stearns;52;Clay;ALL;9;3,5604;4,6225;4,1796;6,46;2025-10-05;2026-10-04
WTA;Polina Iatcenko;52;Clay;ALL;1;7,6923;0,0;1,9231;6,5;2025-10-05;2026-10-04
WTA;Polina Kudermetova;52;Clay;ALL;20;2,6264;2,3856;5,0558;6,7689;2025-10-05;2026-10-04
WTA;Polona Hercog;52;Clay;ALL;41;2,9358;0,9124;3,552;6,6322;2025-10-05;2026-10-04
WTA;Priscilla Hon;52;Clay;ALL;1;4,4643;0,0;2,6786;6,5882;2025-10-05;2026-10-04
WTA;Qinwen Zheng;52;Clay;ALL;5;13,0;3,4826;6,5;6,0606;2025-10-05;2026-10-04
WTA;Rebecca Sramkova;52;Clay;ALL;7;2,6144;2,9772;2,9412;7,2;2025-10-05;2026-10-04
WTA;Rebeka Masarova;52;Clay;ALL;15;5,5369;0,5752;8,1376;6,5137;2025-10-05;2026-10-04
WTA;Renata Zarazua;52;Clay;ALL;10;0,1333;1,5894;2,2667;6,4655;2025-10-05;2026-10-04
WTA;Robin Montgomery;52;Clay;ALL;10;2,8264;2,0566;8,4791;6,4052;2025-10-05;2026-10-04
WTA;Rositsa Dencheva;52;Clay;ALL;43;0,5892;0,8673;2,8478;6,7291;2025-10-05;2026-10-04
WTA;Samira De Stefano;52;Clay;ALL;26;0,5558;2,2291;3,7898;6,8715;2025-10-05;2026-10-04
WTA;Sara Bejlek;52;Clay;ALL;16;0,4812;1,2634;3,2724;6,6178;2025-10-05;2026-10-04
WTA;Sara Saito;52;Clay;ALL;4;0,3077;1,2539;10,1538;6,9149;2025-10-05;2026-10-04
WTA;Sara Sorribes Tormo;52;Clay;ALL;26;0,253;0,8612;3,4413;6,885;2025-10-05;2026-10-04
WTA;Selena Janicijevic;52;Clay;ALL;46;2,1698;0,9556;4,7543;6,6823;2025-10-05;2026-10-04
WTA;Shuai Zhang;52;Clay;ALL;11;2,3864;5,7692;3,8636;7,3333;2025-10-05;2026-10-04
WTA;Simona Waltert;52;Clay;ALL;35;1,5337;1,7283;5,3681;6,774;2025-10-05;2026-10-04
WTA;Sinja Kraus;52;Clay;ALL;32;1,1509;2,2628;4,7315;6,8198;2025-10-05;2026-10-04
WTA;Sloane Stephens;52;Clay;ALL;6;1,1848;3,3943;3,3175;6,918;2025-10-05;2026-10-04
WTA;Sofia Costoulas;52;Clay;ALL;13;3,908;2,4444;6,092;6,5414;2025-10-05;2026-10-04
WTA;Sofia Kenin;52;Clay;ALL;5;3,9773;8,9431;5,3977;6,2857;2025-10-05;2026-10-04
WTA;Sofya Lansere;52;Clay;ALL;21;1,6567;1,117;9,0789;6,922;2025-10-05;2026-10-04
WTA;Solana Sierra;52;Clay;ALL;21;2,5712;1,107;7,5747;7,0195;2025-10-05;2026-10-04
WTA;Sorana Cirstea;52;Clay;ALL;13;4,9505;3,2955;1,9802;6,0752;2025-10-05;2026-10-04
WTA;Storm Hunter;52;Clay;ALL;4;1,5576;3,0488;9,6573;6,1731;2025-10-05;2026-10-04
WTA;Susan Bandecchi;52;Clay;ALL;7;0,7561;3,964;2,8355;6,5309;2025-10-05;2026-10-04
WTA;Suzan Lamens;52;Clay;ALL;7;1,3283;1,6;10,0569;6,8442;2025-10-05;2026-10-04
WTA;Talia Gibson;52;Clay;ALL;6;3,6559;3,2823;7,0968;6,7391;2025-10-05;2026-10-04
WTA;Tamara Korpatsch;52;Clay;ALL;20;1,25;0,9123;3,5417;6,6667;2025-10-05;2026-10-04
WTA;Tamara Zidansek;52;Clay;ALL;24;1,1173;1,3444;4,7232;6,9331;2025-10-05;2026-10-04
WTA;Tatiana Prozorova;52;Clay;ALL;2;1,6807;1,4286;3,3613;5,6667;2025-10-05;2026-10-04
WTA;Tatjana Maria;52;Clay;ALL;13;7,5776;2,8894;3,4783;6,4919;2025-10-05;2026-10-04
WTA;Taylah Preston;52;Clay;ALL;1;0,0;2,5974;4,6875;6,4;2025-10-05;2026-10-04
WTA;Taylor Townsend;52;Clay;ALL;4;4,2969;3,3058;1,9531;6,5641;2025-10-05;2026-10-04
WTA;Teodora Kostovic;52;Clay;ALL;30;3,1676;1,7552;4,0448;6,5769;2025-10-05;2026-10-04
WTA;Tereza Valentova;52;Clay;ALL;8;1,5823;1,0152;5,538;7,2644;2025-10-05;2026-10-04
WTA;Tyra Caterina Grant;52;Clay;ALL;25;2,4924;2,2327;5,9574;6,5278;2025-10-05;2026-10-04
WTA;Valentina Ryser;52;Clay;ALL;1;3,3333;4,0816;1,6667;6,0;2025-10-05;2026-10-04
WTA;Varvara Lepchenko;52;Clay;ALL;27;2,8599;1,5965;3,5272;6,947;2025-10-05;2026-10-04
WTA;Vera Zvonareva;52;Clay;ALL;1;0,0;5,7692;4,8387;6,8889;2025-10-05;2026-10-04
WTA;Veronika Erjavec;52;Clay;ALL;35;1,1226;1,5364;2,4248;6,5693;2025-10-05;2026-10-04
WTA;Veronika Podrez;52;Clay;ALL;6;2,7431;1,8947;9,9751;6,5738;2025-10-05;2026-10-04
WTA;Victoria Jimenez Kasintseva;52;Clay;ALL;9;1,6393;3,0593;6,7395;6,4588;2025-10-05;2026-10-04
WTA;Victoria Mboko;52;Clay;ALL;5;4,4226;2,2284;5,8968;7,2679;2025-10-05;2026-10-04
WTA;Viktoria Morvayova;52;Clay;ALL;3;0,0;3,125;2,454;6,037;2025-10-05;2026-10-04
WTA;Viktorija Golubic;52;Clay;ALL;10;0,9642;3,0151;2,3416;6,7222;2025-10-05;2026-10-04
WTA;Vivian Wolff;52;Clay;ALL;18;1,5195;1,8223;5,1375;6,8756;2025-10-05;2026-10-04
WTA;Weronika Falkowska;52;Clay;ALL;27;3,6151;0,8523;5,4505;6,684;2025-10-05;2026-10-04
WTA;Whitney Osuigwe;52;Clay;ALL;12;1,5644;0,9988;5,8965;6,648;2025-10-05;2026-10-04
WTA;Xiaodi You;52;Clay;ALL;8;1,0381;1,7054;5,1903;6,4944;2025-10-05;2026-10-04
WTA;Xin Yu Wang;52;Clay;ALL;7;2,1645;4,0984;4,1126;6,4167;2025-10-05;2026-10-04
WTA;Xinxin Yao;52;Clay;ALL;13;1,25;1,0135;0,9375;7,3846;2025-10-05;2026-10-04
WTA;Xinyu Gao;52;Clay;ALL;11;2,5357;2,2654;3,4865;6,3737;2025-10-05;2026-10-04
WTA;Xiyu Wang;52;Clay;ALL;15;0,9494;1,383;2,5316;6,8201;2025-10-05;2026-10-04
WTA;Yasmine Kabbaj;52;Clay;ALL;38;0,5648;1,9209;6,036;6,8596;2025-10-05;2026-10-04
WTA;Ye Xin Ma;52;Clay;ALL;1;1,6667;0,0;6,6667;6,0;2025-10-05;2026-10-04
WTA;Yeon Woo Ku;52;Clay;ALL;1;0,0;1,5625;6,6667;5,625;2025-10-05;2026-10-04
WTA;Yue Yuan;52;Clay;ALL;11;1,5419;1,4574;1,7621;6,8788;2025-10-05;2026-10-04
WTA;Yufei Ren;52;Clay;ALL;15;0,8273;2,505;3,1024;6,669;2025-10-05;2026-10-04
WTA;Yuki Naito;52;Clay;ALL;3;0,0;1,1628;6,6667;6,3636;2025-10-05;2026-10-04
WTA;Yulia Putintseva;52;Clay;ALL;16;2,1151;2,2433;2,1151;7,2515;2025-10-05;2026-10-04
WTA;Yuliia Starodubtseva;52;Clay;ALL;15;1,4368;1,7493;3,2567;6,6076;2025-10-05;2026-10-04
WTA;Zeynep Sonmez;52;Clay;ALL;7;0,7273;2,2346;2,5455;6,875;2025-10-05;2026-10-04
WTA;Ajla Tomljanovic;52;Grass;WTA;1;1,2346;0,0;7,4074;6,2308;2025-10-05;2026-10-04
WTA;Alexandra Eala;52;Grass;WTA;11;4,4236;6,9892;2,681;6,7207;2025-10-05;2026-10-04
WTA;Alicia Dudeney;52;Grass;WTA;1;0,0;3,2787;7,0175;6,3333;2025-10-05;2026-10-04
WTA;Alina Korneeva;52;Grass;WTA;1;4,5455;1,3333;1,1364;8,0;2025-10-05;2026-10-04
WTA;Alycia Parks;52;Grass;WTA;2;6,0345;2,5641;6,8966;6,4444;2025-10-05;2026-10-04
WTA;Amanda Anisimova;52;Grass;WTA;5;8,3544;1,7291;6,8354;6,8103;2025-10-05;2026-10-04
WTA;Anastasia Gasanova;52;Grass;WTA;2;0,8696;10,989;9,5652;7,1875;2025-10-05;2026-10-04
WTA;Anastasia Potapova;52;Grass;WTA;2;1,1364;2,5;9,0909;7,3333;2025-10-05;2026-10-04
WTA;Anastasia Zakharova;52;Grass;WTA;1;0,0;24,3902;2,2727;5,5;2025-10-05;2026-10-04
WTA;Anhelina Kalinina;52;Grass;WTA;1;3,2609;3,0928;6,5217;5,75;2025-10-05;2026-10-04
WTA;Ann Li;52;Grass;WTA;2;9,8958;5,7895;4,6875;7,1111;2025-10-05;2026-10-04
WTA;Anna Blinkova;52;Grass;WTA;3;1,5038;3,7594;4,5113;7,3889;2025-10-05;2026-10-04
WTA;Anna Bondar;52;Grass;WTA;1;3,252;5,1282;5,6911;7,2353;2025-10-05;2026-10-04
WTA;Anna Kalinskaya;52;Grass;WTA;6;6,3107;7,3222;6,3107;6,2424;2025-10-05;2026-10-04
WTA;Antonia Ruzic;52;Grass;WTA;3;2,7027;6,7416;2,1622;6,1667;2025-10-05;2026-10-04
WTA;Aryna Sabalenka;52;Grass;WTA;7;9,4488;7,1705;4,3307;6,5974;2025-10-05;2026-10-04
WTA;Ashlyn Krueger;52;Grass;WTA;4;6,1151;3,1373;9,7122;6,7805;2025-10-05;2026-10-04
WTA;Barbora Krejcikova;52;Grass;WTA;4;4,1237;7,2327;4,1237;7,4615;2025-10-05;2026-10-04
WTA;Belinda Bencic;52;Grass;WTA;4;3,3003;6,129;4,6205;6,4468;2025-10-05;2026-10-04
WTA;Bianca Andreescu;52;Grass;WTA;1;8,4211;2,2222;3,1579;7,9167;2025-10-05;2026-10-04
WTA;Camila Osorio;52;Grass;WTA;2;3,2;6,2937;5,6;5,9524;2025-10-05;2026-10-04
WTA;Caty Mcnally;52;Grass;WTA;2;1,6393;5,6;6,5574;6,7778;2025-10-05;2026-10-04
WTA;Claire Liu;52;Grass;WTA;3;1,1236;2,0833;4,1199;6,5122;2025-10-05;2026-10-04
WTA;Clara Tauson;52;Grass;WTA;5;10,7463;6,4599;5,0746;6,0909;2025-10-05;2026-10-04
WTA;Coco Gauff;52;Grass;WTA;7;6,8611;1,8152;6,518;6,337;2025-10-05;2026-10-04
WTA;Daria Kasatkina;52;Grass;WTA;3;2,6923;5,2885;8,0769;7,4286;2025-10-05;2026-10-04
WTA;Daria Snigur;52;Grass;WTA;3;1,6949;3,8674;1,1299;6,5556;2025-10-05;2026-10-04
WTA;Darja Semenistaja;52;Grass;WTA;1;3,9474;3,0612;1,3158;5,8462;2025-10-05;2026-10-04
WTA;Darja Vidmanova;52;Grass;WTA;1;1,6949;7,0175;0,0;5,3636;2025-10-05;2026-10-04
WTA;Dayana Yastremska;52;Grass;WTA;2;2,9557;3,1674;3,4483;6,3438;2025-10-05;2026-10-04
WTA;Diana Shnaider;52;Grass;WTA;4;2,071;6,4846;5,6213;7,1915;2025-10-05;2026-10-04
WTA;Diane Parry;52;Grass;WTA;4;8,6093;5,6818;4,6358;6,8636;2025-10-05;2026-10-04
WTA;Donna Vekic;52;Grass;WTA;7;5,5888;5,0847;3,3932;6,4231;2025-10-05;2026-10-04
WTA;Ekaterina Alexandrova;52;Grass;WTA;8;7,0397;6,4151;3,9711;6,8395;2025-10-05;2026-10-04
WTA;Elena Gabriela Ruse;52;Grass;WTA;5;11,5646;4,6205;9,1837;6,2553;2025-10-05;2026-10-04
WTA;Elena Rybakina;52;Grass;WTA;6;8,6667;3,7475;5,7778;6,338;2025-10-05;2026-10-04
WTA;Elina Svitolina;52;Grass;WTA;5;6,5625;3,6232;5,625;6,8085;2025-10-05;2026-10-04
WTA;Elisabetta Cocciaretto;52;Grass;WTA;1;1,3158;3,6145;7,8947;6,3333;2025-10-05;2026-10-04
WTA;Elise Mertens;52;Grass;WTA;9;7,2698;4,3716;8,4006;7,0341;2025-10-05;2026-10-04
WTA;Ella Seidel;52;Grass;WTA;1;4,6875;17,0213;4,6875;6,4;2025-10-05;2026-10-04
WTA;Elsa Jacquemot;52;Grass;WTA;1;3,2787;9,8592;6,5574;6,7778;2025-10-05;2026-10-04
WTA;Emiliana Arango;52;Grass;WTA;1;4,5455;0,0;2,2727;5,5;2025-10-05;2026-10-04
WTA;Emma Navarro;52;Grass;WTA;6;5,6485;5,7203;5,6485;6,2895;2025-10-05;2026-10-04
WTA;Emma Raducanu;52;Grass;WTA;5;2,7778;2,6515;4,5139;6,4;2025-10-05;2026-10-04
WTA;Eva Lys;52;Grass;WTA;4;1,9157;9,1575;4,9808;6,8684;2025-10-05;2026-10-04
WTA;Francesca Jones;52;Grass;WTA;2;2,2727;11,215;4,5455;7,3333;2025-10-05;2026-10-04
WTA;Hanne Vandewinkel;52;Grass;WTA;1;4,7619;0,0;1,1905;6,0;2025-10-05;2026-10-04
WTA;Harriet Dart;52;Grass;WTA;3;4,1379;2,5;5,8621;6,5909;2025-10-05;2026-10-04
WTA;Iga Swiatek;52;Grass;WTA;4;3,2491;4,4025;10,1083;6,2955;2025-10-05;2026-10-04
WTA;Iryna Shymanovich;52;Grass;WTA;1;2,4096;2,8571;4,8193;7,5455;2025-10-05;2026-10-04
WTA;Iva Jovic;52;Grass;WTA;8;2,5878;3,8113;4,2514;6,5181;2025-10-05;2026-10-04
WTA;Janice Tjen;52;Grass;WTA;2;5,5556;4,6875;2,7778;6,2609;2025-10-05;2026-10-04
WTA;Jaqueline Cristian;52;Grass;WTA;3;6,3218;7,4074;4,5977;6,2143;2025-10-05;2026-10-04
WTA;Jasmine Paolini;52;Grass;WTA;5;1,6279;3,8123;1,3953;7,5439;2025-10-05;2026-10-04
WTA;Jelena Ostapenko;52;Grass;WTA;3;8,2524;6,5657;10,6796;6,6452;2025-10-05;2026-10-04
WTA;Jessica Bouzas Maneiro;52;Grass;WTA;3;2,0408;2,3697;3,0612;6,5333;2025-10-05;2026-10-04
WTA;Jessica Pegula;52;Grass;WTA;9;6,2691;6,0056;1,5291;6,2885;2025-10-05;2026-10-04
WTA;Kamilla Rakhimova;52;Grass;WTA;4;1,3774;5,571;6,3361;6,4821;2025-10-05;2026-10-04
WTA;Karolina Muchova;52;Grass;WTA;13;7,6923;5,7013;2,6036;6,2132;2025-10-05;2026-10-04
WTA;Karolina Pliskova;52;Grass;WTA;5;5,8172;4,1176;8,5873;6,4464;2025-10-05;2026-10-04
WTA;Katerina Siniakova;52;Grass;WTA;5;4,8433;7,1856;7,1225;7,3125;2025-10-05;2026-10-04
WTA;Katie Boulter;52;Grass;WTA;6;4,0426;6,0797;10,0;6,6197;2025-10-05;2026-10-04
WTA;Katie Swan;52;Grass;WTA;2;1,8349;6,25;8,2569;6,0556;2025-10-05;2026-10-04
WTA;Kayla Day;52;Grass;WTA;1;2,521;2,8571;4,2017;7,4375;2025-10-05;2026-10-04
WTA;Kimberly Birrell;52;Grass;WTA;2;2,2901;7,0423;7,6336;6,2381;2025-10-05;2026-10-04
WTA;Lanlana Tararudee;52;Grass;WTA;2;2,1622;7,8534;2,7027;6,3793;2025-10-05;2026-10-04
WTA;Laura Siegemund;52;Grass;WTA;3;2,6846;6,2112;4,0268;5,7308;2025-10-05;2026-10-04
WTA;Leolia Jeanjean;52;Grass;WTA;2;2,8902;2,5907;6,3584;6,6538;2025-10-05;2026-10-04
WTA;Leylah Fernandez;52;Grass;WTA;4;3,9267;6,5147;7,0681;7,3462;2025-10-05;2026-10-04
WTA;Lilli Tagger;52;Grass;WTA;1;7,2727;2,7027;1,8182;6,4706;2025-10-05;2026-10-04
WTA;Linda Noskova;52;Grass;WTA;13;9,5344;8,3425;5,0998;6,3521;2025-10-05;2026-10-04
WTA;Liudmila Samsonova;52;Grass;WTA;7;5,8626;3,6606;6,0302;6,7079;2025-10-05;2026-10-04
WTA;Lois Boisson;52;Grass;WTA;1;3,6145;7,6923;6,0241;6,3846;2025-10-05;2026-10-04
WTA;Maddison Inglis;52;Grass;WTA;1;1,0309;4,6729;3,0928;6,4667;2025-10-05;2026-10-04
WTA;Madison Keys;52;Grass;WTA;7;6,9632;3,0965;3,675;6,4625;2025-10-05;2026-10-04
WTA;Magda Linette;52;Grass;WTA;1;2,6316;9,6386;2,6316;6,9091;2025-10-05;2026-10-04
WTA;Magdalena Frech;52;Grass;WTA;3;3,719;3,3333;6,1983;8,0667;2025-10-05;2026-10-04
WTA;Maja Chwalinska;52;Grass;WTA;1;2,1978;3,7037;3,2967;6,5;2025-10-05;2026-10-04
WTA;Mananchaya Sawangkaew;52;Grass;WTA;3;2,9661;3,7559;5,9322;7,1515;2025-10-05;2026-10-04
WTA;Maria Sakkari;52;Grass;WTA;4;5,4545;3,9526;6,1818;7,2368;2025-10-05;2026-10-04
WTA;Maria Timofeeva;52;Grass;WTA;2;2,1739;1,5873;3,6232;6,9;2025-10-05;2026-10-04
WTA;Marie Bouzkova;52;Grass;WTA;6;2,193;3,9139;4,386;6,806;2025-10-05;2026-10-04
WTA;Marta Kostyuk;52;Grass;WTA;6;5,569;0,6818;5,3269;6,4531;2025-10-05;2026-10-04
WTA;Maya Joint;52;Grass;WTA;2;5,0;6,2857;3,6364;8,1481;2025-10-05;2026-10-04
WTA;Mccartney Kessler;52;Grass;WTA;3;2,9126;5,1163;4,3689;6,8667;2025-10-05;2026-10-04
WTA;Mika Stojsavljevic;52;Grass;WTA;2;4,9505;3,8835;5,9406;6,7333;2025-10-05;2026-10-04
WTA;Mirra Andreeva;52;Grass;WTA;3;6,4394;4,6875;4,9242;7,3333;2025-10-05;2026-10-04
WTA;Nadia Podoroska;52;Grass;WTA;1;0,0;12,5;10,2564;5,5714;2025-10-05;2026-10-04
WTA;Naomi Osaka;52;Grass;WTA;10;11,6451;4,1591;2,7726;6,2184;2025-10-05;2026-10-04
WTA;Nikola Bartunkova;52;Grass;WTA;6;8,2278;4,0936;6,962;6,4932;2025-10-05;2026-10-04
WTA;Oksana Selekhmeteva;52;Grass;WTA;2;0,641;1,9608;14,1026;6,7826;2025-10-05;2026-10-04
WTA;Oleksandra Oliynykova;52;Grass;WTA;1;2,5;0,0;5,0;6,6667;2025-10-05;2026-10-04
WTA;Panna Udvardy;52;Grass;WTA;1;7,4627;8,1967;7,4627;7,4444;2025-10-05;2026-10-04
WTA;Paula Badosa;52;Grass;WTA;4;8,0986;9,9291;9,507;6,4545;2025-10-05;2026-10-04
WTA;Petra Marcinko;52;Grass;WTA;1;5,4054;2,7027;16,2162;6,7273;2025-10-05;2026-10-04
WTA;Peyton Stearns;52;Grass;WTA;1;0,9346;14,4444;1,8692;6,6875;2025-10-05;2026-10-04
WTA;Polina Kudermetova;52;Grass;WTA;2;4,5872;6,25;10,0917;6,4118;2025-10-05;2026-10-04
WTA;Qinwen Zheng;52;Grass;WTA;4;11,0429;7,1217;8,2822;6,2692;2025-10-05;2026-10-04
WTA;Rebeka Masarova;52;Grass;WTA;1;12,2449;3,5714;2,0408;5,4444;2025-10-05;2026-10-04
WTA;Renata Zarazua;52;Grass;WTA;3;0,6579;16,9014;3,2895;6,9091;2025-10-05;2026-10-04
WTA;Robin Montgomery;52;Grass;WTA;1;7,7778;3,0075;4,4444;6,4286;2025-10-05;2026-10-04
WTA;Sara Bejlek;52;Grass;WTA;1;1,7857;2,7027;1,7857;6,2222;2025-10-05;2026-10-04
WTA;Sara Sorribes Tormo;52;Grass;WTA;2;1,9048;4,5872;1,9048;5,8333;2025-10-05;2026-10-04
WTA;Shuai Zhang;52;Grass;WTA;4;3,4188;10,9848;2,5641;6,5;2025-10-05;2026-10-04
WTA;Simona Waltert;52;Grass;WTA;1;0,0;2,5641;6,25;6,8571;2025-10-05;2026-10-04
WTA;Sinja Kraus;52;Grass;WTA;2;3,1496;3,4483;3,1496;7,0556;2025-10-05;2026-10-04
WTA;Sofia Kenin;52;Grass;WTA;2;1,2195;13,4078;4,878;6,3077;2025-10-05;2026-10-04
WTA;Solana Sierra;52;Grass;WTA;3;2,4316;8,7379;7,5988;7,0;2025-10-05;2026-10-04
WTA;Sorana Cirstea;52;Grass;WTA;5;6,8878;2,9178;3,5714;6,7586;2025-10-05;2026-10-04
WTA;Suzan Lamens;52;Grass;WTA;1;4,0;14,0351;10,0;6,25;2025-10-05;2026-10-04
WTA;Talia Gibson;52;Grass;WTA;1;2,7027;5,0;7,2072;9,25;2025-10-05;2026-10-04
WTA;Tamara Korpatsch;52;Grass;WTA;1;2,381;7,6923;4,7619;6,0;2025-10-05;2026-10-04
WTA;Tatjana Maria;52;Grass;WTA;4;4,8689;5,1661;3,7453;6,5122;2025-10-05;2026-10-04
WTA;Taylor Townsend;52;Grass;WTA;1;3,9474;2,3529;2,6316;6,3333;2025-10-05;2026-10-04
WTA;Teodora Kostovic;52;Grass;WTA;1;6,7797;12,5;1,6949;6,5556;2025-10-05;2026-10-04
WTA;Tereza Valentova;52;Grass;WTA;1;1,9608;4,918;0,0;5,6667;2025-10-05;2026-10-04
WTA;Tyra Caterina Grant;52;Grass;WTA;2;6,6667;4,5872;14,1667;6,3158;2025-10-05;2026-10-04
WTA;Veronika Erjavec;52;Grass;WTA;1;1,5625;3,6697;0,7812;8,0;2025-10-05;2026-10-04
WTA;Victoria Jimenez Kasintseva;52;Grass;WTA;1;0,0;4,2553;2,1277;5,875;2025-10-05;2026-10-04
WTA;Victoria Mboko;52;Grass;WTA;1;8,6957;8,3333;8,6957;5,75;2025-10-05;2026-10-04
WTA;Viktorija Golubic;52;Grass;WTA;2;1,4184;1,1905;2,8369;6,1304;2025-10-05;2026-10-04
WTA;Xin Yu Wang;52;Grass;WTA;6;8,0214;4,8632;4,2781;6,4483;2025-10-05;2026-10-04
WTA;Yulia Putintseva;52;Grass;WTA;1;1,4085;5,0;5,6338;7,1;2025-10-05;2026-10-04
WTA;Yuliia Starodubtseva;52;Grass;WTA;1;2,9412;1,8868;2,9412;6,8;2025-10-05;2026-10-04
WTA;Zeynep Sonmez;52;Grass;WTA;2;0,0;6,4706;2,9197;5,7083;2025-10-05;2026-10-04
WTA;Ajla Tomljanovic;52;Grass;ALL;8;1,9078;5,3459;6,6773;6,6211;2025-10-05;2026-10-04
WTA;Akasha Urhobo;52;Grass;ALL;2;5,4545;0,8065;8,1818;6,1111;2025-10-05;2026-10-04
WTA;Alexandra Eala;52;Grass;ALL;16;3,523;6,3712;2,981;6,5893;2025-10-05;2026-10-04
WTA;Alicia Dudeney;52;Grass;ALL;6;3,6613;1,8182;7,7803;6,6212;2025-10-05;2026-10-04
WTA;Alina Charaeva;52;Grass;ALL;2;0,0;2,8037;3,7037;6,0;2025-10-05;2026-10-04
WTA;Alina Korneeva;52;Grass;ALL;2;2,5478;1,4599;3,8217;7,1364;2025-10-05;2026-10-04
WTA;Alycia Parks;52;Grass;ALL;2;6,0345;2,5641;6,8966;6,4444;2025-10-05;2026-10-04
WTA;Amanda Anisimova;52;Grass;ALL;5;8,3544;1,7291;6,8354;6,8103;2025-10-05;2026-10-04
WTA;Anastasia Gasanova;52;Grass;ALL;2;0,8696;10,989;9,5652;7,1875;2025-10-05;2026-10-04
WTA;Anastasia Potapova;52;Grass;ALL;4;1,7316;2,8986;6,0606;7,0;2025-10-05;2026-10-04
WTA;Anastasia Tikhonova;52;Grass;ALL;4;6,6667;4,2636;7,9167;6,3158;2025-10-05;2026-10-04
WTA;Anastasia Zakharova;52;Grass;ALL;3;0,5618;12,0879;2,809;6,1379;2025-10-05;2026-10-04
WTA;Anhelina Kalinina;52;Grass;ALL;3;2,8455;3,719;8,1301;6,4737;2025-10-05;2026-10-04
WTA;Ann Li;52;Grass;ALL;5;10,661;4,086;4,2644;6,7;2025-10-05;2026-10-04
WTA;Anna Blinkova;52;Grass;ALL;4;1,4164;3,352;4,2493;7,06;2025-10-05;2026-10-04
WTA;Anna Bondar;52;Grass;ALL;3;5,4348;5,283;5,7971;7,0769;2025-10-05;2026-10-04
WTA;Anna Kalinskaya;52;Grass;ALL;6;6,3107;7,3222;6,3107;6,2424;2025-10-05;2026-10-04
WTA;Antonia Ruzic;52;Grass;ALL;5;1,897;6,1625;4,878;6,7091;2025-10-05;2026-10-04
WTA;Aryna Sabalenka;52;Grass;ALL;7;9,4488;7,1705;4,3307;6,5974;2025-10-05;2026-10-04
WTA;Ashlyn Krueger;52;Grass;ALL;13;6,8771;2,509;6,2007;6,6194;2025-10-05;2026-10-04
WTA;Barbora Krejcikova;52;Grass;ALL;9;6,4234;5,0553;4,5255;6,9192;2025-10-05;2026-10-04
WTA;Belinda Bencic;52;Grass;ALL;4;3,3003;6,129;4,6205;6,4468;2025-10-05;2026-10-04
WTA;Bianca Andreescu;52;Grass;ALL;2;5,7554;2,3077;3,5971;7,3158;2025-10-05;2026-10-04
WTA;Cadence Brace;52;Grass;ALL;1;0,0;2,381;7,5;5,0;2025-10-05;2026-10-04
WTA;Camila Osorio;52;Grass;ALL;2;3,2;6,2937;5,6;5,9524;2025-10-05;2026-10-04
WTA;Caroline Dolehide;52;Grass;ALL;1;0,0;4,0541;3,6364;6,1111;2025-10-05;2026-10-04
WTA;Carolyn Ansari;52;Grass;ALL;1;0,0;6,9767;5,7143;8,75;2025-10-05;2026-10-04
WTA;Caty Mcnally;52;Grass;ALL;10;3,1873;3,4578;5,9761;7,0374;2025-10-05;2026-10-04
WTA;Celine Naef;52;Grass;ALL;7;5,4;3,5573;2,6;6,25;2025-10-05;2026-10-04
WTA;Claire Liu;52;Grass;ALL;3;1,1236;2,0833;4,1199;6,5122;2025-10-05;2026-10-04
WTA;Clara Tauson;52;Grass;ALL;6;9,3909;7,8431;5,5838;6,0615;2025-10-05;2026-10-04
WTA;Coco Gauff;52;Grass;ALL;7;6,8611;1,8152;6,518;6,337;2025-10-05;2026-10-04
WTA;Dalma Galfi;52;Grass;ALL;2;8,1633;1,0471;3,0612;7,0;2025-10-05;2026-10-04
WTA;Daria Kasatkina;52;Grass;ALL;5;2,5641;5,4201;8,8578;7,2712;2025-10-05;2026-10-04
WTA;Daria Snigur;52;Grass;ALL;7;1,6427;7,5789;3,4908;6,7639;2025-10-05;2026-10-04
WTA;Darja Semenistaja;52;Grass;ALL;1;3,9474;3,0612;1,3158;5,8462;2025-10-05;2026-10-04
WTA;Darja Vidmanova;52;Grass;ALL;7;4,6774;3,0822;2,5806;7,1264;2025-10-05;2026-10-04
WTA;Dayana Yastremska;52;Grass;ALL;6;2,8986;2,9703;4,5549;6,44;2025-10-05;2026-10-04
WTA;Diana Shnaider;52;Grass;ALL;4;2,071;6,4846;5,6213;7,1915;2025-10-05;2026-10-04
WTA;Diane Parry;52;Grass;ALL;4;8,6093;5,6818;4,6358;6,8636;2025-10-05;2026-10-04
WTA;Donna Vekic;52;Grass;ALL;7;5,5888;5,0847;3,3932;6,4231;2025-10-05;2026-10-04
WTA;Ekaterina Alexandrova;52;Grass;ALL;9;7,0064;6,4356;4,4586;6,8261;2025-10-05;2026-10-04
WTA;Elena Gabriela Ruse;52;Grass;ALL;8;8,8421;4,4177;9,2632;6,4189;2025-10-05;2026-10-04
WTA;Elena Rybakina;52;Grass;ALL;6;8,6667;3,7475;5,7778;6,338;2025-10-05;2026-10-04
WTA;Elina Svitolina;52;Grass;ALL;5;6,5625;3,6232;5,625;6,8085;2025-10-05;2026-10-04
WTA;Elisabetta Cocciaretto;52;Grass;ALL;2;2,7778;2,7174;8,8889;6,4286;2025-10-05;2026-10-04
WTA;Elise Mertens;52;Grass;ALL;11;6,6759;4,2879;7,9277;6,8476;2025-10-05;2026-10-04
WTA;Elizabeth Mandlik;52;Grass;ALL;6;2,5692;3,5185;4,9407;6,6579;2025-10-05;2026-10-04
WTA;Ella Seidel;52;Grass;ALL;1;4,6875;17,0213;4,6875;6,4;2025-10-05;2026-10-04
WTA;Elsa Jacquemot;52;Grass;ALL;1;3,2787;9,8592;6,5574;6,7778;2025-10-05;2026-10-04
WTA;Elvina Kalieva;52;Grass;ALL;3;5,7471;10,9705;9,1954;6,8684;2025-10-05;2026-10-04
WTA;Emerson Jones;52;Grass;ALL;2;1,3043;7,3733;8,6957;7,1875;2025-10-05;2026-10-04
WTA;Emiliana Arango;52;Grass;ALL;3;2,5316;1,1696;5,0633;6,0769;2025-10-05;2026-10-04
WTA;Emma Navarro;52;Grass;ALL;12;5,8128;4,501;4,0394;6,5484;2025-10-05;2026-10-04
WTA;Emma Raducanu;52;Grass;ALL;5;2,7778;2,6515;4,5139;6,4;2025-10-05;2026-10-04
WTA;Eva Lys;52;Grass;ALL;4;1,9157;9,1575;4,9808;6,8684;2025-10-05;2026-10-04
WTA;Francesca Jones;52;Grass;ALL;4;6,1093;10,6299;3,537;7,4048;2025-10-05;2026-10-04
WTA;Gabriela Andrea Knutson;52;Grass;ALL;6;6,0606;5,4591;6,8871;6,3684;2025-10-05;2026-10-04
WTA;Greet Minnen;52;Grass;ALL;7;2,4775;2,5105;4,5045;6,2535;2025-10-05;2026-10-04
WTA;Hanne Vandewinkel;52;Grass;ALL;4;2,849;3,5831;4,5584;7,1633;2025-10-05;2026-10-04
WTA;Harmony Tan;52;Grass;ALL;3;6,5421;3,7915;3,7383;6,4848;2025-10-05;2026-10-04
WTA;Harriet Dart;52;Grass;ALL;6;4,007;3,4904;5,9233;6,9157;2025-10-05;2026-10-04
WTA;Hayu Kinoshita;52;Grass;ALL;1;0,0;0,0;12,069;6,4444;2025-10-05;2026-10-04
WTA;Himeno Sakatsume;52;Grass;ALL;3;0,4975;7,3864;1,4925;6,931;2025-10-05;2026-10-04
WTA;Iga Swiatek;52;Grass;ALL;4;3,2491;4,4025;10,1083;6,2955;2025-10-05;2026-10-04
WTA;Iryna Shymanovich;52;Grass;ALL;4;1,2821;2,6846;4,1667;7,0909;2025-10-05;2026-10-04
WTA;Iva Jovic;52;Grass;ALL;8;2,5878;3,8113;4,2514;6,5181;2025-10-05;2026-10-04
WTA;Janice Tjen;52;Grass;ALL;7;3,8076;5,2448;3,4068;6,3974;2025-10-05;2026-10-04
WTA;Jaqueline Cristian;52;Grass;ALL;3;6,3218;7,4074;4,5977;6,2143;2025-10-05;2026-10-04
WTA;Jasmine Paolini;52;Grass;ALL;6;1,3725;5,4404;1,7647;7,6119;2025-10-05;2026-10-04
WTA;Jelena Ostapenko;52;Grass;ALL;7;9,9237;6,0386;11,4504;6,1406;2025-10-05;2026-10-04
WTA;Jessica Bouzas Maneiro;52;Grass;ALL;9;2,1073;2,9907;3,6398;6,6076;2025-10-05;2026-10-04
WTA;Jessica Pegula;52;Grass;ALL;9;6,2691;6,0056;1,5291;6,2885;2025-10-05;2026-10-04
WTA;Joanna Garland;52;Grass;ALL;1;4,3478;9,3023;8,6957;9,2;2025-10-05;2026-10-04
WTA;Kamilla Rakhimova;52;Grass;ALL;4;1,3774;5,571;6,3361;6,4821;2025-10-05;2026-10-04
WTA;Karolina Muchova;52;Grass;ALL;13;7,6923;5,7013;2,6036;6,2132;2025-10-05;2026-10-04
WTA;Karolina Pliskova;52;Grass;ALL;9;5,0769;5,0235;8,4615;6,5;2025-10-05;2026-10-04
WTA;Katerina Siniakova;52;Grass;ALL;5;4,8433;7,1856;7,1225;7,3125;2025-10-05;2026-10-04
WTA;Katherine Sebov;52;Grass;ALL;2;1,087;3,9604;6,5217;5,4118;2025-10-05;2026-10-04
WTA;Katie Boulter;52;Grass;ALL;6;4,0426;6,0797;10,0;6,6197;2025-10-05;2026-10-04
WTA;Katie Swan;52;Grass;ALL;7;5,6757;3,8031;6,2162;6,1667;2025-10-05;2026-10-04
WTA;Katie Volynets;52;Grass;ALL;8;1,9231;1,992;2,3077;6,5;2025-10-05;2026-10-04
WTA;Katrina Scott;52;Grass;ALL;1;2,0;2,0833;4,0;6,25;2025-10-05;2026-10-04
WTA;Kayla Cross;52;Grass;ALL;2;2,1053;0,9615;11,5789;5,9375;2025-10-05;2026-10-04
WTA;Kayla Day;52;Grass;ALL;4;2,4845;1,5974;3,4161;7,1556;2025-10-05;2026-10-04
WTA;Kimberly Birrell;52;Grass;ALL;6;3,3413;11,4607;7,6372;6,3485;2025-10-05;2026-10-04
WTA;Lanlana Tararudee;52;Grass;ALL;4;3,4056;5,8496;3,4056;6,3333;2025-10-05;2026-10-04
WTA;Laura Siegemund;52;Grass;ALL;4;1,5326;4,2705;3,4483;6,2143;2025-10-05;2026-10-04
WTA;Lea Ma;52;Grass;ALL;2;1,6529;6,5574;4,9587;6,05;2025-10-05;2026-10-04
WTA;Leolia Jeanjean;52;Grass;ALL;2;2,8902;2,5907;6,3584;6,6538;2025-10-05;2026-10-04
WTA;Leylah Fernandez;52;Grass;ALL;5;4,6908;6,2162;6,6098;7,4444;2025-10-05;2026-10-04
WTA;Lilli Tagger;52;Grass;ALL;1;7,2727;2,7027;1,8182;6,4706;2025-10-05;2026-10-04
WTA;Linda Fruhvirtova;52;Grass;ALL;2;1,3333;5,8201;3,3333;6,8182;2025-10-05;2026-10-04
WTA;Linda Klimovicova;52;Grass;ALL;2;1,9231;3,6585;7,0513;8,2105;2025-10-05;2026-10-04
WTA;Linda Noskova;52;Grass;ALL;13;9,5344;8,3425;5,0998;6,3521;2025-10-05;2026-10-04
WTA;Liudmila Samsonova;52;Grass;ALL;7;5,8626;3,6606;6,0302;6,7079;2025-10-05;2026-10-04
WTA;Lois Boisson;52;Grass;ALL;2;5,1429;6,5217;6,8571;6,0345;2025-10-05;2026-10-04
WTA;Lucrezia Stefanini;52;Grass;ALL;5;0,0;0,7576;2,9412;5,95;2025-10-05;2026-10-04
WTA;Lulu Sun;52;Grass;ALL;3;6,6079;2,521;3,5242;6,6765;2025-10-05;2026-10-04
WTA;Maddison Inglis;52;Grass;ALL;2;2,7778;6,6265;4,8611;6,2609;2025-10-05;2026-10-04
WTA;Madison Brengle;52;Grass;ALL;3;0,5882;2,5157;2,9412;6,0714;2025-10-05;2026-10-04
WTA;Madison Keys;52;Grass;ALL;12;6,9959;2,512;3,7037;6,178;2025-10-05;2026-10-04
WTA;Magda Linette;52;Grass;ALL;5;8,1571;5,7637;2,1148;6,62;2025-10-05;2026-10-04
WTA;Magdalena Frech;52;Grass;ALL;3;3,719;3,3333;6,1983;8,0667;2025-10-05;2026-10-04
WTA;Maja Chwalinska;52;Grass;ALL;1;2,1978;3,7037;3,2967;6,5;2025-10-05;2026-10-04
WTA;Mananchaya Sawangkaew;52;Grass;ALL;11;3,2832;3,0667;5,7456;6,6455;2025-10-05;2026-10-04
WTA;Maria Sakkari;52;Grass;ALL;5;5,4545;5,8309;5,1948;7,1296;2025-10-05;2026-10-04
WTA;Maria Timofeeva;52;Grass;ALL;2;2,1739;1,5873;3,6232;6,9;2025-10-05;2026-10-04
WTA;Marie Bouzkova;52;Grass;ALL;11;2,6178;4,4118;3,9267;6,4202;2025-10-05;2026-10-04
WTA;Marta Kostyuk;52;Grass;ALL;6;5,569;0,6818;5,3269;6,4531;2025-10-05;2026-10-04
WTA;Martyna Kubka;52;Grass;ALL;5;11,336;3,9568;1,6194;5,2553;2025-10-05;2026-10-04
WTA;Mary Stoiana;52;Grass;ALL;10;1,9417;4,8942;3,034;6,8099;2025-10-05;2026-10-04
WTA;Maya Joint;52;Grass;ALL;4;4,4776;3,0812;3,4826;7,3091;2025-10-05;2026-10-04
WTA;Mccartney Kessler;52;Grass;ALL;7;3,0501;3,9749;4,1394;6,8507;2025-10-05;2026-10-04
WTA;Mei Yamaguchi;52;Grass;ALL;1;0,0;0,0;5,6818;8,0;2025-10-05;2026-10-04
WTA;Mia Pohankova;52;Grass;ALL;2;11,194;1,7857;5,2239;7,4444;2025-10-05;2026-10-04
WTA;Mika Stojsavljevic;52;Grass;ALL;5;8,8083;3,9352;5,1813;6,3279;2025-10-05;2026-10-04
WTA;Mirra Andreeva;52;Grass;ALL;3;6,4394;4,6875;4,9242;7,3333;2025-10-05;2026-10-04
WTA;Nadia Podoroska;52;Grass;ALL;1;0,0;12,5;10,2564;5,5714;2025-10-05;2026-10-04
WTA;Nao Hibino;52;Grass;ALL;1;4,5977;7,4627;4,5977;6,2143;2025-10-05;2026-10-04
WTA;Naomi Osaka;52;Grass;ALL;10;11,6451;4,1591;2,7726;6,2184;2025-10-05;2026-10-04
WTA;Nikola Bartunkova;52;Grass;ALL;12;6,4212;3,7986;5,7602;6,6188;2025-10-05;2026-10-04
WTA;Oksana Selekhmeteva;52;Grass;ALL;2;0,641;1,9608;14,1026;6,7826;2025-10-05;2026-10-04
WTA;Oleksandra Oliynykova;52;Grass;ALL;1;2,5;0,0;5,0;6,6667;2025-10-05;2026-10-04
WTA;Panna Udvardy;52;Grass;ALL;5;8,094;6,2687;6,2663;6,8393;2025-10-05;2026-10-04
WTA;Paula Badosa;52;Grass;ALL;5;7,4184;7,9545;8,9021;6,2407;2025-10-05;2026-10-04
WTA;Petra Marcinko;52;Grass;ALL;5;4,607;2,1108;11,1111;6,5893;2025-10-05;2026-10-04
WTA;Peyton Stearns;52;Grass;ALL;1;0,9346;14,4444;1,8692;6,6875;2025-10-05;2026-10-04
WTA;Polina Iatcenko;52;Grass;ALL;5;7,0336;4,491;5,1988;6,2885;2025-10-05;2026-10-04
WTA;Polina Kudermetova;52;Grass;ALL;2;4,5872;6,25;10,0917;6,4118;2025-10-05;2026-10-04
WTA;Priscilla Hon;52;Grass;ALL;1;0,0;2,7778;6,8182;6,2857;2025-10-05;2026-10-04
WTA;Qinwen Zheng;52;Grass;ALL;6;12,1649;6,4762;7,4227;6,2179;2025-10-05;2026-10-04
WTA;Rebeka Masarova;52;Grass;ALL;5;13,1343;0,7444;5,9701;5,8772;2025-10-05;2026-10-04
WTA;Reese Brantmeier;52;Grass;ALL;2;6,8182;0,6211;3,7879;6,0;2025-10-05;2026-10-04
WTA;Renata Zarazua;52;Grass;ALL;4;0,9756;15,4255;2,9268;7,069;2025-10-05;2026-10-04
WTA;Robin Montgomery;52;Grass;ALL;5;12,3563;2,457;4,5977;6,0;2025-10-05;2026-10-04
WTA;Sara Bejlek;52;Grass;ALL;4;2,2082;1,7595;4,1009;6,7447;2025-10-05;2026-10-04
WTA;Sara Sorribes Tormo;52;Grass;ALL;2;1,9048;4,5872;1,9048;5,8333;2025-10-05;2026-10-04
WTA;Shuai Zhang;52;Grass;ALL;4;3,4188;10,9848;2,5641;6,5;2025-10-05;2026-10-04
WTA;Simona Waltert;52;Grass;ALL;1;0,0;2,5641;6,25;6,8571;2025-10-05;2026-10-04
WTA;Sinja Kraus;52;Grass;ALL;4;2,1352;2,7778;3,9146;7,8056;2025-10-05;2026-10-04
WTA;Sofia Kenin;52;Grass;ALL;3;1,6461;11,5242;4,9383;6,2308;2025-10-05;2026-10-04
WTA;Solana Sierra;52;Grass;ALL;5;3,1558;7,3434;7,8895;7,1408;2025-10-05;2026-10-04
WTA;Sorana Cirstea;52;Grass;ALL;5;6,8878;2,9178;3,5714;6,7586;2025-10-05;2026-10-04
WTA;Suzan Lamens;52;Grass;ALL;2;3,1447;6,5476;5,0314;6,625;2025-10-05;2026-10-04
WTA;Talia Gibson;52;Grass;ALL;6;5,8601;11,0672;8,3176;6,9605;2025-10-05;2026-10-04
WTA;Tamara Korpatsch;52;Grass;ALL;2;0,7407;5,2174;3,7037;7,5;2025-10-05;2026-10-04
WTA;Tatiana Prozorova;52;Grass;ALL;3;2,2222;3,8889;2,7778;6,2069;2025-10-05;2026-10-04
WTA;Tatjana Maria;52;Grass;ALL;19;6,6667;3,1128;3,5681;6,3393;2025-10-05;2026-10-04
WTA;Taylah Preston;52;Grass;ALL;6;1,7375;7,8471;5,0193;6,557;2025-10-05;2026-10-04
WTA;Taylor Townsend;52;Grass;ALL;1;3,9474;2,3529;2,6316;6,3333;2025-10-05;2026-10-04
WTA;Teodora Kostovic;52;Grass;ALL;1;6,7797;12,5;1,6949;6,5556;2025-10-05;2026-10-04
WTA;Tereza Valentova;52;Grass;ALL;5;2,0;4,5;5,75;6,5574;2025-10-05;2026-10-04
WTA;Tyra Caterina Grant;52;Grass;ALL;2;6,6667;4,5872;14,1667;6,3158;2025-10-05;2026-10-04
WTA;Valentina Ryser;52;Grass;ALL;3;10,5727;4,6332;6,6079;6,4857;2025-10-05;2026-10-04
WTA;Vendula Valdmannova;52;Grass;ALL;1;0,0;0,0;3,6364;6,1111;2025-10-05;2026-10-04
WTA;Veronika Erjavec;52;Grass;ALL;1;1,5625;3,6697;0,7812;8,0;2025-10-05;2026-10-04
WTA;Veronika Podrez;52;Grass;ALL;1;7,4627;4,0;4,4776;7,4444;2025-10-05;2026-10-04
WTA;Victoria Jimenez Kasintseva;52;Grass;ALL;1;0,0;4,2553;2,1277;5,875;2025-10-05;2026-10-04
WTA;Victoria Mboko;52;Grass;ALL;1;8,6957;8,3333;8,6957;5,75;2025-10-05;2026-10-04
WTA;Viktoria Morvayova;52;Grass;ALL;3;6,6986;4,5249;1,9139;6,1471;2025-10-05;2026-10-04
WTA;Viktorija Golubic;52;Grass;ALL;8;2,7982;3,4268;3,0928;7,0729;2025-10-05;2026-10-04
WTA;Xin Yu Wang;52;Grass;ALL;6;8,0214;4,8632;4,2781;6,4483;2025-10-05;2026-10-04
WTA;Yulia Putintseva;52;Grass;ALL;1;1,4085;5,0;5,6338;7,1;2025-10-05;2026-10-04
WTA;Yuliia Starodubtseva;52;Grass;ALL;4;2,3981;4,2254;2,8777;6,7258;2025-10-05;2026-10-04
WTA;Zeynep Sonmez;52;Grass;ALL;9;1,6;6,9971;2,72;6,3131;2025-10-05;2026-10-04
WTA;Ajla Tomljanovic;104;All;WTA;42;3,2343;5,8669;8,4818;6,674;2024-10-06;2026-10-04
WTA;Akasha Urhobo;104;All;WTA;2;4,4944;2,6549;3,3708;5,9333;2024-10-06;2026-10-04
WTA;Alevtina Ibragimova;104;All;WTA;2;2,3474;2,4752;1,4085;7,1;2024-10-06;2026-10-04
WTA;Alexandra Eala;104;All;WTA;63;1,7568;5,5531;3,7613;6,6368;2024-10-06;2026-10-04
WTA;Alexandra Shubladze;104;All;WTA;4;1,0204;0,7194;6,4626;6,6818;2024-10-06;2026-10-04
WTA;Aliaksandra Sasnovich;104;All;WTA;26;3,0369;6,1611;5,8026;6,8044;2024-10-06;2026-10-04
WTA;Alicia Dudeney;104;All;WTA;1;0,0;3,2787;7,0175;6,3333;2024-10-06;2026-10-04
WTA;Alina Charaeva;104;All;WTA;5;4,8593;4,2553;6,3939;6,4098;2024-10-06;2026-10-04
WTA;Alina Korneeva;104;All;WTA;7;3,066;2,7638;3,5377;6,9508;2024-10-06;2026-10-04
WTA;Aliona Falei;104;All;WTA;4;3,3003;4,0678;4,9505;7,0465;2024-10-06;2026-10-04
WTA;Alycia Parks;104;All;WTA;52;8,5304;2,4377;9,6466;6,7196;2024-10-06;2026-10-04
WTA;Amanda Anisimova;104;All;WTA;91;5,097;4,339;5,9965;6,5737;2024-10-06;2026-10-04
WTA;Anastasia Gasanova;104;All;WTA;3;1,4706;10,8108;10,2941;7,1579;2024-10-06;2026-10-04
WTA;Anastasia Potapova;104;All;WTA;69;3,5229;2,4654;6,1602;6,7928;2024-10-06;2026-10-04
WTA;Anastasia Tikhonova;104;All;WTA;1;4,8544;2,9703;10,6796;6,4375;2024-10-06;2026-10-04
WTA;Anastasia Zakharova;104;All;WTA;27;1,9329;5,9373;4,9339;6,8502;2024-10-06;2026-10-04
WTA;Anastasiya Soboleva;104;All;WTA;1;0,0;1,4706;6,1538;6,5;2024-10-06;2026-10-04
WTA;Andrea Lazaro Garcia;104;All;WTA;1;3,2787;2,2222;6,5574;6,7778;2024-10-06;2026-10-04
WTA;Angela Fita Boluda;104;All;WTA;2;2,0979;0,0;4,1958;7,15;2024-10-06;2026-10-04
WTA;Anhelina Kalinina;104;All;WTA;28;2,9968;6,1898;4,8896;6,2772;2024-10-06;2026-10-04
WTA;Ann Li;104;All;WTA;57;6,2613;3,4261;3,5262;6,7542;2024-10-06;2026-10-04
WTA;Anna Blinkova;104;All;WTA;41;1,8012;4,596;5,1513;6,7873;2024-10-06;2026-10-04
WTA;Anna Bondar;104;All;WTA;36;4,8026;3,7278;3,5575;6,8394;2024-10-06;2026-10-04
WTA;Anna Kalinskaya;104;All;WTA;82;3,1972;5,8122;6,3076;6,5771;2024-10-06;2026-10-04
WTA;Anna Lena Friedsam;104;All;WTA;1;3,0;4,4944;3,0;6,6667;2024-10-06;2026-10-04
WTA;Anna Siskova;104;All;WTA;1;2,7778;3,75;1,3889;7,2;2024-10-06;2026-10-04
WTA;Anouk Koevermans;104;All;WTA;1;2,0;0,0;6,0;5,5556;2024-10-06;2026-10-04
WTA;Antonia Ruzic;104;All;WTA;41;2,1388;6,4288;3,9621;6,5114;2024-10-06;2026-10-04
WTA;Arantxa Rus;104;All;WTA;8;2,4648;3,1858;4,7535;6,6047;2024-10-06;2026-10-04
WTA;Aryna Sabalenka;104;All;WTA;135;6,4737;5,4879;3,3116;6,5143;2024-10-06;2026-10-04
WTA;Ashlyn Krueger;104;All;WTA;61;5,7105;2,7256;7,4106;6,6205;2024-10-06;2026-10-04
WTA;Ayla Aksu;104;All;WTA;1;1,6949;6,8966;15,2542;6,5556;2024-10-06;2026-10-04
WTA;Barbora Krejcikova;104;All;WTA;41;4,7189;4,3032;6,8273;6,7297;2024-10-06;2026-10-04
WTA;Belinda Bencic;104;All;WTA;79;2,7994;5,2613;4,394;6,6557;2024-10-06;2026-10-04
WTA;Berfu Cengiz;104;All;WTA;1;0,0;0,0;14,2857;11,6667;2024-10-06;2026-10-04
WTA;Bianca Andreescu;104;All;WTA;21;4,5697;3,6335;4,265;6,5323;2024-10-06;2026-10-04
WTA;Cadence Brace;104;All;WTA;2;0,0;6,383;5,6604;6,625;2024-10-06;2026-10-04
WTA;Camila Osorio;104;All;WTA;43;2,1384;4,429;7,7673;6,5702;2024-10-06;2026-10-04
WTA;Carol Young Suh Lee;104;All;WTA;1;7,2072;0,0;2,7027;8,5385;2024-10-06;2026-10-04
WTA;Carole Monnet;104;All;WTA;3;2,0134;0,7576;7,3826;7,8421;2024-10-06;2026-10-04
WTA;Caroline Dolehide;104;All;WTA;27;3,2852;2,9843;4,9776;6,7643;2024-10-06;2026-10-04
WTA;Caty Mcnally;104;All;WTA;41;1,6354;2,8981;5,2811;6,7627;2024-10-06;2026-10-04
WTA;Claire Liu;104;All;WTA;6;3,8855;2,5157;5,317;6,6986;2024-10-06;2026-10-04
WTA;Clara Burel;104;All;WTA;1;1,3514;3,5294;9,4595;6,1667;2024-10-06;2026-10-04
WTA;Clara Tauson;104;All;WTA;83;8,6689;4,7588;4,9814;6,6484;2024-10-06;2026-10-04
WTA;Coco Gauff;104;All;WTA;121;4,3885;2,1673;8,9526;6,4588;2024-10-06;2026-10-04
WTA;Cristina Bucsa;104;All;WTA;52;1,7625;4,0337;4,4197;6,6331;2024-10-06;2026-10-04
WTA;Dalma Galfi;104;All;WTA;18;5,8424;3,4892;4,0761;7,1805;2024-10-06;2026-10-04
WTA;Daria Kasatkina;104;All;WTA;72;2,394;3,4158;7,6532;6,7322;2024-10-06;2026-10-04
WTA;Daria Khomutsianskaya;104;All;WTA;1;4,1667;2,7778;1,0417;6,4;2024-10-06;2026-10-04
WTA;Daria Snigur;104;All;WTA;11;1,2034;5,5952;4,4525;6,8678;2024-10-06;2026-10-04
WTA;Darja Semenistaja;104;All;WTA;8;2,1739;5,5016;2,1739;6,2022;2024-10-06;2026-10-04
WTA;Darja Vidmanova;104;All;WTA;13;3,7445;5,5672;3,304;6,2621;2024-10-06;2026-10-04
WTA;Dayana Yastremska;104;All;WTA;66;3,6662;3,3919;6,9314;6,8727;2024-10-06;2026-10-04
WTA;Dayeon Back;104;All;WTA;1;0,0;1,2346;10,4478;6,7;2024-10-06;2026-10-04
WTA;Diana Shnaider;104;All;WTA;97;2,2657;5,0099;4,6299;6,6786;2024-10-06;2026-10-04
WTA;Diane Parry;104;All;WTA;33;5,4273;5,015;4,9008;6,7092;2024-10-06;2026-10-04
WTA;Donna Vekic;104;All;WTA;57;4,8019;5,114;6,7133;6,6719;2024-10-06;2026-10-04
WTA;Ekaterina Alexandrova;104;All;WTA;106;6,6332;4,9783;5,9989;6,6328;2024-10-06;2026-10-04
WTA;Ekaterine Gorgodze;104;All;WTA;1;1,3333;4,0541;2,6667;6,25;2024-10-06;2026-10-04
WTA;Elena Gabriela Ruse;104;All;WTA;44;5,2719;3,0284;6,9629;6,5852;2024-10-06;2026-10-04
WTA;Elena Micic;104;All;WTA;1;3,7037;9,2593;11,1111;6,0;2024-10-06;2026-10-04
WTA;Elena Pridankina;104;All;WTA;4;2,3179;2,4476;7,6159;6,7111;2024-10-06;2026-10-04
WTA;Elena Ruxandra Bertea;104;All;WTA;1;0,0;0,0;4,7059;6,5385;2024-10-06;2026-10-04
WTA;Elena Rybakina;104;All;WTA;131;9,5416;4,3283;4,2431;6,381;2024-10-06;2026-10-04
WTA;Elina Avanesyan;104;All;WTA;23;1,1521;2,0325;3,8594;6,7287;2024-10-06;2026-10-04
WTA;Elina Svitolina;104;All;WTA;89;4,788;3,1611;5,0383;6,7917;2024-10-06;2026-10-04
WTA;Elisabetta Cocciaretto;104;All;WTA;39;1,9466;4,1159;4,8473;6,55;2024-10-06;2026-10-04
WTA;Elise Mertens;104;All;WTA;81;6,7504;3,5608;6,3865;6,5196;2024-10-06;2026-10-04
WTA;Elizabeth Mandlik;104;All;WTA;2;1,2821;5,7692;7,0513;6,7826;2024-10-06;2026-10-04
WTA;Ella Seidel;104;All;WTA;22;3,2561;6,2802;6,6374;6,8541;2024-10-06;2026-10-04
WTA;Elsa Jacquemot;104;All;WTA;26;4,8638;3,2208;8,1712;7,0411;2024-10-06;2026-10-04
WTA;Elvina Kalieva;104;All;WTA;8;4,9383;6,1256;4,9383;7,3636;2024-10-06;2026-10-04
WTA;Emerson Jones;104;All;WTA;14;1,9169;5,4115;4,6858;6,854;2024-10-06;2026-10-04
WTA;Emiliana Arango;104;All;WTA;39;1,4269;1,2938;4,7959;6,8189;2024-10-06;2026-10-04
WTA;Emma Navarro;104;All;WTA;86;3,3308;4,1615;4,8587;6,6922;2024-10-06;2026-10-04
WTA;Emma Raducanu;104;All;WTA;57;4,6628;4,1447;4,7682;6,6949;2024-10-06;2026-10-04
WTA;Erika Andreeva;104;All;WTA;13;2,6928;1,761;3,3048;6,4841;2024-10-06;2026-10-04
WTA;Eva Lys;104;All;WTA;51;1,4615;5,6706;6,0146;6,6629;2024-10-06;2026-10-04
WTA;Fangran Tian;104;All;WTA;1;0,0;0,0;4,2553;6,7143;2024-10-06;2026-10-04
WTA;Federica Urgesi;104;All;WTA;2;3,7037;3,6145;3,7037;7,2;2024-10-06;2026-10-04
WTA;Fiona Crawley;104;All;WTA;2;1,3514;1,3514;4,7297;6,4348;2024-10-06;2026-10-04
WTA;Fiona Ferro;104;All;WTA;3;1,2121;6,0;3,6364;6,3462;2024-10-06;2026-10-04
WTA;Francesca Jones;104;All;WTA;14;1,8038;5,8608;4,7351;6,4745;2024-10-06;2026-10-04
WTA;Francisca Jorge;104;All;WTA;1;0,0;1,4493;6,4516;6,2;2024-10-06;2026-10-04
WTA;Gabriela Andrea Knutson;104;All;WTA;2;7,9208;6,6116;8,9109;5,9412;2024-10-06;2026-10-04
WTA;Georgia Pedone;104;All;WTA;1;1,3333;7,3529;2,6667;6,25;2024-10-06;2026-10-04
WTA;Greet Minnen;104;All;WTA;6;2,2267;5,5441;5,4656;6,5867;2024-10-06;2026-10-04
WTA;Guiomar Maristany Zuleta De Reales;104;All;WTA;3;1,0989;1,9417;6,5934;6,7407;2024-10-06;2026-10-04
WTA;Hailey Baptiste;104;All;WTA;57;5,8344;3,535;5,1739;6,7589;2024-10-06;2026-10-04
WTA;Han Shi;104;All;WTA;2;3,6649;1,1561;6,2827;7,64;2024-10-06;2026-10-04
WTA;Hanne Vandewinkel;104;All;WTA;3;4,698;3,719;7,047;7,8421;2024-10-06;2026-10-04
WTA;Hanyu Guo;104;All;WTA;4;3,8627;4,7809;6,4378;6,4722;2024-10-06;2026-10-04
WTA;Harriet Dart;104;All;WTA;12;3,2895;3,8427;5,5451;6,7771;2024-10-06;2026-10-04
WTA;Haruka Kaji;104;All;WTA;1;0,0;3,3898;1,7241;6,4444;2024-10-06;2026-10-04
WTA;Hayu Kinoshita;104;All;WTA;1;0,0;0,0;1,4493;6,9;2024-10-06;2026-10-04
WTA;Himeno Sakatsume;104;All;WTA;5;1,9499;1,983;2,507;6,6481;2024-10-06;2026-10-04
WTA;Iga Swiatek;104;All;WTA;119;4,3934;3,6787;4,8233;6,3291;2024-10-06;2026-10-04
WTA;Iryna Shymanovich;104;All;WTA;5;1,194;3,1153;5,6716;7,2826;2024-10-06;2026-10-04
WTA;Iva Jovic;104;All;WTA;61;3,47;4,0037;3,3768;6,5159;2024-10-06;2026-10-04
WTA;Janice Tjen;104;All;WTA;33;6,6809;4,8667;5,4043;6,5642;2024-10-06;2026-10-04
WTA;Jaqueline Cristian;104;All;WTA;59;4,0772;4,2243;4,801;6,6855;2024-10-06;2026-10-04
WTA;Jasmine Paolini;104;All;WTA;94;1,9861;5,0915;2,4011;6,7201;2024-10-06;2026-10-04
WTA;Jazmin Ortenzi;104;All;WTA;3;1,9048;0,0;2,8571;6,3636;2024-10-06;2026-10-04
WTA;Jelena Ostapenko;104;All;WTA;70;5,3117;6,2475;8,7392;6,6079;2024-10-06;2026-10-04
WTA;Jennifer Ruggeri;104;All;WTA;1;0,0;0,0;10,8434;6,3846;2024-10-06;2026-10-04
WTA;Jessica Bouzas Maneiro;104;All;WTA;58;2,7941;2,8833;7,1078;6,5385;2024-10-06;2026-10-04
WTA;Jessica Pegula;104;All;WTA;133;4,7346;5,1094;2,8754;6,4377;2024-10-06;2026-10-04
WTA;Jil Teichmann;104;All;WTA;5;2,963;4,5614;4,0741;6,0;2024-10-06;2026-10-04
WTA;Joanna Garland;104;All;WTA;4;2,4922;3,2573;3,4268;6,551;2024-10-06;2026-10-04
WTA;Julia Grabher;104;All;WTA;12;2,974;2,3602;6,1958;6,6148;2024-10-06;2026-10-04
WTA;Julia Riera;104;All;WTA;7;3,8168;2,8;5,5344;6,9867;2024-10-06;2026-10-04
WTA;Julieta Pareja;104;All;WTA;2;1,5267;12,5;11,4504;7,7059;2024-10-06;2026-10-04
WTA;Kaitlin Quevedo;104;All;WTA;3;1,6129;5,2356;3,7634;6,8889;2024-10-06;2026-10-04
WTA;Kaja Juvan;104;All;WTA;2;5,6338;4,9645;4,9296;6,1739;2024-10-06;2026-10-04
WTA;Kamilla Rakhimova;104;All;WTA;46;2,2958;5,1345;6,1419;6,6813;2024-10-06;2026-10-04
WTA;Karolina Muchova;104;All;WTA;88;5,7858;4,1069;2,6391;6,3834;2024-10-06;2026-10-04
WTA;Karolina Pliskova;104;All;WTA;28;5,4719;4,8429;8,0823;6,6846;2024-10-06;2026-10-04
WTA;Katarina Zavatska;104;All;WTA;1;0,0;4,6512;1,6949;8,4286;2024-10-06;2026-10-04
WTA;Katarzyna Kawa;104;All;WTA;7;2,4653;2,0374;5,547;6,8316;2024-10-06;2026-10-04
WTA;Katerina Siniakova;104;All;WTA;63;2,5904;3,1927;6,5654;6,8262;2024-10-06;2026-10-04
WTA;Katherine Sebov;104;All;WTA;3;0,0;4,3165;5,0;6,4;2024-10-06;2026-10-04
WTA;Katie Boulter;104;All;WTA;53;3,7097;5,301;8,9247;6,6075;2024-10-06;2026-10-04
WTA;Katie Swan;104;All;WTA;2;1,8349;6,25;8,2569;6,0556;2024-10-06;2026-10-04
WTA;Katie Volynets;104;All;WTA;33;1,4487;3,5656;1,3682;6,8457;2024-10-06;2026-10-04
WTA;Kayla Cross;104;All;WTA;3;8,4388;1,3514;7,5949;6,5833;2024-10-06;2026-10-04
WTA;Kayla Day;104;All;WTA;9;5,5556;3,4188;5,4233;7,1321;2024-10-06;2026-10-04
WTA;Kimberly Birrell;104;All;WTA;39;2,4838;6,3665;7,5234;6,4605;2024-10-06;2026-10-04
WTA;Kristina Liutova;104;All;WTA;1;1,1111;12,8205;5,5556;6,9231;2024-10-06;2026-10-04
WTA;Lanlana Tararudee;104;All;WTA;8;4,7619;4,9844;5,2545;6,6923;2024-10-06;2026-10-04
WTA;Laura Pigossi;104;All;WTA;2;0,8929;0,0;3,5714;6,2222;2024-10-06;2026-10-04
WTA;Laura Samson;104;All;WTA;3;4,9261;7,0;3,9409;6,7667;2024-10-06;2026-10-04
WTA;Laura Siegemund;104;All;WTA;42;1,6868;3,3919;4,1057;6,757;2024-10-06;2026-10-04
WTA;Leolia Jeanjean;104;All;WTA;26;2,4911;2,3622;5,7448;6,6905;2024-10-06;2026-10-04
WTA;Leylah Fernandez;104;All;WTA;88;3,4836;4,4044;5,8365;6,7197;2024-10-06;2026-10-04
WTA;Leyre Romero Gormaz;104;All;WTA;2;1,3699;0,0;5,4795;7,6842;2024-10-06;2026-10-04
WTA;Lilli Tagger;104;All;WTA;14;5,4966;3,5581;3,9537;6,5633;2024-10-06;2026-10-04
WTA;Lin Zhu;104;All;WTA;15;2,5455;4,7297;2,9091;6,4327;2024-10-06;2026-10-04
WTA;Linda Fruhvirtova;104;All;WTA;12;3,7116;2,6178;7,7413;7,0373;2024-10-06;2026-10-04
WTA;Linda Klimovicova;104;All;WTA;2;8,8889;3,7736;6,6667;5,625;2024-10-06;2026-10-04
WTA;Linda Noskova;104;All;WTA;97;9,2717;7,4389;6,8441;6,457;2024-10-06;2026-10-04
WTA;Lisa Pigato;104;All;WTA;1;0,0;2,5;10,5263;6,3333;2024-10-06;2026-10-04
WTA;Liudmila Samsonova;104;All;WTA;86;4,7746;5,228;5,7295;6,6334;2024-10-06;2026-10-04
WTA;Lois Boisson;104;All;WTA;27;5,1969;3,0809;5,0394;6,4358;2024-10-06;2026-10-04
WTA;Lola Radivojevic;104;All;WTA;1;3,5088;3,7037;7,0175;7,125;2024-10-06;2026-10-04
WTA;Lucia Bronzetti;104;All;WTA;29;2,8954;4,5982;4,019;7,0549;2024-10-06;2026-10-04
WTA;Lucie Havlickova;104;All;WTA;1;6,25;6,0606;9,375;7,1111;2024-10-06;2026-10-04
WTA;Lucrezia Stefanini;104;All;WTA;14;0,1001;2,3209;4,3043;6,6159;2024-10-06;2026-10-04
WTA;Luisina Giovannini;104;All;WTA;1;0,0;4,878;4,3478;6,5714;2024-10-06;2026-10-04
WTA;Lulu Sun;104;All;WTA;28;6,9948;6,9767;4,9223;6,7483;2024-10-06;2026-10-04
WTA;Maddison Inglis;104;All;WTA;11;2,6128;5,4484;3,0879;6,5781;2024-10-06;2026-10-04
WTA;Madison Keys;104;All;WTA;86;6,054;2,3596;4,9519;6,5534;2024-10-06;2026-10-04
WTA;Magda Linette;104;All;WTA;63;4,8627;3,331;3,49;6,5023;2024-10-06;2026-10-04
WTA;Magdalena Frech;104;All;WTA;79;3,4536;3,4523;2,9725;6,7128;2024-10-06;2026-10-04
WTA;Mai Hontama;104;All;WTA;3;1,6393;3,2967;3,2787;6,7778;2024-10-06;2026-10-04
WTA;Maja Chwalinska;104;All;WTA;13;0,9744;4,8162;3,4105;6,5159;2024-10-06;2026-10-04
WTA;Mananchaya Sawangkaew;104;All;WTA;7;2,5918;4,4807;7,1274;6,6143;2024-10-06;2026-10-04
WTA;Maria Lourdes Carle;104;All;WTA;10;0,1718;1,5544;8,2474;6,9286;2024-10-06;2026-10-04
WTA;Maria Sakkari;104;All;WTA;71;4,364;4,2063;4,5915;6,6415;2024-10-06;2026-10-04
WTA;Maria Timofeeva;104;All;WTA;9;3,3929;1,0256;4,2857;6,5116;2024-10-06;2026-10-04
WTA;Marie Bouzkova;104;All;WTA;65;2,8315;3,1161;5,1236;6,7424;2024-10-06;2026-10-04
WTA;Marina Bassols Ribera;104;All;WTA;1;1,4085;7,1429;8,4507;6,4545;2024-10-06;2026-10-04
WTA;Marina Stakusic;104;All;WTA;9;2,695;3,6928;7,234;6,6509;2024-10-06;2026-10-04
WTA;Marta Kostyuk;104;All;WTA;80;4,8608;1,042;7,3344;6,6755;2024-10-06;2026-10-04
WTA;Martina Capurro Taborda;104;All;WTA;1;0,0;1,0417;2,6316;5,8462;2024-10-06;2026-10-04
WTA;Martyna Kubka;104;All;WTA;2;0,6849;5,0725;2,0548;6,3478;2024-10-06;2026-10-04
WTA;Mary Stoiana;104;All;WTA;3;1,0638;4,4335;6,383;6,4828;2024-10-06;2026-10-04
WTA;Maya Joint;104;All;WTA;51;1,9778;3,9665;4,5622;6,9963;2024-10-06;2026-10-04
WTA;Mayar Sherif;104;All;WTA;19;3,17;2,2848;2,8818;7,0816;2024-10-06;2026-10-04
WTA;Mccartney Kessler;104;All;WTA;63;2,6543;3,976;3,9059;6,7947;2024-10-06;2026-10-04
WTA;Mei Yamaguchi;104;All;WTA;3;0,5917;4,6784;2,9586;6,0357;2024-10-06;2026-10-04
WTA;Mika Stojsavljevic;104;All;WTA;4;4,7794;2,1739;5,1471;6,8;2024-10-06;2026-10-04
WTA;Mirra Andreeva;104;All;WTA;117;4,4785;2,5751;5,5301;6,6417;2024-10-06;2026-10-04
WTA;Moyuka Uchijima;104;All;WTA;37;3,2768;4,0495;5,9887;6,773;2024-10-06;2026-10-04
WTA;Nadia Podoroska;104;All;WTA;4;2,9046;8,4942;6,2241;6,3421;2024-10-06;2026-10-04
WTA;Nao Hibino;104;All;WTA;7;1,7241;7,4844;4,7414;6,6286;2024-10-06;2026-10-04
WTA;Naomi Osaka;104;All;WTA;72;9,1406;4,0705;3,75;6,408;2024-10-06;2026-10-04
WTA;Nikola Bartunkova;104;All;WTA;30;5,923;3,5368;6,5716;6,6086;2024-10-06;2026-10-04
WTA;Noemi Basiletti;104;All;WTA;2;0,0;1,25;0,8;6,5789;2024-10-06;2026-10-04
WTA;Noma Noha Akugue;104;All;WTA;2;1,8692;5,2083;2,8037;6,2941;2024-10-06;2026-10-04
WTA;Nuria Brancaccio;104;All;WTA;2;1,626;2,4793;3,252;7,6875;2024-10-06;2026-10-04
WTA;Oksana Selekhmeteva;104;All;WTA;15;1,4273;2,7385;8,9206;6,8354;2024-10-06;2026-10-04
WTA;Oleksandra Oliynykova;104;All;WTA;19;1,4222;2,1277;4,9778;6,8598;2024-10-06;2026-10-04
WTA;Olivia Gadecki;104;All;WTA;9;1,7488;2,5424;6,6773;6,837;2024-10-06;2026-10-04
WTA;Panna Udvardy;104;All;WTA;19;4,7104;4,497;4,2471;6,4428;2024-10-06;2026-10-04
WTA;Paula Badosa;104;All;WTA;57;6,3365;3,8262;7,8417;6,6222;2024-10-06;2026-10-04
WTA;Petra Marcinko;104;All;WTA;12;3,8724;4,5759;7,631;6,5522;2024-10-06;2026-10-04
WTA;Peyton Stearns;104;All;WTA;60;4,2478;6,1015;4,8451;6,8072;2024-10-06;2026-10-04
WTA;Polina Iatcenko;104;All;WTA;3;0,4831;3,653;7,2464;6,4688;2024-10-06;2026-10-04
WTA;Polina Kudermetova;104;All;WTA;37;4,0975;5,3426;7,0875;6,7895;2024-10-06;2026-10-04
WTA;Priscilla Hon;104;All;WTA;14;7,5728;4,3347;5,4369;6,478;2024-10-06;2026-10-04
WTA;Qinwen Zheng;104;All;WTA;70;9,332;3,5005;5,6534;6,3765;2024-10-06;2026-10-04
WTA;Rebecca Sramkova;104;All;WTA;41;4,8738;4,2896;4,3478;6,5563;2024-10-06;2026-10-04
WTA;Rebeka Masarova;104;All;WTA;14;8,2822;2,2532;5,317;6,3922;2024-10-06;2026-10-04
WTA;Reese Brantmeier;104;All;WTA;1;1,6393;0,0;3,2787;6,1;2024-10-06;2026-10-04
WTA;Renata Zarazua;104;All;WTA;36;0,8114;6,7319;3,0139;6,7572;2024-10-06;2026-10-04
WTA;Rina Saigo;104;All;WTA;1;0,0;0,0;0,0;6,9;2024-10-06;2026-10-04
WTA;Robin Montgomery;104;All;WTA;12;5,5907;2,4044;7,173;6,7714;2024-10-06;2026-10-04
WTA;Sara Bejlek;104;All;WTA;33;1,2987;1,7707;4,0353;6,4551;2024-10-06;2026-10-04
WTA;Sara Saito;104;All;WTA;2;1,6667;2,6786;8,3333;7,5;2024-10-06;2026-10-04
WTA;Sara Sorribes Tormo;104;All;WTA;7;1,3514;2,8455;2,9279;6,2535;2024-10-06;2026-10-04
WTA;Shuai Zhang;104;All;WTA;42;2,366;7,2564;3,3055;6,6682;2024-10-06;2026-10-04
WTA;Simona Waltert;104;All;WTA;14;2,9053;3,1044;6,373;6,7532;2024-10-06;2026-10-04
WTA;Sinja Kraus;104;All;WTA;11;1,8258;3,2999;4,9157;6,6542;2024-10-06;2026-10-04
WTA;Sloane Stephens;104;All;WTA;20;1,4503;4,6584;3,2632;7,0718;2024-10-06;2026-10-04
WTA;Sofia Costoulas;104;All;WTA;3;4,0323;4,1152;4,0323;7,0857;2024-10-06;2026-10-04
WTA;Sofia Kenin;104;All;WTA;73;2,6159;11,1602;5,578;6,6145;2024-10-06;2026-10-04
WTA;Sofya Lansere;104;All;WTA;3;4,7904;1,105;8,982;6,4231;2024-10-06;2026-10-04
WTA;Solana Sierra;104;All;WTA;24;2,7444;3,746;7,2041;6,9681;2024-10-06;2026-10-04
WTA;Sonay Kartal;104;All;WTA;36;2,5157;2,8511;1,8449;6,4286;2024-10-06;2026-10-04
WTA;Sorana Cirstea;104;All;WTA;64;5,8531;3,194;3,3477;6,4575;2024-10-06;2026-10-04
WTA;Storm Hunter;104;All;WTA;10;1,7544;4,7059;6,4327;6,7059;2024-10-06;2026-10-04
WTA;Suzan Lamens;104;All;WTA;31;2,3752;4,9686;7,9011;6,5911;2024-10-06;2026-10-04
WTA;Talia Gibson;104;All;WTA;32;5,9645;7,5022;5,6261;6,6404;2024-10-06;2026-10-04
WTA;Tamara Korpatsch;104;All;WTA;13;2,3282;2,7242;5,2106;6,6324;2024-10-06;2026-10-04
WTA;Tamara Zidansek;104;All;WTA;2;1,3889;3,7879;4,1667;7,2;2024-10-06;2026-10-04
WTA;Tatiana Prozorova;104;All;WTA;4;2,8646;2,381;2,8646;6,8571;2024-10-06;2026-10-04
WTA;Tatjana Maria;104;All;WTA;45;6,1922;5,0231;3,7893;6,5976;2024-10-06;2026-10-04
WTA;Taylah Preston;104;All;WTA;6;3,6458;8,311;6,5104;6,1935;2024-10-06;2026-10-04
WTA;Taylor Townsend;104;All;WTA;36;7,0983;4,1586;3,3151;6,5744;2024-10-06;2026-10-04
WTA;Teodora Kostovic;104;All;WTA;6;2,9613;3,4568;5,9226;6,7538;2024-10-06;2026-10-04
WTA;Tereza Valentova;104;All;WTA;22;3,3779;3,6364;5,6087;6,6766;2024-10-06;2026-10-04
WTA;Tyra Caterina Grant;104;All;WTA;9;3,4591;3,87;6,9182;6,5567;2024-10-06;2026-10-04
WTA;Varvara Gracheva;104;All;WTA;32;3,097;4,3885;5,4197;6,6685;2024-10-06;2026-10-04
WTA;Varvara Lepchenko;104;All;WTA;5;1,25;5,4217;4,375;6,2745;2024-10-06;2026-10-04
WTA;Vendula Valdmannova;104;All;WTA;1;0,0;1,3158;7,6923;5,7778;2024-10-06;2026-10-04
WTA;Vera Zvonareva;104;All;WTA;2;1,9737;7,9268;4,6053;6,9091;2024-10-06;2026-10-04
WTA;Veronika Erjavec;104;All;WTA;6;1,8557;4,1126;2,268;6,831;2024-10-06;2026-10-04
WTA;Victoria Jimenez Kasintseva;104;All;WTA;14;1,9905;2,9548;7,4882;6,8506;2024-10-06;2026-10-04
WTA;Victoria Mboko;104;All;WTA;54;5,6904;3,6345;7,1522;6,628;2024-10-06;2026-10-04
WTA;Viktoria Hruncakova;104;All;WTA;2;3,0303;2,8169;6,0606;6,0;2024-10-06;2026-10-04
WTA;Viktoria Morvayova;104;All;WTA;2;3,8674;4,7619;3,8674;7,24;2024-10-06;2026-10-04
WTA;Viktorija Golubic;104;All;WTA;26;0,9989;4,1747;3,0494;6,5361;2024-10-06;2026-10-04
WTA;Vivian Wolff;104;All;WTA;1;1,3158;3,3898;6,5789;7,6;2024-10-06;2026-10-04
WTA;Whitney Osuigwe;104;All;WTA;3;0,5556;8,8608;8,3333;7,5;2024-10-06;2026-10-04
WTA;Xiaodi You;104;All;WTA;1;1,7544;1,5385;10,5263;7,125;2024-10-06;2026-10-04
WTA;Xin Yu Wang;104;All;WTA;62;4,4999;3,7848;4,9895;6,6599;2024-10-06;2026-10-04
WTA;Xinyu Gao;104;All;WTA;2;0,9259;5,4348;2,7778;6,0;2024-10-06;2026-10-04
WTA;Xiyu Wang;104;All;WTA;14;2,7624;2,1277;4,5304;6,3287;2024-10-06;2026-10-04
WTA;Ye Xin Ma;104;All;WTA;3;2,5751;2,1552;4,721;7,0606;2024-10-06;2026-10-04
WTA;Yeon Woo Ku;104;All;WTA;1;0,0;6,4516;7,8947;7,6;2024-10-06;2026-10-04
WTA;Yue Yuan;104;All;WTA;28;3,1105;4,6465;2,182;6,9484;2024-10-06;2026-10-04
WTA;Yulia Putintseva;104;All;WTA;62;2,288;4,0457;2,7815;6,6537;2024-10-06;2026-10-04
WTA;Yuliia Starodubtseva;104;All;WTA;44;1,6944;3,2321;3,4539;6,6285;2024-10-06;2026-10-04
WTA;Zeynep Sonmez;104;All;WTA;51;1,2676;4,126;4,9049;6,7204;2024-10-06;2026-10-04
WTA;Zhuoxuan Bai;104;All;WTA;3;1,8519;6,278;3,2407;6,9677;2024-10-06;2026-10-04
WTA;Ajla Tomljanovic;104;All;ALL;70;3,014;5,5597;8,2549;6,704;2024-10-06;2026-10-04
WTA;Akasha Urhobo;104;All;ALL;70;3,6348;0,9244;4,8391;6,4872;2024-10-06;2026-10-04
WTA;Alevtina Ibragimova;104;All;ALL;87;1,9483;1,9649;4,5516;6,7582;2024-10-06;2026-10-04
WTA;Alexandra Eala;104;All;ALL;118;1,6805;5,5258;3,9971;6,591;2024-10-06;2026-10-04
WTA;Alexandra Shubladze;104;All;ALL;90;0,8742;1,4902;5,62;6,5326;2024-10-06;2026-10-04
WTA;Aliaksandra Sasnovich;104;All;ALL;49;2,2497;4,6089;5,2025;6,8915;2024-10-06;2026-10-04
WTA;Alice Rame;104;All;ALL;91;1,3734;1,6223;3,6738;6,6268;2024-10-06;2026-10-04
WTA;Alice Tubello;104;All;ALL;74;1,4815;1,2891;3,6062;6,6279;2024-10-06;2026-10-04
WTA;Alicia Dudeney;104;All;ALL;98;2,303;2,1551;6,862;6,4802;2024-10-06;2026-10-04
WTA;Alicia Herrero Linana;104;All;ALL;92;0,5636;1,8535;2,536;6,6266;2024-10-06;2026-10-04
WTA;Alina Charaeva;104;All;ALL;88;3,4808;2,6822;6,4411;6,6321;2024-10-06;2026-10-04
WTA;Alina Korneeva;104;All;ALL;85;4,0296;1,402;7,987;6,5029;2024-10-06;2026-10-04
WTA;Aliona Falei;104;All;ALL;83;2,4219;2,1636;7,0727;6,7995;2024-10-06;2026-10-04
WTA;Alycia Parks;104;All;ALL;103;8,7921;2,4213;9,9699;6,6624;2024-10-06;2026-10-04
WTA;Amanda Anisimova;104;All;ALL;97;5,1435;4,5159;6,1154;6,5569;2024-10-06;2026-10-04
WTA;Anastasia Gasanova;104;All;ALL;82;0,8342;2,1106;8,5907;6,7635;2024-10-06;2026-10-04
WTA;Anastasia Potapova;104;All;ALL;81;3,4974;2,6022;6,0169;6,8401;2024-10-06;2026-10-04
WTA;Anastasia Tikhonova;104;All;ALL;76;4,2347;2,6517;7,6923;6,6512;2024-10-06;2026-10-04
WTA;Anastasia Zakharova;104;All;ALL;89;1,5814;4,6776;4,4751;6,5752;2024-10-06;2026-10-04
WTA;Anastasia Zolotareva;104;All;ALL;80;1,2952;1,3071;5,8368;6,8649;2024-10-06;2026-10-04
WTA;Anastasiya Soboleva;104;All;ALL;112;1,8681;1,4257;4,2104;6,6593;2024-10-06;2026-10-04
WTA;Andrea Lazaro Garcia;104;All;ALL;93;1,1017;2,2137;5,3329;6,6912;2024-10-06;2026-10-04
WTA;Ane Mintegi Del Olmo;104;All;ALL;68;0,4862;1,6969;5,58;6,5939;2024-10-06;2026-10-04
WTA;Angela Fita Boluda;104;All;ALL;117;2,4103;1,5094;4,2244;6,5789;2024-10-06;2026-10-04
WTA;Anhelina Kalinina;104;All;ALL;72;2,2177;4,1887;4,879;6,5695;2024-10-06;2026-10-04
WTA;Ann Li;104;All;ALL;107;5,959;2,8331;3,2651;6,6515;2024-10-06;2026-10-04
WTA;Anna Blinkova;104;All;ALL;100;2,0124;3,7346;5,3759;6,7348;2024-10-06;2026-10-04
WTA;Anna Bondar;104;All;ALL;97;4,826;2,8169;3,1196;6,8129;2024-10-06;2026-10-04
WTA;Anna Kalinskaya;104;All;ALL;91;3,2207;5,9305;5,9701;6,5754;2024-10-06;2026-10-04
WTA;Anna Lena Friedsam;104;All;ALL;74;4,3688;3,0978;5,4099;6,6737;2024-10-06;2026-10-04
WTA;Anna Siskova;104;All;ALL;89;2,1735;1,3643;3,6743;6,4771;2024-10-06;2026-10-04
WTA;Anouk Koevermans;104;All;ALL;71;3,573;1,5971;6,8211;6,6351;2024-10-06;2026-10-04
WTA;Antonia Ruzic;104;All;ALL;87;2,6658;5,3729;3,8341;6,6198;2024-10-06;2026-10-04
WTA;Arantxa Rus;104;All;ALL;98;1,8725;1,7284;4,8742;6,6313;2024-10-06;2026-10-04
WTA;Aryna Sabalenka;104;All;ALL;135;6,4737;5,4879;3,3116;6,5143;2024-10-06;2026-10-04
WTA;Ashlyn Krueger;104;All;ALL;84;6,0306;2,9133;7,0198;6,6118;2024-10-06;2026-10-04
WTA;Aurora Zantedeschi;104;All;ALL;96;2,2388;1,517;3,8425;6,5879;2024-10-06;2026-10-04
WTA;Ayana Akli;104;All;ALL;93;1,3675;1,5261;4,1501;6,641;2024-10-06;2026-10-04
WTA;Ayla Aksu;104;All;ALL;66;2,2944;3,4117;7,2081;6,7558;2024-10-06;2026-10-04
WTA;Barbora Krejcikova;104;All;ALL;65;5,2362;4,5735;6,5826;6,5901;2024-10-06;2026-10-04
WTA;Barbora Palicova;104;All;ALL;90;1,9368;3,2932;5,3342;6,7804;2024-10-06;2026-10-04
WTA;Belinda Bencic;104;All;ALL;86;2,9811;5,276;4,4882;6,6352;2024-10-06;2026-10-04
WTA;Berfu Cengiz;104;All;ALL;56;1,821;3,931;4,7086;6,5597;2024-10-06;2026-10-04
WTA;Bianca Andreescu;104;All;ALL;47;4,2492;3,2227;4,8562;6,4938;2024-10-06;2026-10-04
WTA;Cadence Brace;104;All;ALL;68;1,628;2,8236;4,3934;6,6136;2024-10-06;2026-10-04
WTA;Caijsa Wilda Hennemann;104;All;ALL;71;0,851;1,3122;2,6982;6,6824;2024-10-06;2026-10-04
WTA;Camila Osorio;104;All;ALL;84;2,5101;3,3208;7,6437;6,6184;2024-10-06;2026-10-04
WTA;Carol Young Suh Lee;104;All;ALL;116;4,4341;2,4478;3,3413;6,5361;2024-10-06;2026-10-04
WTA;Carole Monnet;104;All;ALL;80;2,0461;1,4709;8,5938;6,7453;2024-10-06;2026-10-04
WTA;Caroline Dolehide;104;All;ALL;64;3,0423;2,6025;4,6819;6,8684;2024-10-06;2026-10-04
WTA;Caroline Uebelhoer;104;All;ALL;65;2,1513;2,2181;3,2382;6,6606;2024-10-06;2026-10-04
WTA;Carolyn Ansari;104;All;ALL;128;1,243;2,3629;5,4339;6,6044;2024-10-06;2026-10-04
WTA;Caty Mcnally;104;All;ALL;95;1,8946;2,8873;5,2101;6,6786;2024-10-06;2026-10-04
WTA;Celine Naef;104;All;ALL;68;5,494;3,0336;4,93;6,5486;2024-10-06;2026-10-04
WTA;Claire Liu;104;All;ALL;59;3,5349;2,2177;4,4506;6,8455;2024-10-06;2026-10-04
WTA;Clara Burel;104;All;ALL;31;1,5873;0,9826;4,263;6,7638;2024-10-06;2026-10-04
WTA;Clara Tauson;104;All;ALL;100;8,8135;4,7153;5,1355;6,6374;2024-10-06;2026-10-04
WTA;Coco Gauff;104;All;ALL;125;4,4677;2,1481;8,8785;6,4562;2024-10-06;2026-10-04
WTA;Cristina Bucsa;104;All;ALL;72;1,7413;3,9354;4,5197;6,681;2024-10-06;2026-10-04
WTA;Dalma Galfi;104;All;ALL;76;5,763;2,2899;4,5118;6,7802;2024-10-06;2026-10-04
WTA;Daria Kasatkina;104;All;ALL;82;2,3286;3,4964;7,8058;6,7307;2024-10-06;2026-10-04
WTA;Daria Khomutsianskaya;104;All;ALL;84;4,2816;1,7227;6,7001;6,4832;2024-10-06;2026-10-04
WTA;Daria Snigur;104;All;ALL;97;1,8394;5,2735;3,2737;6,4978;2024-10-06;2026-10-04
WTA;Darja Semenistaja;104;All;ALL;118;1,7331;2,4909;1,8907;6,6061;2024-10-06;2026-10-04
WTA;Darja Vidmanova;104;All;ALL;84;5,79;2,5929;2,9942;6,4994;2024-10-06;2026-10-04
WTA;Darya Astakhova;104;All;ALL;83;1,4783;1,8344;4,2726;6,5645;2024-10-06;2026-10-04
WTA;Dayana Yastremska;104;All;ALL;92;3,549;3,1476;6,2456;6,8817;2024-10-06;2026-10-04
WTA;Dayeon Back;104;All;ALL;116;1,2697;0,7481;3,5285;6,5517;2024-10-06;2026-10-04
WTA;Despina Papamichail;104;All;ALL;122;0,8619;0,8019;2,4607;6,6495;2024-10-06;2026-10-04
WTA;Diana Shnaider;104;All;ALL;104;2,38;4,8974;4,5617;6,6517;2024-10-06;2026-10-04
WTA;Diane Parry;104;All;ALL;75;5,2511;4,4776;4,8896;6,5782;2024-10-06;2026-10-04
WTA;Dominika Salkova;104;All;ALL;78;2,1333;2,9039;6,3646;6,8752;2024-10-06;2026-10-04
WTA;Donna Vekic;104;All;ALL;74;4,9297;4,6561;6,4855;6,6109;2024-10-06;2026-10-04
WTA;Ekaterina Alexandrova;104;All;ALL;116;6,6603;4,919;6,1709;6,6492;2024-10-06;2026-10-04
WTA;Ekaterine Gorgodze;104;All;ALL;104;0,8918;2,6654;1,7835;6,7491;2024-10-06;2026-10-04
WTA;Elena Gabriela Ruse;104;All;ALL;73;4,9383;3,2471;6,9419;6,588;2024-10-06;2026-10-04
WTA;Elena Malygina;104;All;ALL;57;1,4109;2,9684;3,6386;6,711;2024-10-06;2026-10-04
WTA;Elena Micic;104;All;ALL;90;3,1917;4,0476;6,9447;6,5701;2024-10-06;2026-10-04
WTA;Elena Pridankina;104;All;ALL;72;2,3988;1,9198;7,1339;6,6862;2024-10-06;2026-10-04
WTA;Elena Ruxandra Bertea;104;All;ALL;111;3,5275;1,8982;5,1309;6,6465;2024-10-06;2026-10-04
WTA;Elena Rybakina;104;All;ALL;140;9,5014;4,2689;4,0949;6,3944;2024-10-06;2026-10-04
WTA;Elina Avanesyan;104;All;ALL;61;0,7919;1,9154;4,5701;6,7071;2024-10-06;2026-10-04
WTA;Elina Svitolina;104;All;ALL;99;4,7781;3,1698;4,7781;6,7889;2024-10-06;2026-10-04
WTA;Elisabetta Cocciaretto;104;All;ALL;79;2,2547;3,6151;4,4733;6,6079;2024-10-06;2026-10-04
WTA;Elise Mertens;104;All;ALL;102;6,7782;3,4712;6,2353;6,51;2024-10-06;2026-10-04
WTA;Elizabeth Mandlik;104;All;ALL;79;2,3389;2,4745;6,7048;6,6651;2024-10-06;2026-10-04
WTA;Elizara Yaneva;104;All;ALL;83;2,3598;2,1366;4,3471;6,6228;2024-10-06;2026-10-04
WTA;Ella Seidel;104;All;ALL;69;3,5302;5,6063;6,3879;6,6934;2024-10-06;2026-10-04
WTA;Elsa Jacquemot;104;All;ALL;94;5,8185;2,611;7,0089;6,6866;2024-10-06;2026-10-04
WTA;Elvina Kalieva;104;All;ALL;85;4,4669;3,8846;6,127;6,7084;2024-10-06;2026-10-04
WTA;Emerson Jones;104;All;ALL;83;1,9492;4,8524;5,6183;6,7088;2024-10-06;2026-10-04
WTA;Emiliana Arango;104;All;ALL;84;1,278;1,3408;4,8669;6,7838;2024-10-06;2026-10-04
WTA;Emma Navarro;104;All;ALL;98;3,3966;3,9665;4,803;6,6996;2024-10-06;2026-10-04
WTA;Emma Raducanu;104;All;ALL;69;4,2753;4,0716;4,7242;6,6733;2024-10-06;2026-10-04
WTA;Erika Andreeva;104;All;ALL;73;3,0321;2,8333;3,012;6,6223;2024-10-06;2026-10-04
WTA;Eva Bennemann;104;All;ALL;72;0,5291;1,2562;4,477;6,7407;2024-10-06;2026-10-04
WTA;Eva Lys;104;All;ALL;65;1,2478;5,1685;6,0858;6,6686;2024-10-06;2026-10-04
WTA;Eva Vedder;104;All;ALL;93;2,9182;2,3459;3,7952;6,608;2024-10-06;2026-10-04
WTA;Fangran Tian;104;All;ALL;83;1,6003;2,2768;2,9079;6,5108;2024-10-06;2026-10-04
WTA;Federica Urgesi;104;All;ALL;73;2,5564;1,0774;4,2359;6,6988;2024-10-06;2026-10-04
WTA;Fiona Crawley;104;All;ALL;75;1,224;1,9838;4,5305;6,7166;2024-10-06;2026-10-04
WTA;Fiona Ferro;104;All;ALL;60;1,21;2,4207;2,7995;6,8425;2024-10-06;2026-10-04
WTA;Francesca Curmi;104;All;ALL;94;0,5121;1,8025;2,576;6,8553;2024-10-06;2026-10-04
WTA;Francesca Jones;104;All;ALL;100;2,2639;3,8947;5,7458;6,8288;2024-10-06;2026-10-04
WTA;Francesca Pace;104;All;ALL;73;3,3121;2,6354;6,2539;6,5161;2024-10-06;2026-10-04
WTA;Francisca Jorge;104;All;ALL;97;2,2867;1,9912;3,2689;6,622;2024-10-06;2026-10-04
WTA;Gabriela Andrea Knutson;104;All;ALL;100;4,1297;2,9722;6,8178;6,58;2024-10-06;2026-10-04
WTA;Georgia Pedone;104;All;ALL;106;0,1117;1,0197;1,0337;6,7987;2024-10-06;2026-10-04
WTA;Greet Minnen;104;All;ALL;66;3,7233;3,8787;5,3551;6,4651;2024-10-06;2026-10-04
WTA;Guiomar Maristany Zuleta De Reales;104;All;ALL;94;1,234;1,5121;4,8207;6,5637;2024-10-06;2026-10-04
WTA;Hailey Baptiste;104;All;ALL;72;5,7197;3,4507;5,0026;6,7399;2024-10-06;2026-10-04
WTA;Han Shi;104;All;ALL;99;2,7267;1,0261;6,0759;6,6352;2024-10-06;2026-10-04
WTA;Hanna Chang;104;All;ALL;84;2,6485;1,5162;7,2835;6,5739;2024-10-06;2026-10-04
WTA;Hanne Vandewinkel;104;All;ALL;107;4,4499;2,7318;6,8116;6,607;2024-10-06;2026-10-04
WTA;Hanyu Guo;104;All;ALL;66;2,0941;1,815;3,9724;6,5889;2024-10-06;2026-10-04
WTA;Harmony Tan;104;All;ALL;94;4,0284;2,167;3,1466;6,5952;2024-10-06;2026-10-04
WTA;Harriet Dart;104;All;ALL;80;2,5291;2,8052;5,1856;6,6457;2024-10-06;2026-10-04
WTA;Haruka Kaji;104;All;ALL;97;1,1886;2,4181;3,1182;6,6852;2024-10-06;2026-10-04
WTA;Hayu Kinoshita;104;All;ALL;92;1,9494;2,2946;2,7824;6,5453;2024-10-06;2026-10-04
WTA;Himeno Sakatsume;104;All;ALL;87;2,1777;2,8406;2,7397;6,4852;2024-10-06;2026-10-04
WTA;Hiromi Abe;104;All;ALL;88;1,0776;1,0772;3,9152;6,5893;2024-10-06;2026-10-04
WTA;Iga Swiatek;104;All;ALL;127;4,3639;3,76;4,7337;6,3874;2024-10-06;2026-10-04
WTA;Irene Burillo Escorihuela;104;All;ALL;102;0,6399;1,4085;3,7667;6,7018;2024-10-06;2026-10-04
WTA;Iryna Shymanovich;104;All;ALL;69;1,5082;3,2298;4,765;6,5264;2024-10-06;2026-10-04
WTA;Iva Jovic;104;All;ALL;100;2,828;3,6746;3,3592;6,5532;2024-10-06;2026-10-04
WTA;Janice Tjen;104;All;ALL;112;5,5419;3,4819;4,5019;6,4902;2024-10-06;2026-10-04
WTA;Jaqueline Cristian;104;All;ALL;88;3,7581;3,7321;4,7258;6,71;2024-10-06;2026-10-04
WTA;Jasmine Paolini;104;All;ALL;101;2,0067;5,2571;2,4387;6,7128;2024-10-06;2026-10-04
WTA;Jazmin Ortenzi;104;All;ALL;92;1,3255;0,8459;4,4128;6,6222;2024-10-06;2026-10-04
WTA;Jelena Ostapenko;104;All;ALL;78;5,6361;6,0813;8,9591;6,6024;2024-10-06;2026-10-04
WTA;Jeline Vandromme;104;All;ALL;95;1,9572;2,0335;4,0222;6,6554;2024-10-06;2026-10-04
WTA;Jennifer Ruggeri;104;All;ALL;98;1,2159;1,1643;6,9988;6,6313;2024-10-06;2026-10-04
WTA;Jessica Bouzas Maneiro;104;All;ALL;101;2,216;2,3736;6,3254;6,6326;2024-10-06;2026-10-04
WTA;Jessica Pegula;104;All;ALL;139;4,7431;4,9902;2,9852;6,4222;2024-10-06;2026-10-04
WTA;Jil Teichmann;104;All;ALL;49;2,2721;3,2095;4,7714;6,7842;2024-10-06;2026-10-04
WTA;Joanna Garland;104;All;ALL;48;4,7209;3,9358;4,8166;6,398;2024-10-06;2026-10-04
WTA;Joelle Lilly Sophie Steur;104;All;ALL;93;0,7035;1,4151;2,2649;6,5117;2024-10-06;2026-10-04
WTA;Julia Avdeeva;104;All;ALL;76;9,3988;2,944;8,6774;6,5059;2024-10-06;2026-10-04
WTA;Julia Grabher;104;All;ALL;115;1,9051;1,5311;6,0938;6,6676;2024-10-06;2026-10-04
WTA;Julia Riera;104;All;ALL;92;2,954;1,3341;5,4424;6,6783;2024-10-06;2026-10-04
WTA;Julie Struplova;104;All;ALL;88;1,0804;1,0133;4,3371;6,8416;2024-10-06;2026-10-04
WTA;Julieta Pareja;104;All;ALL;35;1,0031;2,0245;5,713;6,8859;2024-10-06;2026-10-04
WTA;Justina Mikulskyte;104;All;ALL;100;2,5152;2,3564;5,9116;6,5636;2024-10-06;2026-10-04
WTA;Kaitlin Quevedo;104;All;ALL;102;2,6822;2,7656;3,7755;6,5646;2024-10-06;2026-10-04
WTA;Kaja Juvan;104;All;ALL;53;2,2773;1,7689;4,5545;6,4935;2024-10-06;2026-10-04
WTA;Kajsa Rinaldo Persson;104;All;ALL;93;1,2397;1,2901;5,2342;6,6878;2024-10-06;2026-10-04
WTA;Kamilla Rakhimova;104;All;ALL;82;2,169;5,4131;5,6329;6,8341;2024-10-06;2026-10-04
WTA;Karolina Muchova;104;All;ALL;91;5,7985;4,1252;2,6699;6,4196;2024-10-06;2026-10-04
WTA;Karolina Pliskova;104;All;ALL;36;5,2052;5,0652;7,9787;6,6802;2024-10-06;2026-10-04
WTA;Katarina Kuzmova;104;All;ALL;126;5,7547;3,4953;6,191;6,5635;2024-10-06;2026-10-04
WTA;Katarina Zavatska;104;All;ALL;72;1,2311;0,9969;3,2566;6,6526;2024-10-06;2026-10-04
WTA;Katarzyna Kawa;104;All;ALL;82;2,2835;2,1239;5,1642;6,7055;2024-10-06;2026-10-04
WTA;Katerina Siniakova;104;All;ALL;85;2,5212;2,9164;6,8697;6,8009;2024-10-06;2026-10-04
WTA;Katherine Sebov;104;All;ALL;79;0,8869;2,591;2,838;6,624;2024-10-06;2026-10-04
WTA;Katie Boulter;104;All;ALL;84;3,9919;5,016;8,0678;6,6689;2024-10-06;2026-10-04
WTA;Katie Swan;104;All;ALL;79;5,3669;2,1717;6,0241;6,2966;2024-10-06;2026-10-04
WTA;Katie Volynets;104;All;ALL;89;1,3181;3,2036;1,4134;6,7637;2024-10-06;2026-10-04
WTA;Katrina Scott;104;All;ALL;54;3,2055;3,0973;3,0959;6,7593;2024-10-06;2026-10-04
WTA;Kayla Cross;104;All;ALL;69;4,6969;1,7893;7,9177;6,6335;2024-10-06;2026-10-04
WTA;Kayla Day;104;All;ALL;79;4,9588;2,3074;4,6594;6,549;2024-10-06;2026-10-04
WTA;Kimberly Birrell;104;All;ALL;94;2,8412;6,9333;7,4546;6,6035;2024-10-06;2026-10-04
WTA;Kristina Liutova;104;All;ALL;36;0,8288;2,2864;4,31;6,5929;2024-10-06;2026-10-04
WTA;Lanlana Tararudee;104;All;ALL;100;5,1315;2,4103;5,1894;6,4715;2024-10-06;2026-10-04
WTA;Laura Pigossi;104;All;ALL;87;1,2736;1,18;3,9696;6,8627;2024-10-06;2026-10-04
WTA;Laura Samson;104;All;ALL;88;2,1614;1,7266;7,0945;6,6825;2024-10-06;2026-10-04
WTA;Laura Siegemund;104;All;ALL;52;1,397;3,2609;4,1148;6,7184;2024-10-06;2026-10-04
WTA;Lea Ma;104;All;ALL;79;5,0428;3,2517;3,3302;6,6351;2024-10-06;2026-10-04
WTA;Leolia Jeanjean;104;All;ALL;94;2,6312;3,3527;5,2314;6,5594;2024-10-06;2026-10-04
WTA;Leylah Fernandez;104;All;ALL;110;3,5016;4,193;5,757;6,6598;2024-10-06;2026-10-04
WTA;Leyre Romero Gormaz;104;All;ALL;93;2,6115;1,612;5,8577;6,8151;2024-10-06;2026-10-04
WTA;Lilli Tagger;104;All;ALL;68;4,9592;2,3195;4,0308;6,5037;2024-10-06;2026-10-04
WTA;Lin Zhu;104;All;ALL;54;2,5374;4,3931;2,7629;6,6423;2024-10-06;2026-10-04
WTA;Linda Fruhvirtova;104;All;ALL;60;4,4769;3,2671;6,7042;6,6244;2024-10-06;2026-10-04
WTA;Linda Klimovicova;104;All;ALL;69;5,6874;3,3222;7,2548;6,6856;2024-10-06;2026-10-04
WTA;Linda Noskova;104;All;ALL;110;9,1059;7,2107;6,804;6,4823;2024-10-06;2026-10-04
WTA;Lisa Pigato;104;All;ALL;103;0,7909;2,196;4,4376;6,5907;2024-10-06;2026-10-04
WTA;Lisa Zaar;104;All;ALL;78;0,1328;1,2165;3,833;6,8442;2024-10-06;2026-10-04
WTA;Liudmila Samsonova;104;All;ALL;95;4,8244;5,3014;5,5381;6,6157;2024-10-06;2026-10-04
WTA;Lois Boisson;104;All;ALL;58;5,8044;2,1063;4,9133;6,4977;2024-10-06;2026-10-04
WTA;Lola Radivojevic;104;All;ALL;86;5,2433;2,7887;4,2571;6,7675;2024-10-06;2026-10-04
WTA;Lucia Bronzetti;104;All;ALL;102;2,5967;3,5764;3,6464;6,76;2024-10-06;2026-10-04
WTA;Lucie Havlickova;104;All;ALL;65;4,9793;3,6473;6,7406;6,8033;2024-10-06;2026-10-04
WTA;Lucrezia Stefanini;104;All;ALL;88;0,3103;2,0401;4,4065;6,8346;2024-10-06;2026-10-04
WTA;Luisina Giovannini;104;All;ALL;92;1,7892;0,6833;4,1984;6,4885;2024-10-06;2026-10-04
WTA;Lulu Sun;104;All;ALL;62;7,1294;5,0948;5,17;6,5776;2024-10-06;2026-10-04
WTA;Maddison Inglis;104;All;ALL;48;4,134;4,09;4,5725;6,4375;2024-10-06;2026-10-04
WTA;Madison Brengle;104;All;ALL;64;0,0475;1,2434;3,3943;6,7193;2024-10-06;2026-10-04
WTA;Madison Keys;104;All;ALL;99;6,0444;2,2875;4,7371;6,4968;2024-10-06;2026-10-04
WTA;Magda Linette;104;All;ALL;86;5,0192;3,3311;3,296;6,5537;2024-10-06;2026-10-04
WTA;Magdalena Frech;104;All;ALL;81;3,515;3,4454;2,9936;6,7111;2024-10-06;2026-10-04
WTA;Mai Hontama;104;All;ALL;82;0,932;2,9412;5,5565;6,7461;2024-10-06;2026-10-04
WTA;Maja Chwalinska;104;All;ALL;77;0,8481;2,4172;3,3724;6,4563;2024-10-06;2026-10-04
WTA;Mananchaya Sawangkaew;104;All;ALL;82;3,4311;2,7655;6,3272;6,563;2024-10-06;2026-10-04
WTA;Maria Lourdes Carle;104;All;ALL;92;0,79;0,8205;7,8686;6,8101;2024-10-06;2026-10-04
WTA;Maria Sakkari;104;All;ALL;82;4,4112;4,3789;4,4472;6,5962;2024-10-06;2026-10-04
WTA;Maria Timofeeva;104;All;ALL;83;2,1075;0,8609;4,4711;6,6193;2024-10-06;2026-10-04
WTA;Marie Bouzkova;104;All;ALL;99;3,0258;2,8143;5,2616;6,6229;2024-10-06;2026-10-04
WTA;Marina Bassols Ribera;104;All;ALL;90;1,2162;3,5225;5,7889;6,7399;2024-10-06;2026-10-04
WTA;Marina Stakusic;104;All;ALL;45;2,4837;3,4536;7,1555;6,7776;2024-10-06;2026-10-04
WTA;Marta Kostyuk;104;All;ALL;85;4,8601;1,0336;7,2001;6,6641;2024-10-06;2026-10-04
WTA;Martha Matoula;104;All;ALL;92;0,9974;0,9937;4,0219;6,786;2024-10-06;2026-10-04
WTA;Martina Capurro Taborda;104;All;ALL;97;0,8059;0,9025;6,1947;6,6192;2024-10-06;2026-10-04
WTA;Martyna Kubka;104;All;ALL;99;7,7478;4,4023;3,144;6,154;2024-10-06;2026-10-04
WTA;Mary Stoiana;104;All;ALL;65;1,7716;2,6017;3,9488;6,6548;2024-10-06;2026-10-04
WTA;Matilde Jorge;104;All;ALL;92;2,9159;2,1172;8,6344;6,6663;2024-10-06;2026-10-04
WTA;Maya Joint;104;All;ALL;100;1,9559;2,9018;4,5637;6,7185;2024-10-06;2026-10-04
WTA;Mayar Sherif;104;All;ALL;115;1,801;1,4582;3,0227;6,7805;2024-10-06;2026-10-04
WTA;Mccartney Kessler;104;All;ALL;95;2,7008;3,3399;4,1431;6,7481;2024-10-06;2026-10-04
WTA;Mei Yamaguchi;104;All;ALL;87;2,1311;3,811;4,4559;6,8822;2024-10-06;2026-10-04
WTA;Mia Pohankova;104;All;ALL;42;6,3576;1,4812;4,7351;6,7865;2024-10-06;2026-10-04
WTA;Mia Ristic;104;All;ALL;99;2,0402;3,221;1,2901;6,5805;2024-10-06;2026-10-04
WTA;Mika Stojsavljevic;104;All;ALL;45;6,2125;3,6719;6,2125;6,585;2024-10-06;2026-10-04
WTA;Mina Hodzic;104;All;ALL;84;3,0119;1,9104;4,9853;6,6555;2024-10-06;2026-10-04
WTA;Mirra Andreeva;104;All;ALL;117;4,4785;2,5751;5,5301;6,6417;2024-10-06;2026-10-04
WTA;Mona Barthel;104;All;ALL;89;5,9562;2,6704;9,7714;6,5945;2024-10-06;2026-10-04
WTA;Moyuka Uchijima;104;All;ALL;85;2,7134;3,0998;6,4837;6,6938;2024-10-06;2026-10-04
WTA;Nadia Podoroska;104;All;ALL;36;2,0194;1,8661;7,4563;6,6883;2024-10-06;2026-10-04
WTA;Nao Hibino;104;All;ALL;67;2,8625;3,7055;4,7865;6,5772;2024-10-06;2026-10-04
WTA;Naomi Osaka;104;All;ALL;84;9,2146;4,0841;4,1312;6,3727;2024-10-06;2026-10-04
WTA;Nikola Bartunkova;104;All;ALL;96;4,4297;2,5361;8,1376;6,5669;2024-10-06;2026-10-04
WTA;Noemi Basiletti;104;All;ALL;79;0,3896;1,195;2,4547;6,6576;2024-10-06;2026-10-04
WTA;Noma Noha Akugue;104;All;ALL;110;3,0686;1,6275;4,6976;6,6997;2024-10-06;2026-10-04
WTA;Nuria Brancaccio;104;All;ALL;96;1,7364;1,1656;3,6721;6,6724;2024-10-06;2026-10-04
WTA;Oksana Selekhmeteva;104;All;ALL;87;2,02;1,9455;8,6051;6,7169;2024-10-06;2026-10-04
WTA;Oleksandra Oliynykova;104;All;ALL;115;1,0413;1,1186;3,2242;6,738;2024-10-06;2026-10-04
WTA;Olivia Gadecki;104;All;ALL;46;3,3697;2,5205;7,4454;6,5188;2024-10-06;2026-10-04
WTA;Panna Udvardy;104;All;ALL;123;3,718;2,8863;4,5715;6,656;2024-10-06;2026-10-04
WTA;Paula Badosa;104;All;ALL;82;5,7797;3,25;7,9831;6,5775;2024-10-06;2026-10-04
WTA;Petra Marcinko;104;All;ALL;98;3,3036;3,0003;5,6546;6,4885;2024-10-06;2026-10-04
WTA;Peyton Stearns;104;All;ALL;78;4,4921;5,8103;5,1961;6,8339;2024-10-06;2026-10-04
WTA;Polina Iatcenko;104;All;ALL;89;3,8496;4,5014;5,0063;6,5402;2024-10-06;2026-10-04
WTA;Polina Kudermetova;104;All;ALL;82;4,0795;4,7895;6,9249;6,6827;2024-10-06;2026-10-04
WTA;Polona Hercog;104;All;ALL;49;3,2051;1,2432;3,6325;6,5783;2024-10-06;2026-10-04
WTA;Priscilla Hon;104;All;ALL;51;5,7151;3,4924;4,9345;6,5696;2024-10-06;2026-10-04
WTA;Qinwen Zheng;104;All;ALL;75;9,5883;3,5085;5,6338;6,4097;2024-10-06;2026-10-04
WTA;Rebecca Sramkova;104;All;ALL;74;4,8147;3,8613;4,2317;6,6713;2024-10-06;2026-10-04
WTA;Rebeka Masarova;104;All;ALL;55;8,1169;1,4223;7,018;6,4167;2024-10-06;2026-10-04
WTA;Reese Brantmeier;104;All;ALL;24;5,3841;0,9862;3,3487;6,5931;2024-10-06;2026-10-04
WTA;Renata Zarazua;104;All;ALL;104;0,9654;4,2939;2,51;6,5799;2024-10-06;2026-10-04
WTA;Rina Saigo;104;All;ALL;103;1,269;2,4387;3,4277;6,748;2024-10-06;2026-10-04
WTA;Robin Montgomery;104;All;ALL;40;6,0083;2,69;8,3564;6,552;2024-10-06;2026-10-04
WTA;Rositsa Dencheva;104;All;ALL;75;0,7761;1,1447;3,7289;6,6369;2024-10-06;2026-10-04
WTA;Samira De Stefano;104;All;ALL;90;0,618;2,019;2,9666;6,6516;2024-10-06;2026-10-04
WTA;Sara Bejlek;104;All;ALL;86;0,8875;1,5547;3,6354;6,6429;2024-10-06;2026-10-04
WTA;Sara Saito;104;All;ALL;94;1,5498;2,8549;8,3907;6,6542;2024-10-06;2026-10-04
WTA;Sara Sorribes Tormo;104;All;ALL;51;0,5903;1,1982;3,7564;6,7032;2024-10-06;2026-10-04
WTA;Selena Janicijevic;104;All;ALL;90;2,0226;1,0962;4,2137;6,6143;2024-10-06;2026-10-04
WTA;Shuai Zhang;104;All;ALL;76;2,6528;6,2474;3,2895;6,4636;2024-10-06;2026-10-04
WTA;Simona Waltert;104;All;ALL;103;2,3608;2,1034;5,8047;6,6614;2024-10-06;2026-10-04
WTA;Sinja Kraus;104;All;ALL;119;2,0416;3,18;4,6718;6,6644;2024-10-06;2026-10-04
WTA;Sloane Stephens;104;All;ALL;32;1,5477;3,6827;2,8375;6,985;2024-10-06;2026-10-04
WTA;Sofia Costoulas;104;All;ALL;104;4,7654;3,0651;3,1818;6,4583;2024-10-06;2026-10-04
WTA;Sofia Kenin;104;All;ALL;87;2,6871;11,1678;5,5822;6,5949;2024-10-06;2026-10-04
WTA;Sofya Lansere;104;All;ALL;87;1,7158;1,103;8,9122;6,7984;2024-10-06;2026-10-04
WTA;Solana Sierra;104;All;ALL;76;2,6644;2,4901;7,5397;6,7759;2024-10-06;2026-10-04
WTA;Sonay Kartal;104;All;ALL;48;2,9555;2,8057;1,8891;6,4479;2024-10-06;2026-10-04
WTA;Sorana Cirstea;104;All;ALL;92;5,962;2,7288;3,16;6,392;2024-10-06;2026-10-04
WTA;Storm Hunter;104;All;ALL;24;2,2235;3,9888;6,6705;6,4015;2024-10-06;2026-10-04
WTA;Susan Bandecchi;104;All;ALL;93;3,0326;3,1259;2,6252;6,5494;2024-10-06;2026-10-04
WTA;Suzan Lamens;104;All;ALL;80;2,6373;3,6559;7,5145;6,5905;2024-10-06;2026-10-04
WTA;Talia Gibson;104;All;ALL;105;6,0686;7,5515;4,9765;6,4937;2024-10-06;2026-10-04
WTA;Tamara Korpatsch;104;All;ALL;102;2,1387;1,9236;5,1879;6,686;2024-10-06;2026-10-04
WTA;Tamara Zidansek;104;All;ALL;74;0,929;1,7817;5,091;6,8299;2024-10-06;2026-10-04
WTA;Tatiana Prozorova;104;All;ALL;71;3,1097;2,6018;3,9689;6,5173;2024-10-06;2026-10-04
WTA;Tatjana Maria;104;All;ALL;104;6,2759;3,8195;3,4375;6,5646;2024-10-06;2026-10-04
WTA;Taylah Preston;104;All;ALL;114;2,1093;4,3792;5,5643;6,6686;2024-10-06;2026-10-04
WTA;Taylor Townsend;104;All;ALL;43;6,9056;4,3575;3,4528;6,5398;2024-10-06;2026-10-04
WTA;Teodora Kostovic;104;All;ALL;88;2,8185;2,3543;5,3112;6,6645;2024-10-06;2026-10-04
WTA;Tereza Valentova;104;All;ALL;81;2,9986;2,8142;4,841;6,6699;2024-10-06;2026-10-04
WTA;Tyra Caterina Grant;104;All;ALL;75;2,9737;2,6165;5,7834;6,484;2024-10-06;2026-10-04
WTA;Valentina Ryser;104;All;ALL;85;6,1232;2,801;7,1895;6,637;2024-10-06;2026-10-04
WTA;Varvara Gracheva;104;All;ALL;55;2,9663;3,8237;5,0071;6,7532;2024-10-06;2026-10-04
WTA;Varvara Lepchenko;104;All;ALL;87;3,4152;2,0543;3,4771;6,7336;2024-10-06;2026-10-04
WTA;Vendula Valdmannova;104;All;ALL;85;3,0347;4,3744;6,0512;6,5668;2024-10-06;2026-10-04
WTA;Vera Zvonareva;104;All;ALL;15;3,321;3,8817;5,3506;6,775;2024-10-06;2026-10-04
WTA;Veronika Erjavec;104;All;ALL;89;1,5015;1,9948;2,4399;6,6983;2024-10-06;2026-10-04
WTA;Veronika Podrez;104;All;ALL;86;2,888;3,7498;6,1138;6,8057;2024-10-06;2026-10-04
WTA;Victoria Jimenez Kasintseva;104;All;ALL;78;2,0139;2,1919;6,3447;6,7766;2024-10-06;2026-10-04
WTA;Victoria Mboko;104;All;ALL;90;5,8582;3,1608;6,8592;6,5386;2024-10-06;2026-10-04
WTA;Viktoria Hruncakova;104;All;ALL;98;9,5606;5,761;6,1967;6,4517;2024-10-06;2026-10-04
WTA;Viktoria Morvayova;104;All;ALL;103;3,5896;2,9252;4,1134;6,4845;2024-10-06;2026-10-04
WTA;Viktorija Golubic;104;All;ALL;95;0,8001;3,3375;3,4763;6,8711;2024-10-06;2026-10-04
WTA;Vivian Wolff;104;All;ALL;76;1,3057;1,873;5,5492;6,7812;2024-10-06;2026-10-04
WTA;Weronika Falkowska;104;All;ALL;76;4,1888;1,3323;5,7227;6,6297;2024-10-06;2026-10-04
WTA;Whitney Osuigwe;104;All;ALL;65;1,082;2,1935;5,5709;6,6934;2024-10-06;2026-10-04
WTA;Xiaodi You;104;All;ALL;90;2,9197;1,3879;6,145;6,7326;2024-10-06;2026-10-04
WTA;Xin Yu Wang;104;All;ALL;96;4,6861;3,9018;4,7451;6,5948;2024-10-06;2026-10-04
WTA;Xinxin Yao;104;All;ALL;91;1,2356;2,1697;2,4874;6,7371;2024-10-06;2026-10-04
WTA;Xinyu Gao;104;All;ALL;76;2,2204;2,5689;2,8988;6,5201;2024-10-06;2026-10-04
WTA;Xiyu Wang;104;All;ALL;69;1,8087;1,8002;3,6401;6,6015;2024-10-06;2026-10-04
WTA;Yasmine Kabbaj;104;All;ALL;81;0,4955;1,8519;5,9989;6,7515;2024-10-06;2026-10-04
WTA;Ye Xin Ma;104;All;ALL;104;3,3115;2,4499;5,2804;6,5725;2024-10-06;2026-10-04
WTA;Yeon Woo Ku;104;All;ALL;103;1,6425;2,5757;5,162;6,6268;2024-10-06;2026-10-04
WTA;Yue Yuan;104;All;ALL;76;3,0368;3,6092;2,1843;6,7437;2024-10-06;2026-10-04
WTA;Yufei Ren;104;All;ALL;96;1,5769;1,912;5,0674;6,645;2024-10-06;2026-10-04
WTA;Yuki Naito;104;All;ALL;80;2,6286;1,5536;6,9911;6,5816;2024-10-06;2026-10-04
WTA;Yulia Putintseva;104;All;ALL;85;2,2263;3,6518;2,7413;6,6804;2024-10-06;2026-10-04
WTA;Yuliia Starodubtseva;104;All;ALL;73;1,7623;3,0967;3,3679;6,6325;2024-10-06;2026-10-04
WTA;Zeynep Sonmez;104;All;ALL;77;1,2108;4,0908;4,594;6,7419;2024-10-06;2026-10-04
WTA;Zhuoxuan Bai;104;All;ALL;25;2,4089;2,7714;3,6428;6,5211;2024-10-06;2026-10-04
WTA;Ajla Tomljanovic;104;Hard;WTA;28;3,2227;6,0379;8,7891;6,804;2024-10-06;2026-10-04
WTA;Alevtina Ibragimova;104;Hard;WTA;2;2,3474;2,4752;1,4085;7,1;2024-10-06;2026-10-04
WTA;Alexandra Eala;104;Hard;WTA;38;1,2893;5,2891;4,2473;6,4161;2024-10-06;2026-10-04
WTA;Alexandra Shubladze;104;Hard;WTA;4;1,0204;0,7194;6,4626;6,6818;2024-10-06;2026-10-04
WTA;Aliaksandra Sasnovich;104;Hard;WTA;20;3,0568;5,3815;5,1674;6,6058;2024-10-06;2026-10-04
WTA;Alina Charaeva;104;Hard;WTA;4;4,7478;3,5519;4,7478;6,4808;2024-10-06;2026-10-04
WTA;Alina Korneeva;104;Hard;WTA;5;3,0418;3,4615;3,8023;6,575;2024-10-06;2026-10-04
WTA;Aliona Falei;104;Hard;WTA;4;3,3003;4,0678;4,9505;7,0465;2024-10-06;2026-10-04
WTA;Alycia Parks;104;Hard;WTA;37;9,5412;2,2796;9,9782;6,6813;2024-10-06;2026-10-04
WTA;Amanda Anisimova;104;Hard;WTA;61;4,8551;4,1542;5,515;6,5378;2024-10-06;2026-10-04
WTA;Anastasia Gasanova;104;Hard;WTA;1;4,7619;10,0;14,2857;7,0;2024-10-06;2026-10-04
WTA;Anastasia Potapova;104;Hard;WTA;44;3,2766;2,4855;6,4272;6,7246;2024-10-06;2026-10-04
WTA;Anastasia Tikhonova;104;Hard;WTA;1;4,8544;2,9703;10,6796;6,4375;2024-10-06;2026-10-04
WTA;Anastasia Zakharova;104;Hard;WTA;18;2,1132;5,8436;4,4528;6,9737;2024-10-06;2026-10-04
WTA;Andrea Lazaro Garcia;104;Hard;WTA;1;3,2787;2,2222;6,5574;6,7778;2024-10-06;2026-10-04
WTA;Anhelina Kalinina;104;Hard;WTA;19;3,4215;7,7844;5,0544;6,2126;2024-10-06;2026-10-04
WTA;Ann Li;104;Hard;WTA;35;6,2865;3,8361;3,655;6,7723;2024-10-06;2026-10-04
WTA;Anna Blinkova;104;Hard;WTA;31;1,9637;4,3523;5,4884;6,5762;2024-10-06;2026-10-04
WTA;Anna Bondar;104;Hard;WTA;23;5,3409;3,2621;3,9773;6,7692;2024-10-06;2026-10-04
WTA;Anna Kalinskaya;104;Hard;WTA;60;2,9958;5,74;6,6187;6,6348;2024-10-06;2026-10-04
WTA;Anna Lena Friedsam;104;Hard;WTA;1;3,0;4,4944;3,0;6,6667;2024-10-06;2026-10-04
WTA;Anna Siskova;104;Hard;WTA;1;2,7778;3,75;1,3889;7,2;2024-10-06;2026-10-04
WTA;Anouk Koevermans;104;Hard;WTA;1;2,0;0,0;6,0;5,5556;2024-10-06;2026-10-04
WTA;Antonia Ruzic;104;Hard;WTA;32;2,2948;6,8518;4,1041;6,5681;2024-10-06;2026-10-04
WTA;Arantxa Rus;104;Hard;WTA;4;4,0956;3,4483;5,4608;6,814;2024-10-06;2026-10-04
WTA;Aryna Sabalenka;104;Hard;WTA;93;6,8469;5,738;2,9755;6,4377;2024-10-06;2026-10-04
WTA;Ashlyn Krueger;104;Hard;WTA;43;6,4378;2,6232;7,6027;6,5634;2024-10-06;2026-10-04
WTA;Ayla Aksu;104;Hard;WTA;1;1,6949;6,8966;15,2542;6,5556;2024-10-06;2026-10-04
WTA;Barbora Krejcikova;104;Hard;WTA;29;5,0602;4,4832;7,0843;6,6935;2024-10-06;2026-10-04
WTA;Belinda Bencic;104;Hard;WTA;54;2,8645;5,31;4,6292;6,661;2024-10-06;2026-10-04
WTA;Berfu Cengiz;104;Hard;WTA;1;0,0;0,0;14,2857;11,6667;2024-10-06;2026-10-04
WTA;Bianca Andreescu;104;Hard;WTA;9;4,4883;4,829;4,3088;6,631;2024-10-06;2026-10-04
WTA;Cadence Brace;104;Hard;WTA;2;0,0;6,383;5,6604;6,625;2024-10-06;2026-10-04
WTA;Camila Osorio;104;Hard;WTA;34;2,1723;4,5385;7,8506;6,6263;2024-10-06;2026-10-04
WTA;Carol Young Suh Lee;104;Hard;WTA;1;7,2072;0,0;2,7027;8,5385;2024-10-06;2026-10-04
WTA;Carole Monnet;104;Hard;WTA;2;0,995;0,5291;7,9602;8,04;2024-10-06;2026-10-04
WTA;Caroline Dolehide;104;Hard;WTA;16;3,5948;3,7653;5,4739;6,9943;2024-10-06;2026-10-04
WTA;Caty Mcnally;104;Hard;WTA;28;1,9608;2,873;5,6373;6,8;2024-10-06;2026-10-04
WTA;Claire Liu;104;Hard;WTA;3;7,2072;2,9536;6,7568;6,9375;2024-10-06;2026-10-04
WTA;Clara Burel;104;Hard;WTA;1;1,3514;3,5294;9,4595;6,1667;2024-10-06;2026-10-04
WTA;Clara Tauson;104;Hard;WTA;62;9,3033;5,0044;5,1321;6,6266;2024-10-06;2026-10-04
WTA;Coco Gauff;104;Hard;WTA;80;4,7105;2,1941;9,9245;6,4977;2024-10-06;2026-10-04
WTA;Cristina Bucsa;104;Hard;WTA;43;1,6843;4,1173;4,6235;6,6843;2024-10-06;2026-10-04
WTA;Dalma Galfi;104;Hard;WTA;8;6,4748;4,62;3,8849;7,0918;2024-10-06;2026-10-04
WTA;Daria Kasatkina;104;Hard;WTA;50;2,3555;3,82;7,8426;6,6714;2024-10-06;2026-10-04
WTA;Daria Khomutsianskaya;104;Hard;WTA;1;4,1667;2,7778;1,0417;6,4;2024-10-06;2026-10-04
WTA;Daria Snigur;104;Hard;WTA;6;0,994;6,4583;4,9702;6,9861;2024-10-06;2026-10-04
WTA;Darja Semenistaja;104;Hard;WTA;4;3,8647;13,4259;3,3816;6,4688;2024-10-06;2026-10-04
WTA;Darja Vidmanova;104;Hard;WTA;11;4,325;6,0271;3,8008;6,2541;2024-10-06;2026-10-04
WTA;Dayana Yastremska;104;Hard;WTA;48;4,1954;3,6101;7,2592;6,8488;2024-10-06;2026-10-04
WTA;Dayeon Back;104;Hard;WTA;1;0,0;1,2346;10,4478;6,7;2024-10-06;2026-10-04
WTA;Diana Shnaider;104;Hard;WTA;63;2,5565;5,2397;4,6868;6,6487;2024-10-06;2026-10-04
WTA;Diane Parry;104;Hard;WTA;21;5,2858;4,7771;5,1629;6,6955;2024-10-06;2026-10-04
WTA;Donna Vekic;104;Hard;WTA;32;4,4758;4,734;7,3387;6,776;2024-10-06;2026-10-04
WTA;Ekaterina Alexandrova;104;Hard;WTA;71;6,2571;5,018;6,1437;6,6793;2024-10-06;2026-10-04
WTA;Elena Gabriela Ruse;104;Hard;WTA;27;4,3062;2,5309;6,6986;6,5312;2024-10-06;2026-10-04
WTA;Elena Micic;104;Hard;WTA;1;3,7037;9,2593;11,1111;6,0;2024-10-06;2026-10-04
WTA;Elena Pridankina;104;Hard;WTA;4;2,3179;2,4476;7,6159;6,7111;2024-10-06;2026-10-04
WTA;Elena Ruxandra Bertea;104;Hard;WTA;1;0,0;0,0;4,7059;6,5385;2024-10-06;2026-10-04
WTA;Elena Rybakina;104;Hard;WTA;98;9,9915;4,6243;4,278;6,3617;2024-10-06;2026-10-04
WTA;Elina Avanesyan;104;Hard;WTA;19;1,1913;1,9139;3,4414;6,8371;2024-10-06;2026-10-04
WTA;Elina Svitolina;104;Hard;WTA;55;5,0891;3,1048;5,369;6,741;2024-10-06;2026-10-04
WTA;Elisabetta Cocciaretto;104;Hard;WTA;23;2,0171;4,9602;4,9511;6,5968;2024-10-06;2026-10-04
WTA;Elise Mertens;104;Hard;WTA;49;7,1864;3,7725;6,3642;6,4901;2024-10-06;2026-10-04
WTA;Elizabeth Mandlik;104;Hard;WTA;2;1,2821;5,7692;7,0513;6,7826;2024-10-06;2026-10-04
WTA;Ella Seidel;104;Hard;WTA;17;3,429;5,2768;7,3365;6,7784;2024-10-06;2026-10-04
WTA;Elsa Jacquemot;104;Hard;WTA;18;5,3809;3,286;9,6436;7,0493;2024-10-06;2026-10-04
WTA;Elvina Kalieva;104;Hard;WTA;6;4,6332;7,984;4,6332;7,9692;2024-10-06;2026-10-04
WTA;Emerson Jones;104;Hard;WTA;14;1,9169;5,4115;4,6858;6,854;2024-10-06;2026-10-04
WTA;Emiliana Arango;104;Hard;WTA;28;1,6265;1,4054;4,599;6,8314;2024-10-06;2026-10-04
WTA;Emma Navarro;104;Hard;WTA;53;3,8754;4,0089;5,0773;6,7056;2024-10-06;2026-10-04
WTA;Emma Raducanu;104;Hard;WTA;37;5,3015;4,5864;4,9777;6,733;2024-10-06;2026-10-04
WTA;Erika Andreeva;104;Hard;WTA;10;2,7356;1,7107;2,5836;6,58;2024-10-06;2026-10-04
WTA;Eva Lys;104;Hard;WTA;31;1,7536;5,6219;6,3221;6,6067;2024-10-06;2026-10-04
WTA;Fangran Tian;104;Hard;WTA;1;0,0;0,0;4,2553;6,7143;2024-10-06;2026-10-04
WTA;Fiona Crawley;104;Hard;WTA;2;1,3514;1,3514;4,7297;6,4348;2024-10-06;2026-10-04
WTA;Fiona Ferro;104;Hard;WTA;3;1,2121;6,0;3,6364;6,3462;2024-10-06;2026-10-04
WTA;Francesca Jones;104;Hard;WTA;9;1,5267;6,8041;4,3893;6,3902;2024-10-06;2026-10-04
WTA;Gabriela Andrea Knutson;104;Hard;WTA;1;7,6923;1,5385;5,7692;5,7778;2024-10-06;2026-10-04
WTA;Greet Minnen;104;Hard;WTA;5;2,7431;6,8878;5,2369;6,5738;2024-10-06;2026-10-04
WTA;Guiomar Maristany Zuleta De Reales;104;Hard;WTA;1;1,8519;6,25;7,4074;6,75;2024-10-06;2026-10-04
WTA;Hailey Baptiste;104;Hard;WTA;35;5,2818;4,1194;5,14;6,7488;2024-10-06;2026-10-04
WTA;Han Shi;104;Hard;WTA;2;3,6649;1,1561;6,2827;7,64;2024-10-06;2026-10-04
WTA;Hanne Vandewinkel;104;Hard;WTA;2;4,6729;5,9211;9,3458;8,9167;2024-10-06;2026-10-04
WTA;Hanyu Guo;104;Hard;WTA;4;3,8627;4,7809;6,4378;6,4722;2024-10-06;2026-10-04
WTA;Harriet Dart;104;Hard;WTA;7;3,4539;4,0064;5,7566;6,9885;2024-10-06;2026-10-04
WTA;Haruka Kaji;104;Hard;WTA;1;0,0;3,3898;1,7241;6,4444;2024-10-06;2026-10-04
WTA;Hayu Kinoshita;104;Hard;WTA;1;0,0;0,0;1,4493;6,9;2024-10-06;2026-10-04
WTA;Himeno Sakatsume;104;Hard;WTA;5;1,9499;1,983;2,507;6,6481;2024-10-06;2026-10-04
WTA;Iga Swiatek;104;Hard;WTA;80;4,3135;3,717;4,678;6,3634;2024-10-06;2026-10-04
WTA;Iryna Shymanovich;104;Hard;WTA;1;0,0;2,0;13,5135;5,2857;2024-10-06;2026-10-04
WTA;Iva Jovic;104;Hard;WTA;40;3,8586;4,1547;3,2095;6,5401;2024-10-06;2026-10-04
WTA;Janice Tjen;104;Hard;WTA;27;6,9639;4,893;5,7114;6,6312;2024-10-06;2026-10-04
WTA;Jaqueline Cristian;104;Hard;WTA;40;4,3153;5,0811;5,2782;6,7242;2024-10-06;2026-10-04
WTA;Jasmine Paolini;104;Hard;WTA;62;2,2055;5,7628;2,6148;6,7248;2024-10-06;2026-10-04
WTA;Jelena Ostapenko;104;Hard;WTA;43;4,9884;6,6378;8,7876;6,6674;2024-10-06;2026-10-04
WTA;Jessica Bouzas Maneiro;104;Hard;WTA;41;2,9483;2,8726;8,0472;6,6582;2024-10-06;2026-10-04
WTA;Jessica Pegula;104;Hard;WTA;92;5,0078;5,1526;2,9108;6,4157;2024-10-06;2026-10-04
WTA;Jil Teichmann;104;Hard;WTA;1;2,2222;7,1429;4,4444;5,625;2024-10-06;2026-10-04
WTA;Joanna Garland;104;Hard;WTA;2;4,698;4,5455;4,698;5,96;2024-10-06;2026-10-04
WTA;Julia Grabher;104;Hard;WTA;9;2,7823;2,9825;6,383;6,7143;2024-10-06;2026-10-04
WTA;Julia Riera;104;Hard;WTA;3;5,0781;2,2321;5,0781;7,5294;2024-10-06;2026-10-04
WTA;Julieta Pareja;104;Hard;WTA;2;1,5267;12,5;11,4504;7,7059;2024-10-06;2026-10-04
WTA;Kaitlin Quevedo;104;Hard;WTA;1;1,3158;9,8361;2,6316;7,6;2024-10-06;2026-10-04
WTA;Kaja Juvan;104;Hard;WTA;1;3,5714;8,9286;3,5714;6,2222;2024-10-06;2026-10-04
WTA;Kamilla Rakhimova;104;Hard;WTA;34;2,3629;5,4054;6,4135;6,6761;2024-10-06;2026-10-04
WTA;Karolina Muchova;104;Hard;WTA;65;5,2435;3,6237;2,5402;6,4045;2024-10-06;2026-10-04
WTA;Karolina Pliskova;104;Hard;WTA;11;5,3498;4,9927;8,3676;7,0777;2024-10-06;2026-10-04
WTA;Katarina Zavatska;104;Hard;WTA;1;0,0;4,6512;1,6949;8,4286;2024-10-06;2026-10-04
WTA;Katarzyna Kawa;104;Hard;WTA;2;4,8649;2,1277;8,6486;6,3793;2024-10-06;2026-10-04
WTA;Katerina Siniakova;104;Hard;WTA;43;2,4259;2,6026;6,8733;6,7918;2024-10-06;2026-10-04
WTA;Katherine Sebov;104;Hard;WTA;2;0,0;5,5556;5,4688;6,7368;2024-10-06;2026-10-04
WTA;Katie Boulter;104;Hard;WTA;34;3,4283;5,7811;8,7711;6,5101;2024-10-06;2026-10-04
WTA;Katie Volynets;104;Hard;WTA;20;1,7599;4,1454;1,2571;6,8578;2024-10-06;2026-10-04
WTA;Kayla Cross;104;Hard;WTA;3;8,4388;1,3514;7,5949;6,5833;2024-10-06;2026-10-04
WTA;Kayla Day;104;Hard;WTA;7;6,6434;3,3457;6,1189;7,0617;2024-10-06;2026-10-04
WTA;Kimberly Birrell;104;Hard;WTA;32;2,4945;6,6869;7,7899;6,4548;2024-10-06;2026-10-04
WTA;Kristina Liutova;104;Hard;WTA;1;1,1111;12,8205;5,5556;6,9231;2024-10-06;2026-10-04
WTA;Lanlana Tararudee;104;Hard;WTA;6;5,8962;3,7694;6,3679;6,8387;2024-10-06;2026-10-04
WTA;Laura Siegemund;104;Hard;WTA;23;1,8707;3,3453;4,9172;6,8285;2024-10-06;2026-10-04
WTA;Leolia Jeanjean;104;Hard;WTA;14;2,8656;3,0068;6,0277;6,2857;2024-10-06;2026-10-04
WTA;Leylah Fernandez;104;Hard;WTA;62;3,7045;4,2778;5,7232;6,5523;2024-10-06;2026-10-04
WTA;Lilli Tagger;104;Hard;WTA;9;6,0938;3,87;5,0;6,5306;2024-10-06;2026-10-04
WTA;Lin Zhu;104;Hard;WTA;14;2,4598;4,3789;2,7436;6,4847;2024-10-06;2026-10-04
WTA;Linda Fruhvirtova;104;Hard;WTA;10;3,99;2,4793;7,1072;6,8547;2024-10-06;2026-10-04
WTA;Linda Klimovicova;104;Hard;WTA;2;8,8889;3,7736;6,6667;5,625;2024-10-06;2026-10-04
WTA;Linda Noskova;104;Hard;WTA;62;9,2702;7,6517;7,0943;6,5074;2024-10-06;2026-10-04
WTA;Liudmila Samsonova;104;Hard;WTA;55;4,7924;5,8795;6,4057;6,6588;2024-10-06;2026-10-04
WTA;Lois Boisson;104;Hard;WTA;16;6,2176;3,1732;5,1813;6,6171;2024-10-06;2026-10-04
WTA;Lola Radivojevic;104;Hard;WTA;1;3,5088;3,7037;7,0175;7,125;2024-10-06;2026-10-04
WTA;Lucia Bronzetti;104;Hard;WTA;20;3,616;4,931;3,9277;7,1289;2024-10-06;2026-10-04
WTA;Lucie Havlickova;104;Hard;WTA;1;6,25;6,0606;9,375;7,1111;2024-10-06;2026-10-04
WTA;Lucrezia Stefanini;104;Hard;WTA;11;0,1189;1,7413;3,9239;6,7823;2024-10-06;2026-10-04
WTA;Lulu Sun;104;Hard;WTA;21;7,099;7,9884;5,529;6,8458;2024-10-06;2026-10-04
WTA;Maddison Inglis;104;Hard;WTA;9;2,439;4,6617;2,5915;6,6939;2024-10-06;2026-10-04
WTA;Madison Keys;104;Hard;WTA;53;6,2282;2,4588;5,8794;6,5481;2024-10-06;2026-10-04
WTA;Magda Linette;104;Hard;WTA;54;5,2012;3,1656;3,6956;6,4885;2024-10-06;2026-10-04
WTA;Magdalena Frech;104;Hard;WTA;58;3,4028;3,5534;2,7079;6,6343;2024-10-06;2026-10-04
WTA;Mai Hontama;104;Hard;WTA;3;1,6393;3,2967;3,2787;6,7778;2024-10-06;2026-10-04
WTA;Maja Chwalinska;104;Hard;WTA;11;0,936;5,5646;3,2761;6,5408;2024-10-06;2026-10-04
WTA;Mananchaya Sawangkaew;104;Hard;WTA;4;2,2026;5,036;8,37;6,1351;2024-10-06;2026-10-04
WTA;Maria Lourdes Carle;104;Hard;WTA;3;0,0;0,0;5,5866;7,16;2024-10-06;2026-10-04
WTA;Maria Sakkari;104;Hard;WTA;49;4,3826;3,9939;4,5306;6,5957;2024-10-06;2026-10-04
WTA;Maria Timofeeva;104;Hard;WTA;7;3,7915;0,8715;4,5024;6,3939;2024-10-06;2026-10-04
WTA;Marie Bouzkova;104;Hard;WTA;44;3,1146;3,2268;5,6329;6,7366;2024-10-06;2026-10-04
WTA;Marina Bassols Ribera;104;Hard;WTA;1;1,4085;7,1429;8,4507;6,4545;2024-10-06;2026-10-04
WTA;Marina Stakusic;104;Hard;WTA;8;2,6194;3,6741;7,396;6,6224;2024-10-06;2026-10-04
WTA;Marta Kostyuk;104;Hard;WTA;56;5,2036;1,0478;7,6849;6,631;2024-10-06;2026-10-04
WTA;Martyna Kubka;104;Hard;WTA;2;0,6849;5,0725;2,0548;6,3478;2024-10-06;2026-10-04
WTA;Mary Stoiana;104;Hard;WTA;2;0,9009;2,5641;5,4054;6,5294;2024-10-06;2026-10-04
WTA;Maya Joint;104;Hard;WTA;42;1,9085;4,1724;4,6726;6,9068;2024-10-06;2026-10-04
WTA;Mayar Sherif;104;Hard;WTA;9;2,921;3,4296;3,2646;7,0976;2024-10-06;2026-10-04
WTA;Mccartney Kessler;104;Hard;WTA;47;2,8334;4,1866;3,7493;6,8376;2024-10-06;2026-10-04
WTA;Mei Yamaguchi;104;Hard;WTA;3;0,5917;4,6784;2,9586;6,0357;2024-10-06;2026-10-04
WTA;Mika Stojsavljevic;104;Hard;WTA;1;6,1947;0,8696;2,6549;6,6471;2024-10-06;2026-10-04
WTA;Mirra Andreeva;104;Hard;WTA;73;4,8466;2,331;5,7669;6,5027;2024-10-06;2026-10-04
WTA;Moyuka Uchijima;104;Hard;WTA;28;3,3907;4,187;5,7494;6,806;2024-10-06;2026-10-04
WTA;Nadia Podoroska;104;Hard;WTA;3;3,4653;7,5829;5,4455;6,5161;2024-10-06;2026-10-04
WTA;Nao Hibino;104;Hard;WTA;5;1,8405;7,7994;4,908;6,2692;2024-10-06;2026-10-04
WTA;Naomi Osaka;104;Hard;WTA;44;9,0794;4,3285;3,6885;6,4081;2024-10-06;2026-10-04
WTA;Nikola Bartunkova;104;Hard;WTA;21;5,5177;3,218;6,5716;6,6929;2024-10-06;2026-10-04
WTA;Noma Noha Akugue;104;Hard;WTA;1;1,9231;0,0;5,7692;6,5;2024-10-06;2026-10-04
WTA;Oksana Selekhmeteva;104;Hard;WTA;10;2,0188;2,649;7,6716;6,8796;2024-10-06;2026-10-04
WTA;Oleksandra Oliynykova;104;Hard;WTA;11;1,4993;2,9231;5,3973;7,0211;2024-10-06;2026-10-04
WTA;Olivia Gadecki;104;Hard;WTA;5;2,3392;4,2105;6,7251;6,9796;2024-10-06;2026-10-04
WTA;Panna Udvardy;104;Hard;WTA;10;5,8394;5,0505;3,9416;6,4623;2024-10-06;2026-10-04
WTA;Paula Badosa;104;Hard;WTA;40;6,5866;3,3581;7,6844;6,7477;2024-10-06;2026-10-04
WTA;Petra Marcinko;104;Hard;WTA;8;4,16;4,9924;7,04;6,4433;2024-10-06;2026-10-04
WTA;Peyton Stearns;104;Hard;WTA;38;4,8205;6,7284;4,8205;6,9149;2024-10-06;2026-10-04
WTA;Polina Iatcenko;104;Hard;WTA;3;0,4831;3,653;7,2464;6,4688;2024-10-06;2026-10-04
WTA;Polina Kudermetova;104;Hard;WTA;27;4,6017;5,5585;7,2736;6,8047;2024-10-06;2026-10-04
WTA;Priscilla Hon;104;Hard;WTA;13;7,4611;3,7513;5,4922;6,4765;2024-10-06;2026-10-04
WTA;Qinwen Zheng;104;Hard;WTA;43;10,0159;3,4737;5,1192;6,4053;2024-10-06;2026-10-04
WTA;Rebecca Sramkova;104;Hard;WTA;34;5,3339;4,586;4,3679;6,5055;2024-10-06;2026-10-04
WTA;Rebeka Masarova;104;Hard;WTA;5;8,1794;2,8653;5,0132;6,5345;2024-10-06;2026-10-04
WTA;Reese Brantmeier;104;Hard;WTA;1;1,6393;0,0;3,2787;6,1;2024-10-06;2026-10-04
WTA;Renata Zarazua;104;Hard;WTA;25;0,9585;7,1313;2,8222;6,7071;2024-10-06;2026-10-04
WTA;Rina Saigo;104;Hard;WTA;1;0,0;0,0;0,0;6,9;2024-10-06;2026-10-04
WTA;Robin Montgomery;104;Hard;WTA;4;5,1672;2,1739;6,6869;6,8542;2024-10-06;2026-10-04
WTA;Sara Bejlek;104;Hard;WTA;22;1,7532;1,7403;4,418;6,3378;2024-10-06;2026-10-04
WTA;Sara Saito;104;Hard;WTA;2;1,6667;2,6786;8,3333;7,5;2024-10-06;2026-10-04
WTA;Sara Sorribes Tormo;104;Hard;WTA;5;1,1799;2,3499;3,2448;6,3962;2024-10-06;2026-10-04
WTA;Shuai Zhang;104;Hard;WTA;26;1,9856;7,5942;3,1288;6,417;2024-10-06;2026-10-04
WTA;Simona Waltert;104;Hard;WTA;9;3,9074;3,5868;7,67;6,8416;2024-10-06;2026-10-04
WTA;Sinja Kraus;104;Hard;WTA;6;0,8523;2,3499;5,1136;6,069;2024-10-06;2026-10-04
WTA;Sloane Stephens;104;Hard;WTA;17;1,5464;4,797;3,1787;7,0545;2024-10-06;2026-10-04
WTA;Sofia Costoulas;104;Hard;WTA;3;4,0323;4,1152;4,0323;7,0857;2024-10-06;2026-10-04
WTA;Sofia Kenin;104;Hard;WTA;50;2,3243;11,8864;5,7407;6,5403;2024-10-06;2026-10-04
WTA;Sofya Lansere;104;Hard;WTA;3;4,7904;1,105;8,982;6,4231;2024-10-06;2026-10-04
WTA;Solana Sierra;104;Hard;WTA;8;3,5377;4,878;7,3113;6,2353;2024-10-06;2026-10-04
WTA;Sonay Kartal;104;Hard;WTA;24;2,5;3,5827;1,75;6,4;2024-10-06;2026-10-04
WTA;Sorana Cirstea;104;Hard;WTA;47;6,1142;3,0787;3,3903;6,5236;2024-10-06;2026-10-04
WTA;Storm Hunter;104;Hard;WTA;10;1,7544;4,7059;6,4327;6,7059;2024-10-06;2026-10-04
WTA;Suzan Lamens;104;Hard;WTA;22;2,4503;4,7297;7,8146;6,7111;2024-10-06;2026-10-04
WTA;Talia Gibson;104;Hard;WTA;26;6,8581;8,3826;5,4758;6,5312;2024-10-06;2026-10-04
WTA;Tamara Korpatsch;104;Hard;WTA;7;2,2346;3,3138;5,959;6,8846;2024-10-06;2026-10-04
WTA;Tamara Zidansek;104;Hard;WTA;2;1,3889;3,7879;4,1667;7,2;2024-10-06;2026-10-04
WTA;Tatiana Prozorova;104;Hard;WTA;4;2,8646;2,381;2,8646;6,8571;2024-10-06;2026-10-04
WTA;Tatjana Maria;104;Hard;WTA;28;5,5416;4,8731;4,1814;6,4869;2024-10-06;2026-10-04
WTA;Taylah Preston;104;Hard;WTA;6;3,6458;8,311;6,5104;6,1935;2024-10-06;2026-10-04
WTA;Taylor Townsend;104;Hard;WTA;29;7,4302;4,2227;3,6441;6,5826;2024-10-06;2026-10-04
WTA;Teodora Kostovic;104;Hard;WTA;4;2,5237;2,1739;6,6246;6,6042;2024-10-06;2026-10-04
WTA;Tereza Valentova;104;Hard;WTA;16;4,0323;3,9777;6,1828;6,6036;2024-10-06;2026-10-04
WTA;Tyra Caterina Grant;104;Hard;WTA;2;3,4483;5,5944;6,0345;6,4444;2024-10-06;2026-10-04
WTA;Varvara Gracheva;104;Hard;WTA;25;3,4648;4,8585;5,4904;6,5139;2024-10-06;2026-10-04
WTA;Varvara Lepchenko;104;Hard;WTA;4;1,2712;6,9106;5,0847;6,2105;2024-10-06;2026-10-04
WTA;Vendula Valdmannova;104;Hard;WTA;1;0,0;1,3158;7,6923;5,7778;2024-10-06;2026-10-04
WTA;Vera Zvonareva;104;Hard;WTA;2;1,9737;7,9268;4,6053;6,9091;2024-10-06;2026-10-04
WTA;Veronika Erjavec;104;Hard;WTA;3;3,2864;2,7027;2,3474;6,4545;2024-10-06;2026-10-04
WTA;Victoria Jimenez Kasintseva;104;Hard;WTA;11;2,2962;2,593;7,3479;6,8047;2024-10-06;2026-10-04
WTA;Victoria Mboko;104;Hard;WTA;41;6,1218;3,6418;7,4897;6,5561;2024-10-06;2026-10-04
WTA;Viktoria Hruncakova;104;Hard;WTA;2;3,0303;2,8169;6,0606;6,0;2024-10-06;2026-10-04
WTA;Viktoria Morvayova;104;Hard;WTA;2;3,8674;4,7619;3,8674;7,24;2024-10-06;2026-10-04
WTA;Viktorija Golubic;104;Hard;WTA;16;1,0383;4,5796;3,1949;6,6952;2024-10-06;2026-10-04
WTA;Vivian Wolff;104;Hard;WTA;1;1,3158;3,3898;6,5789;7,6;2024-10-06;2026-10-04
WTA;Whitney Osuigwe;104;Hard;WTA;3;0,5556;8,8608;8,3333;7,5;2024-10-06;2026-10-04
WTA;Xiaodi You;104;Hard;WTA;1;1,7544;1,5385;10,5263;7,125;2024-10-06;2026-10-04
WTA;Xin Yu Wang;104;Hard;WTA;43;4,3834;3,9667;5,0376;6,7633;2024-10-06;2026-10-04
WTA;Xinyu Gao;104;Hard;WTA;2;0,9259;5,4348;2,7778;6,0;2024-10-06;2026-10-04
WTA;Xiyu Wang;104;Hard;WTA;14;2,7624;2,1277;4,5304;6,3287;2024-10-06;2026-10-04
WTA;Ye Xin Ma;104;Hard;WTA;3;2,5751;2,1552;4,721;7,0606;2024-10-06;2026-10-04
WTA;Yeon Woo Ku;104;Hard;WTA;1;0,0;6,4516;7,8947;7,6;2024-10-06;2026-10-04
WTA;Yue Yuan;104;Hard;WTA;24;3,5895;5,3528;2,3556;6,9377;2024-10-06;2026-10-04
WTA;Yulia Putintseva;104;Hard;WTA;46;2,3795;4,1228;2,8916;6,5483;2024-10-06;2026-10-04
WTA;Yuliia Starodubtseva;104;Hard;WTA;25;2,0374;4,4143;3,2824;6,7186;2024-10-06;2026-10-04
WTA;Zeynep Sonmez;104;Hard;WTA;37;1,6018;4,5027;5,4157;6,7404;2024-10-06;2026-10-04
WTA;Zhuoxuan Bai;104;Hard;WTA;3;1,8519;6,278;3,2407;6,9677;2024-10-06;2026-10-04
WTA;Ajla Tomljanovic;104;Hard;ALL;42;3,2911;6,2186;8,6076;6,8103;2024-10-06;2026-10-04
WTA;Akasha Urhobo;104;Hard;ALL;18;4,1033;1,214;3,8754;6,5149;2024-10-06;2026-10-04
WTA;Alevtina Ibragimova;104;Hard;ALL;27;2,2222;1,8391;3,3604;6,8587;2024-10-06;2026-10-04
WTA;Alexandra Eala;104;Hard;ALL;76;1,4534;5,3607;4,379;6,4689;2024-10-06;2026-10-04
WTA;Alexandra Shubladze;104;Hard;ALL;54;1,0396;1,6793;5,6477;6,5183;2024-10-06;2026-10-04
WTA;Aliaksandra Sasnovich;104;Hard;ALL;30;2,4801;4,5826;4,5391;6,6573;2024-10-06;2026-10-04
WTA;Alice Rame;104;Hard;ALL;4;2,5641;5,1887;3,8462;6,8824;2024-10-06;2026-10-04
WTA;Alice Tubello;104;Hard;ALL;9;1,9802;3,9432;6,1056;6,5161;2024-10-06;2026-10-04
WTA;Alicia Dudeney;104;Hard;ALL;90;2,1634;2,0603;6,767;6,4703;2024-10-06;2026-10-04
WTA;Alicia Herrero Linana;104;Hard;ALL;12;0,6321;2,6895;3,4134;6,4836;2024-10-06;2026-10-04
WTA;Alina Charaeva;104;Hard;ALL;36;4,6017;2,8232;6,3032;6,6995;2024-10-06;2026-10-04
WTA;Alina Korneeva;104;Hard;ALL;75;4,3201;1,436;7,8996;6,4813;2024-10-06;2026-10-04
WTA;Aliona Falei;104;Hard;ALL;79;2,3725;2,247;7,1362;6,8278;2024-10-06;2026-10-04
WTA;Alycia Parks;104;Hard;ALL;78;9,6198;2,3984;10,3516;6,5995;2024-10-06;2026-10-04
WTA;Amanda Anisimova;104;Hard;ALL;64;4,9436;4,4312;5,5982;6,5147;2024-10-06;2026-10-04
WTA;Anastasia Gasanova;104;Hard;ALL;44;1,0488;2,6281;8,4562;6,7055;2024-10-06;2026-10-04
WTA;Anastasia Potapova;104;Hard;ALL;53;3,4033;2,5428;6,3204;6,7965;2024-10-06;2026-10-04
WTA;Anastasia Tikhonova;104;Hard;ALL;39;4,4366;3,2916;7,5704;6,7299;2024-10-06;2026-10-04
WTA;Anastasia Zakharova;104;Hard;ALL;64;1,6204;4,5956;4,3519;6,5158;2024-10-06;2026-10-04
WTA;Anastasia Zolotareva;104;Hard;ALL;9;1,2414;1,3514;4,5517;6,8396;2024-10-06;2026-10-04
WTA;Anastasiya Soboleva;104;Hard;ALL;19;2,6072;2,7869;4,2052;6,533;2024-10-06;2026-10-04
WTA;Andrea Lazaro Garcia;104;Hard;ALL;22;2,2148;3,2908;4,2953;6,6518;2024-10-06;2026-10-04
WTA;Angela Fita Boluda;104;Hard;ALL;9;2,847;1,4587;2,4911;6,1758;2024-10-06;2026-10-04
WTA;Anhelina Kalinina;104;Hard;ALL;29;3,1778;7,5379;4,568;6,3135;2024-10-06;2026-10-04
WTA;Ann Li;104;Hard;ALL;71;5,7387;3,0019;3,2377;6,5791;2024-10-06;2026-10-04
WTA;Anna Blinkova;104;Hard;ALL;67;2,3957;3,8119;5,701;6,6294;2024-10-06;2026-10-04
WTA;Anna Bondar;104;Hard;ALL;50;5,7067;3,225;3,6;6,7084;2024-10-06;2026-10-04
WTA;Anna Kalinskaya;104;Hard;ALL;67;3,1026;5,972;6,2474;6,6359;2024-10-06;2026-10-04
WTA;Anna Lena Friedsam;104;Hard;ALL;44;5,1857;3,7097;4,9616;6,563;2024-10-06;2026-10-04
WTA;Anna Siskova;104;Hard;ALL;46;3,3687;1,7119;3,8229;6,3816;2024-10-06;2026-10-04
WTA;Anouk Koevermans;104;Hard;ALL;33;4,4944;1,7663;7,2097;6,6959;2024-10-06;2026-10-04
WTA;Antonia Ruzic;104;Hard;ALL;63;2,8888;5,6217;3,7902;6,6467;2024-10-06;2026-10-04
WTA;Arantxa Rus;104;Hard;ALL;31;3,0501;2,1419;5,4902;6,7105;2024-10-06;2026-10-04
WTA;Aryna Sabalenka;104;Hard;ALL;93;6,8469;5,738;2,9755;6,4377;2024-10-06;2026-10-04
WTA;Ashlyn Krueger;104;Hard;ALL;53;6,7639;3,104;7,2668;6,5304;2024-10-06;2026-10-04
WTA;Aurora Zantedeschi;104;Hard;ALL;14;2,5082;2,2571;4,4711;6,3681;2024-10-06;2026-10-04
WTA;Ayana Akli;104;Hard;ALL;55;1,6547;1,9391;4,3501;6,5507;2024-10-06;2026-10-04
WTA;Ayla Aksu;104;Hard;ALL;52;2,5;3,825;7,3196;6,7596;2024-10-06;2026-10-04
WTA;Barbora Krejcikova;104;Hard;ALL;40;5,2576;4,932;7,1504;6,6659;2024-10-06;2026-10-04
WTA;Barbora Palicova;104;Hard;ALL;36;3,0038;4,683;5,4652;6,6399;2024-10-06;2026-10-04
WTA;Belinda Bencic;104;Hard;ALL;61;3,1134;5,3263;4,7398;6,6317;2024-10-06;2026-10-04
WTA;Berfu Cengiz;104;Hard;ALL;22;2,1038;5,4983;5,3997;6,5714;2024-10-06;2026-10-04
WTA;Bianca Andreescu;104;Hard;ALL;22;4,4756;3,8462;5,01;6,4249;2024-10-06;2026-10-04
WTA;Cadence Brace;104;Hard;ALL;60;1,7646;2,9658;4,3106;6,5897;2024-10-06;2026-10-04
WTA;Caijsa Wilda Hennemann;104;Hard;ALL;10;1,8547;3,4537;2,473;6,8105;2024-10-06;2026-10-04
WTA;Camila Osorio;104;Hard;ALL;52;2,6598;3,9758;7,6215;6,661;2024-10-06;2026-10-04
WTA;Carol Young Suh Lee;104;Hard;ALL;107;4,5479;2,3265;3,3188;6,5317;2024-10-06;2026-10-04
WTA;Carole Monnet;104;Hard;ALL;23;2,3912;1,4035;8,3998;6,7958;2024-10-06;2026-10-04
WTA;Caroline Dolehide;104;Hard;ALL;45;3,3726;2,9204;4,3872;6,9866;2024-10-06;2026-10-04
WTA;Caroline Uebelhoer;104;Hard;ALL;19;3,0238;3,0643;3,3837;6,5829;2024-10-06;2026-10-04
WTA;Carolyn Ansari;104;Hard;ALL;119;1,2417;2,3357;5,3507;6,5427;2024-10-06;2026-10-04
WTA;Caty Mcnally;104;Hard;ALL;50;2,1697;3,2698;5,3964;6,7322;2024-10-06;2026-10-04
WTA;Celine Naef;104;Hard;ALL;45;5,798;2,787;4,9511;6,4905;2024-10-06;2026-10-04
WTA;Claire Liu;104;Hard;ALL;35;4,9445;2,9652;4,7653;6,7908;2024-10-06;2026-10-04
WTA;Clara Burel;104;Hard;ALL;3;2,1368;2,6415;5,5556;6,6857;2024-10-06;2026-10-04
WTA;Clara Tauson;104;Hard;ALL;74;9,4189;4,9396;5,1443;6,6552;2024-10-06;2026-10-04
WTA;Coco Gauff;104;Hard;ALL;84;4,8178;2,1637;9,7738;6,4922;2024-10-06;2026-10-04
WTA;Cristina Bucsa;104;Hard;ALL;59;1,6969;4,1548;4,4694;6,7051;2024-10-06;2026-10-04
WTA;Dalma Galfi;104;Hard;ALL;28;5,9903;3,5934;4,4928;6,9231;2024-10-06;2026-10-04
WTA;Daria Kasatkina;104;Hard;ALL;50;2,3555;3,82;7,8426;6,6714;2024-10-06;2026-10-04
WTA;Daria Khomutsianskaya;104;Hard;ALL;84;4,2816;1,7227;6,7001;6,4832;2024-10-06;2026-10-04
WTA;Daria Snigur;104;Hard;ALL;81;1,793;4,8549;3,3007;6,4835;2024-10-06;2026-10-04
WTA;Darja Semenistaja;104;Hard;ALL;26;2,5044;4,8256;2,3296;6,4549;2024-10-06;2026-10-04
WTA;Darja Vidmanova;104;Hard;ALL;63;6,4922;2,9228;2,8686;6,4304;2024-10-06;2026-10-04
WTA;Darya Astakhova;104;Hard;ALL;22;1,7341;2,1019;4,1747;6,6824;2024-10-06;2026-10-04
WTA;Dayana Yastremska;104;Hard;ALL;53;4,0457;3,3826;7,0985;6,8637;2024-10-06;2026-10-04
WTA;Dayeon Back;104;Hard;ALL;100;1,3099;0,8145;3,7294;6,5413;2024-10-06;2026-10-04
WTA;Despina Papamichail;104;Hard;ALL;9;0,312;2,0036;2,4961;7,044;2024-10-06;2026-10-04
WTA;Diana Shnaider;104;Hard;ALL;70;2,6985;5,0548;4,5816;6,6123;2024-10-06;2026-10-04
WTA;Diane Parry;104;Hard;ALL;42;6,0516;4,3007;5,291;6,6316;2024-10-06;2026-10-04
WTA;Dominika Salkova;104;Hard;ALL;31;2,7257;4,1894;6,0477;6,9059;2024-10-06;2026-10-04
WTA;Donna Vekic;104;Hard;ALL;44;4,9099;4,2898;7,0541;6,6902;2024-10-06;2026-10-04
WTA;Ekaterina Alexandrova;104;Hard;ALL;73;6,2682;4,9174;6,3227;6,7204;2024-10-06;2026-10-04
WTA;Ekaterine Gorgodze;104;Hard;ALL;17;1,0195;3,9801;1,9541;6,9235;2024-10-06;2026-10-04
WTA;Elena Gabriela Ruse;104;Hard;ALL;43;4,3739;2,9332;6,5608;6,6084;2024-10-06;2026-10-04
WTA;Elena Malygina;104;Hard;ALL;39;1,7004;3,1829;3,835;6,6763;2024-10-06;2026-10-04
WTA;Elena Micic;104;Hard;ALL;83;3,1393;4,1892;7,0899;6,5549;2024-10-06;2026-10-04
WTA;Elena Pridankina;104;Hard;ALL;40;3,2729;1,9244;6,7947;6,7572;2024-10-06;2026-10-04
WTA;Elena Ruxandra Bertea;104;Hard;ALL;14;5,0167;4,6729;3,456;6,5474;2024-10-06;2026-10-04
WTA;Elena Rybakina;104;Hard;ALL;102;9,834;4,543;4,1695;6,3733;2024-10-06;2026-10-04
WTA;Elina Avanesyan;104;Hard;ALL;31;1,0929;2,3306;4,3716;6,7203;2024-10-06;2026-10-04
WTA;Elina Svitolina;104;Hard;ALL;60;5,0301;3,1088;5,1924;6,7406;2024-10-06;2026-10-04
WTA;Elisabetta Cocciaretto;104;Hard;ALL;45;2,1413;4,544;4,3784;6,6292;2024-10-06;2026-10-04
WTA;Elise Mertens;104;Hard;ALL;63;7,2719;3,6339;6,2365;6,4488;2024-10-06;2026-10-04
WTA;Elizabeth Mandlik;104;Hard;ALL;31;2,6256;3,3569;6,4282;6,6939;2024-10-06;2026-10-04
WTA;Elizara Yaneva;104;Hard;ALL;43;2,823;2,7692;3,4872;6,5886;2024-10-06;2026-10-04
WTA;Ella Seidel;104;Hard;ALL;51;4,0161;6,0;6,4544;6,691;2024-10-06;2026-10-04
WTA;Elsa Jacquemot;104;Hard;ALL;56;7,1605;2,8438;7,7284;6,7388;2024-10-06;2026-10-04
WTA;Elvina Kalieva;104;Hard;ALL;44;4,94;4,7822;5,9005;6,7791;2024-10-06;2026-10-04
WTA;Emerson Jones;104;Hard;ALL;76;2,075;4,8317;5,5515;6,7246;2024-10-06;2026-10-04
WTA;Emiliana Arango;104;Hard;ALL;47;1,3717;1,4845;4,4089;6,8809;2024-10-06;2026-10-04
WTA;Emma Navarro;104;Hard;ALL;55;3,8516;3,9573;5,1512;6,6856;2024-10-06;2026-10-04
WTA;Emma Raducanu;104;Hard;ALL;45;4,8013;4,3769;5,0;6,6814;2024-10-06;2026-10-04
WTA;Erika Andreeva;104;Hard;ALL;48;3,1847;3,4343;3,0937;6,6741;2024-10-06;2026-10-04
WTA;Eva Bennemann;104;Hard;ALL;23;0,7022;1,8445;5,5478;6,6542;2024-10-06;2026-10-04
WTA;Eva Lys;104;Hard;ALL;41;1,5014;5,0054;6,4246;6,5688;2024-10-06;2026-10-04
WTA;Eva Vedder;104;Hard;ALL;27;4,4924;2,8868;3,734;6,3955;2024-10-06;2026-10-04
WTA;Fangran Tian;104;Hard;ALL;83;1,6003;2,2768;2,9079;6,5108;2024-10-06;2026-10-04
WTA;Federica Urgesi;104;Hard;ALL;20;3,9376;1,9146;2,9718;6,5659;2024-10-06;2026-10-04
WTA;Fiona Crawley;104;Hard;ALL;62;1,3126;2,3235;4,7254;6,7122;2024-10-06;2026-10-04
WTA;Fiona Ferro;104;Hard;ALL;22;1,3803;2,9265;3,6577;6,9;2024-10-06;2026-10-04
WTA;Francesca Curmi;104;Hard;ALL;32;0,6341;2,7124;3,0244;6,8106;2024-10-06;2026-10-04
WTA;Francesca Jones;104;Hard;ALL;27;2,2114;4,8468;4,8544;6,5053;2024-10-06;2026-10-04
WTA;Francesca Pace;104;Hard;ALL;19;3,8488;3,4043;4,6735;6,7674;2024-10-06;2026-10-04
WTA;Francisca Jorge;104;Hard;ALL;79;2,384;2,3243;3,3081;6,6474;2024-10-06;2026-10-04
WTA;Gabriela Andrea Knutson;104;Hard;ALL;84;4,0809;2,822;6,5963;6,5951;2024-10-06;2026-10-04
WTA;Georgia Pedone;104;Hard;ALL;1;0,0;3,9216;2,0;6,25;2024-10-06;2026-10-04
WTA;Greet Minnen;104;Hard;ALL;41;4,3152;4,252;5,2533;6,5;2024-10-06;2026-10-04
WTA;Guiomar Maristany Zuleta De Reales;104;Hard;ALL;19;1,4961;2,6556;3,3071;6,6842;2024-10-06;2026-10-04
WTA;Hailey Baptiste;104;Hard;ALL;44;5,4229;4,1765;4,889;6,7278;2024-10-06;2026-10-04
WTA;Han Shi;104;Hard;ALL;91;2,7542;0,9889;5,9728;6,6085;2024-10-06;2026-10-04
WTA;Hanna Chang;104;Hard;ALL;64;2,7988;1,6775;6,8135;6,6146;2024-10-06;2026-10-04
WTA;Hanne Vandewinkel;104;Hard;ALL;60;6,0793;3,0851;6,5078;6,5739;2024-10-06;2026-10-04
WTA;Hanyu Guo;104;Hard;ALL;55;2,1873;1,9674;4,0916;6,5642;2024-10-06;2026-10-04
WTA;Harmony Tan;104;Hard;ALL;84;3,9755;2,0616;3,0063;6,5662;2024-10-06;2026-10-04
WTA;Harriet Dart;104;Hard;ALL;67;2,487;2,3436;5,2001;6,6511;2024-10-06;2026-10-04
WTA;Haruka Kaji;104;Hard;ALL;86;1,2464;2,4795;3,005;6,709;2024-10-06;2026-10-04
WTA;Hayu Kinoshita;104;Hard;ALL;87;1,9635;2,4249;2,6648;6,5639;2024-10-06;2026-10-04
WTA;Himeno Sakatsume;104;Hard;ALL;72;2,3947;2,8286;2,972;6,5049;2024-10-06;2026-10-04
WTA;Hiromi Abe;104;Hard;ALL;77;1,1576;1,06;4,0008;6,5829;2024-10-06;2026-10-04
WTA;Iga Swiatek;104;Hard;ALL;88;4,2804;3,8305;4,5657;6,4448;2024-10-06;2026-10-04
WTA;Irene Burillo Escorihuela;104;Hard;ALL;10;0,6494;2,9586;2,1645;6,3288;2024-10-06;2026-10-04
WTA;Iryna Shymanovich;104;Hard;ALL;25;1,5854;3,142;5,2439;6,6129;2024-10-06;2026-10-04
WTA;Iva Jovic;104;Hard;ALL;64;3,2164;3,945;3,3063;6,5672;2024-10-06;2026-10-04
WTA;Janice Tjen;104;Hard;ALL;99;5,7847;3,3082;4,544;6,4935;2024-10-06;2026-10-04
WTA;Jaqueline Cristian;104;Hard;ALL;55;4,1205;4,4433;5,1249;6,718;2024-10-06;2026-10-04
WTA;Jasmine Paolini;104;Hard;ALL;68;2,2541;5,8333;2,6332;6,6953;2024-10-06;2026-10-04
WTA;Jazmin Ortenzi;104;Hard;ALL;6;1,0256;0,831;5,8974;7,2222;2024-10-06;2026-10-04
WTA;Jelena Ostapenko;104;Hard;ALL;45;5,1225;6,5448;8,9723;6,6872;2024-10-06;2026-10-04
WTA;Jeline Vandromme;104;Hard;ALL;71;2,253;2,2279;3,5345;6,6365;2024-10-06;2026-10-04
WTA;Jennifer Ruggeri;104;Hard;ALL;4;0,9585;1,2579;7,6677;6,5208;2024-10-06;2026-10-04
WTA;Jessica Bouzas Maneiro;104;Hard;ALL;59;2,5877;2,6667;7,5695;6,6586;2024-10-06;2026-10-04
WTA;Jessica Pegula;104;Hard;ALL;97;5,0015;5,0157;2,9949;6,4088;2024-10-06;2026-10-04
WTA;Jil Teichmann;104;Hard;ALL;22;3,5376;3,4483;4,9905;6,765;2024-10-06;2026-10-04
WTA;Joanna Garland;104;Hard;ALL;21;4,934;4,0194;4,656;6,3114;2024-10-06;2026-10-04
WTA;Joelle Lilly Sophie Steur;104;Hard;ALL;8;0,7067;3,259;3,0035;6,3596;2024-10-06;2026-10-04
WTA;Julia Avdeeva;104;Hard;ALL;38;11,8623;3,9132;8,1377;6,3171;2024-10-06;2026-10-04
WTA;Julia Grabher;104;Hard;ALL;18;3,0709;3,9316;6,1417;6,7553;2024-10-06;2026-10-04
WTA;Julia Riera;104;Hard;ALL;12;4,1573;2,3529;5,2809;7,0635;2024-10-06;2026-10-04
WTA;Julie Struplova;104;Hard;ALL;1;3,4483;0,0;6,8966;6,4444;2024-10-06;2026-10-04
WTA;Julieta Pareja;104;Hard;ALL;24;0,9311;2,4169;4,9038;6,944;2024-10-06;2026-10-04
WTA;Justina Mikulskyte;104;Hard;ALL;67;2,7338;2,8103;6,235;6,4953;2024-10-06;2026-10-04
WTA;Kaitlin Quevedo;104;Hard;ALL;43;2,7094;4,2026;3,5294;6,4781;2024-10-06;2026-10-04
WTA;Kaja Juvan;104;Hard;ALL;25;2,7139;1,8415;4,3658;6,5192;2024-10-06;2026-10-04
WTA;Kajsa Rinaldo Persson;104;Hard;ALL;29;2,7265;1,8397;5,0572;6,8494;2024-10-06;2026-10-04
WTA;Kamilla Rakhimova;104;Hard;ALL;54;2,1755;6,0836;5,8015;6,8476;2024-10-06;2026-10-04
WTA;Karolina Muchova;104;Hard;ALL;68;5,2843;3,6697;2,5864;6,4532;2024-10-06;2026-10-04
WTA;Karolina Pliskova;104;Hard;ALL;15;5,0926;5,1478;7,963;6,9677;2024-10-06;2026-10-04
WTA;Katarina Kuzmova;104;Hard;ALL;110;5,8878;3,7775;6,165;6,587;2024-10-06;2026-10-04
WTA;Katarina Zavatska;104;Hard;ALL;16;1,4137;1,5711;3,3482;7,0737;2024-10-06;2026-10-04
WTA;Katarzyna Kawa;104;Hard;ALL;16;3,3529;2,3237;7,6278;6,5191;2024-10-06;2026-10-04
WTA;Katerina Siniakova;104;Hard;ALL;59;2,4814;2,4822;6,7742;6,7845;2024-10-06;2026-10-04
WTA;Katherine Sebov;104;Hard;ALL;60;0,9167;2,9396;2,6016;6,6932;2024-10-06;2026-10-04
WTA;Katie Boulter;104;Hard;ALL;52;3,7134;5,2525;7,7749;6,5284;2024-10-06;2026-10-04
WTA;Katie Swan;104;Hard;ALL;57;5,0808;1,8126;6,1087;6,3884;2024-10-06;2026-10-04
WTA;Katie Volynets;104;Hard;ALL;51;1,5077;3,8612;1,2737;6,7848;2024-10-06;2026-10-04
WTA;Katrina Scott;104;Hard;ALL;35;4,0633;3,4513;3,3362;6,7965;2024-10-06;2026-10-04
WTA;Kayla Cross;104;Hard;ALL;57;4,6421;1,7241;7,832;6,6944;2024-10-06;2026-10-04
WTA;Kayla Day;104;Hard;ALL;52;6,0252;2,6761;4,709;6,4877;2024-10-06;2026-10-04
WTA;Kimberly Birrell;104;Hard;ALL;71;2,7751;6,3711;7,3938;6,6064;2024-10-06;2026-10-04
WTA;Kristina Liutova;104;Hard;ALL;24;1,1487;3,1404;4,4033;6,584;2024-10-06;2026-10-04
WTA;Lanlana Tararudee;104;Hard;ALL;83;5,534;2,303;5,4283;6,4698;2024-10-06;2026-10-04
WTA;Laura Pigossi;104;Hard;ALL;11;1,4805;2,2989;5,6528;6,6937;2024-10-06;2026-10-04
WTA;Laura Samson;104;Hard;ALL;17;3,336;2,8059;7,7045;6,5916;2024-10-06;2026-10-04
WTA;Laura Siegemund;104;Hard;ALL;30;1,5632;3,2841;4,8162;6,7629;2024-10-06;2026-10-04
WTA;Lea Ma;104;Hard;ALL;58;5,5485;3,4248;3,2473;6,5953;2024-10-06;2026-10-04
WTA;Leolia Jeanjean;104;Hard;ALL;36;3,385;4,6398;5,261;6,4188;2024-10-06;2026-10-04
WTA;Leylah Fernandez;104;Hard;ALL;76;3,6941;4,1328;5,5318;6,4982;2024-10-06;2026-10-04
WTA;Leyre Romero Gormaz;104;Hard;ALL;11;2,8951;1,7921;4,7045;7,1466;2024-10-06;2026-10-04
WTA;Lilli Tagger;104;Hard;ALL;33;6,5838;2,7113;3,8214;6,5422;2024-10-06;2026-10-04
WTA;Lin Zhu;104;Hard;ALL;51;2,5429;4,324;2,6611;6,6575;2024-10-06;2026-10-04
WTA;Linda Fruhvirtova;104;Hard;ALL;45;4,521;3,0841;6,6467;6,627;2024-10-06;2026-10-04
WTA;Linda Klimovicova;104;Hard;ALL;59;6,35;3,5837;7,3209;6,651;2024-10-06;2026-10-04
WTA;Linda Noskova;104;Hard;ALL;69;9,0303;7,2405;7,1515;6,5132;2024-10-06;2026-10-04
WTA;Lisa Pigato;104;Hard;ALL;20;1,0884;2,1218;3,8095;6,6216;2024-10-06;2026-10-04
WTA;Lisa Zaar;104;Hard;ALL;12;0,3937;1,2953;4,1995;6,5128;2024-10-06;2026-10-04
WTA;Liudmila Samsonova;104;Hard;ALL;58;4,8908;5,8349;6,4604;6,6505;2024-10-06;2026-10-04
WTA;Lois Boisson;104;Hard;ALL;21;6,9515;2,8259;4,7832;6,5333;2024-10-06;2026-10-04
WTA;Lola Radivojevic;104;Hard;ALL;29;7,007;4,7138;4,0835;6,9071;2024-10-06;2026-10-04
WTA;Lucia Bronzetti;104;Hard;ALL;49;3,4677;4,495;3,3549;6,7306;2024-10-06;2026-10-04
WTA;Lucie Havlickova;104;Hard;ALL;39;5,9378;4,6429;6,4268;6,6581;2024-10-06;2026-10-04
WTA;Lucrezia Stefanini;104;Hard;ALL;69;0,3109;1,9413;4,4686;6,8172;2024-10-06;2026-10-04
WTA;Luisina Giovannini;104;Hard;ALL;1;5,5556;0,0;9,2593;6,75;2024-10-06;2026-10-04
WTA;Lulu Sun;104;Hard;ALL;43;7,8418;5,814;5,2847;6,591;2024-10-06;2026-10-04
WTA;Maddison Inglis;104;Hard;ALL;43;3,9888;3,7705;4,3737;6,4661;2024-10-06;2026-10-04
WTA;Madison Brengle;104;Hard;ALL;31;0,0;1,5945;2,9785;6,7368;2024-10-06;2026-10-04
WTA;Madison Keys;104;Hard;ALL;56;6,244;2,4124;5,7436;6,5358;2024-10-06;2026-10-04
WTA;Magda Linette;104;Hard;ALL;64;4,9808;2,8275;3,4934;6,5059;2024-10-06;2026-10-04
WTA;Magdalena Frech;104;Hard;ALL;59;3,4597;3,586;2,7488;6,6248;2024-10-06;2026-10-04
WTA;Mai Hontama;104;Hard;ALL;64;0,9691;3,1659;5,5443;6,6622;2024-10-06;2026-10-04
WTA;Maja Chwalinska;104;Hard;ALL;22;1,083;4,4461;3,8989;6,412;2024-10-06;2026-10-04
WTA;Mananchaya Sawangkaew;104;Hard;ALL;70;3,4483;2,7083;6,3761;6,559;2024-10-06;2026-10-04
WTA;Maria Lourdes Carle;104;Hard;ALL;11;0,7538;1,7241;7,1608;6,7458;2024-10-06;2026-10-04
WTA;Maria Sakkari;104;Hard;ALL;56;4,5538;4,1924;4,3432;6,55;2024-10-06;2026-10-04
WTA;Maria Timofeeva;104;Hard;ALL;43;2,3581;0,9735;4,3165;6,5669;2024-10-06;2026-10-04
WTA;Marie Bouzkova;104;Hard;ALL;62;3,1527;2,7784;5,418;6,6491;2024-10-06;2026-10-04
WTA;Marina Bassols Ribera;104;Hard;ALL;36;1,8166;6,1365;6,1259;6,5933;2024-10-06;2026-10-04
WTA;Marina Stakusic;104;Hard;ALL;40;2,6005;3,4567;7,3624;6,7449;2024-10-06;2026-10-04
WTA;Marta Kostyuk;104;Hard;ALL;56;5,2036;1,0478;7,6849;6,631;2024-10-06;2026-10-04
WTA;Martha Matoula;104;Hard;ALL;10;1,3554;0,9138;3,9157;6,5743;2024-10-06;2026-10-04
WTA;Martina Capurro Taborda;104;Hard;ALL;16;1,3029;1,3416;4,9946;6,3517;2024-10-06;2026-10-04
WTA;Martyna Kubka;104;Hard;ALL;82;7,2806;4,0882;3,3315;6,2345;2024-10-06;2026-10-04
WTA;Mary Stoiana;104;Hard;ALL;37;1,8426;2,0384;4,1075;6,7662;2024-10-06;2026-10-04
WTA;Matilde Jorge;104;Hard;ALL;72;3,0253;2,3694;8,1227;6,675;2024-10-06;2026-10-04
WTA;Maya Joint;104;Hard;ALL;71;1,7651;3,3919;4,7264;6,7004;2024-10-06;2026-10-04
WTA;Mayar Sherif;104;Hard;ALL;14;2,4259;3,1746;3,2345;7,42;2024-10-06;2026-10-04
WTA;Mccartney Kessler;104;Hard;ALL;64;2,8783;3,4476;3,9885;6,7744;2024-10-06;2026-10-04
WTA;Mei Yamaguchi;104;Hard;ALL;73;2,3438;4,1795;4,4207;6,8333;2024-10-06;2026-10-04
WTA;Mia Pohankova;104;Hard;ALL;32;6,807;1,9333;4,5678;6,7872;2024-10-06;2026-10-04
WTA;Mia Ristic;104;Hard;ALL;14;2,5974;7,8921;1,3986;6,5425;2024-10-06;2026-10-04
WTA;Mika Stojsavljevic;104;Hard;ALL;39;5,9557;3,6716;6,3019;6,6087;2024-10-06;2026-10-04
WTA;Mina Hodzic;104;Hard;ALL;19;5,1546;2,7006;5,891;6,9286;2024-10-06;2026-10-04
WTA;Mirra Andreeva;104;Hard;ALL;73;4,8466;2,331;5,7669;6,5027;2024-10-06;2026-10-04
WTA;Mona Barthel;104;Hard;ALL;51;8,2114;2,9158;10,5703;6,541;2024-10-06;2026-10-04
WTA;Moyuka Uchijima;104;Hard;ALL;45;3,1277;3,6657;7,1032;6,7743;2024-10-06;2026-10-04
WTA;Nadia Podoroska;104;Hard;ALL;18;2,8571;2,4372;7,5918;6,7308;2024-10-06;2026-10-04
WTA;Nao Hibino;104;Hard;ALL;50;3,4228;3,9851;4,7179;6,5915;2024-10-06;2026-10-04
WTA;Naomi Osaka;104;Hard;ALL;51;9,3933;4,466;3,6623;6,3198;2024-10-06;2026-10-04
WTA;Nikola Bartunkova;104;Hard;ALL;52;5,0598;2,9482;7,0729;6,5526;2024-10-06;2026-10-04
WTA;Noemi Basiletti;104;Hard;ALL;17;0,2613;1,0601;2,5261;6,6358;2024-10-06;2026-10-04
WTA;Noma Noha Akugue;104;Hard;ALL;42;4,6154;2,1771;4,4365;6,561;2024-10-06;2026-10-04
WTA;Nuria Brancaccio;104;Hard;ALL;5;2,71;2,3684;5,9621;6,2542;2024-10-06;2026-10-04
WTA;Oksana Selekhmeteva;104;Hard;ALL;30;2,3973;2,5268;8,3048;6,8105;2024-10-06;2026-10-04
WTA;Oleksandra Oliynykova;104;Hard;ALL;16;0,9901;2,1938;4,5005;6,9006;2024-10-06;2026-10-04
WTA;Olivia Gadecki;104;Hard;ALL;34;3,6892;2,6094;7,2483;6,6017;2024-10-06;2026-10-04
WTA;Panna Udvardy;104;Hard;ALL;28;4,4875;3,4836;3,8246;6,5367;2024-10-06;2026-10-04
WTA;Paula Badosa;104;Hard;ALL;49;6,25;3,1036;7,9241;6,6991;2024-10-06;2026-10-04
WTA;Petra Marcinko;104;Hard;ALL;51;3,3333;3,5047;4,8968;6,4326;2024-10-06;2026-10-04
WTA;Peyton Stearns;104;Hard;ALL;53;5,0414;6,2359;5,3337;6,8893;2024-10-06;2026-10-04
WTA;Polina Iatcenko;104;Hard;ALL;83;3,6088;4,5481;5,0252;6,5573;2024-10-06;2026-10-04
WTA;Polina Kudermetova;104;Hard;ALL;52;4,9864;5,5698;7,6294;6,6365;2024-10-06;2026-10-04
WTA;Polona Hercog;104;Hard;ALL;8;4,6422;2,8674;4,0619;6,3049;2024-10-06;2026-10-04
WTA;Priscilla Hon;104;Hard;ALL;42;5,8824;3,5434;5,0654;6,5948;2024-10-06;2026-10-04
WTA;Qinwen Zheng;104;Hard;ALL;46;10,1518;3,3893;5,1206;6,4721;2024-10-06;2026-10-04
WTA;Rebecca Sramkova;104;Hard;ALL;52;5,554;3,9806;4,5917;6,5769;2024-10-06;2026-10-04
WTA;Rebeka Masarova;104;Hard;ALL;17;8,6754;2,2709;6,584;6,4874;2024-10-06;2026-10-04
WTA;Reese Brantmeier;104;Hard;ALL;22;5,248;1,0294;3,307;6,6555;2024-10-06;2026-10-04
WTA;Renata Zarazua;104;Hard;ALL;67;1,1106;5,2037;2,3494;6,5574;2024-10-06;2026-10-04
WTA;Rina Saigo;104;Hard;ALL;97;1,2419;2,3704;3,3685;6,7668;2024-10-06;2026-10-04
WTA;Robin Montgomery;104;Hard;ALL;12;7,2261;3,433;8,2751;6,5;2024-10-06;2026-10-04
WTA;Rositsa Dencheva;104;Hard;ALL;11;0,4121;2,3392;4,3956;6,5;2024-10-06;2026-10-04
WTA;Samira De Stefano;104;Hard;ALL;30;0,5589;2,8323;2,0325;6,328;2024-10-06;2026-10-04
WTA;Sara Bejlek;104;Hard;ALL;34;1,4292;1,7994;4,109;6,5853;2024-10-06;2026-10-04
WTA;Sara Saito;104;Hard;ALL;60;1,7782;3,0288;8,7676;6,6377;2024-10-06;2026-10-04
WTA;Sara Sorribes Tormo;104;Hard;ALL;22;0,9334;1,406;4,0448;6,5861;2024-10-06;2026-10-04
WTA;Selena Janicijevic;104;Hard;ALL;7;1,31;3,1785;4,1485;6,7353;2024-10-06;2026-10-04
WTA;Shuai Zhang;104;Hard;ALL;57;2,6921;6,1084;3,1155;6,2732;2024-10-06;2026-10-04
WTA;Simona Waltert;104;Hard;ALL;23;4,3056;3,3254;7,5197;6,786;2024-10-06;2026-10-04
WTA;Sinja Kraus;104;Hard;ALL;36;2,6702;5,1724;4,8509;6,513;2024-10-06;2026-10-04
WTA;Sloane Stephens;104;Hard;ALL;26;1,6282;3,7464;2,7311;7,0;2024-10-06;2026-10-04
WTA;Sofia Costoulas;104;Hard;ALL;79;5,1476;3,4539;2,6684;6,4676;2024-10-06;2026-10-04
WTA;Sofia Kenin;104;Hard;ALL;61;2,2949;11,8159;5,6351;6,5297;2024-10-06;2026-10-04
WTA;Sofya Lansere;104;Hard;ALL;52;1,9401;1,3514;8,6448;6,8191;2024-10-06;2026-10-04
WTA;Solana Sierra;104;Hard;ALL;29;2,9147;3,4276;8,0021;6,4845;2024-10-06;2026-10-04
WTA;Sonay Kartal;104;Hard;ALL;30;3,0347;3,1859;1,6859;6,3681;2024-10-06;2026-10-04
WTA;Sorana Cirstea;104;Hard;ALL;68;6,192;2,5567;3,323;6,4686;2024-10-06;2026-10-04
WTA;Storm Hunter;104;Hard;ALL;19;2,459;4,3956;5,5887;6,4519;2024-10-06;2026-10-04
WTA;Susan Bandecchi;104;Hard;ALL;59;3,7618;3,5779;2,8213;6,6261;2024-10-06;2026-10-04
WTA;Suzan Lamens;104;Hard;ALL;54;2,7845;3,495;7,4074;6,6172;2024-10-06;2026-10-04
WTA;Talia Gibson;104;Hard;ALL;85;6,3529;7,7079;4,4771;6,4289;2024-10-06;2026-10-04
WTA;Tamara Korpatsch;104;Hard;ALL;47;2,9273;2,685;5,2565;6,7167;2024-10-06;2026-10-04
WTA;Tamara Zidansek;104;Hard;ALL;13;1,1655;2,9412;5,3613;6,6;2024-10-06;2026-10-04
WTA;Tatiana Prozorova;104;Hard;ALL;50;3,7687;2,7035;3,8262;6,5338;2024-10-06;2026-10-04
WTA;Tatjana Maria;104;Hard;ALL;53;5,615;4,0972;3,6364;6,6312;2024-10-06;2026-10-04
WTA;Taylah Preston;104;Hard;ALL;101;2,2072;4,1544;5,518;6,6996;2024-10-06;2026-10-04
WTA;Taylor Townsend;104;Hard;ALL;35;7,1849;4,4821;3,7299;6,5476;2024-10-06;2026-10-04
WTA;Teodora Kostovic;104;Hard;ALL;27;4,2132;3,5431;5,8883;6,5886;2024-10-06;2026-10-04
WTA;Tereza Valentova;104;Hard;ALL;57;3,5847;3,1383;4,8327;6,5839;2024-10-06;2026-10-04
WTA;Tyra Caterina Grant;104;Hard;ALL;22;4,465;3,2374;6,5435;6,2452;2024-10-06;2026-10-04
WTA;Valentina Ryser;104;Hard;ALL;52;5,6277;2,5034;7,4134;6,72;2024-10-06;2026-10-04
WTA;Varvara Gracheva;104;Hard;ALL;34;3,4225;4,6863;5,9009;6,5515;2024-10-06;2026-10-04
WTA;Varvara Lepchenko;104;Hard;ALL;36;3,3601;2,7896;3,6273;6,7154;2024-10-06;2026-10-04
WTA;Vendula Valdmannova;104;Hard;ALL;73;3,0303;4,0264;6,2301;6,6371;2024-10-06;2026-10-04
WTA;Vera Zvonareva;104;Hard;ALL;14;3,5225;3,7864;5,3816;6,7682;2024-10-06;2026-10-04
WTA;Veronika Erjavec;104;Hard;ALL;16;2,4855;3,3246;2,4027;6,9368;2024-10-06;2026-10-04
WTA;Veronika Podrez;104;Hard;ALL;62;3,2384;4,5872;5,6976;6,6998;2024-10-06;2026-10-04
WTA;Victoria Jimenez Kasintseva;104;Hard;ALL;42;2,6195;2,5885;6,3196;6,7716;2024-10-06;2026-10-04
WTA;Victoria Mboko;104;Hard;ALL;71;6,3744;3,2005;7,0521;6,4596;2024-10-06;2026-10-04
WTA;Viktoria Hruncakova;104;Hard;ALL;77;8,843;5,8341;6,2563;6,536;2024-10-06;2026-10-04
WTA;Viktoria Morvayova;104;Hard;ALL;95;3,6084;2,7984;4,2934;6,4854;2024-10-06;2026-10-04
WTA;Viktorija Golubic;104;Hard;ALL;62;0,613;3,242;3,8258;6,817;2024-10-06;2026-10-04
WTA;Vivian Wolff;104;Hard;ALL;32;1,5962;2,457;5,446;6,6562;2024-10-06;2026-10-04
WTA;Weronika Falkowska;104;Hard;ALL;28;5,5496;1,9556;5,5496;6,4844;2024-10-06;2026-10-04
WTA;Whitney Osuigwe;104;Hard;ALL;33;1,2422;2,8675;6,2999;6,893;2024-10-06;2026-10-04
WTA;Xiaodi You;104;Hard;ALL;72;3,2911;1,3907;6,1181;6,7714;2024-10-06;2026-10-04
WTA;Xin Yu Wang;104;Hard;ALL;67;4,5511;3,9009;4,758;6,6129;2024-10-06;2026-10-04
WTA;Xinxin Yao;104;Hard;ALL;65;1,3876;2,5405;2,6843;6,6405;2024-10-06;2026-10-04
WTA;Xinyu Gao;104;Hard;ALL;55;2,1947;2,6338;2,8419;6,5211;2024-10-06;2026-10-04
WTA;Xiyu Wang;104;Hard;ALL;51;2,0711;1,8873;3,9258;6,47;2024-10-06;2026-10-04
WTA;Yasmine Kabbaj;104;Hard;ALL;15;0,736;2,1435;6,5317;6,509;2024-10-06;2026-10-04
WTA;Ye Xin Ma;104;Hard;ALL;95;3,3494;2,5124;5,1852;6,5994;2024-10-06;2026-10-04
WTA;Yeon Woo Ku;104;Hard;ALL;98;1,6194;2,543;5,1357;6,6434;2024-10-06;2026-10-04
WTA;Yue Yuan;104;Hard;ALL;53;3,5434;4,3778;2,3538;6,8356;2024-10-06;2026-10-04
WTA;Yufei Ren;104;Hard;ALL;74;1,6845;1,7748;5,3111;6,6134;2024-10-06;2026-10-04
WTA;Yuki Naito;104;Hard;ALL;45;3,5066;1,8658;6,8879;6,7242;2024-10-06;2026-10-04
WTA;Yulia Putintseva;104;Hard;ALL;53;2,2715;3,9929;2,8526;6,494;2024-10-06;2026-10-04
WTA;Yuliia Starodubtseva;104;Hard;ALL;40;2,0759;3,9556;3,3644;6,6524;2024-10-06;2026-10-04
WTA;Zeynep Sonmez;104;Hard;ALL;51;1,4501;4,0175;5,1826;6,7464;2024-10-06;2026-10-04
WTA;Zhuoxuan Bai;104;Hard;ALL;25;2,4089;2,7714;3,6428;6,5211;2024-10-06;2026-10-04
WTA;Ajla Tomljanovic;104;Clay;WTA;10;2,4531;5,0754;7,3593;6,6635;2024-10-06;2026-10-04
WTA;Akasha Urhobo;104;Clay;WTA;2;4,4944;2,6549;3,3708;5,9333;2024-10-06;2026-10-04
WTA;Alexandra Eala;104;Clay;WTA;13;1,0363;5,0441;3,5233;7,1481;2024-10-06;2026-10-04
WTA;Aliaksandra Sasnovich;104;Clay;WTA;4;1,9531;14,8;6,6406;6,9189;2024-10-06;2026-10-04
WTA;Alina Charaeva;104;Clay;WTA;1;5,5556;8,7719;16,6667;6,0;2024-10-06;2026-10-04
WTA;Alina Korneeva;104;Clay;WTA;1;1,3699;1,5873;5,4795;7,3;2024-10-06;2026-10-04
WTA;Alycia Parks;104;Clay;WTA;12;5,7579;3,0451;8,5781;6,9187;2024-10-06;2026-10-04
WTA;Amanda Anisimova;104;Clay;WTA;10;4,4843;5,4313;6,577;7,0421;2024-10-06;2026-10-04
WTA;Anastasia Potapova;104;Clay;WTA;23;4,0682;2,4277;5,5525;6,8902;2024-10-06;2026-10-04
WTA;Anastasia Zakharova;104;Clay;WTA;4;0,0;4,9057;6,4748;6,619;2024-10-06;2026-10-04
WTA;Anastasiya Soboleva;104;Clay;WTA;1;0,0;1,4706;6,1538;6,5;2024-10-06;2026-10-04
WTA;Angela Fita Boluda;104;Clay;WTA;2;2,0979;0,0;4,1958;7,15;2024-10-06;2026-10-04
WTA;Anhelina Kalinina;104;Clay;WTA;8;1,9084;2,7881;4,1985;6,55;2024-10-06;2026-10-04
WTA;Ann Li;104;Clay;WTA;18;5,8957;2,0914;3,0234;6,6818;2024-10-06;2026-10-04
WTA;Anna Blinkova;104;Clay;WTA;6;1,0776;6,1611;4,3103;7,6066;2024-10-06;2026-10-04
WTA;Anna Bondar;104;Clay;WTA;11;4,0863;4,5067;1,9296;6,9921;2024-10-06;2026-10-04
WTA;Anna Kalinskaya;104;Clay;WTA;14;2,7088;4,7097;5,1919;6,3741;2024-10-06;2026-10-04
WTA;Antonia Ruzic;104;Clay;WTA;6;0,9975;4,0476;3,99;6,3651;2024-10-06;2026-10-04
WTA;Arantxa Rus;104;Clay;WTA;3;0,0;1,5564;1,7778;6,4286;2024-10-06;2026-10-04
WTA;Aryna Sabalenka;104;Clay;WTA;26;4,7568;4,0638;3,8482;6,6584;2024-10-06;2026-10-04
WTA;Ashlyn Krueger;104;Clay;WTA;10;3,7516;2,1828;6,5977;6,6068;2024-10-06;2026-10-04
WTA;Barbora Krejcikova;104;Clay;WTA;4;3,6585;2,9915;8,5366;7,0286;2024-10-06;2026-10-04
WTA;Belinda Bencic;104;Clay;WTA;14;3,1746;3,9918;4,3386;6,6549;2024-10-06;2026-10-04
WTA;Bianca Andreescu;104;Clay;WTA;10;3,7459;2,8708;4,2345;6,3958;2024-10-06;2026-10-04
WTA;Camila Osorio;104;Clay;WTA;6;0,8174;2,4523;8,1744;6,2203;2024-10-06;2026-10-04
WTA;Carole Monnet;104;Clay;WTA;1;4,1237;1,3333;6,1856;7,4615;2024-10-06;2026-10-04
WTA;Caroline Dolehide;104;Clay;WTA;8;2,3729;1,5707;3,5593;6,5556;2024-10-06;2026-10-04
WTA;Caty Mcnally;104;Clay;WTA;9;0,6211;1,9202;4,0373;6,7789;2024-10-06;2026-10-04
WTA;Clara Tauson;104;Clay;WTA;10;3,3666;2,1025;4,7382;7,0351;2024-10-06;2026-10-04
WTA;Coco Gauff;104;Clay;WTA;32;3,0648;2,2102;6,9615;6,4157;2024-10-06;2026-10-04
WTA;Cristina Bucsa;104;Clay;WTA;5;1,3986;3,9916;3,2634;6,6;2024-10-06;2026-10-04
WTA;Dalma Galfi;104;Clay;WTA;7;4,9587;2,5822;4,7521;7,2239;2024-10-06;2026-10-04
WTA;Daria Kasatkina;104;Clay;WTA;14;2,7411;2,1632;6,3959;6,9366;2024-10-06;2026-10-04
WTA;Daria Snigur;104;Clay;WTA;2;1,3245;5,0279;6,6225;6,8636;2024-10-06;2026-10-04
WTA;Darja Semenistaja;104;Clay;WTA;3;0,3717;0,6579;1,487;6,1136;2024-10-06;2026-10-04
WTA;Darja Vidmanova;104;Clay;WTA;1;0,0;0,0;1,1628;7,1667;2024-10-06;2026-10-04
WTA;Dayana Yastremska;104;Clay;WTA;13;2,0601;3,0825;6,4378;7,1914;2024-10-06;2026-10-04
WTA;Diana Shnaider;104;Clay;WTA;22;1,3708;4,3599;4,5692;6,8393;2024-10-06;2026-10-04
WTA;Diane Parry;104;Clay;WTA;5;2,3739;6,1093;2,9674;6,8776;2024-10-06;2026-10-04
WTA;Donna Vekic;104;Clay;WTA;12;4,772;5,2222;7,105;6,5944;2024-10-06;2026-10-04
WTA;Ekaterina Alexandrova;104;Clay;WTA;20;7,1601;4,6003;6,2751;6,4404;2024-10-06;2026-10-04
WTA;Ekaterine Gorgodze;104;Clay;WTA;1;1,3333;4,0541;2,6667;6,25;2024-10-06;2026-10-04
WTA;Elena Gabriela Ruse;104;Clay;WTA;11;5,4371;3,27;7,0362;6,8467;2024-10-06;2026-10-04
WTA;Elena Rybakina;104;Clay;WTA;19;7,2965;3,0021;3,533;6,2297;2024-10-06;2026-10-04
WTA;Elina Avanesyan;104;Clay;WTA;3;0,5348;2,0725;5,8824;6,2333;2024-10-06;2026-10-04
WTA;Elina Svitolina;104;Clay;WTA;24;3,9227;3,1034;4,0884;7,0428;2024-10-06;2026-10-04
WTA;Elisabetta Cocciaretto;104;Clay;WTA;12;1,2839;2,6912;4,5649;6,4907;2024-10-06;2026-10-04
WTA;Elise Mertens;104;Clay;WTA;18;5,6;2,5346;6,08;6,4103;2024-10-06;2026-10-04
WTA;Ella Seidel;104;Clay;WTA;3;1,7167;9,5477;3,0043;7,5161;2024-10-06;2026-10-04
WTA;Elsa Jacquemot;104;Clay;WTA;5;2,6882;2,6786;4,5699;7,0189;2024-10-06;2026-10-04
WTA;Elvina Kalieva;104;Clay;WTA;2;6,1538;0,0;6,1538;5,6522;2024-10-06;2026-10-04
WTA;Emiliana Arango;104;Clay;WTA;9;0,7937;1,0938;4,9206;6,9231;2024-10-06;2026-10-04
WTA;Emma Navarro;104;Clay;WTA;16;2,3057;3,1656;5,2946;6,5419;2024-10-06;2026-10-04
WTA;Emma Raducanu;104;Clay;WTA;9;3,2211;2,983;4,3924;6,7624;2024-10-06;2026-10-04
WTA;Erika Andreeva;104;Clay;WTA;3;2,5157;1,9737;6,2893;6,1154;2024-10-06;2026-10-04
WTA;Eva Lys;104;Clay;WTA;13;0,7804;4,7904;5,9086;6,7955;2024-10-06;2026-10-04
WTA;Federica Urgesi;104;Clay;WTA;2;3,7037;3,6145;3,7037;7,2;2024-10-06;2026-10-04
WTA;Francesca Jones;104;Clay;WTA;1;2,8846;1,8519;3,8462;6,5;2024-10-06;2026-10-04
WTA;Francisca Jorge;104;Clay;WTA;1;0,0;1,4493;6,4516;6,2;2024-10-06;2026-10-04
WTA;Gabriela Andrea Knutson;104;Clay;WTA;1;8,1633;12,5;12,2449;6,125;2024-10-06;2026-10-04
WTA;Georgia Pedone;104;Clay;WTA;1;1,3333;7,3529;2,6667;6,25;2024-10-06;2026-10-04
WTA;Greet Minnen;104;Clay;WTA;1;0,0;0,0;6,4516;6,6429;2024-10-06;2026-10-04
WTA;Guiomar Maristany Zuleta De Reales;104;Clay;WTA;2;0,7812;0,0;6,25;6,7368;2024-10-06;2026-10-04
WTA;Hailey Baptiste;104;Clay;WTA;19;7,0856;2,5226;5,4813;6,7692;2024-10-06;2026-10-04
WTA;Harriet Dart;104;Clay;WTA;1;0,0;5,2632;2,8169;6,4545;2024-10-06;2026-10-04
WTA;Iga Swiatek;104;Clay;WTA;24;3,5692;3,75;4,5711;6,3373;2024-10-06;2026-10-04
WTA;Iryna Shymanovich;104;Clay;WTA;3;0,9302;3,4826;4,6512;7,6786;2024-10-06;2026-10-04
WTA;Iva Jovic;104;Clay;WTA;12;2,7867;3,7594;3,4298;6,4345;2024-10-06;2026-10-04
WTA;Janice Tjen;104;Clay;WTA;4;4,7619;4,7847;4,2857;6,1765;2024-10-06;2026-10-04
WTA;Jaqueline Cristian;104;Clay;WTA;15;3,3759;2,0408;3,7409;6,6424;2024-10-06;2026-10-04
WTA;Jasmine Paolini;104;Clay;WTA;21;1,4895;3,6048;1,9634;6,5644;2024-10-06;2026-10-04
WTA;Jazmin Ortenzi;104;Clay;WTA;3;1,9048;0,0;2,8571;6,3636;2024-10-06;2026-10-04
WTA;Jelena Ostapenko;104;Clay;WTA;23;5,6615;5,675;8,5221;6,5547;2024-10-06;2026-10-04
WTA;Jennifer Ruggeri;104;Clay;WTA;1;0,0;0,0;10,8434;6,3846;2024-10-06;2026-10-04
WTA;Jessica Bouzas Maneiro;104;Clay;WTA;10;1,2262;2,7711;4,3597;6,1167;2024-10-06;2026-10-04
WTA;Jessica Pegula;104;Clay;WTA;26;3,0409;3,4229;2,7485;6,5267;2024-10-06;2026-10-04
WTA;Jil Teichmann;104;Clay;WTA;3;1,8519;4,4693;4,321;6,2308;2024-10-06;2026-10-04
WTA;Joanna Garland;104;Clay;WTA;2;0,5814;1,9608;2,3256;7,1667;2024-10-06;2026-10-04
WTA;Julia Grabher;104;Clay;WTA;3;3,5714;0,8511;5,6122;6,3226;2024-10-06;2026-10-04
WTA;Julia Riera;104;Clay;WTA;4;2,6119;3,2609;5,9701;6,5366;2024-10-06;2026-10-04
WTA;Kaitlin Quevedo;104;Clay;WTA;2;1,8182;3,0769;4,5455;6,4706;2024-10-06;2026-10-04
WTA;Kamilla Rakhimova;104;Clay;WTA;5;2,5862;4,3614;4,023;6,96;2024-10-06;2026-10-04
WTA;Karolina Muchova;104;Clay;WTA;7;4,7809;4,6185;2,1912;6,4359;2024-10-06;2026-10-04
WTA;Karolina Pliskova;104;Clay;WTA;12;5,4324;5,0;7,6497;6,4892;2024-10-06;2026-10-04
WTA;Katarzyna Kawa;104;Clay;WTA;5;1,5086;1,995;4,3103;7,0303;2024-10-06;2026-10-04
WTA;Katerina Siniakova;104;Clay;WTA;9;1,3298;2,139;5,3191;6,963;2024-10-06;2026-10-04
WTA;Katherine Sebov;104;Clay;WTA;1;0,0;0,0;3,125;5,3333;2024-10-06;2026-10-04
WTA;Katie Boulter;104;Clay;WTA;9;3,9002;3,4328;7,6443;6,8191;2024-10-06;2026-10-04
WTA;Katie Volynets;104;Clay;WTA;11;0,9524;2,4226;1,7687;6,6818;2024-10-06;2026-10-04
WTA;Kayla Day;104;Clay;WTA;1;1,5385;5,0847;1,5385;7,2222;2024-10-06;2026-10-04
WTA;Kimberly Birrell;104;Clay;WTA;4;1,9169;3,8576;5,7508;6,6596;2024-10-06;2026-10-04
WTA;Laura Pigossi;104;Clay;WTA;2;0,8929;0,0;3,5714;6,2222;2024-10-06;2026-10-04
WTA;Laura Samson;104;Clay;WTA;3;4,9261;7,0;3,9409;6,7667;2024-10-06;2026-10-04
WTA;Laura Siegemund;104;Clay;WTA;10;1,6173;3,0263;2,965;6,8073;2024-10-06;2026-10-04
WTA;Leolia Jeanjean;104;Clay;WTA;10;1,9182;1,3216;5,243;7,3084;2024-10-06;2026-10-04
WTA;Leylah Fernandez;104;Clay;WTA;17;2,322;4,0917;6,0372;6,9462;2024-10-06;2026-10-04
WTA;Leyre Romero Gormaz;104;Clay;WTA;2;1,3699;0,0;5,4795;7,6842;2024-10-06;2026-10-04
WTA;Lilli Tagger;104;Clay;WTA;4;3,4843;3,2154;2,439;6,6744;2024-10-06;2026-10-04
WTA;Linda Fruhvirtova;104;Clay;WTA;1;3,3898;0,0;13,5593;7,375;2024-10-06;2026-10-04
WTA;Linda Noskova;104;Clay;WTA;14;7,8556;5,8522;7,8556;6,4966;2024-10-06;2026-10-04
WTA;Lisa Pigato;104;Clay;WTA;1;0,0;2,5;10,5263;6,3333;2024-10-06;2026-10-04
WTA;Liudmila Samsonova;104;Clay;WTA;15;2,3061;4,8644;3,9832;6,4898;2024-10-06;2026-10-04
WTA;Lois Boisson;104;Clay;WTA;10;3,6145;2,3845;4,6687;6,1481;2024-10-06;2026-10-04
WTA;Lucia Bronzetti;104;Clay;WTA;7;1,0327;3,1558;3,9587;7,0;2024-10-06;2026-10-04
WTA;Lucrezia Stefanini;104;Clay;WTA;3;0,0;4,8128;6,3291;5,8519;2024-10-06;2026-10-04
WTA;Luisina Giovannini;104;Clay;WTA;1;0,0;4,878;4,3478;6,5714;2024-10-06;2026-10-04
WTA;Lulu Sun;104;Clay;WTA;6;6,8293;4,0632;2,439;6,6129;2024-10-06;2026-10-04
WTA;Madison Keys;104;Clay;WTA;19;5,5192;1,6985;2,9049;6,5885;2024-10-06;2026-10-04
WTA;Magda Linette;104;Clay;WTA;7;3,2328;3,6247;2,1552;6,3562;2024-10-06;2026-10-04
WTA;Magdalena Frech;104;Clay;WTA;13;3,428;1,8054;2,5465;6,8067;2024-10-06;2026-10-04
WTA;Maja Chwalinska;104;Clay;WTA;1;0,0;0,0;4,4944;6,3571;2024-10-06;2026-10-04
WTA;Maria Lourdes Carle;104;Clay;WTA;7;0,2481;2,2005;9,4293;6,8305;2024-10-06;2026-10-04
WTA;Maria Sakkari;104;Clay;WTA;14;2,9412;3,9106;4,1855;6,597;2024-10-06;2026-10-04
WTA;Marie Bouzkova;104;Clay;WTA;13;1,93;1,6766;3,7394;6,6855;2024-10-06;2026-10-04
WTA;Marina Stakusic;104;Clay;WTA;1;3,5714;3,9216;5,3571;7,0;2024-10-06;2026-10-04
WTA;Marta Kostyuk;104;Clay;WTA;15;3,3469;1,2774;7,3022;6,8472;2024-10-06;2026-10-04
WTA;Martina Capurro Taborda;104;Clay;WTA;1;0,0;1,0417;2,6316;5,8462;2024-10-06;2026-10-04
WTA;Mary Stoiana;104;Clay;WTA;1;1,2987;6,9767;7,7922;6,4167;2024-10-06;2026-10-04
WTA;Maya Joint;104;Clay;WTA;6;1,25;1,6018;3,9583;7,2727;2024-10-06;2026-10-04
WTA;Mayar Sherif;104;Clay;WTA;9;3,3829;1,5515;2,7064;7,0381;2024-10-06;2026-10-04
WTA;Mccartney Kessler;104;Clay;WTA;10;2,069;1,7591;4,6897;6,713;2024-10-06;2026-10-04
WTA;Mirra Andreeva;104;Clay;WTA;33;3,5383;3,0276;5,1811;6,8218;2024-10-06;2026-10-04
WTA;Moyuka Uchijima;104;Clay;WTA;8;2,8249;3,442;7,1563;6,4756;2024-10-06;2026-10-04
WTA;Nao Hibino;104;Clay;WTA;2;1,4493;6,5574;4,3478;7,6667;2024-10-06;2026-10-04
WTA;Naomi Osaka;104;Clay;WTA;12;7,0729;2,2678;4,1349;6,3819;2024-10-06;2026-10-04
WTA;Nikola Bartunkova;104;Clay;WTA;3;3,9823;4,6512;5,7522;6,2778;2024-10-06;2026-10-04
WTA;Noemi Basiletti;104;Clay;WTA;2;0,0;1,25;0,8;6,5789;2024-10-06;2026-10-04
WTA;Noma Noha Akugue;104;Clay;WTA;1;1,8182;10,0;0,0;6,1111;2024-10-06;2026-10-04
WTA;Nuria Brancaccio;104;Clay;WTA;2;1,626;2,4793;3,252;7,6875;2024-10-06;2026-10-04
WTA;Oksana Selekhmeteva;104;Clay;WTA;3;0,0;3,5714;9,4595;6,7273;2024-10-06;2026-10-04
WTA;Oleksandra Oliynykova;104;Clay;WTA;7;1,1962;1,1161;4,3062;6,6349;2024-10-06;2026-10-04
WTA;Olivia Gadecki;104;Clay;WTA;3;0,4608;0,8929;6,9124;6,5758;2024-10-06;2026-10-04
WTA;Panna Udvardy;104;Clay;WTA;8;2,9466;3,405;4,2357;6,314;2024-10-06;2026-10-04
WTA;Paula Badosa;104;Clay;WTA;9;3,9943;3,2349;7,9886;6,4312;2024-10-06;2026-10-04
WTA;Petra Marcinko;104;Clay;WTA;3;2,2346;3,7267;6,1453;6,8846;2024-10-06;2026-10-04
WTA;Peyton Stearns;104;Clay;WTA;20;3,3006;4,6067;5,0562;6,5926;2024-10-06;2026-10-04
WTA;Polina Kudermetova;104;Clay;WTA;7;1,8762;4,0516;5,4409;7,0132;2024-10-06;2026-10-04
WTA;Qinwen Zheng;104;Clay;WTA;19;7,6527;2,4211;6,181;6,3505;2024-10-06;2026-10-04
WTA;Rebecca Sramkova;104;Clay;WTA;4;3,0075;2,5735;2,6316;6,8205;2024-10-06;2026-10-04
WTA;Rebeka Masarova;104;Clay;WTA;6;6,8127;0,9852;6,5693;6,1343;2024-10-06;2026-10-04
WTA;Renata Zarazua;104;Clay;WTA;6;0,2299;2,4887;3,4483;6,6923;2024-10-06;2026-10-04
WTA;Robin Montgomery;104;Clay;WTA;7;5,482;2,3913;7,9395;6,7821;2024-10-06;2026-10-04
WTA;Sara Bejlek;104;Clay;WTA;10;0,2967;1,7366;3,4125;6,74;2024-10-06;2026-10-04
WTA;Shuai Zhang;104;Clay;WTA;11;2,6002;5,5422;3,9003;7,2677;2024-10-06;2026-10-04
WTA;Simona Waltert;104;Clay;WTA;4;1,2195;2,1407;3,6585;6,56;2024-10-06;2026-10-04
WTA;Sinja Kraus;104;Clay;WTA;3;2,5751;5,0505;5,5794;7,5161;2024-10-06;2026-10-04
WTA;Sloane Stephens;104;Clay;WTA;3;0,9302;3,9216;3,7209;7,1667;2024-10-06;2026-10-04
WTA;Sofia Kenin;104;Clay;WTA;18;3,4965;8,2569;5,5167;6,8824;2024-10-06;2026-10-04
WTA;Solana Sierra;104;Clay;WTA;9;2,79;1,5126;6,7548;7,4835;2024-10-06;2026-10-04
WTA;Sonay Kartal;104;Clay;WTA;6;1,676;1,3736;3,352;6,1724;2024-10-06;2026-10-04
WTA;Sorana Cirstea;104;Clay;WTA;11;4,2313;3,3512;2,5388;6,0598;2024-10-06;2026-10-04
WTA;Suzan Lamens;104;Clay;WTA;6;2,1687;3,8117;7,4699;6,3846;2024-10-06;2026-10-04
WTA;Talia Gibson;104;Clay;WTA;4;2,2876;2,7778;5,8824;6,8;2024-10-06;2026-10-04
WTA;Tamara Korpatsch;104;Clay;WTA;5;2,4768;1,2158;4,0248;6,3333;2024-10-06;2026-10-04
WTA;Tatjana Maria;104;Clay;WTA;6;8,4507;3,0043;3,2864;6,6562;2024-10-06;2026-10-04
WTA;Taylor Townsend;104;Clay;WTA;5;4,3046;3,413;1,6556;6,4255;2024-10-06;2026-10-04
WTA;Teodora Kostovic;104;Clay;WTA;1;1,5873;4,6512;6,3492;7,875;2024-10-06;2026-10-04
WTA;Tereza Valentova;104;Clay;WTA;5;1,7413;2,3256;4,7264;7,0526;2024-10-06;2026-10-04
WTA;Tyra Caterina Grant;104;Clay;WTA;5;2,5;3,0457;5,0;6,6667;2024-10-06;2026-10-04
WTA;Varvara Gracheva;104;Clay;WTA;6;2,4887;2,4831;5,4299;7,0159;2024-10-06;2026-10-04
WTA;Varvara Lepchenko;104;Clay;WTA;1;1,1905;1,1628;2,381;6,4615;2024-10-06;2026-10-04
WTA;Victoria Jimenez Kasintseva;104;Clay;WTA;2;0,7299;4,698;10,219;7,6111;2024-10-06;2026-10-04
WTA;Victoria Mboko;104;Clay;WTA;10;4,0541;2,8788;6,0811;6,9811;2024-10-06;2026-10-04
WTA;Viktorija Golubic;104;Clay;WTA;7;0,7371;3,7182;2,9484;5,9853;2024-10-06;2026-10-04
WTA;Xin Yu Wang;104;Clay;WTA;6;2,0045;1,2959;5,7906;6,803;2024-10-06;2026-10-04
WTA;Yue Yuan;104;Clay;WTA;3;0,7273;0,8658;0,7273;7,2368;2024-10-06;2026-10-04
WTA;Yulia Putintseva;104;Clay;WTA;12;1,9123;2,7875;2,4747;7,0556;2024-10-06;2026-10-04
WTA;Yuliia Starodubtseva;104;Clay;WTA;16;1,1204;1,6651;3,8282;6,4518;2024-10-06;2026-10-04
WTA;Zeynep Sonmez;104;Clay;WTA;9;0,6182;2,3328;3,0912;6,883;2024-10-06;2026-10-04
WTA;Ajla Tomljanovic;104;Clay;ALL;17;2,2277;3,4377;7,9208;6,6593;2024-10-06;2026-10-04
WTA;Akasha Urhobo;104;Clay;ALL;40;3,4951;0,8169;5,0485;6,519;2024-10-06;2026-10-04
WTA;Alevtina Ibragimova;104;Clay;ALL;57;1,8074;2,1345;5,009;6,6776;2024-10-06;2026-10-04
WTA;Alexandra Eala;104;Clay;ALL;15;0,9124;5,0592;3,3759;7,0256;2024-10-06;2026-10-04
WTA;Alexandra Shubladze;104;Clay;ALL;35;0,5575;1,1923;5,4739;6,5331;2024-10-06;2026-10-04
WTA;Aliaksandra Sasnovich;104;Clay;ALL;16;1,3877;5,5654;5,6375;7,1615;2024-10-06;2026-10-04
WTA;Alice Rame;104;Clay;ALL;81;1,3763;1,4498;3,6765;6,6383;2024-10-06;2026-10-04
WTA;Alice Tubello;104;Clay;ALL;60;1,4011;0,8567;3,2296;6,663;2024-10-06;2026-10-04
WTA;Alicia Herrero Linana;104;Clay;ALL;79;0,5612;1,7578;2,281;6,6474;2024-10-06;2026-10-04
WTA;Alina Charaeva;104;Clay;ALL;50;2,7504;2,5713;6,63;6,6042;2024-10-06;2026-10-04
WTA;Alina Korneeva;104;Clay;ALL;7;1,4528;1,373;9,6852;6,5556;2024-10-06;2026-10-04
WTA;Aliona Falei;104;Clay;ALL;4;3,1884;1,0283;6,087;6,3889;2024-10-06;2026-10-04
WTA;Alycia Parks;104;Clay;ALL;21;6,1475;2,6158;8,5383;6,9384;2024-10-06;2026-10-04
WTA;Amanda Anisimova;104;Clay;ALL;13;4,5618;5,1768;7,0828;6,9417;2024-10-06;2026-10-04
WTA;Anastasia Gasanova;104;Clay;ALL;31;0,5495;0,9818;8,5165;6,825;2024-10-06;2026-10-04
WTA;Anastasia Potapova;104;Clay;ALL;23;4,0682;2,4277;5,5525;6,8902;2024-10-06;2026-10-04
WTA;Anastasia Tikhonova;104;Clay;ALL;33;3,675;1,5702;7,8337;6,586;2024-10-06;2026-10-04
WTA;Anastasia Zakharova;104;Clay;ALL;18;1,1535;3,7488;4,7915;6,8303;2024-10-06;2026-10-04
WTA;Anastasia Zolotareva;104;Clay;ALL;69;1,3346;1,2974;6,0059;6,8573;2024-10-06;2026-10-04
WTA;Anastasiya Soboleva;104;Clay;ALL;88;1,7279;1,1617;4,0809;6,6995;2024-10-06;2026-10-04
WTA;Andrea Lazaro Garcia;104;Clay;ALL;71;0,7542;1,8789;5,6568;6,7037;2024-10-06;2026-10-04
WTA;Ane Mintegi Del Olmo;104;Clay;ALL;67;0,4885;1,6793;5,606;6,5936;2024-10-06;2026-10-04
WTA;Angela Fita Boluda;104;Clay;ALL;100;2,3831;1,5301;4,4236;6,6344;2024-10-06;2026-10-04
WTA;Anhelina Kalinina;104;Clay;ALL;40;1,4444;1,6331;4,8148;6,7839;2024-10-06;2026-10-04
WTA;Ann Li;104;Clay;ALL;26;5,5779;2,0597;3,1658;6,7458;2024-10-06;2026-10-04
WTA;Anna Blinkova;104;Clay;ALL;21;1,1728;3,1427;4,7531;7,2321;2024-10-06;2026-10-04
WTA;Anna Bondar;104;Clay;ALL;43;3,8506;2,1225;2,2462;6,9253;2024-10-06;2026-10-04
WTA;Anna Kalinskaya;104;Clay;ALL;16;2,5376;4,5794;4,8872;6,3713;2024-10-06;2026-10-04
WTA;Anna Lena Friedsam;104;Clay;ALL;27;2,9;1,8744;6,2349;6,9197;2024-10-06;2026-10-04
WTA;Anna Siskova;104;Clay;ALL;40;1,204;1,1467;3,5776;6,5769;2024-10-06;2026-10-04
WTA;Anouk Koevermans;104;Clay;ALL;37;2,7329;1,4815;6,5839;6,5625;2024-10-06;2026-10-04
WTA;Antonia Ruzic;104;Clay;ALL;15;2,1024;3,5448;3,5649;6,7117;2024-10-06;2026-10-04
WTA;Arantxa Rus;104;Clay;ALL;65;1,2885;1,4567;4,5206;6,6075;2024-10-06;2026-10-04
WTA;Aryna Sabalenka;104;Clay;ALL;26;4,7568;4,0638;3,8482;6,6584;2024-10-06;2026-10-04
WTA;Ashlyn Krueger;104;Clay;ALL;14;3,7201;1,9962;7,2631;6,7605;2024-10-06;2026-10-04
WTA;Aurora Zantedeschi;104;Clay;ALL;82;2,1929;1,3801;3,7354;6,6268;2024-10-06;2026-10-04
WTA;Ayana Akli;104;Clay;ALL;37;0,9293;0,8667;3,9192;6,7808;2024-10-06;2026-10-04
WTA;Ayla Aksu;104;Clay;ALL;14;1,5311;1,8182;6,7943;6,7419;2024-10-06;2026-10-04
WTA;Barbora Krejcikova;104;Clay;ALL;10;4,6338;3,9835;6,278;6,4951;2024-10-06;2026-10-04
WTA;Barbora Palicova;104;Clay;ALL;54;1,2814;2,4134;5,2537;6,8697;2024-10-06;2026-10-04
WTA;Belinda Bencic;104;Clay;ALL;14;3,1746;3,9918;4,3386;6,6549;2024-10-06;2026-10-04
WTA;Berfu Cengiz;104;Clay;ALL;34;1,6543;3,0145;4,3011;6,5528;2024-10-06;2026-10-04
WTA;Bianca Andreescu;104;Clay;ALL;19;3,4135;2,5836;4,4996;6,5765;2024-10-06;2026-10-04
WTA;Cadence Brace;104;Clay;ALL;7;0,6289;1,5909;4,8218;7,0147;2024-10-06;2026-10-04
WTA;Caijsa Wilda Hennemann;104;Clay;ALL;52;0,7056;0,9487;2,7096;6,6598;2024-10-06;2026-10-04
WTA;Camila Osorio;104;Clay;ALL;28;2,0212;1,8546;7,9333;6,5748;2024-10-06;2026-10-04
WTA;Carol Young Suh Lee;104;Clay;ALL;9;3,1299;3,9344;3,5994;6,5876;2024-10-06;2026-10-04
WTA;Carole Monnet;104;Clay;ALL;54;1,9391;1,5208;8,615;6,6852;2024-10-06;2026-10-04
WTA;Caroline Dolehide;104;Clay;ALL;15;1,9742;1,5734;5,4077;6,6954;2024-10-06;2026-10-04
WTA;Caroline Uebelhoer;104;Clay;ALL;44;1,8106;1,8638;3,2033;6,6946;2024-10-06;2026-10-04
WTA;Carolyn Ansari;104;Clay;ALL;8;1,4159;2,3891;6,5487;7,3377;2024-10-06;2026-10-04
WTA;Caty Mcnally;104;Clay;ALL;28;0,9297;1,6232;4,416;6,5687;2024-10-06;2026-10-04
WTA;Celine Naef;104;Clay;ALL;12;3,8946;2,1656;5,9565;7,0403;2024-10-06;2026-10-04
WTA;Claire Liu;104;Clay;ALL;21;1,5263;0,9174;3,9683;7,0;2024-10-06;2026-10-04
WTA;Clara Burel;104;Clay;ALL;28;1,5221;0,7599;4,1096;6,7732;2024-10-06;2026-10-04
WTA;Clara Tauson;104;Clay;ALL;11;3,8074;1,9699;4,9272;6,9225;2024-10-06;2026-10-04
WTA;Coco Gauff;104;Clay;ALL;32;3,0648;2,2102;6,9615;6,4157;2024-10-06;2026-10-04
WTA;Cristina Bucsa;104;Clay;ALL;7;1,2281;3,3493;5,2632;6,7059;2024-10-06;2026-10-04
WTA;Dalma Galfi;104;Clay;ALL;42;5,3714;1,2677;4,7238;6,6121;2024-10-06;2026-10-04
WTA;Daria Kasatkina;104;Clay;ALL;21;2,3747;2,6565;6,9261;6,8288;2024-10-06;2026-10-04
WTA;Daria Snigur;104;Clay;ALL;2;1,3245;5,0279;6,6225;6,8636;2024-10-06;2026-10-04
WTA;Darja Semenistaja;104;Clay;ALL;91;1,502;1,8862;1,7807;6,6577;2024-10-06;2026-10-04
WTA;Darja Vidmanova;104;Clay;ALL;13;3,6545;0,7856;3,876;6,4043;2024-10-06;2026-10-04
WTA;Darya Astakhova;104;Clay;ALL;59;1,4278;1,719;4,3094;6,5068;2024-10-06;2026-10-04
WTA;Dayana Yastremska;104;Clay;ALL;22;1,8023;3,1111;5,2977;7,0423;2024-10-06;2026-10-04
WTA;Dayeon Back;104;Clay;ALL;10;0,8651;0,3591;1,9031;6,7209;2024-10-06;2026-10-04
WTA;Despina Papamichail;104;Clay;ALL;108;0,8543;0,7343;2,4349;6,6192;2024-10-06;2026-10-04
WTA;Diana Shnaider;104;Clay;ALL;22;1,3708;4,3599;4,5692;6,8393;2024-10-06;2026-10-04
WTA;Diane Parry;104;Clay;ALL;23;2,8995;4,9757;3,9948;6,4937;2024-10-06;2026-10-04
WTA;Dominika Salkova;104;Clay;ALL;42;1,7264;2,0819;6,6775;6,9144;2024-10-06;2026-10-04
WTA;Donna Vekic;104;Clay;ALL;17;4,4;4,6064;6,4;6,5104;2024-10-06;2026-10-04
WTA;Ekaterina Alexandrova;104;Clay;ALL;23;6,7961;4,7526;6,1026;6,4089;2024-10-06;2026-10-04
WTA;Ekaterine Gorgodze;104;Clay;ALL;87;0,8671;2,4091;1,7507;6,7165;2024-10-06;2026-10-04
WTA;Elena Gabriela Ruse;104;Clay;ALL;16;5,2023;3,3573;7,3493;6,7278;2024-10-06;2026-10-04
WTA;Elena Malygina;104;Clay;ALL;15;0,455;1,912;3,3667;6,8688;2024-10-06;2026-10-04
WTA;Elena Pridankina;104;Clay;ALL;32;1,1599;1,9131;7,6147;6,588;2024-10-06;2026-10-04
WTA;Elena Ruxandra Bertea;104;Clay;ALL;94;3,3307;1,4644;5,3986;6,6754;2024-10-06;2026-10-04
WTA;Elena Rybakina;104;Clay;ALL;23;8,2141;3,2239;3,2358;6,302;2024-10-06;2026-10-04
WTA;Elina Avanesyan;104;Clay;ALL;29;0,3994;1,3764;4,693;6,7215;2024-10-06;2026-10-04
WTA;Elina Svitolina;104;Clay;ALL;29;4,0778;3,1434;3,651;7,0066;2024-10-06;2026-10-04
WTA;Elisabetta Cocciaretto;104;Clay;ALL;24;1,6605;2,4522;4,182;6,5301;2024-10-06;2026-10-04
WTA;Elise Mertens;104;Clay;ALL;18;5,6;2,5346;6,08;6,4103;2024-10-06;2026-10-04
WTA;Elizabeth Mandlik;104;Clay;ALL;38;1,9865;1,746;7,2366;6,7119;2024-10-06;2026-10-04
WTA;Elizara Yaneva;104;Clay;ALL;35;1,9092;1,3956;5,2185;6,696;2024-10-06;2026-10-04
WTA;Ella Seidel;104;Clay;ALL;16;1,9776;3,9485;6,1909;6,7225;2024-10-06;2026-10-04
WTA;Elsa Jacquemot;104;Clay;ALL;32;3,722;1,7746;5,8744;6,6172;2024-10-06;2026-10-04
WTA;Elvina Kalieva;104;Clay;ALL;30;3,3831;1,8267;5,9204;6,526;2024-10-06;2026-10-04
WTA;Emiliana Arango;104;Clay;ALL;33;1,1129;1,1823;5,2762;6,7202;2024-10-06;2026-10-04
WTA;Emma Navarro;104;Clay;ALL;20;1,9035;2,8332;5,5065;6,6261;2024-10-06;2026-10-04
WTA;Emma Raducanu;104;Clay;ALL;11;3,3375;3,6342;4,3263;6,6311;2024-10-06;2026-10-04
WTA;Erika Andreeva;104;Clay;ALL;24;2,6576;1,6554;2,843;6,5506;2024-10-06;2026-10-04
WTA;Eva Bennemann;104;Clay;ALL;48;0,3842;0,793;3,9598;6,7816;2024-10-06;2026-10-04
WTA;Eva Lys;104;Clay;ALL;17;0,5785;4,614;5,7851;6,9143;2024-10-06;2026-10-04
WTA;Eva Vedder;104;Clay;ALL;63;2,2801;2,166;3,6158;6,6697;2024-10-06;2026-10-04
WTA;Federica Urgesi;104;Clay;ALL;51;1,8809;0,7614;4,441;6,7872;2024-10-06;2026-10-04
WTA;Fiona Crawley;104;Clay;ALL;13;0,7752;0,2268;3,5437;6,7388;2024-10-06;2026-10-04
WTA;Fiona Ferro;104;Clay;ALL;37;1,1602;2,1469;2,3952;6,7475;2024-10-06;2026-10-04
WTA;Francesca Curmi;104;Clay;ALL;58;0,4242;1,4858;2,2455;6,8396;2024-10-06;2026-10-04
WTA;Francesca Jones;104;Clay;ALL;63;2,0628;2,9822;6,303;6,8493;2024-10-06;2026-10-04
WTA;Francesca Pace;104;Clay;ALL;44;3,2739;2,2607;6,9116;6,393;2024-10-06;2026-10-04
WTA;Francisca Jorge;104;Clay;ALL;16;1,5432;0,4296;2,8807;6,5676;2024-10-06;2026-10-04
WTA;Gabriela Andrea Knutson;104;Clay;ALL;8;2,8235;3,2587;10,3529;6,3433;2024-10-06;2026-10-04
WTA;Georgia Pedone;104;Clay;ALL;100;0,1019;1,0374;1,0042;6,8165;2024-10-06;2026-10-04
WTA;Greet Minnen;104;Clay;ALL;10;2,3184;2,6534;6,4915;6,6701;2024-10-06;2026-10-04
WTA;Guiomar Maristany Zuleta De Reales;104;Clay;ALL;72;1,1915;1,2561;5,286;6,5382;2024-10-06;2026-10-04
WTA;Hailey Baptiste;104;Clay;ALL;25;6,3676;2,3192;5,3546;6,7524;2024-10-06;2026-10-04
WTA;Han Shi;104;Clay;ALL;8;2,3857;1,4679;7,3559;6,9861;2024-10-06;2026-10-04
WTA;Hanna Chang;104;Clay;ALL;19;2,2709;0,7321;8,4573;6,385;2024-10-06;2026-10-04
WTA;Hanne Vandewinkel;104;Clay;ALL;43;2,5184;2,1814;7,4851;6,5876;2024-10-06;2026-10-04
WTA;Hanyu Guo;104;Clay;ALL;10;1,8779;1,1345;3,4429;6,7979;2024-10-06;2026-10-04
WTA;Harmony Tan;104;Clay;ALL;6;3,2609;2,8235;4,5652;7,0769;2024-10-06;2026-10-04
WTA;Harriet Dart;104;Clay;ALL;2;0,0;7,5188;5,3097;6,2778;2024-10-06;2026-10-04
WTA;Haruka Kaji;104;Clay;ALL;6;0,0;0,8;4,0123;6,6122;2024-10-06;2026-10-04
WTA;Himeno Sakatsume;104;Clay;ALL;5;1,4085;3,7249;1,6901;6,4545;2024-10-06;2026-10-04
WTA;Iga Swiatek;104;Clay;ALL;24;3,5692;3,75;4,5711;6,3373;2024-10-06;2026-10-04
WTA;Irene Burillo Escorihuela;104;Clay;ALL;88;0,645;1,3208;3,902;6,7486;2024-10-06;2026-10-04
WTA;Iryna Shymanovich;104;Clay;ALL;40;1,4868;3,338;4,5368;6,4132;2024-10-06;2026-10-04
WTA;Iva Jovic;104;Clay;ALL;22;2,0156;2,6015;3,186;6,4622;2024-10-06;2026-10-04
WTA;Janice Tjen;104;Clay;ALL;6;3,6011;3,9548;5,2632;6,5636;2024-10-06;2026-10-04
WTA;Jaqueline Cristian;104;Clay;ALL;28;2,9441;2,3729;3,992;6,68;2024-10-06;2026-10-04
WTA;Jasmine Paolini;104;Clay;ALL;21;1,4895;3,6048;1,9634;6,5644;2024-10-06;2026-10-04
WTA;Jazmin Ortenzi;104;Clay;ALL;83;1,2714;0,8159;4,3486;6,6183;2024-10-06;2026-10-04
WTA;Jelena Ostapenko;104;Clay;ALL;23;5,6615;5,675;8,5221;6,5547;2024-10-06;2026-10-04
WTA;Jeline Vandromme;104;Clay;ALL;24;1,0902;1,4881;5,4512;6,7114;2024-10-06;2026-10-04
WTA;Jennifer Ruggeri;104;Clay;ALL;93;1,2143;1,1619;6,9547;6,6398;2024-10-06;2026-10-04
WTA;Jessica Bouzas Maneiro;104;Clay;ALL;29;1,0879;1,5391;4,4878;6,6048;2024-10-06;2026-10-04
WTA;Jessica Pegula;104;Clay;ALL;27;3,1373;3,3651;3,0252;6,4674;2024-10-06;2026-10-04
WTA;Jil Teichmann;104;Clay;ALL;26;1,0667;3,0111;4,64;6,8431;2024-10-06;2026-10-04
WTA;Joanna Garland;104;Clay;ALL;20;4,9433;3,3123;4,7812;6,4271;2024-10-06;2026-10-04
WTA;Joelle Lilly Sophie Steur;104;Clay;ALL;83;0,6045;1,1488;2,0671;6,5242;2024-10-06;2026-10-04
WTA;Julia Avdeeva;104;Clay;ALL;29;5,6755;1,6848;9,8443;6,7492;2024-10-06;2026-10-04
WTA;Julia Grabher;104;Clay;ALL;97;1,6637;1,074;6,0838;6,6497;2024-10-06;2026-10-04
WTA;Julia Riera;104;Clay;ALL;77;2,7835;1,2065;5,4811;6,6363;2024-10-06;2026-10-04
WTA;Julie Struplova;104;Clay;ALL;75;1,0387;0,9831;4,2264;6,9023;2024-10-06;2026-10-04
WTA;Julieta Pareja;104;Clay;ALL;11;1,173;1,1173;7,6246;6,7525;2024-10-06;2026-10-04
WTA;Justina Mikulskyte;104;Clay;ALL;31;1,9667;1,1241;5,1942;6,6993;2024-10-06;2026-10-04
WTA;Kaitlin Quevedo;104;Clay;ALL;59;2,6634;1,8549;3,9457;6,6258;2024-10-06;2026-10-04
WTA;Kaja Juvan;104;Clay;ALL;27;1,6166;1,6657;4,6767;6,4869;2024-10-06;2026-10-04
WTA;Kajsa Rinaldo Persson;104;Clay;ALL;56;0,2688;1,0239;5,0538;6,6429;2024-10-06;2026-10-04
WTA;Kamilla Rakhimova;104;Clay;ALL;17;2,4147;3,4768;5,0791;6,7472;2024-10-06;2026-10-04
WTA;Karolina Muchova;104;Clay;ALL;7;4,7809;4,6185;2,1912;6,4359;2024-10-06;2026-10-04
WTA;Karolina Pliskova;104;Clay;ALL;12;5,4324;5,0;7,6497;6,4892;2024-10-06;2026-10-04
WTA;Katarina Kuzmova;104;Clay;ALL;16;4,6409;1,1038;6,4088;6,3732;2024-10-06;2026-10-04
WTA;Katarina Zavatska;104;Clay;ALL;51;1,1747;0,7153;3,1627;6,5098;2024-10-06;2026-10-04
WTA;Katarzyna Kawa;104;Clay;ALL;64;1,9685;2,0019;4,5391;6,7469;2024-10-06;2026-10-04
WTA;Katerina Siniakova;104;Clay;ALL;14;1,3109;2,0333;7,1161;6,8462;2024-10-06;2026-10-04
WTA;Katherine Sebov;104;Clay;ALL;16;0,7795;1,1161;3,3408;6,5072;2024-10-06;2026-10-04
WTA;Katie Boulter;104;Clay;ALL;19;4,2877;3,7911;7,1923;7,0194;2024-10-06;2026-10-04
WTA;Katie Volynets;104;Clay;ALL;27;0,8182;1,7783;1,578;6,7362;2024-10-06;2026-10-04
WTA;Katrina Scott;104;Clay;ALL;18;1,664;2,48;2,6149;6,7128;2024-10-06;2026-10-04
WTA;Kayla Cross;104;Clay;ALL;9;5,4113;2,0202;8,4416;6,3288;2024-10-06;2026-10-04
WTA;Kayla Day;104;Clay;ALL;23;3,1815;1,6453;4,8035;6,5697;2024-10-06;2026-10-04
WTA;Kimberly Birrell;104;Clay;ALL;8;1,8487;5,7632;9,2437;6,6854;2024-10-06;2026-10-04
WTA;Kristina Liutova;104;Clay;ALL;12;0,2364;0,6904;4,1371;6,6094;2024-10-06;2026-10-04
WTA;Lanlana Tararudee;104;Clay;ALL;13;3,2573;1,7486;4,3431;6,5319;2024-10-06;2026-10-04
WTA;Laura Pigossi;104;Clay;ALL;72;1,2437;1,0638;3,7513;6,9044;2024-10-06;2026-10-04
WTA;Laura Samson;104;Clay;ALL;71;1,8534;1,4449;6,9346;6,7067;2024-10-06;2026-10-04
WTA;Laura Siegemund;104;Clay;ALL;11;1,4634;2,7479;3,2927;6,7769;2024-10-06;2026-10-04
WTA;Lea Ma;104;Clay;ALL;18;3,9029;2,513;3,6427;6,9042;2024-10-06;2026-10-04
WTA;Leolia Jeanjean;104;Clay;ALL;54;2,1663;2,4006;5,2532;6,6302;2024-10-06;2026-10-04
WTA;Leylah Fernandez;104;Clay;ALL;21;2,4841;3,7918;6,7516;6,8559;2024-10-06;2026-10-04
WTA;Leyre Romero Gormaz;104;Clay;ALL;82;2,5729;1,587;6,0144;6,7725;2024-10-06;2026-10-04
WTA;Lilli Tagger;104;Clay;ALL;29;3,2014;1,8667;3,8417;6,4104;2024-10-06;2026-10-04
WTA;Linda Fruhvirtova;104;Clay;ALL;6;3,617;0,5714;8,2979;6,2667;2024-10-06;2026-10-04
WTA;Linda Klimovicova;104;Clay;ALL;5;2,3256;0,5917;6,9767;6,2708;2024-10-06;2026-10-04
WTA;Linda Noskova;104;Clay;ALL;17;7,5377;6,1329;7,2027;6,6333;2024-10-06;2026-10-04
WTA;Lisa Pigato;104;Clay;ALL;80;0,6872;2,2292;4,6192;6,5899;2024-10-06;2026-10-04
WTA;Lisa Zaar;104;Clay;ALL;64;0,09;1,2148;3,7129;6,8899;2024-10-06;2026-10-04
WTA;Liudmila Samsonova;104;Clay;ALL;20;2,8483;5,2953;3,3102;6,4627;2024-10-06;2026-10-04
WTA;Lois Boisson;104;Clay;ALL;35;5,1059;1,281;4,8568;6,5108;2024-10-06;2026-10-04
WTA;Lola Radivojevic;104;Clay;ALL;57;4,2759;1,7924;4,3523;6,6934;2024-10-06;2026-10-04
WTA;Lucia Bronzetti;104;Clay;ALL;49;1,6237;2,5902;3,8272;6,7627;2024-10-06;2026-10-04
WTA;Lucie Havlickova;104;Clay;ALL;26;3,3986;1,9772;7,2581;7,0569;2024-10-06;2026-10-04
WTA;Lucrezia Stefanini;104;Clay;ALL;7;0,0;2,4742;5,8577;6,7324;2024-10-06;2026-10-04
WTA;Luisina Giovannini;104;Clay;ALL;90;1,7648;0,6953;4,1419;6,4796;2024-10-06;2026-10-04
WTA;Lulu Sun;104;Clay;ALL;10;5,8091;3,6;5,3942;6,757;2024-10-06;2026-10-04
WTA;Maddison Inglis;104;Clay;ALL;1;5,3571;0,0;5,3571;7,0;2024-10-06;2026-10-04
WTA;Madison Brengle;104;Clay;ALL;30;0,0501;0,7541;3,8596;6,7627;2024-10-06;2026-10-04
WTA;Madison Keys;104;Clay;ALL;24;5,3776;1,7775;2,719;6,5157;2024-10-06;2026-10-04
WTA;Magda Linette;104;Clay;ALL;10;4,8265;4,9155;1,9608;6,5;2024-10-06;2026-10-04
WTA;Magdalena Frech;104;Clay;ALL;14;3,5455;1,711;2,5455;6,8323;2024-10-06;2026-10-04
WTA;Mai Hontama;104;Clay;ALL;18;0,8;2,0318;5,6;7,0621;2024-10-06;2026-10-04
WTA;Maja Chwalinska;104;Clay;ALL;52;0,7467;1,3995;3,1959;6,4884;2024-10-06;2026-10-04
WTA;Mananchaya Sawangkaew;104;Clay;ALL;1;3,7975;3,2967;8,8608;6,0769;2024-10-06;2026-10-04
WTA;Maria Lourdes Carle;104;Clay;ALL;81;0,7951;0,6934;7,9682;6,8193;2024-10-06;2026-10-04
WTA;Maria Sakkari;104;Clay;ALL;15;2,8096;3,6194;4,2664;6,5822;2024-10-06;2026-10-04
WTA;Maria Timofeeva;104;Clay;ALL;37;1,9288;0,7025;4,6721;6,6467;2024-10-06;2026-10-04
WTA;Marie Bouzkova;104;Clay;ALL;23;2,6426;1,763;5,4242;6,6574;2024-10-06;2026-10-04
WTA;Marina Bassols Ribera;104;Clay;ALL;54;0,8421;1,8172;5,5789;6,8345;2024-10-06;2026-10-04
WTA;Marina Stakusic;104;Clay;ALL;5;1,6627;3,4286;5,7007;7,0167;2024-10-06;2026-10-04
WTA;Marta Kostyuk;104;Clay;ALL;20;3,7234;1,1855;6,6869;6,7487;2024-10-06;2026-10-04
WTA;Martha Matoula;104;Clay;ALL;79;0,9665;1,021;4,052;6,8274;2024-10-06;2026-10-04
WTA;Martina Capurro Taborda;104;Clay;ALL;76;0,7168;0,8452;6,4715;6,6166;2024-10-06;2026-10-04
WTA;Martyna Kubka;104;Clay;ALL;4;4,1494;6,8273;2,9046;6,1795;2024-10-06;2026-10-04
WTA;Mary Stoiana;104;Clay;ALL;18;1,5127;2,3678;4,2197;6,3434;2024-10-06;2026-10-04
WTA;Matilde Jorge;104;Clay;ALL;15;1,9342;1,4606;10,2515;6,7582;2024-10-06;2026-10-04
WTA;Maya Joint;104;Clay;ALL;19;1,6706;1,3434;4,1368;6,7219;2024-10-06;2026-10-04
WTA;Mayar Sherif;104;Clay;ALL;100;1,6864;1,2179;3,003;6,6798;2024-10-06;2026-10-04
WTA;Mccartney Kessler;104;Clay;ALL;16;1,6239;1,9884;4,9573;6,8824;2024-10-06;2026-10-04
WTA;Mei Yamaguchi;104;Clay;ALL;8;1,083;1,3393;5,7762;7,589;2024-10-06;2026-10-04
WTA;Mia Pohankova;104;Clay;ALL;8;3,8285;0,1385;5,2067;6,6633;2024-10-06;2026-10-04
WTA;Mia Ristic;104;Clay;ALL;75;1,9691;2,5447;1,2256;6,566;2024-10-06;2026-10-04
WTA;Mina Hodzic;104;Clay;ALL;53;2,1566;1,6968;4,597;6,5502;2024-10-06;2026-10-04
WTA;Mirra Andreeva;104;Clay;ALL;33;3,5383;3,0276;5,1811;6,8218;2024-10-06;2026-10-04
WTA;Mona Barthel;104;Clay;ALL;38;3,3182;2,396;8,8369;6,6581;2024-10-06;2026-10-04
WTA;Moyuka Uchijima;104;Clay;ALL;38;2,1661;2,385;5,5957;6,564;2024-10-06;2026-10-04
WTA;Nadia Podoroska;104;Clay;ALL;17;1,2967;0,9016;7,2464;6,6888;2024-10-06;2026-10-04
WTA;Nao Hibino;104;Clay;ALL;16;0,7511;2,5052;5,0429;6,5634;2024-10-06;2026-10-04
WTA;Naomi Osaka;104;Clay;ALL;17;7,1317;2,3126;5,8777;6,4772;2024-10-06;2026-10-04
WTA;Nikola Bartunkova;104;Clay;ALL;32;2,5311;1,3131;10,8966;6,5662;2024-10-06;2026-10-04
WTA;Noemi Basiletti;104;Clay;ALL;60;0,3632;0,9007;2,3865;6,658;2024-10-06;2026-10-04
WTA;Noma Noha Akugue;104;Clay;ALL;56;1,8916;1,1995;4,8108;6,8622;2024-10-06;2026-10-04
WTA;Nuria Brancaccio;104;Clay;ALL;91;1,6824;1,0969;3,5451;6,6972;2024-10-06;2026-10-04
WTA;Oksana Selekhmeteva;104;Clay;ALL;55;1,8445;1,6002;8,5639;6,6579;2024-10-06;2026-10-04
WTA;Oleksandra Oliynykova;104;Clay;ALL;98;1,0411;0,9535;3,0059;6,7126;2024-10-06;2026-10-04
WTA;Olivia Gadecki;104;Clay;ALL;9;1,7081;1,7673;7,4534;6,3762;2024-10-06;2026-10-04
WTA;Panna Udvardy;104;Clay;ALL;85;3,1602;2,5134;4,589;6,7144;2024-10-06;2026-10-04
WTA;Paula Badosa;104;Clay;ALL;24;4,2045;2,5695;8,0114;6,4945;2024-10-06;2026-10-04
WTA;Petra Marcinko;104;Clay;ALL;42;3,092;2,4947;5,8567;6,5452;2024-10-06;2026-10-04
WTA;Peyton Stearns;104;Clay;ALL;21;3,1777;4,3563;5,0584;6,618;2024-10-06;2026-10-04
WTA;Polina Iatcenko;104;Clay;ALL;1;7,6923;0,0;1,9231;6,5;2024-10-06;2026-10-04
WTA;Polina Kudermetova;104;Clay;ALL;26;2,322;2,9087;5,2116;6,8;2024-10-06;2026-10-04
WTA;Polona Hercog;104;Clay;ALL;41;2,9358;0,9124;3,552;6,6322;2024-10-06;2026-10-04
WTA;Priscilla Hon;104;Clay;ALL;7;4,5455;1,7241;3,8278;6,4308;2024-10-06;2026-10-04
WTA;Qinwen Zheng;104;Clay;ALL;19;7,6527;2,4211;6,181;6,3505;2024-10-06;2026-10-04
WTA;Rebecca Sramkova;104;Clay;ALL;13;3,0663;3,2124;2,9674;7,1702;2024-10-06;2026-10-04
WTA;Rebeka Masarova;104;Clay;ALL;26;6,1376;0,8976;8,254;6,4948;2024-10-06;2026-10-04
WTA;Renata Zarazua;104;Clay;ALL;31;0,6693;1,5819;2,722;6,5335;2024-10-06;2026-10-04
WTA;Robin Montgomery;104;Clay;ALL;20;4,1259;1,8051;9,3007;6,5899;2024-10-06;2026-10-04
WTA;Rositsa Dencheva;104;Clay;ALL;59;0,6991;0,9;3,4957;6,6795;2024-10-06;2026-10-04
WTA;Samira De Stefano;104;Clay;ALL;51;0,6314;1,6945;3,6569;6,7996;2024-10-06;2026-10-04
WTA;Sara Bejlek;104;Clay;ALL;48;0,3936;1,3643;3,2698;6,6727;2024-10-06;2026-10-04
WTA;Sara Saito;104;Clay;ALL;21;1,1342;2,7944;8,2546;7,0221;2024-10-06;2026-10-04
WTA;Sara Sorribes Tormo;104;Clay;ALL;27;0,2481;0,8403;3,6228;6,8537;2024-10-06;2026-10-04
WTA;Selena Janicijevic;104;Clay;ALL;71;2,058;0,9987;4,3469;6,6695;2024-10-06;2026-10-04
WTA;Shuai Zhang;104;Clay;ALL;14;2,2381;5,5556;4,0286;7,1146;2024-10-06;2026-10-04
WTA;Simona Waltert;104;Clay;ALL;78;1,7238;1,64;5,3012;6,6034;2024-10-06;2026-10-04
WTA;Sinja Kraus;104;Clay;ALL;76;1,624;2,112;4,5854;6,6931;2024-10-06;2026-10-04
WTA;Sloane Stephens;104;Clay;ALL;6;1,1848;3,3943;3,3175;6,918;2024-10-06;2026-10-04
WTA;Sofia Costoulas;104;Clay;ALL;24;3,4597;1,771;4,99;6,4231;2024-10-06;2026-10-04
WTA;Sofia Kenin;104;Clay;ALL;19;3,9086;8,4839;5,6047;6,8485;2024-10-06;2026-10-04
WTA;Sofya Lansere;104;Clay;ALL;32;1,4621;0,8261;9,3487;6,7575;2024-10-06;2026-10-04
WTA;Solana Sierra;104;Clay;ALL;38;2,4777;0,9768;7,1235;6,9064;2024-10-06;2026-10-04
WTA;Sonay Kartal;104;Clay;ALL;9;1,2567;2,0677;2,8725;6,5529;2024-10-06;2026-10-04
WTA;Sorana Cirstea;104;Clay;ALL;18;4,7791;3,0075;1,9838;5,9946;2024-10-06;2026-10-04
WTA;Storm Hunter;104;Clay;ALL;5;1,4563;2,6506;10,1942;6,2424;2024-10-06;2026-10-04
WTA;Susan Bandecchi;104;Clay;ALL;30;1,2755;2,3438;2,1429;6,3844;2024-10-06;2026-10-04
WTA;Suzan Lamens;104;Clay;ALL;18;2,0586;3,1032;8,3927;6,544;2024-10-06;2026-10-04
WTA;Talia Gibson;104;Clay;ALL;6;3,6559;3,2823;7,0968;6,7391;2024-10-06;2026-10-04
WTA;Tamara Korpatsch;104;Clay;ALL;49;1,421;1,018;5,003;6,6496;2024-10-06;2026-10-04
WTA;Tamara Zidansek;104;Clay;ALL;61;0,8842;1,559;5,0398;6,8754;2024-10-06;2026-10-04
WTA;Tatiana Prozorova;104;Clay;ALL;18;1,3799;2,1133;4,5455;6,5185;2024-10-06;2026-10-04
WTA;Tatjana Maria;104;Clay;ALL;19;6,4113;2,5;3,362;6,559;2024-10-06;2026-10-04
WTA;Taylah Preston;104;Clay;ALL;7;1,0373;4,1588;6,8465;6,3421;2024-10-06;2026-10-04
WTA;Taylor Townsend;104;Clay;ALL;6;4,3478;3,2353;2,029;6,3889;2024-10-06;2026-10-04
WTA;Teodora Kostovic;104;Clay;ALL;57;2,144;1,661;5,0536;6,7204;2024-10-06;2026-10-04
WTA;Tereza Valentova;104;Clay;ALL;19;1,6788;1,3453;4,5985;6,9543;2024-10-06;2026-10-04
WTA;Tyra Caterina Grant;104;Clay;ALL;39;2,1341;2,4599;5,1829;6,6263;2024-10-06;2026-10-04
WTA;Valentina Ryser;104;Clay;ALL;6;2,4155;1,2285;7,4879;6,5714;2024-10-06;2026-10-04
WTA;Varvara Gracheva;104;Clay;ALL;17;2,3715;2,2881;3,7154;7,1067;2024-10-06;2026-10-04
WTA;Varvara Lepchenko;104;Clay;ALL;49;3,2946;1,569;3,3486;6,7697;2024-10-06;2026-10-04
WTA;Vera Zvonareva;104;Clay;ALL;1;0,0;5,7692;4,8387;6,8889;2024-10-06;2026-10-04
WTA;Veronika Erjavec;104;Clay;ALL;70;1,278;1,4605;2,4646;6,6094;2024-10-06;2026-10-04
WTA;Veronika Podrez;104;Clay;ALL;19;1,8672;1,794;6,639;7,1584;2024-10-06;2026-10-04
WTA;Victoria Jimenez Kasintseva;104;Clay;ALL;35;1,3147;1,6619;6,4542;6,8022;2024-10-06;2026-10-04
WTA;Victoria Mboko;104;Clay;ALL;16;3,9004;2,5022;6,2241;6,8857;2024-10-06;2026-10-04
WTA;Viktoria Hruncakova;104;Clay;ALL;4;3,5211;1,9048;4,2254;6,6047;2024-10-06;2026-10-04
WTA;Viktoria Morvayova;104;Clay;ALL;3;0,0;3,125;2,454;6,037;2024-10-06;2026-10-04
WTA;Viktorija Golubic;104;Clay;ALL;18;0,6144;3,6136;3,3026;6,7812;2024-10-06;2026-10-04
WTA;Vivian Wolff;104;Clay;ALL;35;1,3519;1,3865;5,4076;6,9284;2024-10-06;2026-10-04
WTA;Weronika Falkowska;104;Clay;ALL;44;3,5664;0,84;5,5791;6,6635;2024-10-06;2026-10-04
WTA;Whitney Osuigwe;104;Clay;ALL;31;0,7878;1,4444;4,8252;6,5096;2024-10-06;2026-10-04
WTA;Xiaodi You;104;Clay;ALL;18;1,3901;1,3776;6,2554;6,5771;2024-10-06;2026-10-04
WTA;Xin Yu Wang;104;Clay;ALL;15;3,1805;3,2588;4,9579;6,8089;2024-10-06;2026-10-04
WTA;Xinxin Yao;104;Clay;ALL;25;0,9119;1,1614;2,0669;6,9703;2024-10-06;2026-10-04
WTA;Xinyu Gao;104;Clay;ALL;21;2,2901;2,392;3,0534;6,5174;2024-10-06;2026-10-04
WTA;Xiyu Wang;104;Clay;ALL;18;1,0943;1,5464;2,862;6,9882;2024-10-06;2026-10-04
WTA;Yasmine Kabbaj;104;Clay;ALL;66;0,4382;1,7795;5,872;6,8119;2024-10-06;2026-10-04
WTA;Ye Xin Ma;104;Clay;ALL;4;1,6194;3,1008;7,2874;6,3333;2024-10-06;2026-10-04
WTA;Yeon Woo Ku;104;Clay;ALL;1;0,0;1,5625;6,6667;5,625;2024-10-06;2026-10-04
WTA;Yue Yuan;104;Clay;ALL;19;1,6997;1,4025;1,6289;6,5674;2024-10-06;2026-10-04
WTA;Yufei Ren;104;Clay;ALL;20;1,1503;2,5234;4,5291;6,8522;2024-10-06;2026-10-04
WTA;Yuki Naito;104;Clay;ALL;32;1,0902;1,0547;7,334;6,4268;2024-10-06;2026-10-04
WTA;Yulia Putintseva;104;Clay;ALL;26;2,023;2,4931;2,5697;7,0618;2024-10-06;2026-10-04
WTA;Yuliia Starodubtseva;104;Clay;ALL;25;1,1536;1,5682;3,4608;6,6145;2024-10-06;2026-10-04
WTA;Zeynep Sonmez;104;Clay;ALL;12;0,4802;2,5063;3,3613;6,7724;2024-10-06;2026-10-04
WTA;Ajla Tomljanovic;104;Grass;WTA;4;5,1903;6,6038;8,9965;5,898;2024-10-06;2026-10-04
WTA;Alexandra Eala;104;Grass;WTA;12;4,0573;6,9295;2,506;6,813;2024-10-06;2026-10-04
WTA;Aliaksandra Sasnovich;104;Grass;WTA;2;4,2056;0,5525;8,8785;8,2308;2024-10-06;2026-10-04
WTA;Alicia Dudeney;104;Grass;WTA;1;0,0;3,2787;7,0175;6,3333;2024-10-06;2026-10-04
WTA;Alina Korneeva;104;Grass;WTA;1;4,5455;1,3333;1,1364;8,0;2024-10-06;2026-10-04
WTA;Alycia Parks;104;Grass;WTA;3;6,0241;1,9108;9,6386;6,3846;2024-10-06;2026-10-04
WTA;Amanda Anisimova;104;Grass;WTA;20;6,1053;4,4199;7,1579;6,4773;2024-10-06;2026-10-04
WTA;Anastasia Gasanova;104;Grass;WTA;2;0,8696;10,989;9,5652;7,1875;2024-10-06;2026-10-04
WTA;Anastasia Potapova;104;Grass;WTA;2;1,1364;2,5;9,0909;7,3333;2024-10-06;2026-10-04
WTA;Anastasia Zakharova;104;Grass;WTA;5;2,7548;7,0796;5,5096;6,6;2024-10-06;2026-10-04
WTA;Anhelina Kalinina;104;Grass;WTA;1;3,2609;3,0928;6,5217;5,75;2024-10-06;2026-10-04
WTA;Ann Li;104;Grass;WTA;4;7,3973;5,0938;4,3836;6,8868;2024-10-06;2026-10-04
WTA;Anna Blinkova;104;Grass;WTA;4;1,8405;4,0248;4,2945;7,087;2024-10-06;2026-10-04
WTA;Anna Bondar;104;Grass;WTA;2;2,9412;4,878;7,6471;6,8;2024-10-06;2026-10-04
WTA;Anna Kalinskaya;104;Grass;WTA;8;5,5062;7,9545;5,6838;6,4713;2024-10-06;2026-10-04
WTA;Antonia Ruzic;104;Grass;WTA;3;2,7027;6,7416;2,1622;6,1667;2024-10-06;2026-10-04
WTA;Arantxa Rus;104;Grass;WTA;1;4,0;10,6383;14,0;6,25;2024-10-06;2026-10-04
WTA;Aryna Sabalenka;104;Grass;WTA;16;7,1832;6,4133;4,1969;6,6973;2024-10-06;2026-10-04
WTA;Ashlyn Krueger;104;Grass;WTA;8;4,1591;4,142;7,4141;7,0;2024-10-06;2026-10-04
WTA;Barbora Krejcikova;104;Grass;WTA;8;4,048;4,1916;5,3973;6,7374;2024-10-06;2026-10-04
WTA;Belinda Bencic;104;Grass;WTA;11;2,0279;6,5296;3,2953;6,6303;2024-10-06;2026-10-04
WTA;Bianca Andreescu;104;Grass;WTA;2;8,4507;2,8169;4,2254;6,7619;2024-10-06;2026-10-04
WTA;Camila Osorio;104;Grass;WTA;3;4,2328;6,701;5,8201;6,5172;2024-10-06;2026-10-04
WTA;Caroline Dolehide;104;Grass;WTA;3;4,1026;2,5641;6,1538;6,0938;2024-10-06;2026-10-04
WTA;Caty Mcnally;104;Grass;WTA;4;1,5936;5,5147;5,5777;6,4359;2024-10-06;2026-10-04
WTA;Claire Liu;104;Grass;WTA;3;1,1236;2,0833;4,1199;6,5122;2024-10-06;2026-10-04
WTA;Clara Tauson;104;Grass;WTA;11;10,3491;5,8403;4,3641;6,416;2024-10-06;2026-10-04
WTA;Coco Gauff;104;Grass;WTA;9;6,1516;1,8106;7,7253;6,2973;2024-10-06;2026-10-04
WTA;Cristina Bucsa;104;Grass;WTA;4;3,4632;3,2028;3,8961;6,0789;2024-10-06;2026-10-04
WTA;Dalma Galfi;104;Grass;WTA;3;5,802;2,0;3,413;7,325;2024-10-06;2026-10-04
WTA;Daria Kasatkina;104;Grass;WTA;8;2,0548;2,9463;8,5616;6,7907;2024-10-06;2026-10-04
WTA;Daria Snigur;104;Grass;WTA;3;1,6949;3,8674;1,1299;6,5556;2024-10-06;2026-10-04
WTA;Darja Semenistaja;104;Grass;WTA;1;3,9474;3,0612;1,3158;5,8462;2024-10-06;2026-10-04
WTA;Darja Vidmanova;104;Grass;WTA;1;1,6949;7,0175;0,0;5,3636;2024-10-06;2026-10-04
WTA;Dayana Yastremska;104;Grass;WTA;5;3,5635;2,5696;5,5679;6,3239;2024-10-06;2026-10-04
WTA;Diana Shnaider;104;Grass;WTA;12;2,2727;4,8512;4,4318;6,5672;2024-10-06;2026-10-04
WTA;Diane Parry;104;Grass;WTA;7;7,9208;5,0885;5,3465;6,6447;2024-10-06;2026-10-04
WTA;Donna Vekic;104;Grass;WTA;13;5,767;6,0364;4,4983;6,4701;2024-10-06;2026-10-04
WTA;Ekaterina Alexandrova;104;Grass;WTA;15;7,9227;5,2684;4,9275;6,6346;2024-10-06;2026-10-04
WTA;Elena Gabriela Ruse;104;Grass;WTA;6;8,867;4,6229;7,8818;6,2462;2024-10-06;2026-10-04
WTA;Elena Rybakina;104;Grass;WTA;14;9,309;4,0614;4,8944;6,7226;2024-10-06;2026-10-04
WTA;Elina Avanesyan;104;Grass;WTA;1;2,6316;4,5455;10,5263;5,4286;2024-10-06;2026-10-04
WTA;Elina Svitolina;104;Grass;WTA;10;5,3763;3,6683;5,6836;6,4455;2024-10-06;2026-10-04
WTA;Elisabetta Cocciaretto;104;Grass;WTA;4;3,1802;2,807;4,947;6,4318;2024-10-06;2026-10-04
WTA;Elise Mertens;104;Grass;WTA;14;6,7568;4,2026;6,8607;6,7746;2024-10-06;2026-10-04
WTA;Ella Seidel;104;Grass;WTA;2;4,5455;11,7021;6,3636;6,4706;2024-10-06;2026-10-04
WTA;Elsa Jacquemot;104;Grass;WTA;3;5,1383;3,6;5,1383;7,0278;2024-10-06;2026-10-04
WTA;Emiliana Arango;104;Grass;WTA;2;1,8182;0,7246;7,2727;6,1111;2024-10-06;2026-10-04
WTA;Emma Navarro;104;Grass;WTA;17;2,5443;5,7143;3,7779;6,7906;2024-10-06;2026-10-04
WTA;Emma Raducanu;104;Grass;WTA;11;3,7383;3,7383;4,3614;6,4848;2024-10-06;2026-10-04
WTA;Eva Lys;104;Grass;WTA;7;1,417;7,377;4,8583;6,6757;2024-10-06;2026-10-04
WTA;Francesca Jones;104;Grass;WTA;4;1,9305;5,7522;5,7915;6,641;2024-10-06;2026-10-04
WTA;Hailey Baptiste;104;Grass;WTA;3;4,4444;3,6199;3,5556;6,8182;2024-10-06;2026-10-04
WTA;Hanne Vandewinkel;104;Grass;WTA;1;4,7619;0,0;1,1905;6,0;2024-10-06;2026-10-04
WTA;Harriet Dart;104;Grass;WTA;4;3,6364;3,3413;5,7143;6,5254;2024-10-06;2026-10-04
WTA;Iga Swiatek;104;Grass;WTA;15;6,2775;3,3578;6,0573;6,1351;2024-10-06;2026-10-04
WTA;Iryna Shymanovich;104;Grass;WTA;1;2,4096;2,8571;4,8193;7,5455;2024-10-06;2026-10-04
WTA;Iva Jovic;104;Grass;WTA;9;2,7211;3,6789;4,0816;6,5333;2024-10-06;2026-10-04
WTA;Janice Tjen;104;Grass;WTA;2;5,5556;4,6875;2,7778;6,2609;2024-10-06;2026-10-04
WTA;Jaqueline Cristian;104;Grass;WTA;4;4,4898;5,0209;4,0816;6,4474;2024-10-06;2026-10-04
WTA;Jasmine Paolini;104;Grass;WTA;11;1,7202;4,3849;2,0642;6,976;2024-10-06;2026-10-04
WTA;Jelena Ostapenko;104;Grass;WTA;4;6,6901;5,5172;9,507;6,3111;2024-10-06;2026-10-04
WTA;Jessica Bouzas Maneiro;104;Grass;WTA;7;4,3197;3,1447;5,6156;6,5211;2024-10-06;2026-10-04
WTA;Jessica Pegula;104;Grass;WTA;15;5,7341;7,5145;2,8671;6,4302;2024-10-06;2026-10-04
WTA;Jil Teichmann;104;Grass;WTA;1;6,3492;3,125;3,1746;5,7273;2024-10-06;2026-10-04
WTA;Kaja Juvan;104;Grass;WTA;1;6,9767;2,3529;5,814;6,1429;2024-10-06;2026-10-04
WTA;Kamilla Rakhimova;104;Grass;WTA;7;1,8868;4,5161;6,2893;6,5567;2024-10-06;2026-10-04
WTA;Karolina Muchova;104;Grass;WTA;16;8,3184;5,8407;3,22;6,2809;2024-10-06;2026-10-04
WTA;Karolina Pliskova;104;Grass;WTA;5;5,8172;4,1176;8,5873;6,4464;2024-10-06;2026-10-04
WTA;Katerina Siniakova;104;Grass;WTA;11;4,4855;6,6757;6,5963;6,8288;2024-10-06;2026-10-04
WTA;Katie Boulter;104;Grass;WTA;10;4,3217;5,5012;10,3241;6,7177;2024-10-06;2026-10-04
WTA;Katie Swan;104;Grass;WTA;2;1,8349;6,25;8,2569;6,0556;2024-10-06;2026-10-04
WTA;Katie Volynets;104;Grass;WTA;2;0,6289;3,1847;0,6289;7,5714;2024-10-06;2026-10-04
WTA;Kayla Day;104;Grass;WTA;1;2,521;2,8571;4,2017;7,4375;2024-10-06;2026-10-04
WTA;Kimberly Birrell;104;Grass;WTA;3;3,3333;6,8966;7,2222;6,2069;2024-10-06;2026-10-04
WTA;Lanlana Tararudee;104;Grass;WTA;2;2,1622;7,8534;2,7027;6,3793;2024-10-06;2026-10-04
WTA;Laura Siegemund;104;Grass;WTA;9;1,1342;4,0741;2,8355;6,4512;2024-10-06;2026-10-04
WTA;Leolia Jeanjean;104;Grass;WTA;2;2,8902;2,5907;6,3584;6,6538;2024-10-06;2026-10-04
WTA;Leylah Fernandez;104;Grass;WTA;9;4,1611;5,939;6,1745;7,45;2024-10-06;2026-10-04
WTA;Lilli Tagger;104;Grass;WTA;1;7,2727;2,7027;1,8182;6,4706;2024-10-06;2026-10-04
WTA;Lin Zhu;104;Grass;WTA;1;4,6512;10,7692;6,9767;5,375;2024-10-06;2026-10-04
WTA;Linda Fruhvirtova;104;Grass;WTA;1;1,2195;6,8966;9,7561;9,1111;2024-10-06;2026-10-04
WTA;Linda Noskova;104;Grass;WTA;21;10,1752;7,851;5,4582;6,2881;2024-10-06;2026-10-04
WTA;Liudmila Samsonova;104;Grass;WTA;16;6,6448;3,3762;4,758;6,6612;2024-10-06;2026-10-04
WTA;Lois Boisson;104;Grass;WTA;1;3,6145;7,6923;6,0241;6,3846;2024-10-06;2026-10-04
WTA;Lucia Bronzetti;104;Grass;WTA;2;2,3256;6,4;5,4264;6,45;2024-10-06;2026-10-04
WTA;Lulu Sun;104;Grass;WTA;1;5,4545;5,5556;7,2727;5,5;2024-10-06;2026-10-04
WTA;Maddison Inglis;104;Grass;WTA;2;3,2258;7,8704;4,8387;6,2;2024-10-06;2026-10-04
WTA;Madison Keys;104;Grass;WTA;14;6,0894;2,8336;4,0913;6,528;2024-10-06;2026-10-04
WTA;Magda Linette;104;Grass;WTA;2;2,2099;5,8511;2,7624;7,24;2024-10-06;2026-10-04
WTA;Magdalena Frech;104;Grass;WTA;8;3,8339;5,4276;5,4313;7,1136;2024-10-06;2026-10-04
WTA;Maja Chwalinska;104;Grass;WTA;1;2,1978;3,7037;3,2967;6,5;2024-10-06;2026-10-04
WTA;Mananchaya Sawangkaew;104;Grass;WTA;3;2,9661;3,7559;5,9322;7,1515;2024-10-06;2026-10-04
WTA;Maria Sakkari;104;Grass;WTA;8;6,446;5,9353;5,5749;7,0;2024-10-06;2026-10-04
WTA;Maria Timofeeva;104;Grass;WTA;2;2,1739;1,5873;3,6232;6,9;2024-10-06;2026-10-04
WTA;Marie Bouzkova;104;Grass;WTA;8;2,6534;4,4944;4,4776;6,8523;2024-10-06;2026-10-04
WTA;Marta Kostyuk;104;Grass;WTA;9;4,9689;0,6116;5,1242;6,7083;2024-10-06;2026-10-04
WTA;Maya Joint;104;Grass;WTA;3;4,0293;5,9361;4,3956;7,5833;2024-10-06;2026-10-04
WTA;Mayar Sherif;104;Grass;WTA;1;2,9851;0,0;1,4925;7,4444;2024-10-06;2026-10-04
WTA;Mccartney Kessler;104;Grass;WTA;6;2,1687;6,2053;3,8554;6,5873;2024-10-06;2026-10-04
WTA;Mika Stojsavljevic;104;Grass;WTA;3;3,7736;3,1056;6,9182;6,913;2024-10-06;2026-10-04
WTA;Mirra Andreeva;104;Grass;WTA;11;5,0061;2,875;5,1282;7,0;2024-10-06;2026-10-04
WTA;Moyuka Uchijima;104;Grass;WTA;1;3,3708;4,918;4,4944;8,0909;2024-10-06;2026-10-04
WTA;Nadia Podoroska;104;Grass;WTA;1;0,0;12,5;10,2564;5,5714;2024-10-06;2026-10-04
WTA;Naomi Osaka;104;Grass;WTA;16;11,1759;4,8944;3,5957;6,4312;2024-10-06;2026-10-04
WTA;Nikola Bartunkova;104;Grass;WTA;6;8,2278;4,0936;6,962;6,4932;2024-10-06;2026-10-04
WTA;Oksana Selekhmeteva;104;Grass;WTA;2;0,641;1,9608;14,1026;6,7826;2024-10-06;2026-10-04
WTA;Oleksandra Oliynykova;104;Grass;WTA;1;2,5;0,0;5,0;6,6667;2024-10-06;2026-10-04
WTA;Olivia Gadecki;104;Grass;WTA;1;2,8571;1,2346;5,7143;7,0;2024-10-06;2026-10-04
WTA;Panna Udvardy;104;Grass;WTA;1;7,4627;8,1967;7,4627;7,4444;2024-10-06;2026-10-04
WTA;Paula Badosa;104;Grass;WTA;8;8,1511;7,2407;8,5487;6,2099;2024-10-06;2026-10-04
WTA;Petra Marcinko;104;Grass;WTA;1;5,4054;2,7027;16,2162;6,7273;2024-10-06;2026-10-04
WTA;Peyton Stearns;104;Grass;WTA;2;2,3392;8,3333;3,5088;6,84;2024-10-06;2026-10-04
WTA;Polina Kudermetova;104;Grass;WTA;3;5,1613;7,2848;10,3226;5,9615;2024-10-06;2026-10-04
WTA;Priscilla Hon;104;Grass;WTA;1;9,2308;13,5593;4,6154;6,5;2024-10-06;2026-10-04
WTA;Qinwen Zheng;104;Grass;WTA;8;9,531;5,8296;7,1104;6,2952;2024-10-06;2026-10-04
WTA;Rebecca Sramkova;104;Grass;WTA;3;1,9512;2,809;6,3415;6,8333;2024-10-06;2026-10-04
WTA;Rebeka Masarova;104;Grass;WTA;3;11,7021;3,9548;3,1915;6,7143;2024-10-06;2026-10-04
WTA;Renata Zarazua;104;Grass;WTA;5;0,7273;11,0687;3,6364;7,2368;2024-10-06;2026-10-04
WTA;Robin Montgomery;104;Grass;WTA;1;7,7778;3,0075;4,4444;6,4286;2024-10-06;2026-10-04
WTA;Sara Bejlek;104;Grass;WTA;1;1,7857;2,7027;1,7857;6,2222;2024-10-06;2026-10-04
WTA;Sara Sorribes Tormo;104;Grass;WTA;2;1,9048;4,5872;1,9048;5,8333;2024-10-06;2026-10-04
WTA;Shuai Zhang;104;Grass;WTA;5;3,8062;9,7345;2,4221;6,4222;2024-10-06;2026-10-04
WTA;Simona Waltert;104;Grass;WTA;1;0,0;2,5641;6,25;6,8571;2024-10-06;2026-10-04
WTA;Sinja Kraus;104;Grass;WTA;2;3,1496;3,4483;3,1496;7,0556;2024-10-06;2026-10-04
WTA;Sofia Kenin;104;Grass;WTA;5;2,346;13,3858;4,1056;6,434;2024-10-06;2026-10-04
WTA;Solana Sierra;104;Grass;WTA;7;2,1739;5,2373;7,6087;7,0;2024-10-06;2026-10-04
WTA;Sonay Kartal;104;Grass;WTA;6;3,2787;1,2658;0,9368;6,7778;2024-10-06;2026-10-04
WTA;Sorana Cirstea;104;Grass;WTA;6;6,383;3,7815;4,2553;6,6197;2024-10-06;2026-10-04
WTA;Suzan Lamens;104;Grass;WTA;3;2,1739;10,8844;10,1449;6,0;2024-10-06;2026-10-04
WTA;Talia Gibson;104;Grass;WTA;2;2,8249;5,7325;6,7797;7,6957;2024-10-06;2026-10-04
WTA;Tamara Korpatsch;104;Grass;WTA;1;2,381;7,6923;4,7619;6,0;2024-10-06;2026-10-04
WTA;Tatjana Maria;104;Grass;WTA;11;6,5868;6,5513;3,1138;6,8443;2024-10-06;2026-10-04
WTA;Taylor Townsend;104;Grass;WTA;2;8,0537;4,698;2,0134;6,7727;2024-10-06;2026-10-04
WTA;Teodora Kostovic;104;Grass;WTA;1;6,7797;12,5;1,6949;6,5556;2024-10-06;2026-10-04
WTA;Tereza Valentova;104;Grass;WTA;1;1,9608;4,918;0,0;5,6667;2024-10-06;2026-10-04
WTA;Tyra Caterina Grant;104;Grass;WTA;2;6,6667;4,5872;14,1667;6,3158;2024-10-06;2026-10-04
WTA;Varvara Gracheva;104;Grass;WTA;1;0,0;4,1379;4,4118;8,0;2024-10-06;2026-10-04
WTA;Veronika Erjavec;104;Grass;WTA;3;0,7353;5,4167;2,2059;7,1579;2024-10-06;2026-10-04
WTA;Victoria Jimenez Kasintseva;104;Grass;WTA;1;0,0;4,2553;2,1277;5,875;2024-10-06;2026-10-04
WTA;Victoria Mboko;104;Grass;WTA;3;5,3892;6,0302;5,988;6,4231;2024-10-06;2026-10-04
WTA;Viktorija Golubic;104;Grass;WTA;3;1,2346;2,9046;2,4691;6,75;2024-10-06;2026-10-04
WTA;Xin Yu Wang;104;Grass;WTA;13;6,3857;4,607;4,3423;6,2143;2024-10-06;2026-10-04
WTA;Yue Yuan;104;Grass;WTA;1;1,0417;1,9048;3,125;6,4;2024-10-06;2026-10-04
WTA;Yulia Putintseva;104;Grass;WTA;4;2,4096;7,1161;2,4096;6,7297;2024-10-06;2026-10-04
WTA;Yuliia Starodubtseva;104;Grass;WTA;3;1,7316;1,3953;3,0303;6,7941;2024-10-06;2026-10-04
WTA;Zeynep Sonmez;104;Grass;WTA;5;0,0;4,6154;4,4444;6,3158;2024-10-06;2026-10-04
WTA;Ajla Tomljanovic;104;Grass;ALL;11;3,1063;6,3437;7,4074;6,3893;2024-10-06;2026-10-04
WTA;Akasha Urhobo;104;Grass;ALL;2;5,4545;0,8065;8,1818;6,1111;2024-10-06;2026-10-04
WTA;Alexandra Eala;104;Grass;ALL;27;2,7362;6,2336;3,3041;6,7024;2024-10-06;2026-10-04
WTA;Aliaksandra Sasnovich;104;Grass;ALL;3;4,1353;0,4098;8,6466;7,8235;2024-10-06;2026-10-04
WTA;Alicia Dudeney;104;Grass;ALL;6;3,6613;1,8182;7,7803;6,6212;2024-10-06;2026-10-04
WTA;Alina Charaeva;104;Grass;ALL;2;0,0;2,8037;3,7037;6,0;2024-10-06;2026-10-04
WTA;Alina Korneeva;104;Grass;ALL;2;2,5478;1,4599;3,8217;7,1364;2024-10-06;2026-10-04
WTA;Alycia Parks;104;Grass;ALL;4;5,5319;1,81;9,7872;6,5278;2024-10-06;2026-10-04
WTA;Amanda Anisimova;104;Grass;ALL;20;6,1053;4,4199;7,1579;6,4773;2024-10-06;2026-10-04
WTA;Anastasia Gasanova;104;Grass;ALL;2;0,8696;10,989;9,5652;7,1875;2024-10-06;2026-10-04
WTA;Anastasia Potapova;104;Grass;ALL;5;1,3072;4,6154;4,902;7,1163;2024-10-06;2026-10-04
WTA;Anastasia Tikhonova;104;Grass;ALL;4;6,6667;4,2636;7,9167;6,3158;2024-10-06;2026-10-04
WTA;Anastasia Zakharova;104;Grass;ALL;7;2,2133;7,5;4,829;6,5395;2024-10-06;2026-10-04
WTA;Anhelina Kalinina;104;Grass;ALL;3;2,8455;3,719;8,1301;6,4737;2024-10-06;2026-10-04
WTA;Ann Li;104;Grass;ALL;10;8,0485;3,5126;3,6384;6,8712;2024-10-06;2026-10-04
WTA;Anna Blinkova;104;Grass;ALL;12;1,5682;4,4068;4,8251;6,4264;2024-10-06;2026-10-04
WTA;Anna Bondar;104;Grass;ALL;4;4,9536;5,1282;6,8111;6,8723;2024-10-06;2026-10-04
WTA;Anna Kalinskaya;104;Grass;ALL;8;5,5062;7,9545;5,6838;6,4713;2024-10-06;2026-10-04
WTA;Anouk Koevermans;104;Grass;ALL;1;4,4776;0,0;2,9851;7,4444;2024-10-06;2026-10-04
WTA;Antonia Ruzic;104;Grass;ALL;9;2,1341;6,639;4,5732;6,3077;2024-10-06;2026-10-04
WTA;Arantxa Rus;104;Grass;ALL;1;4,0;10,6383;14,0;6,25;2024-10-06;2026-10-04
WTA;Aryna Sabalenka;104;Grass;ALL;16;7,1832;6,4133;4,1969;6,6973;2024-10-06;2026-10-04
WTA;Ashlyn Krueger;104;Grass;ALL;17;5,7659;3,1221;5,938;6,7558;2024-10-06;2026-10-04
WTA;Ayana Akli;104;Grass;ALL;1;1,4925;3,2787;1,4925;6,7;2024-10-06;2026-10-04
WTA;Barbora Krejcikova;104;Grass;ALL;15;5,5315;4,0472;5,3587;6,4637;2024-10-06;2026-10-04
WTA;Belinda Bencic;104;Grass;ALL;11;2,0279;6,5296;3,2953;6,6303;2024-10-06;2026-10-04
WTA;Bianca Andreescu;104;Grass;ALL;6;6,3953;2,9762;5,5233;6,4906;2024-10-06;2026-10-04
WTA;Cadence Brace;104;Grass;ALL;1;0,0;2,381;7,5;5,0;2024-10-06;2026-10-04
WTA;Camila Osorio;104;Grass;ALL;4;3,8462;4,6875;5,9441;6,3556;2024-10-06;2026-10-04
WTA;Caroline Dolehide;104;Grass;ALL;4;3,2;2,974;5,6;6,0976;2024-10-06;2026-10-04
WTA;Carolyn Ansari;104;Grass;ALL;1;0,0;6,9767;5,7143;8,75;2024-10-06;2026-10-04
WTA;Caty Mcnally;104;Grass;ALL;17;2,441;3,5833;5,7771;6,6793;2024-10-06;2026-10-04
WTA;Celine Naef;104;Grass;ALL;11;6,0427;4,7794;3,7915;6,2985;2024-10-06;2026-10-04
WTA;Claire Liu;104;Grass;ALL;3;1,1236;2,0833;4,1199;6,5122;2024-10-06;2026-10-04
WTA;Clara Tauson;104;Grass;ALL;15;9,9617;5,7606;5,2682;6,3273;2024-10-06;2026-10-04
WTA;Coco Gauff;104;Grass;ALL;9;6,1516;1,8106;7,7253;6,2973;2024-10-06;2026-10-04
WTA;Cristina Bucsa;104;Grass;ALL;6;3,0812;2,6128;3,9216;6,375;2024-10-06;2026-10-04
WTA;Dalma Galfi;104;Grass;ALL;5;6,7485;1,5873;3,272;7,1912;2024-10-06;2026-10-04
WTA;Daria Kasatkina;104;Grass;ALL;11;2,1277;3,6058;9,2199;6,8226;2024-10-06;2026-10-04
WTA;Daria Snigur;104;Grass;ALL;10;1,8081;7,3969;2,9207;6,7196;2024-10-06;2026-10-04
WTA;Darja Semenistaja;104;Grass;ALL;1;3,9474;3,0612;1,3158;5,8462;2024-10-06;2026-10-04
WTA;Darja Vidmanova;104;Grass;ALL;8;4,4978;3,0596;2,5487;7,0957;2024-10-06;2026-10-04
WTA;Dayana Yastremska;104;Grass;ALL;17;4,4719;2,496;4,9345;6,7202;2024-10-06;2026-10-04
WTA;Diana Shnaider;104;Grass;ALL;12;2,2727;4,8512;4,4318;6,5672;2024-10-06;2026-10-04
WTA;Diane Parry;104;Grass;ALL;10;7,0588;4,0;5,1471;6,5385;2024-10-06;2026-10-04
WTA;Donna Vekic;104;Grass;ALL;13;5,767;6,0364;4,4983;6,4701;2024-10-06;2026-10-04
WTA;Ekaterina Alexandrova;104;Grass;ALL;20;8,0307;5,1064;5,6564;6,6296;2024-10-06;2026-10-04
WTA;Elena Gabriela Ruse;104;Grass;ALL;14;6,3687;4,0625;7,5978;6,3475;2024-10-06;2026-10-04
WTA;Elena Micic;104;Grass;ALL;7;3,7168;2,627;5,4867;6,7262;2024-10-06;2026-10-04
WTA;Elena Rybakina;104;Grass;ALL;14;9,309;4,0614;4,8944;6,7226;2024-10-06;2026-10-04
WTA;Elina Avanesyan;104;Grass;ALL;1;2,6316;4,5455;10,5263;5,4286;2024-10-06;2026-10-04
WTA;Elina Svitolina;104;Grass;ALL;10;5,3763;3,6683;5,6836;6,4455;2024-10-06;2026-10-04
WTA;Elisabetta Cocciaretto;104;Grass;ALL;10;3,929;2,4823;5,4499;6,6864;2024-10-06;2026-10-04
WTA;Elise Mertens;104;Grass;ALL;21;6,3694;3,8433;6,3694;6,7933;2024-10-06;2026-10-04
WTA;Elizabeth Mandlik;104;Grass;ALL;10;2,8226;2,6382;5,5108;6,4138;2024-10-06;2026-10-04
WTA;Ella Seidel;104;Grass;ALL;2;4,5455;11,7021;6,3636;6,4706;2024-10-06;2026-10-04
WTA;Elsa Jacquemot;104;Grass;ALL;5;4,1995;2,7708;5,7743;6,569;2024-10-06;2026-10-04
WTA;Elvina Kalieva;104;Grass;ALL;5;5,0885;7,7859;8,8496;7,2903;2024-10-06;2026-10-04
WTA;Emerson Jones;104;Grass;ALL;2;1,3043;7,3733;8,6957;7,1875;2024-10-06;2026-10-04
WTA;Emiliana Arango;104;Grass;ALL;4;1,7857;1,1858;6,6964;6,2222;2024-10-06;2026-10-04
WTA;Emma Navarro;104;Grass;ALL;23;3,5442;5,0;3,4351;6,7926;2024-10-06;2026-10-04
WTA;Emma Raducanu;104;Grass;ALL;13;3,298;3,432;4,1225;6,685;2024-10-06;2026-10-04
WTA;Erika Andreeva;104;Grass;ALL;1;4,6154;2,7778;3,0769;5,9091;2024-10-06;2026-10-04
WTA;Eva Lys;104;Grass;ALL;7;1,417;7,377;4,8583;6,6757;2024-10-06;2026-10-04
WTA;Francesca Jones;104;Grass;ALL;10;3,5433;7,2581;4,7244;7,62;2024-10-06;2026-10-04
WTA;Gabriela Andrea Knutson;104;Grass;ALL;6;6,0606;5,4591;6,8871;6,3684;2024-10-06;2026-10-04
WTA;Greet Minnen;104;Grass;ALL;15;3,0799;3,6904;4,9086;6,259;2024-10-06;2026-10-04
WTA;Hailey Baptiste;104;Grass;ALL;3;4,4444;3,6199;3,5556;6,8182;2024-10-06;2026-10-04
WTA;Hanna Chang;104;Grass;ALL;1;0,9709;5,0505;12,6214;7,3571;2024-10-06;2026-10-04
WTA;Hanne Vandewinkel;104;Grass;ALL;4;2,849;3,5831;4,5584;7,1633;2024-10-06;2026-10-04
WTA;Harmony Tan;104;Grass;ALL;4;6,3433;3,1373;3,3582;6,381;2024-10-06;2026-10-04
WTA;Harriet Dart;104;Grass;ALL;11;3,0208;4,249;5,1042;6,6667;2024-10-06;2026-10-04
WTA;Hayu Kinoshita;104;Grass;ALL;1;0,0;0,0;12,069;6,4444;2024-10-06;2026-10-04
WTA;Himeno Sakatsume;104;Grass;ALL;3;0,4975;7,3864;1,4925;6,931;2024-10-06;2026-10-04
WTA;Iga Swiatek;104;Grass;ALL;15;6,2775;3,3578;6,0573;6,1351;2024-10-06;2026-10-04
WTA;Iryna Shymanovich;104;Grass;ALL;4;1,2821;2,6846;4,1667;7,0909;2024-10-06;2026-10-04
WTA;Iva Jovic;104;Grass;ALL;14;2,3422;4,1752;3,8697;6,6351;2024-10-06;2026-10-04
WTA;Janice Tjen;104;Grass;ALL;7;3,8076;5,2448;3,4068;6,3974;2024-10-06;2026-10-04
WTA;Jaqueline Cristian;104;Grass;ALL;5;4,4728;4,1379;4,4728;6,8043;2024-10-06;2026-10-04
WTA;Jasmine Paolini;104;Grass;ALL;12;1,5756;5,0808;2,2059;7,0519;2024-10-06;2026-10-04
WTA;Jelena Ostapenko;104;Grass;ALL;10;8,147;4,8465;10,0639;6,3232;2024-10-06;2026-10-04
WTA;Jessica Bouzas Maneiro;104;Grass;ALL;13;3,4221;3,2459;4,943;6,575;2024-10-06;2026-10-04
WTA;Jessica Pegula;104;Grass;ALL;15;5,7341;7,5145;2,8671;6,4302;2024-10-06;2026-10-04
WTA;Jil Teichmann;104;Grass;ALL;1;6,3492;3,125;3,1746;5,7273;2024-10-06;2026-10-04
WTA;Joanna Garland;104;Grass;ALL;2;3,3113;8,8889;7,2848;8,3889;2024-10-06;2026-10-04
WTA;Kaja Juvan;104;Grass;ALL;1;6,9767;2,3529;5,814;6,1429;2024-10-06;2026-10-04
WTA;Kamilla Rakhimova;104;Grass;ALL;11;1,8405;5,1668;5,6237;6,8873;2024-10-06;2026-10-04
WTA;Karolina Muchova;104;Grass;ALL;16;8,3184;5,8407;3,22;6,2809;2024-10-06;2026-10-04
WTA;Karolina Pliskova;104;Grass;ALL;9;5,0769;5,0235;8,4615;6,5;2024-10-06;2026-10-04
WTA;Katarzyna Kawa;104;Grass;ALL;2;2,7473;3,7736;3,8462;7,0;2024-10-06;2026-10-04
WTA;Katerina Siniakova;104;Grass;ALL;12;4,3103;6,402;7,0197;6,8235;2024-10-06;2026-10-04
WTA;Katherine Sebov;104;Grass;ALL;3;0,7143;2,5478;6,4286;5,6;2024-10-06;2026-10-04
WTA;Katie Boulter;104;Grass;ALL;13;4,4902;5,8601;10,1964;6,6812;2024-10-06;2026-10-04
WTA;Katie Swan;104;Grass;ALL;7;5,6757;3,8031;6,2162;6,1667;2024-10-06;2026-10-04
WTA;Katie Volynets;104;Grass;ALL;11;1,4885;3,0429;1,7591;6,7182;2024-10-06;2026-10-04
WTA;Katrina Scott;104;Grass;ALL;1;2,0;2,0833;4,0;6,25;2024-10-06;2026-10-04
WTA;Kayla Cross;104;Grass;ALL;3;3,9216;2,7397;8,4967;6,12;2024-10-06;2026-10-04
WTA;Kayla Day;104;Grass;ALL;4;2,4845;1,5974;3,4161;7,1556;2024-10-06;2026-10-04
WTA;Kimberly Birrell;104;Grass;ALL;15;3,7037;10,2821;6,7593;6,5455;2024-10-06;2026-10-04
WTA;Lanlana Tararudee;104;Grass;ALL;4;3,4056;5,8496;3,4056;6,3333;2024-10-06;2026-10-04
WTA;Laura Siegemund;104;Grass;ALL;11;0,8;3,7419;2,8;6,5217;2024-10-06;2026-10-04
WTA;Lea Ma;104;Grass;ALL;3;1,5707;3,9823;3,1414;5,9688;2024-10-06;2026-10-04
WTA;Leolia Jeanjean;104;Grass;ALL;4;2,2152;4,6012;4,7468;6,8696;2024-10-06;2026-10-04
WTA;Leylah Fernandez;104;Grass;ALL;13;4,0262;5,2017;5,4307;7,2653;2024-10-06;2026-10-04
WTA;Lilli Tagger;104;Grass;ALL;1;7,2727;2,7027;1,8182;6,4706;2024-10-06;2026-10-04
WTA;Lin Zhu;104;Grass;ALL;3;2,4242;5,6818;4,8485;6,3462;2024-10-06;2026-10-04
WTA;Linda Fruhvirtova;104;Grass;ALL;9;4,8819;6,1026;5,8268;6,9022;2024-10-06;2026-10-04
WTA;Linda Klimovicova;104;Grass;ALL;2;1,9231;3,6585;7,0513;8,2105;2024-10-06;2026-10-04
WTA;Linda Noskova;104;Grass;ALL;24;10,413;7,828;5,5265;6,2967;2024-10-06;2026-10-04
WTA;Liudmila Samsonova;104;Grass;ALL;17;6,5599;3,5821;4,6529;6,6548;2024-10-06;2026-10-04
WTA;Lois Boisson;104;Grass;ALL;2;5,1429;6,5217;6,8571;6,0345;2024-10-06;2026-10-04
WTA;Lucia Bronzetti;104;Grass;ALL;4;3,6885;4,3478;5,3279;7,1765;2024-10-06;2026-10-04
WTA;Lucrezia Stefanini;104;Grass;ALL;12;0,4878;2,3968;3,1707;7,0085;2024-10-06;2026-10-04
WTA;Lulu Sun;104;Grass;ALL;9;5,1724;3,4036;4,3103;6,3043;2024-10-06;2026-10-04
WTA;Maddison Inglis;104;Grass;ALL;4;5,3763;7,6687;6,4516;6,0652;2024-10-06;2026-10-04
WTA;Madison Brengle;104;Grass;ALL;3;0,5882;2,5157;2,9412;6,0714;2024-10-06;2026-10-04
WTA;Madison Keys;104;Grass;ALL;19;6,2549;2,5344;4,038;6,3467;2024-10-06;2026-10-04
WTA;Magda Linette;104;Grass;ALL;12;5,3592;4,7897;3,3067;6,8516;2024-10-06;2026-10-04
WTA;Magdalena Frech;104;Grass;ALL;8;3,8339;5,4276;5,4313;7,1136;2024-10-06;2026-10-04
WTA;Maja Chwalinska;104;Grass;ALL;1;2,1978;3,7037;3,2967;6,5;2024-10-06;2026-10-04
WTA;Mananchaya Sawangkaew;104;Grass;ALL;11;3,2832;3,0667;5,7456;6,6455;2024-10-06;2026-10-04
WTA;Maria Sakkari;104;Grass;ALL;11;5,6675;6,2338;5,1637;6,8448;2024-10-06;2026-10-04
WTA;Maria Timofeeva;104;Grass;ALL;2;2,1739;1,5873;3,6232;6,9;2024-10-06;2026-10-04
WTA;Marie Bouzkova;104;Grass;ALL;14;3,0334;4,3358;4,3478;6,4641;2024-10-06;2026-10-04
WTA;Marta Kostyuk;104;Grass;ALL;9;4,9689;0,6116;5,1242;6,7083;2024-10-06;2026-10-04
WTA;Martyna Kubka;104;Grass;ALL;5;11,336;3,9568;1,6194;5,2553;2024-10-06;2026-10-04
WTA;Mary Stoiana;104;Grass;ALL;10;1,9417;4,8942;3,034;6,8099;2024-10-06;2026-10-04
WTA;Maya Joint;104;Grass;ALL;10;3,517;2,1765;4,2204;6,824;2024-10-06;2026-10-04
WTA;Mayar Sherif;104;Grass;ALL;1;2,9851;0,0;1,4925;7,4444;2024-10-06;2026-10-04
WTA;Mccartney Kessler;104;Grass;ALL;15;3,0829;4,3802;3,9499;6,4875;2024-10-06;2026-10-04
WTA;Mei Yamaguchi;104;Grass;ALL;1;0,0;0,0;5,6818;8,0;2024-10-06;2026-10-04
WTA;Mia Pohankova;104;Grass;ALL;2;11,194;1,7857;5,2239;7,4444;2024-10-06;2026-10-04
WTA;Mika Stojsavljevic;104;Grass;ALL;6;7,8829;3,6735;5,6306;6,4348;2024-10-06;2026-10-04
WTA;Mirra Andreeva;104;Grass;ALL;11;5,0061;2,875;5,1282;7,0;2024-10-06;2026-10-04
WTA;Moyuka Uchijima;104;Grass;ALL;2;3,3784;4,6729;8,7838;7,4;2024-10-06;2026-10-04
WTA;Nadia Podoroska;104;Grass;ALL;1;0,0;12,5;10,2564;5,5714;2024-10-06;2026-10-04
WTA;Nao Hibino;104;Grass;ALL;1;4,5977;7,4627;4,5977;6,2143;2024-10-06;2026-10-04
WTA;Naomi Osaka;104;Grass;ALL;16;11,1759;4,8944;3,5957;6,4312;2024-10-06;2026-10-04
WTA;Nikola Bartunkova;104;Grass;ALL;12;6,4212;3,7986;5,7602;6,6188;2024-10-06;2026-10-04
WTA;Oksana Selekhmeteva;104;Grass;ALL;2;0,641;1,9608;14,1026;6,7826;2024-10-06;2026-10-04
WTA;Oleksandra Oliynykova;104;Grass;ALL;1;2,5;0,0;5,0;6,6667;2024-10-06;2026-10-04
WTA;Olivia Gadecki;104;Grass;ALL;3;5,3571;3,7815;10,119;6,0;2024-10-06;2026-10-04
WTA;Panna Udvardy;104;Grass;ALL;5;8,094;6,2687;6,2663;6,8393;2024-10-06;2026-10-04
WTA;Paula Badosa;104;Grass;ALL;9;7,7338;6,3683;8,2734;6,1099;2024-10-06;2026-10-04
WTA;Petra Marcinko;104;Grass;ALL;5;4,607;2,1108;11,1111;6,5893;2024-10-06;2026-10-04
WTA;Peyton Stearns;104;Grass;ALL;4;3,7736;7,7193;4,0881;7,2273;2024-10-06;2026-10-04
WTA;Polina Iatcenko;104;Grass;ALL;5;7,0336;4,491;5,1988;6,2885;2024-10-06;2026-10-04
WTA;Polina Kudermetova;104;Grass;ALL;4;4,4248;9,7561;10,177;6,4571;2024-10-06;2026-10-04
WTA;Priscilla Hon;104;Grass;ALL;2;5,5046;9,4737;5,5046;6,4118;2024-10-06;2026-10-04
WTA;Qinwen Zheng;104;Grass;ALL;10;10,4878;5,7176;6,8293;6,2595;2024-10-06;2026-10-04
WTA;Rebecca Sramkova;104;Grass;ALL;9;3,438;4,1411;4,1854;6,4951;2024-10-06;2026-10-04
WTA;Rebeka Masarova;104;Grass;ALL;12;11,7861;1,367;4,8603;6,1418;2024-10-06;2026-10-04
WTA;Reese Brantmeier;104;Grass;ALL;2;6,8182;0,6211;3,7879;6,0;2024-10-06;2026-10-04
WTA;Renata Zarazua;104;Grass;ALL;6;0,9146;11,039;3,3537;7,2889;2024-10-06;2026-10-04
WTA;Robin Montgomery;104;Grass;ALL;8;8,7171;3,4985;6,25;6,5376;2024-10-06;2026-10-04
WTA;Sara Bejlek;104;Grass;ALL;4;2,2082;1,7595;4,1009;6,7447;2024-10-06;2026-10-04
WTA;Sara Saito;104;Grass;ALL;1;2,1277;12,2449;10,6383;5,875;2024-10-06;2026-10-04
WTA;Sara Sorribes Tormo;104;Grass;ALL;2;1,9048;4,5872;1,9048;5,8333;2024-10-06;2026-10-04
WTA;Shuai Zhang;104;Grass;ALL;5;3,8062;9,7345;2,4221;6,4222;2024-10-06;2026-10-04
WTA;Simona Waltert;104;Grass;ALL;2;3,8217;5,4264;5,0955;7,4762;2024-10-06;2026-10-04
WTA;Sinja Kraus;104;Grass;ALL;4;2,1352;2,7778;3,9146;7,8056;2024-10-06;2026-10-04
WTA;Sofia Kenin;104;Grass;ALL;7;2,8283;12,1442;5,0505;6,5132;2024-10-06;2026-10-04
WTA;Solana Sierra;104;Grass;ALL;9;2,6764;5,098;7,7859;7,0862;2024-10-06;2026-10-04
WTA;Sonay Kartal;104;Grass;ALL;9;4,1602;2,1739;1,6949;6,6224;2024-10-06;2026-10-04
WTA;Sorana Cirstea;104;Grass;ALL;6;6,383;3,7815;4,2553;6,6197;2024-10-06;2026-10-04
WTA;Suzan Lamens;104;Grass;ALL;8;2,9617;5,8333;6,2718;6,5227;2024-10-06;2026-10-04
WTA;Talia Gibson;104;Grass;ALL;14;5,6351;8,4761;6,619;6,7349;2024-10-06;2026-10-04
WTA;Tamara Korpatsch;104;Grass;ALL;2;0,7407;5,2174;3,7037;7,5;2024-10-06;2026-10-04
WTA;Tatiana Prozorova;104;Grass;ALL;3;2,2222;3,8889;2,7778;6,2069;2024-10-06;2026-10-04
WTA;Tatjana Maria;104;Grass;ALL;32;7,4297;4,1901;3,1124;6,4466;2024-10-06;2026-10-04
WTA;Taylah Preston;104;Grass;ALL;6;1,7375;7,8471;5,0193;6,557;2024-10-06;2026-10-04
WTA;Taylor Townsend;104;Grass;ALL;2;8,0537;4,698;2,0134;6,7727;2024-10-06;2026-10-04
WTA;Teodora Kostovic;104;Grass;ALL;1;6,7797;12,5;1,6949;6,5556;2024-10-06;2026-10-04
WTA;Tereza Valentova;104;Grass;ALL;5;2,0;4,5;5,75;6,5574;2024-10-06;2026-10-04
WTA;Tyra Caterina Grant;104;Grass;ALL;2;6,6667;4,5872;14,1667;6,3158;2024-10-06;2026-10-04
WTA;Valentina Ryser;104;Grass;ALL;7;8,554;4,8356;6,3136;6,8194;2024-10-06;2026-10-04
WTA;Varvara Gracheva;104;Grass;ALL;4;1,9656;2,9412;3,4398;7,0172;2024-10-06;2026-10-04
WTA;Varvara Lepchenko;104;Grass;ALL;2;7,3826;1,227;4,0268;6,2083;2024-10-06;2026-10-04
WTA;Vendula Valdmannova;104;Grass;ALL;1;0,0;0,0;3,6364;6,1111;2024-10-06;2026-10-04
WTA;Veronika Erjavec;104;Grass;ALL;3;0,7353;5,4167;2,2059;7,1579;2024-10-06;2026-10-04
WTA;Veronika Podrez;104;Grass;ALL;1;7,4627;4,0;4,4776;7,4444;2024-10-06;2026-10-04
WTA;Victoria Jimenez Kasintseva;104;Grass;ALL;1;0,0;4,2553;2,1277;5,875;2024-10-06;2026-10-04
WTA;Victoria Mboko;104;Grass;ALL;3;5,3892;6,0302;5,988;6,4231;2024-10-06;2026-10-04
WTA;Viktoria Morvayova;104;Grass;ALL;3;6,6986;4,5249;1,9139;6,1471;2024-10-06;2026-10-04
WTA;Viktorija Golubic;104;Grass;ALL;15;1,727;3,4091;2,3026;7,1953;2024-10-06;2026-10-04
WTA;Whitney Osuigwe;104;Grass;ALL;1;5,0847;3,5088;3,3898;5,9;2024-10-06;2026-10-04
WTA;Xin Yu Wang;104;Grass;ALL;14;7,248;4,7226;4,4168;6,2624;2024-10-06;2026-10-04
WTA;Ye Xin Ma;104;Grass;ALL;1;3,7037;0,0;5,5556;6,0;2024-10-06;2026-10-04
WTA;Yeon Woo Ku;104;Grass;ALL;4;2,4138;3,47;5,5172;6,4444;2024-10-06;2026-10-04
WTA;Yue Yuan;104;Grass;ALL;4;2,6119;4,4674;2,6119;6,381;2024-10-06;2026-10-04
WTA;Yulia Putintseva;104;Grass;ALL;6;2,7228;5,5416;2,4752;6,8475;2024-10-06;2026-10-04
WTA;Yuliia Starodubtseva;104;Grass;ALL;8;1,952;3,1866;3,1532;6,5941;2024-10-06;2026-10-04
WTA;Zeynep Sonmez;104;Grass;ALL;14;0,9443;5,4945;3,4939;6,7025;2024-10-06;2026-10-04
